C:\Users\rdpuser\miniconda3\envs\tfg_py310\lib\site-packages\ignite\handlers\checkpoint.py:16: DeprecationWarning: `TorchScript` support for functional optimizers is deprecated and will be removed in a future PyTorch release. Consider using the `torch.compile` optimizer instead.
  from torch.distributed.optim import ZeroRedundancyOptimizer
Usando dispositivo: cuda
Using device: cuda | nf=257 | channels=1 | hidden=50 | stems=4 | loss=deep_feature
Batch settings: actual_batch=4 | accum_steps=8 | effective_batch=32
05/30/2026 12:58:03 PM | engine.py:906 Engine run starting with max_epochs=100.
Training model with training mixes in: C:\Users\rdpuser\TFG_Identificaci-n-de-voces-e-instrumentos-en-una-obra-musical\datasets\mix_generation\foreground_train
Validating data with validation mixes in: C:\Users\rdpuser\TFG_Identificaci-n-de-voces-e-instrumentos-en-una-obra-musical\datasets\mix_generation\foreground_valid
[DEBUG] Num de sources: 4
[DEBUG] Pipeline de 4 fuentes
0.10270452499389648 GB allocated
0.123046875 GB reserved
dict_keys(['index', 'mixture_magnitude', 'mixture_phase', 'source_phase', 'mix_magnitude', 'ideal_binary_mask', 'source_magnitudes'])
Batch keys: dict_keys(['index', 'mixture_magnitude', 'mixture_phase', 'source_phase', 'mix_magnitude', 'ideal_binary_mask', 'source_magnitudes'])
mixture_phase shape: torch.Size([4, 257, 1723])
source_phase shape: torch.Size([4, 4, 257, 1723])
source_magnitudes shape: torch.Size([4, 1724, 257, 1, 4])
Estimates stats - mean: 0.0010, std: 0.0045
est shape: torch.Size([4, 1724, 257, 1, 4])
tgt shape: torch.Size([4, 1724, 257, 1, 4])
0.11943531036376953 GB allocated
6.19921875 GB reserved
dict_keys(['index', 'mixture_magnitude', 'mixture_phase', 'source_phase', 'mix_magnitude', 'ideal_binary_mask', 'source_magnitudes'])
0.11943531036376953 GB allocated
6.19921875 GB reserved
dict_keys(['index', 'mixture_magnitude', 'mixture_phase', 'source_phase', 'mix_magnitude', 'ideal_binary_mask', 'source_magnitudes'])
0.11943531036376953 GB allocated
6.19921875 GB reserved
dict_keys(['index', 'mixture_magnitude', 'mixture_phase', 'source_phase', 'mix_magnitude', 'ideal_binary_mask', 'source_magnitudes'])
0.11943531036376953 GB allocated
6.19921875 GB reserved
dict_keys(['index', 'mixture_magnitude', 'mixture_phase', 'source_phase', 'mix_magnitude', 'ideal_binary_mask', 'source_magnitudes'])
0.11943531036376953 GB allocated
6.19921875 GB reserved
dict_keys(['index', 'mixture_magnitude', 'mixture_phase', 'source_phase', 'mix_magnitude', 'ideal_binary_mask', 'source_magnitudes'])
0.11943531036376953 GB allocated
6.19921875 GB reserved
dict_keys(['index', 'mixture_magnitude', 'mixture_phase', 'source_phase', 'mix_magnitude', 'ideal_binary_mask', 'source_magnitudes'])
0.11943531036376953 GB allocated
6.19921875 GB reserved
dict_keys(['index', 'mixture_magnitude', 'mixture_phase', 'source_phase', 'mix_magnitude', 'ideal_binary_mask', 'source_magnitudes'])
0.11943531036376953 GB allocated
6.19921875 GB reserved
dict_keys(['index', 'mixture_magnitude', 'mixture_phase', 'source_phase', 'mix_magnitude', 'ideal_binary_mask', 'source_magnitudes'])
0.11943531036376953 GB allocated
6.19921875 GB reserved
dict_keys(['index', 'mixture_magnitude', 'mixture_phase', 'source_phase', 'mix_magnitude', 'ideal_binary_mask', 'source_magnitudes'])
0.11943531036376953 GB allocated
6.19921875 GB reserved
dict_keys(['index', 'mixture_magnitude', 'mixture_phase', 'source_phase', 'mix_magnitude', 'ideal_binary_mask', 'source_magnitudes'])
0.11943531036376953 GB allocated
6.19921875 GB reserved
dict_keys(['index', 'mixture_magnitude', 'mixture_phase', 'source_phase', 'mix_magnitude', 'ideal_binary_mask', 'source_magnitudes'])
0.11943531036376953 GB allocated
6.19921875 GB reserved
dict_keys(['index', 'mixture_magnitude', 'mixture_phase', 'source_phase', 'mix_magnitude', 'ideal_binary_mask', 'source_magnitudes'])
0.11943531036376953 GB allocated
6.19921875 GB reserved
dict_keys(['index', 'mixture_magnitude', 'mixture_phase', 'source_phase', 'mix_magnitude', 'ideal_binary_mask', 'source_magnitudes'])
0.11943531036376953 GB allocated
6.19921875 GB reserved
dict_keys(['index', 'mixture_magnitude', 'mixture_phase', 'source_phase', 'mix_magnitude', 'ideal_binary_mask', 'source_magnitudes'])
0.11943531036376953 GB allocated
6.19921875 GB reserved
dict_keys(['index', 'mixture_magnitude', 'mixture_phase', 'source_phase', 'mix_magnitude', 'ideal_binary_mask', 'source_magnitudes'])
0.11943531036376953 GB allocated
6.19921875 GB reserved
dict_keys(['index', 'mixture_magnitude', 'mixture_phase', 'source_phase', 'mix_magnitude', 'ideal_binary_mask', 'source_magnitudes'])
0.11943531036376953 GB allocated
6.19921875 GB reserved
dict_keys(['index', 'mixture_magnitude', 'mixture_phase', 'source_phase', 'mix_magnitude', 'ideal_binary_mask', 'source_magnitudes'])
0.11943531036376953 GB allocated
6.19921875 GB reserved
dict_keys(['index', 'mixture_magnitude', 'mixture_phase', 'source_phase', 'mix_magnitude', 'ideal_binary_mask', 'source_magnitudes'])
0.11943531036376953 GB allocated
6.19921875 GB reserved
dict_keys(['index', 'mixture_magnitude', 'mixture_phase', 'source_phase', 'mix_magnitude', 'ideal_binary_mask', 'source_magnitudes'])
0.11943531036376953 GB allocated
6.19921875 GB reserved
dict_keys(['index', 'mixture_magnitude', 'mixture_phase', 'source_phase', 'mix_magnitude', 'ideal_binary_mask', 'source_magnitudes'])
0.11943531036376953 GB allocated
6.19921875 GB reserved
dict_keys(['index', 'mixture_magnitude', 'mixture_phase', 'source_phase', 'mix_magnitude', 'ideal_binary_mask', 'source_magnitudes'])
0.11943531036376953 GB allocated
6.19921875 GB reserved
dict_keys(['index', 'mixture_magnitude', 'mixture_phase', 'source_phase', 'mix_magnitude', 'ideal_binary_mask', 'source_magnitudes'])
0.11943531036376953 GB allocated
6.19921875 GB reserved
dict_keys(['index', 'mixture_magnitude', 'mixture_phase', 'source_phase', 'mix_magnitude', 'ideal_binary_mask', 'source_magnitudes'])
0.11943531036376953 GB allocated
6.19921875 GB reserved
dict_keys(['index', 'mixture_magnitude', 'mixture_phase', 'source_phase', 'mix_magnitude', 'ideal_binary_mask', 'source_magnitudes'])
0.12028837203979492 GB allocated
6.201171875 GB reserved
dict_keys(['index', 'mixture_magnitude', 'mixture_phase', 'source_phase', 'mix_magnitude', 'ideal_binary_mask', 'source_magnitudes'])
0.12114143371582031 GB allocated
6.201171875 GB reserved
dict_keys(['index', 'mixture_magnitude', 'mixture_phase', 'source_phase', 'mix_magnitude', 'ideal_binary_mask', 'source_magnitudes'])
0.12114143371582031 GB allocated
6.201171875 GB reserved
dict_keys(['index', 'mixture_magnitude', 'mixture_phase', 'source_phase', 'mix_magnitude', 'ideal_binary_mask', 'source_magnitudes'])
0.12114143371582031 GB allocated
6.201171875 GB reserved
dict_keys(['index', 'mixture_magnitude', 'mixture_phase', 'source_phase', 'mix_magnitude', 'ideal_binary_mask', 'source_magnitudes'])
0.12114143371582031 GB allocated
6.201171875 GB reserved
dict_keys(['index', 'mixture_magnitude', 'mixture_phase', 'source_phase', 'mix_magnitude', 'ideal_binary_mask', 'source_magnitudes'])
0.12114143371582031 GB allocated
6.201171875 GB reserved
dict_keys(['index', 'mixture_magnitude', 'mixture_phase', 'source_phase', 'mix_magnitude', 'ideal_binary_mask', 'source_magnitudes'])
0.12114143371582031 GB allocated
6.201171875 GB reserved
dict_keys(['index', 'mixture_magnitude', 'mixture_phase', 'source_phase', 'mix_magnitude', 'ideal_binary_mask', 'source_magnitudes'])
0.12114143371582031 GB allocated
6.201171875 GB reserved
dict_keys(['index', 'mixture_magnitude', 'mixture_phase', 'source_phase', 'mix_magnitude', 'ideal_binary_mask', 'source_magnitudes'])
0.12114143371582031 GB allocated
6.201171875 GB reserved
dict_keys(['index', 'mixture_magnitude', 'mixture_phase', 'source_phase', 'mix_magnitude', 'ideal_binary_mask', 'source_magnitudes'])
0.12114143371582031 GB allocated
6.201171875 GB reserved
dict_keys(['index', 'mixture_magnitude', 'mixture_phase', 'source_phase', 'mix_magnitude', 'ideal_binary_mask', 'source_magnitudes'])
0.12114143371582031 GB allocated
6.201171875 GB reserved
dict_keys(['index', 'mixture_magnitude', 'mixture_phase', 'source_phase', 'mix_magnitude', 'ideal_binary_mask', 'source_magnitudes'])
0.12114143371582031 GB allocated
6.201171875 GB reserved
dict_keys(['index', 'mixture_magnitude', 'mixture_phase', 'source_phase', 'mix_magnitude', 'ideal_binary_mask', 'source_magnitudes'])
0.12114143371582031 GB allocated
6.201171875 GB reserved
dict_keys(['index', 'mixture_magnitude', 'mixture_phase', 'source_phase', 'mix_magnitude', 'ideal_binary_mask', 'source_magnitudes'])
0.12114143371582031 GB allocated
6.201171875 GB reserved
dict_keys(['index', 'mixture_magnitude', 'mixture_phase', 'source_phase', 'mix_magnitude', 'ideal_binary_mask', 'source_magnitudes'])
0.12114143371582031 GB allocated
6.201171875 GB reserved
dict_keys(['index', 'mixture_magnitude', 'mixture_phase', 'source_phase', 'mix_magnitude', 'ideal_binary_mask', 'source_magnitudes'])
0.12114143371582031 GB allocated
6.201171875 GB reserved
dict_keys(['index', 'mixture_magnitude', 'mixture_phase', 'source_phase', 'mix_magnitude', 'ideal_binary_mask', 'source_magnitudes'])
0.12114143371582031 GB allocated
6.201171875 GB reserved
dict_keys(['index', 'mixture_magnitude', 'mixture_phase', 'source_phase', 'mix_magnitude', 'ideal_binary_mask', 'source_magnitudes'])
0.12114143371582031 GB allocated
6.201171875 GB reserved
dict_keys(['index', 'mixture_magnitude', 'mixture_phase', 'source_phase', 'mix_magnitude', 'ideal_binary_mask', 'source_magnitudes'])
0.12114143371582031 GB allocated
6.201171875 GB reserved
05/30/2026 01:00:30 PM | engine.py:906 Engine run starting with max_epochs=1.
05/30/2026 01:01:41 PM | engine.py:1010 Epoch[1] Complete. Time taken: 00:01:10.613
dict_keys(['index', 'mixture_magnitude', 'mixture_phase', 'source_phase', 'mix_magnitude', 'ideal_binary_mask', 'source_magnitudes'])
0.12114143371582031 GB allocated
6.201171875 GB reserved
dict_keys(['index', 'mixture_magnitude', 'mixture_phase', 'source_phase', 'mix_magnitude', 'ideal_binary_mask', 'source_magnitudes'])
0.12114143371582031 GB allocated
6.201171875 GB reserved
dict_keys(['index', 'mixture_magnitude', 'mixture_phase', 'source_phase', 'mix_magnitude', 'ideal_binary_mask', 'source_magnitudes'])
0.12114143371582031 GB allocated
6.201171875 GB reserved
dict_keys(['index', 'mixture_magnitude', 'mixture_phase', 'source_phase', 'mix_magnitude', 'ideal_binary_mask', 'source_magnitudes'])
0.12114143371582031 GB allocated
6.201171875 GB reserved
dict_keys(['index', 'mixture_magnitude', 'mixture_phase', 'source_phase', 'mix_magnitude', 'ideal_binary_mask', 'source_magnitudes'])
0.12114143371582031 GB allocated
6.201171875 GB reserved
dict_keys(['index', 'mixture_magnitude', 'mixture_phase', 'source_phase', 'mix_magnitude', 'ideal_binary_mask', 'source_magnitudes'])
0.12114143371582031 GB allocated
6.201171875 GB reserved
dict_keys(['index', 'mixture_magnitude', 'mixture_phase', 'source_phase', 'mix_magnitude', 'ideal_binary_mask', 'source_magnitudes'])
0.12028837203979492 GB allocated
6.201171875 GB reserved
dict_keys(['index', 'mixture_magnitude', 'mixture_phase', 'source_phase', 'mix_magnitude', 'ideal_binary_mask', 'source_magnitudes'])
0.12114143371582031 GB allocated
6.201171875 GB reserved
dict_keys(['index', 'mixture_magnitude', 'mixture_phase', 'source_phase', 'mix_magnitude', 'ideal_binary_mask', 'source_magnitudes'])
0.12114143371582031 GB allocated
6.201171875 GB reserved
dict_keys(['index', 'mixture_magnitude', 'mixture_phase', 'source_phase', 'mix_magnitude', 'ideal_binary_mask', 'source_magnitudes'])
0.12114143371582031 GB allocated
6.201171875 GB reserved
dict_keys(['index', 'mixture_magnitude', 'mixture_phase', 'source_phase', 'mix_magnitude', 'ideal_binary_mask', 'source_magnitudes'])
0.12114143371582031 GB allocated
6.201171875 GB reserved
dict_keys(['index', 'mixture_magnitude', 'mixture_phase', 'source_phase', 'mix_magnitude', 'ideal_binary_mask', 'source_magnitudes'])
0.12114143371582031 GB allocated
6.201171875 GB reserved
dict_keys(['index', 'mixture_magnitude', 'mixture_phase', 'source_phase', 'mix_magnitude', 'ideal_binary_mask', 'source_magnitudes'])
0.12114143371582031 GB allocated
6.201171875 GB reserved
dict_keys(['index', 'mixture_magnitude', 'mixture_phase', 'source_phase', 'mix_magnitude', 'ideal_binary_mask', 'source_magnitudes'])
0.12114143371582031 GB allocated
6.201171875 GB reserved
dict_keys(['index', 'mixture_magnitude', 'mixture_phase', 'source_phase', 'mix_magnitude', 'ideal_binary_mask', 'source_magnitudes'])
0.12114143371582031 GB allocated
6.201171875 GB reserved
dict_keys(['index', 'mixture_magnitude', 'mixture_phase', 'source_phase', 'mix_magnitude', 'ideal_binary_mask', 'source_magnitudes'])
0.12114143371582031 GB allocated
6.201171875 GB reserved
dict_keys(['index', 'mixture_magnitude', 'mixture_phase', 'source_phase', 'mix_magnitude', 'ideal_binary_mask', 'source_magnitudes'])
0.12114143371582031 GB allocated
6.201171875 GB reserved
dict_keys(['index', 'mixture_magnitude', 'mixture_phase', 'source_phase', 'mix_magnitude', 'ideal_binary_mask', 'source_magnitudes'])
0.12114143371582031 GB allocated
6.201171875 GB reserved
dict_keys(['index', 'mixture_magnitude', 'mixture_phase', 'source_phase', 'mix_magnitude', 'ideal_binary_mask', 'source_magnitudes'])
0.12114143371582031 GB allocated
6.201171875 GB reserved
dict_keys(['index', 'mixture_magnitude', 'mixture_phase', 'source_phase', 'mix_magnitude', 'ideal_binary_mask', 'source_magnitudes'])
0.12114143371582031 GB allocated
6.201171875 GB reserved
dict_keys(['index', 'mixture_magnitude', 'mixture_phase', 'source_phase', 'mix_magnitude', 'ideal_binary_mask', 'source_magnitudes'])
0.12114143371582031 GB allocated
6.201171875 GB reserved
dict_keys(['index', 'mixture_magnitude', 'mixture_phase', 'source_phase', 'mix_magnitude', 'ideal_binary_mask', 'source_magnitudes'])
0.12114143371582031 GB allocated
6.201171875 GB reserved
dict_keys(['index', 'mixture_magnitude', 'mixture_phase', 'source_phase', 'mix_magnitude', 'ideal_binary_mask', 'source_magnitudes'])
0.12114143371582031 GB allocated
6.201171875 GB reserved
dict_keys(['index', 'mixture_magnitude', 'mixture_phase', 'source_phase', 'mix_magnitude', 'ideal_binary_mask', 'source_magnitudes'])
0.12114143371582031 GB allocated
6.201171875 GB reserved
dict_keys(['index', 'mixture_magnitude', 'mixture_phase', 'source_phase', 'mix_magnitude', 'ideal_binary_mask', 'source_magnitudes'])
0.12114143371582031 GB allocated
6.201171875 GB reserved
dict_keys(['index', 'mixture_magnitude', 'mixture_phase', 'source_phase', 'mix_magnitude', 'ideal_binary_mask', 'source_magnitudes'])
0.12114143371582031 GB allocated
6.201171875 GB reserved
dict_keys(['index', 'mixture_magnitude', 'mixture_phase', 'source_phase', 'mix_magnitude', 'ideal_binary_mask', 'source_magnitudes'])
0.12114143371582031 GB allocated
6.201171875 GB reserved
dict_keys(['index', 'mixture_magnitude', 'mixture_phase', 'source_phase', 'mix_magnitude', 'ideal_binary_mask', 'source_magnitudes'])
0.12114143371582031 GB allocated
6.201171875 GB reserved
dict_keys(['index', 'mixture_magnitude', 'mixture_phase', 'source_phase', 'mix_magnitude', 'ideal_binary_mask', 'source_magnitudes'])
0.12114143371582031 GB allocated
6.201171875 GB reserved
dict_keys(['index', 'mixture_magnitude', 'mixture_phase', 'source_phase', 'mix_magnitude', 'ideal_binary_mask', 'source_magnitudes'])
0.12114143371582031 GB allocated
6.201171875 GB reserved
dict_keys(['index', 'mixture_magnitude', 'mixture_phase', 'source_phase', 'mix_magnitude', 'ideal_binary_mask', 'source_magnitudes'])
0.12114143371582031 GB allocated
6.201171875 GB reserved
dict_keys(['index', 'mixture_magnitude', 'mixture_phase', 'source_phase', 'mix_magnitude', 'ideal_binary_mask', 'source_magnitudes'])
0.12028837203979492 GB allocated
6.201171875 GB reserved
dict_keys(['index', 'mixture_magnitude', 'mixture_phase', 'source_phase', 'mix_magnitude', 'ideal_binary_mask', 'source_magnitudes'])
0.12114143371582031 GB allocated
6.201171875 GB reserved
dict_keys(['index', 'mixture_magnitude', 'mixture_phase', 'source_phase', 'mix_magnitude', 'ideal_binary_mask', 'source_magnitudes'])
0.12114143371582031 GB allocated
6.201171875 GB reserved
dict_keys(['index', 'mixture_magnitude', 'mixture_phase', 'source_phase', 'mix_magnitude', 'ideal_binary_mask', 'source_magnitudes'])
0.12114143371582031 GB allocated
6.201171875 GB reserved
dict_keys(['index', 'mixture_magnitude', 'mixture_phase', 'source_phase', 'mix_magnitude', 'ideal_binary_mask', 'source_magnitudes'])
0.12114143371582031 GB allocated
6.201171875 GB reserved
dict_keys(['index', 'mixture_magnitude', 'mixture_phase', 'source_phase', 'mix_magnitude', 'ideal_binary_mask', 'source_magnitudes'])
0.12114143371582031 GB allocated
6.201171875 GB reserved
dict_keys(['index', 'mixture_magnitude', 'mixture_phase', 'source_phase', 'mix_magnitude', 'ideal_binary_mask', 'source_magnitudes'])
0.12114143371582031 GB allocated
6.201171875 GB reserved
dict_keys(['index', 'mixture_magnitude', 'mixture_phase', 'source_phase', 'mix_magnitude', 'ideal_binary_mask', 'source_magnitudes'])
0.12114143371582031 GB allocated
6.201171875 GB reserved
dict_keys(['index', 'mixture_magnitude', 'mixture_phase', 'source_phase', 'mix_magnitude', 'ideal_binary_mask', 'source_magnitudes'])
0.12114143371582031 GB allocated
6.201171875 GB reserved
dict_keys(['index', 'mixture_magnitude', 'mixture_phase', 'source_phase', 'mix_magnitude', 'ideal_binary_mask', 'source_magnitudes'])
0.12114143371582031 GB allocated
6.201171875 GB reserved
dict_keys(['index', 'mixture_magnitude', 'mixture_phase', 'source_phase', 'mix_magnitude', 'ideal_binary_mask', 'source_magnitudes'])
0.12114143371582031 GB allocated
6.201171875 GB reserved
dict_keys(['index', 'mixture_magnitude', 'mixture_phase', 'source_phase', 'mix_magnitude', 'ideal_binary_mask', 'source_magnitudes'])
0.12114143371582031 GB allocated
6.201171875 GB reserved
dict_keys(['index', 'mixture_magnitude', 'mixture_phase', 'source_phase', 'mix_magnitude', 'ideal_binary_mask', 'source_magnitudes'])
0.12114143371582031 GB allocated
6.201171875 GB reserved
dict_keys(['index', 'mixture_magnitude', 'mixture_phase', 'source_phase', 'mix_magnitude', 'ideal_binary_mask', 'source_magnitudes'])
0.12114143371582031 GB allocated
6.201171875 GB reserved
dict_keys(['index', 'mixture_magnitude', 'mixture_phase', 'source_phase', 'mix_magnitude', 'ideal_binary_mask', 'source_magnitudes'])
0.12114143371582031 GB allocated
6.201171875 GB reserved
dict_keys(['index', 'mixture_magnitude', 'mixture_phase', 'source_phase', 'mix_magnitude', 'ideal_binary_mask', 'source_magnitudes'])
0.12114143371582031 GB allocated
6.201171875 GB reserved
dict_keys(['index', 'mixture_magnitude', 'mixture_phase', 'source_phase', 'mix_magnitude', 'ideal_binary_mask', 'source_magnitudes'])
0.12114143371582031 GB allocated
6.201171875 GB reserved
dict_keys(['index', 'mixture_magnitude', 'mixture_phase', 'source_phase', 'mix_magnitude', 'ideal_binary_mask', 'source_magnitudes'])
0.12114143371582031 GB allocated
6.201171875 GB reserved
dict_keys(['index', 'mixture_magnitude', 'mixture_phase', 'source_phase', 'mix_magnitude', 'ideal_binary_mask', 'source_magnitudes'])
0.12114143371582031 GB allocated
6.201171875 GB reserved
dict_keys(['index', 'mixture_magnitude', 'mixture_phase', 'source_phase', 'mix_magnitude', 'ideal_binary_mask', 'source_magnitudes'])
0.12114143371582031 GB allocated
6.201171875 GB reserved
dict_keys(['index', 'mixture_magnitude', 'mixture_phase', 'source_phase', 'mix_magnitude', 'ideal_binary_mask', 'source_magnitudes'])
0.12114143371582031 GB allocated
6.201171875 GB reserved
dict_keys(['index', 'mixture_magnitude', 'mixture_phase', 'source_phase', 'mix_magnitude', 'ideal_binary_mask', 'source_magnitudes'])
0.12114143371582031 GB allocated
6.201171875 GB reserved
dict_keys(['index', 'mixture_magnitude', 'mixture_phase', 'source_phase', 'mix_magnitude', 'ideal_binary_mask', 'source_magnitudes'])
0.12114143371582031 GB allocated
6.201171875 GB reserved
dict_keys(['index', 'mixture_magnitude', 'mixture_phase', 'source_phase', 'mix_magnitude', 'ideal_binary_mask', 'source_magnitudes'])
0.12114143371582031 GB allocated
6.201171875 GB reserved
dict_keys(['index', 'mixture_magnitude', 'mixture_phase', 'source_phase', 'mix_magnitude', 'ideal_binary_mask', 'source_magnitudes'])
0.12114143371582031 GB allocated
6.201171875 GB reserved
dict_keys(['index', 'mixture_magnitude', 'mixture_phase', 'source_phase', 'mix_magnitude', 'ideal_binary_mask', 'source_magnitudes'])
[Validator] Epoch 1 - val_loss: 0.000001
[BEST CHECKPOINT] Guardado/actualizado en: checkpoints\Mis_modelos_v2\experimental\deep_feature checkpoints\4stems\best_checkpoint_1_val_loss=-0.0000.pt
05/30/2026 01:01:41 PM | engine.py:1037 Engine run finished. Time taken: 00:01:10.621
[Epoch 1] train_loss=0.000001 | val_loss=0.000001
05/30/2026 01:01:41 PM | engine.py:1010 Epoch[1] Complete. Time taken: 00:03:38.250
0.2221231460571289 GB allocated
6.201171875 GB reserved
dict_keys(['index', 'mixture_magnitude', 'mixture_phase', 'source_phase', 'mix_magnitude', 'ideal_binary_mask', 'source_magnitudes'])
0.2229762077331543 GB allocated
7.046875 GB reserved
dict_keys(['index', 'mixture_magnitude', 'mixture_phase', 'source_phase', 'mix_magnitude', 'ideal_binary_mask', 'source_magnitudes'])
0.2229762077331543 GB allocated
7.046875 GB reserved
dict_keys(['index', 'mixture_magnitude', 'mixture_phase', 'source_phase', 'mix_magnitude', 'ideal_binary_mask', 'source_magnitudes'])
0.2229762077331543 GB allocated
7.046875 GB reserved
dict_keys(['index', 'mixture_magnitude', 'mixture_phase', 'source_phase', 'mix_magnitude', 'ideal_binary_mask', 'source_magnitudes'])
0.2229762077331543 GB allocated
7.046875 GB reserved
dict_keys(['index', 'mixture_magnitude', 'mixture_phase', 'source_phase', 'mix_magnitude', 'ideal_binary_mask', 'source_magnitudes'])
0.2229762077331543 GB allocated
7.046875 GB reserved
dict_keys(['index', 'mixture_magnitude', 'mixture_phase', 'source_phase', 'mix_magnitude', 'ideal_binary_mask', 'source_magnitudes'])
0.2229762077331543 GB allocated
7.046875 GB reserved
dict_keys(['index', 'mixture_magnitude', 'mixture_phase', 'source_phase', 'mix_magnitude', 'ideal_binary_mask', 'source_magnitudes'])
0.2229762077331543 GB allocated
7.046875 GB reserved
dict_keys(['index', 'mixture_magnitude', 'mixture_phase', 'source_phase', 'mix_magnitude', 'ideal_binary_mask', 'source_magnitudes'])
0.2229762077331543 GB allocated
7.046875 GB reserved
dict_keys(['index', 'mixture_magnitude', 'mixture_phase', 'source_phase', 'mix_magnitude', 'ideal_binary_mask', 'source_magnitudes'])
0.2229762077331543 GB allocated
7.046875 GB reserved
dict_keys(['index', 'mixture_magnitude', 'mixture_phase', 'source_phase', 'mix_magnitude', 'ideal_binary_mask', 'source_magnitudes'])
0.2229762077331543 GB allocated
7.046875 GB reserved
dict_keys(['index', 'mixture_magnitude', 'mixture_phase', 'source_phase', 'mix_magnitude', 'ideal_binary_mask', 'source_magnitudes'])
0.2229762077331543 GB allocated
7.046875 GB reserved
dict_keys(['index', 'mixture_magnitude', 'mixture_phase', 'source_phase', 'mix_magnitude', 'ideal_binary_mask', 'source_magnitudes'])
0.2229762077331543 GB allocated
7.046875 GB reserved
dict_keys(['index', 'mixture_magnitude', 'mixture_phase', 'source_phase', 'mix_magnitude', 'ideal_binary_mask', 'source_magnitudes'])
0.2229762077331543 GB allocated
7.046875 GB reserved
dict_keys(['index', 'mixture_magnitude', 'mixture_phase', 'source_phase', 'mix_magnitude', 'ideal_binary_mask', 'source_magnitudes'])
0.2229762077331543 GB allocated
7.046875 GB reserved
dict_keys(['index', 'mixture_magnitude', 'mixture_phase', 'source_phase', 'mix_magnitude', 'ideal_binary_mask', 'source_magnitudes'])
0.2229762077331543 GB allocated
7.046875 GB reserved
dict_keys(['index', 'mixture_magnitude', 'mixture_phase', 'source_phase', 'mix_magnitude', 'ideal_binary_mask', 'source_magnitudes'])
0.2229762077331543 GB allocated
7.046875 GB reserved
dict_keys(['index', 'mixture_magnitude', 'mixture_phase', 'source_phase', 'mix_magnitude', 'ideal_binary_mask', 'source_magnitudes'])
0.2229762077331543 GB allocated
7.046875 GB reserved
dict_keys(['index', 'mixture_magnitude', 'mixture_phase', 'source_phase', 'mix_magnitude', 'ideal_binary_mask', 'source_magnitudes'])
0.2229762077331543 GB allocated
7.046875 GB reserved
dict_keys(['index', 'mixture_magnitude', 'mixture_phase', 'source_phase', 'mix_magnitude', 'ideal_binary_mask', 'source_magnitudes'])
0.2229762077331543 GB allocated
7.046875 GB reserved
dict_keys(['index', 'mixture_magnitude', 'mixture_phase', 'source_phase', 'mix_magnitude', 'ideal_binary_mask', 'source_magnitudes'])
0.2229762077331543 GB allocated
7.046875 GB reserved
dict_keys(['index', 'mixture_magnitude', 'mixture_phase', 'source_phase', 'mix_magnitude', 'ideal_binary_mask', 'source_magnitudes'])
0.2229762077331543 GB allocated
7.046875 GB reserved
dict_keys(['index', 'mixture_magnitude', 'mixture_phase', 'source_phase', 'mix_magnitude', 'ideal_binary_mask', 'source_magnitudes'])
0.2229762077331543 GB allocated
7.046875 GB reserved
dict_keys(['index', 'mixture_magnitude', 'mixture_phase', 'source_phase', 'mix_magnitude', 'ideal_binary_mask', 'source_magnitudes'])
0.2229762077331543 GB allocated
7.046875 GB reserved
dict_keys(['index', 'mixture_magnitude', 'mixture_phase', 'source_phase', 'mix_magnitude', 'ideal_binary_mask', 'source_magnitudes'])
0.2229762077331543 GB allocated
7.046875 GB reserved
dict_keys(['index', 'mixture_magnitude', 'mixture_phase', 'source_phase', 'mix_magnitude', 'ideal_binary_mask', 'source_magnitudes'])
0.2221231460571289 GB allocated
7.046875 GB reserved
dict_keys(['index', 'mixture_magnitude', 'mixture_phase', 'source_phase', 'mix_magnitude', 'ideal_binary_mask', 'source_magnitudes'])
0.2229762077331543 GB allocated
7.046875 GB reserved
dict_keys(['index', 'mixture_magnitude', 'mixture_phase', 'source_phase', 'mix_magnitude', 'ideal_binary_mask', 'source_magnitudes'])
0.2229762077331543 GB allocated
7.046875 GB reserved
dict_keys(['index', 'mixture_magnitude', 'mixture_phase', 'source_phase', 'mix_magnitude', 'ideal_binary_mask', 'source_magnitudes'])
0.2229762077331543 GB allocated
7.046875 GB reserved
dict_keys(['index', 'mixture_magnitude', 'mixture_phase', 'source_phase', 'mix_magnitude', 'ideal_binary_mask', 'source_magnitudes'])
0.2229762077331543 GB allocated
7.046875 GB reserved
dict_keys(['index', 'mixture_magnitude', 'mixture_phase', 'source_phase', 'mix_magnitude', 'ideal_binary_mask', 'source_magnitudes'])
0.2229762077331543 GB allocated
7.046875 GB reserved
dict_keys(['index', 'mixture_magnitude', 'mixture_phase', 'source_phase', 'mix_magnitude', 'ideal_binary_mask', 'source_magnitudes'])
0.2229762077331543 GB allocated
7.046875 GB reserved
dict_keys(['index', 'mixture_magnitude', 'mixture_phase', 'source_phase', 'mix_magnitude', 'ideal_binary_mask', 'source_magnitudes'])
0.2229762077331543 GB allocated
7.046875 GB reserved
dict_keys(['index', 'mixture_magnitude', 'mixture_phase', 'source_phase', 'mix_magnitude', 'ideal_binary_mask', 'source_magnitudes'])
0.2229762077331543 GB allocated
7.046875 GB reserved
dict_keys(['index', 'mixture_magnitude', 'mixture_phase', 'source_phase', 'mix_magnitude', 'ideal_binary_mask', 'source_magnitudes'])
0.2229762077331543 GB allocated
7.046875 GB reserved
dict_keys(['index', 'mixture_magnitude', 'mixture_phase', 'source_phase', 'mix_magnitude', 'ideal_binary_mask', 'source_magnitudes'])
0.2229762077331543 GB allocated
7.046875 GB reserved
dict_keys(['index', 'mixture_magnitude', 'mixture_phase', 'source_phase', 'mix_magnitude', 'ideal_binary_mask', 'source_magnitudes'])
0.2229762077331543 GB allocated
7.046875 GB reserved
dict_keys(['index', 'mixture_magnitude', 'mixture_phase', 'source_phase', 'mix_magnitude', 'ideal_binary_mask', 'source_magnitudes'])
0.2229762077331543 GB allocated
7.046875 GB reserved
dict_keys(['index', 'mixture_magnitude', 'mixture_phase', 'source_phase', 'mix_magnitude', 'ideal_binary_mask', 'source_magnitudes'])
0.2229762077331543 GB allocated
7.046875 GB reserved
dict_keys(['index', 'mixture_magnitude', 'mixture_phase', 'source_phase', 'mix_magnitude', 'ideal_binary_mask', 'source_magnitudes'])
0.2229762077331543 GB allocated
7.046875 GB reserved
dict_keys(['index', 'mixture_magnitude', 'mixture_phase', 'source_phase', 'mix_magnitude', 'ideal_binary_mask', 'source_magnitudes'])
0.2229762077331543 GB allocated
7.046875 GB reserved
dict_keys(['index', 'mixture_magnitude', 'mixture_phase', 'source_phase', 'mix_magnitude', 'ideal_binary_mask', 'source_magnitudes'])
0.2229762077331543 GB allocated
7.046875 GB reserved
dict_keys(['index', 'mixture_magnitude', 'mixture_phase', 'source_phase', 'mix_magnitude', 'ideal_binary_mask', 'source_magnitudes'])
0.2229762077331543 GB allocated
7.046875 GB reserved
dict_keys(['index', 'mixture_magnitude', 'mixture_phase', 'source_phase', 'mix_magnitude', 'ideal_binary_mask', 'source_magnitudes'])
0.2229762077331543 05/30/2026 01:04:07 PM | engine.py:906 Engine run starting with max_epochs=1.
05/30/2026 01:05:14 PM | engine.py:1010 Epoch[1] Complete. Time taken: 00:01:07.022
GB allocated
7.046875 GB reserved
dict_keys(['index', 'mixture_magnitude', 'mixture_phase', 'source_phase', 'mix_magnitude', 'ideal_binary_mask', 'source_magnitudes'])
0.2229762077331543 GB allocated
7.046875 GB reserved
dict_keys(['index', 'mixture_magnitude', 'mixture_phase', 'source_phase', 'mix_magnitude', 'ideal_binary_mask', 'source_magnitudes'])
0.2229762077331543 GB allocated
7.046875 GB reserved
dict_keys(['index', 'mixture_magnitude', 'mixture_phase', 'source_phase', 'mix_magnitude', 'ideal_binary_mask', 'source_magnitudes'])
0.2229762077331543 GB allocated
7.046875 GB reserved
dict_keys(['index', 'mixture_magnitude', 'mixture_phase', 'source_phase', 'mix_magnitude', 'ideal_binary_mask', 'source_magnitudes'])
0.2229762077331543 GB allocated
7.046875 GB reserved
dict_keys(['index', 'mixture_magnitude', 'mixture_phase', 'source_phase', 'mix_magnitude', 'ideal_binary_mask', 'source_magnitudes'])
0.2229762077331543 GB allocated
7.046875 GB reserved
dict_keys(['index', 'mixture_magnitude', 'mixture_phase', 'source_phase', 'mix_magnitude', 'ideal_binary_mask', 'source_magnitudes'])
0.2229762077331543 GB allocated
7.046875 GB reserved
dict_keys(['index', 'mixture_magnitude', 'mixture_phase', 'source_phase', 'mix_magnitude', 'ideal_binary_mask', 'source_magnitudes'])
0.2221231460571289 GB allocated
7.046875 GB reserved
dict_keys(['index', 'mixture_magnitude', 'mixture_phase', 'source_phase', 'mix_magnitude', 'ideal_binary_mask', 'source_magnitudes'])
0.2229762077331543 GB allocated
7.046875 GB reserved
dict_keys(['index', 'mixture_magnitude', 'mixture_phase', 'source_phase', 'mix_magnitude', 'ideal_binary_mask', 'source_magnitudes'])
0.2229762077331543 GB allocated
7.046875 GB reserved
dict_keys(['index', 'mixture_magnitude', 'mixture_phase', 'source_phase', 'mix_magnitude', 'ideal_binary_mask', 'source_magnitudes'])
0.2229762077331543 GB allocated
7.046875 GB reserved
dict_keys(['index', 'mixture_magnitude', 'mixture_phase', 'source_phase', 'mix_magnitude', 'ideal_binary_mask', 'source_magnitudes'])
0.2229762077331543 GB allocated
7.046875 GB reserved
dict_keys(['index', 'mixture_magnitude', 'mixture_phase', 'source_phase', 'mix_magnitude', 'ideal_binary_mask', 'source_magnitudes'])
0.2229762077331543 GB allocated
7.046875 GB reserved
dict_keys(['index', 'mixture_magnitude', 'mixture_phase', 'source_phase', 'mix_magnitude', 'ideal_binary_mask', 'source_magnitudes'])
0.2229762077331543 GB allocated
7.046875 GB reserved
dict_keys(['index', 'mixture_magnitude', 'mixture_phase', 'source_phase', 'mix_magnitude', 'ideal_binary_mask', 'source_magnitudes'])
0.2229762077331543 GB allocated
7.046875 GB reserved
dict_keys(['index', 'mixture_magnitude', 'mixture_phase', 'source_phase', 'mix_magnitude', 'ideal_binary_mask', 'source_magnitudes'])
0.2229762077331543 GB allocated
7.046875 GB reserved
dict_keys(['index', 'mixture_magnitude', 'mixture_phase', 'source_phase', 'mix_magnitude', 'ideal_binary_mask', 'source_magnitudes'])
0.2229762077331543 GB allocated
7.046875 GB reserved
dict_keys(['index', 'mixture_magnitude', 'mixture_phase', 'source_phase', 'mix_magnitude', 'ideal_binary_mask', 'source_magnitudes'])
0.2229762077331543 GB allocated
7.046875 GB reserved
dict_keys(['index', 'mixture_magnitude', 'mixture_phase', 'source_phase', 'mix_magnitude', 'ideal_binary_mask', 'source_magnitudes'])
0.2229762077331543 GB allocated
7.046875 GB reserved
dict_keys(['index', 'mixture_magnitude', 'mixture_phase', 'source_phase', 'mix_magnitude', 'ideal_binary_mask', 'source_magnitudes'])
0.2229762077331543 GB allocated
7.046875 GB reserved
dict_keys(['index', 'mixture_magnitude', 'mixture_phase', 'source_phase', 'mix_magnitude', 'ideal_binary_mask', 'source_magnitudes'])
0.2229762077331543 GB allocated
7.046875 GB reserved
dict_keys(['index', 'mixture_magnitude', 'mixture_phase', 'source_phase', 'mix_magnitude', 'ideal_binary_mask', 'source_magnitudes'])
0.2229762077331543 GB allocated
7.046875 GB reserved
dict_keys(['index', 'mixture_magnitude', 'mixture_phase', 'source_phase', 'mix_magnitude', 'ideal_binary_mask', 'source_magnitudes'])
0.2229762077331543 GB allocated
7.046875 GB reserved
dict_keys(['index', 'mixture_magnitude', 'mixture_phase', 'source_phase', 'mix_magnitude', 'ideal_binary_mask', 'source_magnitudes'])
0.2229762077331543 GB allocated
7.046875 GB reserved
dict_keys(['index', 'mixture_magnitude', 'mixture_phase', 'source_phase', 'mix_magnitude', 'ideal_binary_mask', 'source_magnitudes'])
0.2229762077331543 GB allocated
7.046875 GB reserved
dict_keys(['index', 'mixture_magnitude', 'mixture_phase', 'source_phase', 'mix_magnitude', 'ideal_binary_mask', 'source_magnitudes'])
0.2229762077331543 GB allocated
7.046875 GB reserved
dict_keys(['index', 'mixture_magnitude', 'mixture_phase', 'source_phase', 'mix_magnitude', 'ideal_binary_mask', 'source_magnitudes'])
0.2229762077331543 GB allocated
7.046875 GB reserved
dict_keys(['index', 'mixture_magnitude', 'mixture_phase', 'source_phase', 'mix_magnitude', 'ideal_binary_mask', 'source_magnitudes'])
0.2229762077331543 GB allocated
7.046875 GB reserved
dict_keys(['index', 'mixture_magnitude', 'mixture_phase', 'source_phase', 'mix_magnitude', 'ideal_binary_mask', 'source_magnitudes'])
0.2229762077331543 GB allocated
7.046875 GB reserved
dict_keys(['index', 'mixture_magnitude', 'mixture_phase', 'source_phase', 'mix_magnitude', 'ideal_binary_mask', 'source_magnitudes'])
0.2229762077331543 GB allocated
7.046875 GB reserved
dict_keys(['index', 'mixture_magnitude', 'mixture_phase', 'source_phase', 'mix_magnitude', 'ideal_binary_mask', 'source_magnitudes'])
0.2229762077331543 GB allocated
7.046875 GB reserved
dict_keys(['index', 'mixture_magnitude', 'mixture_phase', 'source_phase', 'mix_magnitude', 'ideal_binary_mask', 'source_magnitudes'])
0.2229762077331543 GB allocated
7.046875 GB reserved
dict_keys(['index', 'mixture_magnitude', 'mixture_phase', 'source_phase', 'mix_magnitude', 'ideal_binary_mask', 'source_magnitudes'])
0.2221231460571289 GB allocated
7.046875 GB reserved
dict_keys(['index', 'mixture_magnitude', 'mixture_phase', 'source_phase', 'mix_magnitude', 'ideal_binary_mask', 'source_magnitudes'])
0.2229762077331543 GB allocated
7.046875 GB reserved
dict_keys(['index', 'mixture_magnitude', 'mixture_phase', 'source_phase', 'mix_magnitude', 'ideal_binary_mask', 'source_magnitudes'])
0.2229762077331543 GB allocated
7.046875 GB reserved
dict_keys(['index', 'mixture_magnitude', 'mixture_phase', 'source_phase', 'mix_magnitude', 'ideal_binary_mask', 'source_magnitudes'])
0.2229762077331543 GB allocated
7.046875 GB reserved
dict_keys(['index', 'mixture_magnitude', 'mixture_phase', 'source_phase', 'mix_magnitude', 'ideal_binary_mask', 'source_magnitudes'])
0.2229762077331543 GB allocated
7.046875 GB reserved
dict_keys(['index', 'mixture_magnitude', 'mixture_phase', 'source_phase', 'mix_magnitude', 'ideal_binary_mask', 'source_magnitudes'])
0.2229762077331543 GB allocated
7.046875 GB reserved
dict_keys(['index', 'mixture_magnitude', 'mixture_phase', 'source_phase', 'mix_magnitude', 'ideal_binary_mask', 'source_magnitudes'])
0.2229762077331543 GB allocated
7.046875 GB reserved
dict_keys(['index', 'mixture_magnitude', 'mixture_phase', 'source_phase', 'mix_magnitude', 'ideal_binary_mask', 'source_magnitudes'])
0.2229762077331543 GB allocated
7.046875 GB reserved
dict_keys(['index', 'mixture_magnitude', 'mixture_phase', 'source_phase', 'mix_magnitude', 'ideal_binary_mask', 'source_magnitudes'])
0.2229762077331543 GB allocated
7.046875 GB reserved
dict_keys(['index', 'mixture_magnitude', 'mixture_phase', 'source_phase', 'mix_magnitude', 'ideal_binary_mask', 'source_magnitudes'])
0.2229762077331543 GB allocated
7.046875 GB reserved
dict_keys(['index', 'mixture_magnitude', 'mixture_phase', 'source_phase', 'mix_magnitude', 'ideal_binary_mask', 'source_magnitudes'])
0.2229762077331543 GB allocated
7.046875 GB reserved
dict_keys(['index', 'mixture_magnitude', 'mixture_phase', 'source_phase', 'mix_magnitude', 'ideal_binary_mask', 'source_magnitudes'])
0.2229762077331543 GB allocated
7.046875 GB reserved
dict_keys(['index', 'mixture_magnitude', 'mixture_phase', 'source_phase', 'mix_magnitude', 'ideal_binary_mask', 'source_magnitudes'])
0.2229762077331543 GB allocated
7.046875 GB reserved
dict_keys(['index', 'mixture_magnitude', 'mixture_phase', 'source_phase', 'mix_magnitude', 'ideal_binary_mask', 'source_magnitudes'])
0.2229762077331543 GB allocated
7.046875 GB reserved
dict_keys(['index', 'mixture_magnitude', 'mixture_phase', 'source_phase', 'mix_magnitude', 'ideal_binary_mask', 'source_magnitudes'])
0.2229762077331543 GB allocated
7.046875 GB reserved
dict_keys(['index', 'mixture_magnitude', 'mixture_phase', 'source_phase', 'mix_magnitude', 'ideal_binary_mask', 'source_magnitudes'])
0.2229762077331543 GB allocated
7.046875 GB reserved
dict_keys(['index', 'mixture_magnitude', 'mixture_phase', 'source_phase', 'mix_magnitude', 'ideal_binary_mask', 'source_magnitudes'])
0.2229762077331543 GB allocated
7.046875 GB reserved
dict_keys(['index', 'mixture_magnitude', 'mixture_phase', 'source_phase', 'mix_magnitude', 'ideal_binary_mask', 'source_magnitudes'])
0.2229762077331543 GB allocated
7.046875 GB reserved
dict_keys(['index', 'mixture_magnitude', 'mixture_phase', 'source_phase', 'mix_magnitude', 'ideal_binary_mask', 'source_magnitudes'])
0.2229762077331543 GB allocated
7.046875 GB reserved
dict_keys(['index', 'mixture_magnitude', 'mixture_phase', 'source_phase', 'mix_magnitude', 'ideal_binary_mask', 'source_magnitudes'])
0.2229762077331543 GB allocated
7.046875 GB reserved
dict_keys(['index', 'mixture_magnitude', 'mixture_phase', 'source_phase', 'mix_magnitude', 'ideal_binary_mask', 'source_magnitudes'])
0.2229762077331543 GB allocated
7.046875 GB reserved
dict_keys(['index', 'mixture_magnitude', 'mixture_phase', 'source_phase', 'mix_magnitude', 'ideal_binary_mask', 'source_magnitudes'])
0.2229762077331543 GB allocated
7.046875 GB reserved
dict_keys(['index', 'mixture_magnitude', 'mixture_phase', 'source_phase', 'mix_magnitude', 'ideal_binary_mask', 'source_magnitudes'])
0.2229762077331543 GB allocated
7.046875 GB reserved
dict_keys(['index', 'mixture_magnitude', 'mixture_phase', 'source_phase', 'mix_magnitude', 'ideal_binary_mask', 'source_magnitudes'])
0.2229762077331543 GB allocated
7.046875 GB reserved
dict_keys(['index', 'mixture_magnitude', 'mixture_phase', 'source_phase', 'mix_magnitude', 'ideal_binary_mask', 'source_magnitudes'])
0.2229762077331543 GB allocated
7.046875 GB reserved
dict_keys(['index', 'mixture_magnitude', 'mixture_phase', 'source_phase', 'mix_magnitude', 'ideal_binary_mask', 'source_magnitudes'])
[Validator] Epoch 2 - val_loss: 0.000001
[BEST CHECKPOINT] Guardado/actualizado en: checkpoints\Mis_modelos_v2\experimental\deep_feature checkpoints\4stems\best_checkpoint_1_val_loss=-0.0000.pt
05/30/2026 01:05:14 PM | engine.py:1037 Engine run finished. Time taken: 00:01:07.022
[Epoch 2] train_loss=0.000001 | val_loss=0.000001
05/30/2026 01:05:14 PM | engine.py:1010 Epoch[2] Complete. Time taken: 00:03:32.682
0.2221231460571289 GB allocated
7.046875 GB reserved
dict_keys(['index', 'mixture_magnitude', 'mixture_phase', 'source_phase', 'mix_magnitude', 'ideal_binary_mask', 'source_magnitudes'])
0.2229762077331543 GB allocated
7.046875 GB reserved
dict_keys(['index', 'mixture_magnitude', 'mixture_phase', 'source_phase', 'mix_magnitude', 'ideal_binary_mask', 'source_magnitudes'])
0.2229762077331543 GB allocated
7.046875 GB reserved
dict_keys(['index', 'mixture_magnitude', 'mixture_phase', 'source_phase', 'mix_magnitude', 'ideal_binary_mask', 'source_magnitudes'])
0.2229762077331543 GB allocated
7.046875 GB reserved
dict_keys(['index', 'mixture_magnitude', 'mixture_phase', 'source_phase', 'mix_magnitude', 'ideal_binary_mask', 'source_magnitudes'])
0.2229762077331543 GB allocated
7.046875 GB reserved
dict_keys(['index', 'mixture_magnitude', 'mixture_phase', 'source_phase', 'mix_magnitude', 'ideal_binary_mask', 'source_magnitudes'])
0.2229762077331543 GB allocated
7.046875 GB reserved
dict_keys(['index', 'mixture_magnitude', 'mixture_phase', 'source_phase', 'mix_magnitude', 'ideal_binary_mask', 'source_magnitudes'])
0.2229762077331543 GB allocated
7.046875 GB reserved
dict_keys(['index', 'mixture_magnitude', 'mixture_phase', 'source_phase', 'mix_magnitude', 'ideal_binary_mask', 'source_magnitudes'])
0.2229762077331543 GB allocated
7.046875 GB reserved
dict_keys(['index', 'mixture_magnitude', 'mixture_phase', 'source_phase', 'mix_magnitude', 'ideal_binary_mask', 'source_magnitudes'])
0.2229762077331543 GB allocated
7.046875 GB reserved
dict_keys(['index', 'mixture_magnitude', 'mixture_phase', 'source_phase', 'mix_magnitude', 'ideal_binary_mask', 'source_magnitudes'])
0.2229762077331543 GB allocated
7.046875 GB reserved
dict_keys(['index', 'mixture_magnitude', 'mixture_phase', 'source_phase', 'mix_magnitude', 'ideal_binary_mask', 'source_magnitudes'])
0.2229762077331543 GB allocated
7.046875 GB reserved
dict_keys(['index', 'mixture_magnitude', 'mixture_phase', 'source_phase', 'mix_magnitude', 'ideal_binary_mask', 'source_magnitudes'])
0.2229762077331543 GB allocated
7.046875 GB reserved
dict_keys(['index', 'mixture_magnitude', 'mixture_phase', 'source_phase', 'mix_magnitude', 'ideal_binary_mask', 'source_magnitudes'])
0.2229762077331543 GB allocated
7.046875 GB reserved
dict_keys(['index', 'mixture_magnitude', 'mixture_phase', 'source_phase', 'mix_magnitude', 'ideal_binary_mask', 'source_magnitudes'])
0.2229762077331543 GB allocated
7.046875 GB reserved
dict_keys(['index', 'mixture_magnitude', 'mixture_phase', 'source_phase', 'mix_magnitude', 'ideal_binary_mask', 'source_magnitudes'])
0.2229762077331543 GB allocated
7.046875 GB reserved
dict_keys(['index', 'mixture_magnitude', 'mixture_phase', 'source_phase', 'mix_magnitude', 'ideal_binary_mask', 'source_magnitudes'])
0.2229762077331543 GB allocated
7.046875 GB reserved
dict_keys(['index', 'mixture_magnitude', 'mixture_phase', 'source_phase', 'mix_magnitude', 'ideal_binary_mask', 'source_magnitudes'])
0.2229762077331543 GB allocated
7.046875 GB reserved
dict_keys(['index', 'mixture_magnitude', 'mixture_phase', 'source_phase', 'mix_magnitude', 'ideal_binary_mask', 'source_magnitudes'])
0.2229762077331543 GB allocated
7.046875 GB reserved
dict_keys(['index', 'mixture_magnitude', 'mixture_phase', 'source_phase', 'mix_magnitude', 'ideal_binary_mask', 'source_magnitudes'])
0.2229762077331543 GB allocated
7.046875 GB reserved
dict_keys(['index', 'mixture_magnitude', 'mixture_phase', 'source_phase', 'mix_magnitude', 'ideal_binary_mask', 'source_magnitudes'])
0.2229762077331543 GB allocated
7.046875 GB reserved
dict_keys(['index', 'mixture_magnitude', 'mixture_phase', 'source_phase', 'mix_magnitude', 'ideal_binary_mask', 'source_magnitudes'])
0.2229762077331543 GB allocated
7.046875 GB reserved
dict_keys(['index', 'mixture_magnitude', 'mixture_phase', 'source_phase', 'mix_magnitude', 'ideal_binary_mask', 'source_magnitudes'])
0.2229762077331543 GB allocated
7.046875 GB reserved
dict_keys(['index', 'mixture_magnitude', 'mixture_phase', 'source_phase', 'mix_magnitude', 'ideal_binary_mask', 'source_magnitudes'])
0.2229762077331543 GB allocated
7.046875 GB reserved
dict_keys(['index', 'mixture_magnitude', 'mixture_phase', 'source_phase', 'mix_magnitude', 'ideal_binary_mask', 'source_magnitudes'])
0.2229762077331543 GB allocated
7.046875 GB reserved
dict_keys(['index', 'mixture_magnitude', 'mixture_phase', 'source_phase', 'mix_magnitude', 'ideal_binary_mask', 'source_magnitudes'])
0.2229762077331543 GB allocated
7.046875 GB reserved
dict_keys(['index', 'mixture_magnitude', 'mixture_phase', 'source_phase', 'mix_magnitude', 'ideal_binary_mask', 'source_magnitudes'])
0.2221231460571289 GB allocated
7.046875 GB reserved
dict_keys(['index', 'mixture_magnitude', 'mixture_phase', 'source_phase', 'mix_magnitude', 'ideal_binary_mask', 'source_magnitudes'])
0.2229762077331543 GB allocated
7.046875 GB reserved
dict_keys(['index', 'mixture_magnitude', 'mixture_phase', 'source_phase', 'mix_magnitude', 'ideal_binary_mask', 'source_magnitudes'])
0.2229762077331543 GB allocated
7.046875 GB reserved
dict_keys(['index', 'mixture_magnitude', 'mixture_phase', 'source_phase', 'mix_magnitude', 'ideal_binary_mask', 'source_magnitudes'])
0.2229762077331543 GB allocated
7.046875 GB reserved
dict_keys(['index', 'mixture_magnitude', 'mixture_phase', 'source_phase', 'mix_magnitude', 'ideal_binary_mask', 'source_magnitudes'])
0.2229762077331543 GB allocated
7.046875 GB reserved
dict_keys(['index', 'mixture_magnitude', 'mixture_phase', 'source_phase', 'mix_magnitude', 'ideal_binary_mask', 'source_magnitudes'])
0.2229762077331543 GB allocated
7.046875 GB reserved
dict_keys(['index', 'mixture_magnitude', 'mixture_phase', 'source_phase', 'mix_magnitude', 'ideal_binary_mask', 'source_magnitudes'])
0.2229762077331543 GB allocated
7.046875 GB reserved
dict_keys(['index', 'mixture_magnitude', 'mixture_phase', 'source_phase', 'mix_magnitude', 'ideal_binary_mask', 'source_magnitudes'])
0.2229762077331543 GB allocated
7.046875 GB reserved
dict_keys(['index', 'mixture_magnitude', 'mixture_phase', 'source_phase', 'mix_magnitude', 'ideal_binary_mask', 'source_magnitudes'])
0.2229762077331543 GB allocated
7.046875 GB reserved
dict_keys(['index', 'mixture_magnitude', 'mixture_phase', 'source_phase', 'mix_magnitude', 'ideal_binary_mask', 'source_magnitudes'])
0.2229762077331543 GB allocated
7.046875 GB reserved
dict_keys(['index', 'mixture_magnitude', 'mixture_phase', 'source_phase', 'mix_magnitude', 'ideal_binary_mask', 'source_magnitudes'])
0.2229762077331543 GB allocated
7.046875 GB reserved
dict_keys(['index', 'mixture_magnitude', 'mixture_phase', 'source_phase', 'mix_magnitude', 'ideal_binary_mask', 'source_magnitudes'])
0.2229762077331543 GB allocated
7.046875 GB reserved
dict_keys(['index', 'mixture_magnitude', 'mixture_phase', 'source_phase', 'mix_magnitude', 'ideal_binary_mask', 'source_magnitudes'])
0.2229762077331543 GB allocated
7.046875 GB reserved
dict_keys(['index', 'mixture_magnitude', 'mixture_phase', 'source_phase', 'mix_magnitude', 'ideal_binary_mask', 'source_magnitudes'])
0.2229762077331543 GB allocated
7.046875 GB reserved
dict_keys(['index', 'mixture_magnitude', 'mixture_phase', 'source_phase', 'mix_magnitude', 'ideal_binary_mask', 'source_magnitudes'])
0.2229762077331543 GB allocated
7.046875 GB reserved
dict_keys(['index', 'mixture_magnitude', 'mixture_phase', 'source_phase', 'mix_magnitude', 'ideal_binary_mask', 'source_magnitudes'])
0.2229762077331543 GB allocated
7.046875 GB reserved
dict_keys(['index', 'mixture_magnitude', 'mixture_phase', 'source_phase', 'mix_magnitude', 'ideal_binary_mask', 'source_magnitudes'])
0.2229762077331543 GB allocated
7.046875 GB reserved
dict_keys(['index', 'mixture_magnitude', 'mixture_phase', 'source_phase', 'mix_magnitude', 'ideal_binary_mask', 'source_magnitudes'])
0.2229762077331543 GB allocated
7.046875 GB reserved
dict_keys(['index', 'mixture_magnitude', 'mixture_phase', 'source_phase', 'mix_magnitude', 'ideal_binary_mask', 'source_magnitudes'])
0.2229762077331543 05/30/2026 01:07:27 PM | engine.py:906 Engine run starting with max_epochs=1.
05/30/2026 01:08:36 PM | engine.py:1010 Epoch[1] Complete. Time taken: 00:01:09.162
GB allocated
7.046875 GB reserved
dict_keys(['index', 'mixture_magnitude', 'mixture_phase', 'source_phase', 'mix_magnitude', 'ideal_binary_mask', 'source_magnitudes'])
0.2229762077331543 GB allocated
7.046875 GB reserved
dict_keys(['index', 'mixture_magnitude', 'mixture_phase', 'source_phase', 'mix_magnitude', 'ideal_binary_mask', 'source_magnitudes'])
0.2229762077331543 GB allocated
7.046875 GB reserved
dict_keys(['index', 'mixture_magnitude', 'mixture_phase', 'source_phase', 'mix_magnitude', 'ideal_binary_mask', 'source_magnitudes'])
0.2229762077331543 GB allocated
7.046875 GB reserved
dict_keys(['index', 'mixture_magnitude', 'mixture_phase', 'source_phase', 'mix_magnitude', 'ideal_binary_mask', 'source_magnitudes'])
0.2229762077331543 GB allocated
7.046875 GB reserved
dict_keys(['index', 'mixture_magnitude', 'mixture_phase', 'source_phase', 'mix_magnitude', 'ideal_binary_mask', 'source_magnitudes'])
0.2229762077331543 GB allocated
7.046875 GB reserved
dict_keys(['index', 'mixture_magnitude', 'mixture_phase', 'source_phase', 'mix_magnitude', 'ideal_binary_mask', 'source_magnitudes'])
0.2229762077331543 GB allocated
7.046875 GB reserved
dict_keys(['index', 'mixture_magnitude', 'mixture_phase', 'source_phase', 'mix_magnitude', 'ideal_binary_mask', 'source_magnitudes'])
0.2221231460571289 GB allocated
7.046875 GB reserved
dict_keys(['index', 'mixture_magnitude', 'mixture_phase', 'source_phase', 'mix_magnitude', 'ideal_binary_mask', 'source_magnitudes'])
0.2229762077331543 GB allocated
7.046875 GB reserved
dict_keys(['index', 'mixture_magnitude', 'mixture_phase', 'source_phase', 'mix_magnitude', 'ideal_binary_mask', 'source_magnitudes'])
0.2229762077331543 GB allocated
7.046875 GB reserved
dict_keys(['index', 'mixture_magnitude', 'mixture_phase', 'source_phase', 'mix_magnitude', 'ideal_binary_mask', 'source_magnitudes'])
0.2229762077331543 GB allocated
7.046875 GB reserved
dict_keys(['index', 'mixture_magnitude', 'mixture_phase', 'source_phase', 'mix_magnitude', 'ideal_binary_mask', 'source_magnitudes'])
0.2229762077331543 GB allocated
7.046875 GB reserved
dict_keys(['index', 'mixture_magnitude', 'mixture_phase', 'source_phase', 'mix_magnitude', 'ideal_binary_mask', 'source_magnitudes'])
0.2229762077331543 GB allocated
7.046875 GB reserved
dict_keys(['index', 'mixture_magnitude', 'mixture_phase', 'source_phase', 'mix_magnitude', 'ideal_binary_mask', 'source_magnitudes'])
0.2229762077331543 GB allocated
7.046875 GB reserved
dict_keys(['index', 'mixture_magnitude', 'mixture_phase', 'source_phase', 'mix_magnitude', 'ideal_binary_mask', 'source_magnitudes'])
0.2229762077331543 GB allocated
7.046875 GB reserved
dict_keys(['index', 'mixture_magnitude', 'mixture_phase', 'source_phase', 'mix_magnitude', 'ideal_binary_mask', 'source_magnitudes'])
0.2229762077331543 GB allocated
7.046875 GB reserved
dict_keys(['index', 'mixture_magnitude', 'mixture_phase', 'source_phase', 'mix_magnitude', 'ideal_binary_mask', 'source_magnitudes'])
0.2229762077331543 GB allocated
7.046875 GB reserved
dict_keys(['index', 'mixture_magnitude', 'mixture_phase', 'source_phase', 'mix_magnitude', 'ideal_binary_mask', 'source_magnitudes'])
0.2229762077331543 GB allocated
7.046875 GB reserved
dict_keys(['index', 'mixture_magnitude', 'mixture_phase', 'source_phase', 'mix_magnitude', 'ideal_binary_mask', 'source_magnitudes'])
0.2229762077331543 GB allocated
7.046875 GB reserved
dict_keys(['index', 'mixture_magnitude', 'mixture_phase', 'source_phase', 'mix_magnitude', 'ideal_binary_mask', 'source_magnitudes'])
0.2229762077331543 GB allocated
7.046875 GB reserved
dict_keys(['index', 'mixture_magnitude', 'mixture_phase', 'source_phase', 'mix_magnitude', 'ideal_binary_mask', 'source_magnitudes'])
0.2229762077331543 GB allocated
7.046875 GB reserved
dict_keys(['index', 'mixture_magnitude', 'mixture_phase', 'source_phase', 'mix_magnitude', 'ideal_binary_mask', 'source_magnitudes'])
0.2229762077331543 GB allocated
7.046875 GB reserved
dict_keys(['index', 'mixture_magnitude', 'mixture_phase', 'source_phase', 'mix_magnitude', 'ideal_binary_mask', 'source_magnitudes'])
0.2229762077331543 GB allocated
7.046875 GB reserved
dict_keys(['index', 'mixture_magnitude', 'mixture_phase', 'source_phase', 'mix_magnitude', 'ideal_binary_mask', 'source_magnitudes'])
0.2229762077331543 GB allocated
7.046875 GB reserved
dict_keys(['index', 'mixture_magnitude', 'mixture_phase', 'source_phase', 'mix_magnitude', 'ideal_binary_mask', 'source_magnitudes'])
0.2229762077331543 GB allocated
7.046875 GB reserved
dict_keys(['index', 'mixture_magnitude', 'mixture_phase', 'source_phase', 'mix_magnitude', 'ideal_binary_mask', 'source_magnitudes'])
0.2229762077331543 GB allocated
7.046875 GB reserved
dict_keys(['index', 'mixture_magnitude', 'mixture_phase', 'source_phase', 'mix_magnitude', 'ideal_binary_mask', 'source_magnitudes'])
0.2229762077331543 GB allocated
7.046875 GB reserved
dict_keys(['index', 'mixture_magnitude', 'mixture_phase', 'source_phase', 'mix_magnitude', 'ideal_binary_mask', 'source_magnitudes'])
0.2229762077331543 GB allocated
7.046875 GB reserved
dict_keys(['index', 'mixture_magnitude', 'mixture_phase', 'source_phase', 'mix_magnitude', 'ideal_binary_mask', 'source_magnitudes'])
0.2229762077331543 GB allocated
7.046875 GB reserved
dict_keys(['index', 'mixture_magnitude', 'mixture_phase', 'source_phase', 'mix_magnitude', 'ideal_binary_mask', 'source_magnitudes'])
0.2229762077331543 GB allocated
7.046875 GB reserved
dict_keys(['index', 'mixture_magnitude', 'mixture_phase', 'source_phase', 'mix_magnitude', 'ideal_binary_mask', 'source_magnitudes'])
0.2229762077331543 GB allocated
7.046875 GB reserved
dict_keys(['index', 'mixture_magnitude', 'mixture_phase', 'source_phase', 'mix_magnitude', 'ideal_binary_mask', 'source_magnitudes'])
0.2229762077331543 GB allocated
7.046875 GB reserved
dict_keys(['index', 'mixture_magnitude', 'mixture_phase', 'source_phase', 'mix_magnitude', 'ideal_binary_mask', 'source_magnitudes'])
0.2221231460571289 GB allocated
7.046875 GB reserved
dict_keys(['index', 'mixture_magnitude', 'mixture_phase', 'source_phase', 'mix_magnitude', 'ideal_binary_mask', 'source_magnitudes'])
0.2229762077331543 GB allocated
7.046875 GB reserved
dict_keys(['index', 'mixture_magnitude', 'mixture_phase', 'source_phase', 'mix_magnitude', 'ideal_binary_mask', 'source_magnitudes'])
0.2229762077331543 GB allocated
7.046875 GB reserved
dict_keys(['index', 'mixture_magnitude', 'mixture_phase', 'source_phase', 'mix_magnitude', 'ideal_binary_mask', 'source_magnitudes'])
0.2229762077331543 GB allocated
7.046875 GB reserved
dict_keys(['index', 'mixture_magnitude', 'mixture_phase', 'source_phase', 'mix_magnitude', 'ideal_binary_mask', 'source_magnitudes'])
0.2229762077331543 GB allocated
7.046875 GB reserved
dict_keys(['index', 'mixture_magnitude', 'mixture_phase', 'source_phase', 'mix_magnitude', 'ideal_binary_mask', 'source_magnitudes'])
0.2229762077331543 GB allocated
7.046875 GB reserved
dict_keys(['index', 'mixture_magnitude', 'mixture_phase', 'source_phase', 'mix_magnitude', 'ideal_binary_mask', 'source_magnitudes'])
0.2229762077331543 GB allocated
7.046875 GB reserved
dict_keys(['index', 'mixture_magnitude', 'mixture_phase', 'source_phase', 'mix_magnitude', 'ideal_binary_mask', 'source_magnitudes'])
0.2229762077331543 GB allocated
7.046875 GB reserved
dict_keys(['index', 'mixture_magnitude', 'mixture_phase', 'source_phase', 'mix_magnitude', 'ideal_binary_mask', 'source_magnitudes'])
0.2229762077331543 GB allocated
7.046875 GB reserved
dict_keys(['index', 'mixture_magnitude', 'mixture_phase', 'source_phase', 'mix_magnitude', 'ideal_binary_mask', 'source_magnitudes'])
0.2229762077331543 GB allocated
7.046875 GB reserved
dict_keys(['index', 'mixture_magnitude', 'mixture_phase', 'source_phase', 'mix_magnitude', 'ideal_binary_mask', 'source_magnitudes'])
0.2229762077331543 GB allocated
7.046875 GB reserved
dict_keys(['index', 'mixture_magnitude', 'mixture_phase', 'source_phase', 'mix_magnitude', 'ideal_binary_mask', 'source_magnitudes'])
0.2229762077331543 GB allocated
7.046875 GB reserved
dict_keys(['index', 'mixture_magnitude', 'mixture_phase', 'source_phase', 'mix_magnitude', 'ideal_binary_mask', 'source_magnitudes'])
0.2229762077331543 GB allocated
7.046875 GB reserved
dict_keys(['index', 'mixture_magnitude', 'mixture_phase', 'source_phase', 'mix_magnitude', 'ideal_binary_mask', 'source_magnitudes'])
0.2229762077331543 GB allocated
7.046875 GB reserved
dict_keys(['index', 'mixture_magnitude', 'mixture_phase', 'source_phase', 'mix_magnitude', 'ideal_binary_mask', 'source_magnitudes'])
0.2229762077331543 GB allocated
7.046875 GB reserved
dict_keys(['index', 'mixture_magnitude', 'mixture_phase', 'source_phase', 'mix_magnitude', 'ideal_binary_mask', 'source_magnitudes'])
0.2229762077331543 GB allocated
7.046875 GB reserved
dict_keys(['index', 'mixture_magnitude', 'mixture_phase', 'source_phase', 'mix_magnitude', 'ideal_binary_mask', 'source_magnitudes'])
0.2229762077331543 GB allocated
7.046875 GB reserved
dict_keys(['index', 'mixture_magnitude', 'mixture_phase', 'source_phase', 'mix_magnitude', 'ideal_binary_mask', 'source_magnitudes'])
0.2229762077331543 GB allocated
7.046875 GB reserved
dict_keys(['index', 'mixture_magnitude', 'mixture_phase', 'source_phase', 'mix_magnitude', 'ideal_binary_mask', 'source_magnitudes'])
0.2229762077331543 GB allocated
7.046875 GB reserved
dict_keys(['index', 'mixture_magnitude', 'mixture_phase', 'source_phase', 'mix_magnitude', 'ideal_binary_mask', 'source_magnitudes'])
0.2229762077331543 GB allocated
7.046875 GB reserved
dict_keys(['index', 'mixture_magnitude', 'mixture_phase', 'source_phase', 'mix_magnitude', 'ideal_binary_mask', 'source_magnitudes'])
0.2229762077331543 GB allocated
7.046875 GB reserved
dict_keys(['index', 'mixture_magnitude', 'mixture_phase', 'source_phase', 'mix_magnitude', 'ideal_binary_mask', 'source_magnitudes'])
0.2229762077331543 GB allocated
7.046875 GB reserved
dict_keys(['index', 'mixture_magnitude', 'mixture_phase', 'source_phase', 'mix_magnitude', 'ideal_binary_mask', 'source_magnitudes'])
0.2229762077331543 GB allocated
7.046875 GB reserved
dict_keys(['index', 'mixture_magnitude', 'mixture_phase', 'source_phase', 'mix_magnitude', 'ideal_binary_mask', 'source_magnitudes'])
0.2229762077331543 GB allocated
7.046875 GB reserved
dict_keys(['index', 'mixture_magnitude', 'mixture_phase', 'source_phase', 'mix_magnitude', 'ideal_binary_mask', 'source_magnitudes'])
0.2229762077331543 GB allocated
7.046875 GB reserved
dict_keys(['index', 'mixture_magnitude', 'mixture_phase', 'source_phase', 'mix_magnitude', 'ideal_binary_mask', 'source_magnitudes'])
[Validator] Epoch 3 - val_loss: 0.000001
[BEST CHECKPOINT] Guardado/actualizado en: checkpoints\Mis_modelos_v2\experimental\deep_feature checkpoints\4stems\best_checkpoint_1_val_loss=-0.0000.pt
05/30/2026 01:08:36 PM | engine.py:1037 Engine run finished. Time taken: 00:01:09.162
[Epoch 3] train_loss=0.000001 | val_loss=0.000001
05/30/2026 01:08:36 PM | engine.py:1010 Epoch[3] Complete. Time taken: 00:03:22.174
0.2221231460571289 GB allocated
7.046875 GB reserved
dict_keys(['index', 'mixture_magnitude', 'mixture_phase', 'source_phase', 'mix_magnitude', 'ideal_binary_mask', 'source_magnitudes'])
0.2229762077331543 GB allocated
7.046875 GB reserved
dict_keys(['index', 'mixture_magnitude', 'mixture_phase', 'source_phase', 'mix_magnitude', 'ideal_binary_mask', 'source_magnitudes'])
0.2229762077331543 GB allocated
7.046875 GB reserved
dict_keys(['index', 'mixture_magnitude', 'mixture_phase', 'source_phase', 'mix_magnitude', 'ideal_binary_mask', 'source_magnitudes'])
0.2229762077331543 GB allocated
7.046875 GB reserved
dict_keys(['index', 'mixture_magnitude', 'mixture_phase', 'source_phase', 'mix_magnitude', 'ideal_binary_mask', 'source_magnitudes'])
0.2229762077331543 GB allocated
7.046875 GB reserved
dict_keys(['index', 'mixture_magnitude', 'mixture_phase', 'source_phase', 'mix_magnitude', 'ideal_binary_mask', 'source_magnitudes'])
0.2229762077331543 GB allocated
7.046875 GB reserved
dict_keys(['index', 'mixture_magnitude', 'mixture_phase', 'source_phase', 'mix_magnitude', 'ideal_binary_mask', 'source_magnitudes'])
0.2229762077331543 GB allocated
7.046875 GB reserved
dict_keys(['index', 'mixture_magnitude', 'mixture_phase', 'source_phase', 'mix_magnitude', 'ideal_binary_mask', 'source_magnitudes'])
0.2229762077331543 GB allocated
7.046875 GB reserved
dict_keys(['index', 'mixture_magnitude', 'mixture_phase', 'source_phase', 'mix_magnitude', 'ideal_binary_mask', 'source_magnitudes'])
0.2229762077331543 GB allocated
7.046875 GB reserved
dict_keys(['index', 'mixture_magnitude', 'mixture_phase', 'source_phase', 'mix_magnitude', 'ideal_binary_mask', 'source_magnitudes'])
0.2229762077331543 GB allocated
7.046875 GB reserved
dict_keys(['index', 'mixture_magnitude', 'mixture_phase', 'source_phase', 'mix_magnitude', 'ideal_binary_mask', 'source_magnitudes'])
0.2229762077331543 GB allocated
7.046875 GB reserved
dict_keys(['index', 'mixture_magnitude', 'mixture_phase', 'source_phase', 'mix_magnitude', 'ideal_binary_mask', 'source_magnitudes'])
0.2229762077331543 GB allocated
7.046875 GB reserved
dict_keys(['index', 'mixture_magnitude', 'mixture_phase', 'source_phase', 'mix_magnitude', 'ideal_binary_mask', 'source_magnitudes'])
0.2229762077331543 GB allocated
7.046875 GB reserved
dict_keys(['index', 'mixture_magnitude', 'mixture_phase', 'source_phase', 'mix_magnitude', 'ideal_binary_mask', 'source_magnitudes'])
0.2229762077331543 GB allocated
7.046875 GB reserved
dict_keys(['index', 'mixture_magnitude', 'mixture_phase', 'source_phase', 'mix_magnitude', 'ideal_binary_mask', 'source_magnitudes'])
0.2229762077331543 GB allocated
7.046875 GB reserved
dict_keys(['index', 'mixture_magnitude', 'mixture_phase', 'source_phase', 'mix_magnitude', 'ideal_binary_mask', 'source_magnitudes'])
0.2229762077331543 GB allocated
7.046875 GB reserved
dict_keys(['index', 'mixture_magnitude', 'mixture_phase', 'source_phase', 'mix_magnitude', 'ideal_binary_mask', 'source_magnitudes'])
0.2229762077331543 GB allocated
7.046875 GB reserved
dict_keys(['index', 'mixture_magnitude', 'mixture_phase', 'source_phase', 'mix_magnitude', 'ideal_binary_mask', 'source_magnitudes'])
0.2229762077331543 GB allocated
7.046875 GB reserved
dict_keys(['index', 'mixture_magnitude', 'mixture_phase', 'source_phase', 'mix_magnitude', 'ideal_binary_mask', 'source_magnitudes'])
0.2229762077331543 GB allocated
7.046875 GB reserved
dict_keys(['index', 'mixture_magnitude', 'mixture_phase', 'source_phase', 'mix_magnitude', 'ideal_binary_mask', 'source_magnitudes'])
0.2229762077331543 GB allocated
7.046875 GB reserved
dict_keys(['index', 'mixture_magnitude', 'mixture_phase', 'source_phase', 'mix_magnitude', 'ideal_binary_mask', 'source_magnitudes'])
0.2229762077331543 GB allocated
7.046875 GB reserved
dict_keys(['index', 'mixture_magnitude', 'mixture_phase', 'source_phase', 'mix_magnitude', 'ideal_binary_mask', 'source_magnitudes'])
0.2229762077331543 GB allocated
7.046875 GB reserved
dict_keys(['index', 'mixture_magnitude', 'mixture_phase', 'source_phase', 'mix_magnitude', 'ideal_binary_mask', 'source_magnitudes'])
0.2229762077331543 GB allocated
7.046875 GB reserved
dict_keys(['index', 'mixture_magnitude', 'mixture_phase', 'source_phase', 'mix_magnitude', 'ideal_binary_mask', 'source_magnitudes'])
0.2229762077331543 GB allocated
7.046875 GB reserved
dict_keys(['index', 'mixture_magnitude', 'mixture_phase', 'source_phase', 'mix_magnitude', 'ideal_binary_mask', 'source_magnitudes'])
0.2229762077331543 GB allocated
7.046875 GB reserved
dict_keys(['index', 'mixture_magnitude', 'mixture_phase', 'source_phase', 'mix_magnitude', 'ideal_binary_mask', 'source_magnitudes'])
0.2221231460571289 GB allocated
7.046875 GB reserved
dict_keys(['index', 'mixture_magnitude', 'mixture_phase', 'source_phase', 'mix_magnitude', 'ideal_binary_mask', 'source_magnitudes'])
0.2229762077331543 GB allocated
7.046875 GB reserved
dict_keys(['index', 'mixture_magnitude', 'mixture_phase', 'source_phase', 'mix_magnitude', 'ideal_binary_mask', 'source_magnitudes'])
0.2229762077331543 GB allocated
7.046875 GB reserved
dict_keys(['index', 'mixture_magnitude', 'mixture_phase', 'source_phase', 'mix_magnitude', 'ideal_binary_mask', 'source_magnitudes'])
0.2229762077331543 GB allocated
7.046875 GB reserved
dict_keys(['index', 'mixture_magnitude', 'mixture_phase', 'source_phase', 'mix_magnitude', 'ideal_binary_mask', 'source_magnitudes'])
0.2229762077331543 GB allocated
7.046875 GB reserved
dict_keys(['index', 'mixture_magnitude', 'mixture_phase', 'source_phase', 'mix_magnitude', 'ideal_binary_mask', 'source_magnitudes'])
0.2229762077331543 GB allocated
7.046875 GB reserved
dict_keys(['index', 'mixture_magnitude', 'mixture_phase', 'source_phase', 'mix_magnitude', 'ideal_binary_mask', 'source_magnitudes'])
0.2229762077331543 GB allocated
7.046875 GB reserved
dict_keys(['index', 'mixture_magnitude', 'mixture_phase', 'source_phase', 'mix_magnitude', 'ideal_binary_mask', 'source_magnitudes'])
0.2229762077331543 GB allocated
7.046875 GB reserved
dict_keys(['index', 'mixture_magnitude', 'mixture_phase', 'source_phase', 'mix_magnitude', 'ideal_binary_mask', 'source_magnitudes'])
0.2229762077331543 GB allocated
7.046875 GB reserved
dict_keys(['index', 'mixture_magnitude', 'mixture_phase', 'source_phase', 'mix_magnitude', 'ideal_binary_mask', 'source_magnitudes'])
0.2229762077331543 GB allocated
7.046875 GB reserved
dict_keys(['index', 'mixture_magnitude', 'mixture_phase', 'source_phase', 'mix_magnitude', 'ideal_binary_mask', 'source_magnitudes'])
0.2229762077331543 GB allocated
7.046875 GB reserved
dict_keys(['index', 'mixture_magnitude', 'mixture_phase', 'source_phase', 'mix_magnitude', 'ideal_binary_mask', 'source_magnitudes'])
0.2229762077331543 GB allocated
7.046875 GB reserved
dict_keys(['index', 'mixture_magnitude', 'mixture_phase', 'source_phase', 'mix_magnitude', 'ideal_binary_mask', 'source_magnitudes'])
0.2229762077331543 GB allocated
7.046875 GB reserved
dict_keys(['index', 'mixture_magnitude', 'mixture_phase', 'source_phase', 'mix_magnitude', 'ideal_binary_mask', 'source_magnitudes'])
0.2229762077331543 GB allocated
7.046875 GB reserved
dict_keys(['index', 'mixture_magnitude', 'mixture_phase', 'source_phase', 'mix_magnitude', 'ideal_binary_mask', 'source_magnitudes'])
0.2229762077331543 GB allocated
7.046875 GB reserved
dict_keys(['index', 'mixture_magnitude', 'mixture_phase', 'source_phase', 'mix_magnitude', 'ideal_binary_mask', 'source_magnitudes'])
0.2229762077331543 GB allocated
7.046875 GB reserved
dict_keys(['index', 'mixture_magnitude', 'mixture_phase', 'source_phase', 'mix_magnitude', 'ideal_binary_mask', 'source_magnitudes'])
0.2229762077331543 GB allocated
7.046875 GB reserved
dict_keys(['index', 'mixture_magnitude', 'mixture_phase', 'source_phase', 'mix_magnitude', 'ideal_binary_mask', 'source_magnitudes'])
0.2229762077331543 GB allocated
7.046875 GB reserved
dict_keys(['index', 'mixture_magnitude', 'mixture_phase', 'source_phase', 'mix_magnitude', 'ideal_binary_mask', 'source_magnitudes'])
0.2229762077331543 05/30/2026 01:10:57 PM | engine.py:906 Engine run starting with max_epochs=1.
05/30/2026 01:12:04 PM | engine.py:1010 Epoch[1] Complete. Time taken: 00:01:07.741
GB allocated
7.046875 GB reserved
dict_keys(['index', 'mixture_magnitude', 'mixture_phase', 'source_phase', 'mix_magnitude', 'ideal_binary_mask', 'source_magnitudes'])
0.2229762077331543 GB allocated
7.046875 GB reserved
dict_keys(['index', 'mixture_magnitude', 'mixture_phase', 'source_phase', 'mix_magnitude', 'ideal_binary_mask', 'source_magnitudes'])
0.2229762077331543 GB allocated
7.046875 GB reserved
dict_keys(['index', 'mixture_magnitude', 'mixture_phase', 'source_phase', 'mix_magnitude', 'ideal_binary_mask', 'source_magnitudes'])
0.2229762077331543 GB allocated
7.046875 GB reserved
dict_keys(['index', 'mixture_magnitude', 'mixture_phase', 'source_phase', 'mix_magnitude', 'ideal_binary_mask', 'source_magnitudes'])
0.2229762077331543 GB allocated
7.046875 GB reserved
dict_keys(['index', 'mixture_magnitude', 'mixture_phase', 'source_phase', 'mix_magnitude', 'ideal_binary_mask', 'source_magnitudes'])
0.2229762077331543 GB allocated
7.046875 GB reserved
dict_keys(['index', 'mixture_magnitude', 'mixture_phase', 'source_phase', 'mix_magnitude', 'ideal_binary_mask', 'source_magnitudes'])
0.2229762077331543 GB allocated
7.046875 GB reserved
dict_keys(['index', 'mixture_magnitude', 'mixture_phase', 'source_phase', 'mix_magnitude', 'ideal_binary_mask', 'source_magnitudes'])
0.2221231460571289 GB allocated
7.046875 GB reserved
dict_keys(['index', 'mixture_magnitude', 'mixture_phase', 'source_phase', 'mix_magnitude', 'ideal_binary_mask', 'source_magnitudes'])
0.2229762077331543 GB allocated
7.046875 GB reserved
dict_keys(['index', 'mixture_magnitude', 'mixture_phase', 'source_phase', 'mix_magnitude', 'ideal_binary_mask', 'source_magnitudes'])
0.2229762077331543 GB allocated
7.046875 GB reserved
dict_keys(['index', 'mixture_magnitude', 'mixture_phase', 'source_phase', 'mix_magnitude', 'ideal_binary_mask', 'source_magnitudes'])
0.2229762077331543 GB allocated
7.046875 GB reserved
dict_keys(['index', 'mixture_magnitude', 'mixture_phase', 'source_phase', 'mix_magnitude', 'ideal_binary_mask', 'source_magnitudes'])
0.2229762077331543 GB allocated
7.046875 GB reserved
dict_keys(['index', 'mixture_magnitude', 'mixture_phase', 'source_phase', 'mix_magnitude', 'ideal_binary_mask', 'source_magnitudes'])
0.2229762077331543 GB allocated
7.046875 GB reserved
dict_keys(['index', 'mixture_magnitude', 'mixture_phase', 'source_phase', 'mix_magnitude', 'ideal_binary_mask', 'source_magnitudes'])
0.2229762077331543 GB allocated
7.046875 GB reserved
dict_keys(['index', 'mixture_magnitude', 'mixture_phase', 'source_phase', 'mix_magnitude', 'ideal_binary_mask', 'source_magnitudes'])
0.2229762077331543 GB allocated
7.046875 GB reserved
dict_keys(['index', 'mixture_magnitude', 'mixture_phase', 'source_phase', 'mix_magnitude', 'ideal_binary_mask', 'source_magnitudes'])
0.2229762077331543 GB allocated
7.046875 GB reserved
dict_keys(['index', 'mixture_magnitude', 'mixture_phase', 'source_phase', 'mix_magnitude', 'ideal_binary_mask', 'source_magnitudes'])
0.2229762077331543 GB allocated
7.046875 GB reserved
dict_keys(['index', 'mixture_magnitude', 'mixture_phase', 'source_phase', 'mix_magnitude', 'ideal_binary_mask', 'source_magnitudes'])
0.2229762077331543 GB allocated
7.046875 GB reserved
dict_keys(['index', 'mixture_magnitude', 'mixture_phase', 'source_phase', 'mix_magnitude', 'ideal_binary_mask', 'source_magnitudes'])
0.2229762077331543 GB allocated
7.046875 GB reserved
dict_keys(['index', 'mixture_magnitude', 'mixture_phase', 'source_phase', 'mix_magnitude', 'ideal_binary_mask', 'source_magnitudes'])
0.2229762077331543 GB allocated
7.046875 GB reserved
dict_keys(['index', 'mixture_magnitude', 'mixture_phase', 'source_phase', 'mix_magnitude', 'ideal_binary_mask', 'source_magnitudes'])
0.2229762077331543 GB allocated
7.046875 GB reserved
dict_keys(['index', 'mixture_magnitude', 'mixture_phase', 'source_phase', 'mix_magnitude', 'ideal_binary_mask', 'source_magnitudes'])
0.2229762077331543 GB allocated
7.046875 GB reserved
dict_keys(['index', 'mixture_magnitude', 'mixture_phase', 'source_phase', 'mix_magnitude', 'ideal_binary_mask', 'source_magnitudes'])
0.2229762077331543 GB allocated
7.046875 GB reserved
dict_keys(['index', 'mixture_magnitude', 'mixture_phase', 'source_phase', 'mix_magnitude', 'ideal_binary_mask', 'source_magnitudes'])
0.2229762077331543 GB allocated
7.046875 GB reserved
dict_keys(['index', 'mixture_magnitude', 'mixture_phase', 'source_phase', 'mix_magnitude', 'ideal_binary_mask', 'source_magnitudes'])
0.2229762077331543 GB allocated
7.046875 GB reserved
dict_keys(['index', 'mixture_magnitude', 'mixture_phase', 'source_phase', 'mix_magnitude', 'ideal_binary_mask', 'source_magnitudes'])
0.2229762077331543 GB allocated
7.046875 GB reserved
dict_keys(['index', 'mixture_magnitude', 'mixture_phase', 'source_phase', 'mix_magnitude', 'ideal_binary_mask', 'source_magnitudes'])
0.2229762077331543 GB allocated
7.046875 GB reserved
dict_keys(['index', 'mixture_magnitude', 'mixture_phase', 'source_phase', 'mix_magnitude', 'ideal_binary_mask', 'source_magnitudes'])
0.2229762077331543 GB allocated
7.046875 GB reserved
dict_keys(['index', 'mixture_magnitude', 'mixture_phase', 'source_phase', 'mix_magnitude', 'ideal_binary_mask', 'source_magnitudes'])
0.2229762077331543 GB allocated
7.046875 GB reserved
dict_keys(['index', 'mixture_magnitude', 'mixture_phase', 'source_phase', 'mix_magnitude', 'ideal_binary_mask', 'source_magnitudes'])
0.2229762077331543 GB allocated
7.046875 GB reserved
dict_keys(['index', 'mixture_magnitude', 'mixture_phase', 'source_phase', 'mix_magnitude', 'ideal_binary_mask', 'source_magnitudes'])
0.2229762077331543 GB allocated
7.046875 GB reserved
dict_keys(['index', 'mixture_magnitude', 'mixture_phase', 'source_phase', 'mix_magnitude', 'ideal_binary_mask', 'source_magnitudes'])
0.2229762077331543 GB allocated
7.046875 GB reserved
dict_keys(['index', 'mixture_magnitude', 'mixture_phase', 'source_phase', 'mix_magnitude', 'ideal_binary_mask', 'source_magnitudes'])
0.2221231460571289 GB allocated
7.046875 GB reserved
dict_keys(['index', 'mixture_magnitude', 'mixture_phase', 'source_phase', 'mix_magnitude', 'ideal_binary_mask', 'source_magnitudes'])
0.2229762077331543 GB allocated
7.046875 GB reserved
dict_keys(['index', 'mixture_magnitude', 'mixture_phase', 'source_phase', 'mix_magnitude', 'ideal_binary_mask', 'source_magnitudes'])
0.2229762077331543 GB allocated
7.046875 GB reserved
dict_keys(['index', 'mixture_magnitude', 'mixture_phase', 'source_phase', 'mix_magnitude', 'ideal_binary_mask', 'source_magnitudes'])
0.2229762077331543 GB allocated
7.046875 GB reserved
dict_keys(['index', 'mixture_magnitude', 'mixture_phase', 'source_phase', 'mix_magnitude', 'ideal_binary_mask', 'source_magnitudes'])
0.2229762077331543 GB allocated
7.046875 GB reserved
dict_keys(['index', 'mixture_magnitude', 'mixture_phase', 'source_phase', 'mix_magnitude', 'ideal_binary_mask', 'source_magnitudes'])
0.2229762077331543 GB allocated
7.046875 GB reserved
dict_keys(['index', 'mixture_magnitude', 'mixture_phase', 'source_phase', 'mix_magnitude', 'ideal_binary_mask', 'source_magnitudes'])
0.2229762077331543 GB allocated
7.046875 GB reserved
dict_keys(['index', 'mixture_magnitude', 'mixture_phase', 'source_phase', 'mix_magnitude', 'ideal_binary_mask', 'source_magnitudes'])
0.2229762077331543 GB allocated
7.046875 GB reserved
dict_keys(['index', 'mixture_magnitude', 'mixture_phase', 'source_phase', 'mix_magnitude', 'ideal_binary_mask', 'source_magnitudes'])
0.2229762077331543 GB allocated
7.046875 GB reserved
dict_keys(['index', 'mixture_magnitude', 'mixture_phase', 'source_phase', 'mix_magnitude', 'ideal_binary_mask', 'source_magnitudes'])
0.2229762077331543 GB allocated
7.046875 GB reserved
dict_keys(['index', 'mixture_magnitude', 'mixture_phase', 'source_phase', 'mix_magnitude', 'ideal_binary_mask', 'source_magnitudes'])
0.2229762077331543 GB allocated
7.046875 GB reserved
dict_keys(['index', 'mixture_magnitude', 'mixture_phase', 'source_phase', 'mix_magnitude', 'ideal_binary_mask', 'source_magnitudes'])
0.2229762077331543 GB allocated
7.046875 GB reserved
dict_keys(['index', 'mixture_magnitude', 'mixture_phase', 'source_phase', 'mix_magnitude', 'ideal_binary_mask', 'source_magnitudes'])
0.2229762077331543 GB allocated
7.046875 GB reserved
dict_keys(['index', 'mixture_magnitude', 'mixture_phase', 'source_phase', 'mix_magnitude', 'ideal_binary_mask', 'source_magnitudes'])
0.2229762077331543 GB allocated
7.046875 GB reserved
dict_keys(['index', 'mixture_magnitude', 'mixture_phase', 'source_phase', 'mix_magnitude', 'ideal_binary_mask', 'source_magnitudes'])
0.2229762077331543 GB allocated
7.046875 GB reserved
dict_keys(['index', 'mixture_magnitude', 'mixture_phase', 'source_phase', 'mix_magnitude', 'ideal_binary_mask', 'source_magnitudes'])
0.2229762077331543 GB allocated
7.046875 GB reserved
dict_keys(['index', 'mixture_magnitude', 'mixture_phase', 'source_phase', 'mix_magnitude', 'ideal_binary_mask', 'source_magnitudes'])
0.2229762077331543 GB allocated
7.046875 GB reserved
dict_keys(['index', 'mixture_magnitude', 'mixture_phase', 'source_phase', 'mix_magnitude', 'ideal_binary_mask', 'source_magnitudes'])
0.2229762077331543 GB allocated
7.046875 GB reserved
dict_keys(['index', 'mixture_magnitude', 'mixture_phase', 'source_phase', 'mix_magnitude', 'ideal_binary_mask', 'source_magnitudes'])
0.2229762077331543 GB allocated
7.046875 GB reserved
dict_keys(['index', 'mixture_magnitude', 'mixture_phase', 'source_phase', 'mix_magnitude', 'ideal_binary_mask', 'source_magnitudes'])
0.2229762077331543 GB allocated
7.046875 GB reserved
dict_keys(['index', 'mixture_magnitude', 'mixture_phase', 'source_phase', 'mix_magnitude', 'ideal_binary_mask', 'source_magnitudes'])
0.2229762077331543 GB allocated
7.046875 GB reserved
dict_keys(['index', 'mixture_magnitude', 'mixture_phase', 'source_phase', 'mix_magnitude', 'ideal_binary_mask', 'source_magnitudes'])
0.2229762077331543 GB allocated
7.046875 GB reserved
dict_keys(['index', 'mixture_magnitude', 'mixture_phase', 'source_phase', 'mix_magnitude', 'ideal_binary_mask', 'source_magnitudes'])
0.2229762077331543 GB allocated
7.046875 GB reserved
dict_keys(['index', 'mixture_magnitude', 'mixture_phase', 'source_phase', 'mix_magnitude', 'ideal_binary_mask', 'source_magnitudes'])
0.2229762077331543 GB allocated
7.046875 GB reserved
dict_keys(['index', 'mixture_magnitude', 'mixture_phase', 'source_phase', 'mix_magnitude', 'ideal_binary_mask', 'source_magnitudes'])
0.2229762077331543 GB allocated
7.046875 GB reserved
dict_keys(['index', 'mixture_magnitude', 'mixture_phase', 'source_phase', 'mix_magnitude', 'ideal_binary_mask', 'source_magnitudes'])
[Validator] Epoch 4 - val_loss: 0.000001
[BEST CHECKPOINT] Guardado/actualizado en: checkpoints\Mis_modelos_v2\experimental\deep_feature checkpoints\4stems\best_checkpoint_1_val_loss=-0.0000.pt
05/30/2026 01:12:04 PM | engine.py:1037 Engine run finished. Time taken: 00:01:07.742
[Epoch 4] train_loss=0.000001 | val_loss=0.000001
05/30/2026 01:12:04 PM | engine.py:1010 Epoch[4] Complete. Time taken: 00:03:28.472
0.2221231460571289 GB allocated
7.046875 GB reserved
dict_keys(['index', 'mixture_magnitude', 'mixture_phase', 'source_phase', 'mix_magnitude', 'ideal_binary_mask', 'source_magnitudes'])
0.2229762077331543 GB allocated
7.046875 GB reserved
dict_keys(['index', 'mixture_magnitude', 'mixture_phase', 'source_phase', 'mix_magnitude', 'ideal_binary_mask', 'source_magnitudes'])
0.2229762077331543 GB allocated
7.046875 GB reserved
dict_keys(['index', 'mixture_magnitude', 'mixture_phase', 'source_phase', 'mix_magnitude', 'ideal_binary_mask', 'source_magnitudes'])
0.2229762077331543 GB allocated
7.046875 GB reserved
dict_keys(['index', 'mixture_magnitude', 'mixture_phase', 'source_phase', 'mix_magnitude', 'ideal_binary_mask', 'source_magnitudes'])
0.2229762077331543 GB allocated
7.046875 GB reserved
dict_keys(['index', 'mixture_magnitude', 'mixture_phase', 'source_phase', 'mix_magnitude', 'ideal_binary_mask', 'source_magnitudes'])
0.2229762077331543 GB allocated
7.046875 GB reserved
dict_keys(['index', 'mixture_magnitude', 'mixture_phase', 'source_phase', 'mix_magnitude', 'ideal_binary_mask', 'source_magnitudes'])
0.2229762077331543 GB allocated
7.046875 GB reserved
dict_keys(['index', 'mixture_magnitude', 'mixture_phase', 'source_phase', 'mix_magnitude', 'ideal_binary_mask', 'source_magnitudes'])
0.2229762077331543 GB allocated
7.046875 GB reserved
dict_keys(['index', 'mixture_magnitude', 'mixture_phase', 'source_phase', 'mix_magnitude', 'ideal_binary_mask', 'source_magnitudes'])
0.2229762077331543 GB allocated
7.046875 GB reserved
dict_keys(['index', 'mixture_magnitude', 'mixture_phase', 'source_phase', 'mix_magnitude', 'ideal_binary_mask', 'source_magnitudes'])
0.2229762077331543 GB allocated
7.046875 GB reserved
dict_keys(['index', 'mixture_magnitude', 'mixture_phase', 'source_phase', 'mix_magnitude', 'ideal_binary_mask', 'source_magnitudes'])
0.2229762077331543 GB allocated
7.046875 GB reserved
dict_keys(['index', 'mixture_magnitude', 'mixture_phase', 'source_phase', 'mix_magnitude', 'ideal_binary_mask', 'source_magnitudes'])
0.2229762077331543 GB allocated
7.046875 GB reserved
dict_keys(['index', 'mixture_magnitude', 'mixture_phase', 'source_phase', 'mix_magnitude', 'ideal_binary_mask', 'source_magnitudes'])
0.2229762077331543 GB allocated
7.046875 GB reserved
dict_keys(['index', 'mixture_magnitude', 'mixture_phase', 'source_phase', 'mix_magnitude', 'ideal_binary_mask', 'source_magnitudes'])
0.2229762077331543 GB allocated
7.046875 GB reserved
dict_keys(['index', 'mixture_magnitude', 'mixture_phase', 'source_phase', 'mix_magnitude', 'ideal_binary_mask', 'source_magnitudes'])
0.2229762077331543 GB allocated
7.046875 GB reserved
dict_keys(['index', 'mixture_magnitude', 'mixture_phase', 'source_phase', 'mix_magnitude', 'ideal_binary_mask', 'source_magnitudes'])
0.2229762077331543 GB allocated
7.046875 GB reserved
dict_keys(['index', 'mixture_magnitude', 'mixture_phase', 'source_phase', 'mix_magnitude', 'ideal_binary_mask', 'source_magnitudes'])
0.2229762077331543 GB allocated
7.046875 GB reserved
dict_keys(['index', 'mixture_magnitude', 'mixture_phase', 'source_phase', 'mix_magnitude', 'ideal_binary_mask', 'source_magnitudes'])
0.2229762077331543 GB allocated
7.046875 GB reserved
dict_keys(['index', 'mixture_magnitude', 'mixture_phase', 'source_phase', 'mix_magnitude', 'ideal_binary_mask', 'source_magnitudes'])
0.2229762077331543 GB allocated
7.046875 GB reserved
dict_keys(['index', 'mixture_magnitude', 'mixture_phase', 'source_phase', 'mix_magnitude', 'ideal_binary_mask', 'source_magnitudes'])
0.2229762077331543 GB allocated
7.046875 GB reserved
dict_keys(['index', 'mixture_magnitude', 'mixture_phase', 'source_phase', 'mix_magnitude', 'ideal_binary_mask', 'source_magnitudes'])
0.2229762077331543 GB allocated
7.046875 GB reserved
dict_keys(['index', 'mixture_magnitude', 'mixture_phase', 'source_phase', 'mix_magnitude', 'ideal_binary_mask', 'source_magnitudes'])
0.2229762077331543 GB allocated
7.046875 GB reserved
dict_keys(['index', 'mixture_magnitude', 'mixture_phase', 'source_phase', 'mix_magnitude', 'ideal_binary_mask', 'source_magnitudes'])
0.2229762077331543 GB allocated
7.046875 GB reserved
dict_keys(['index', 'mixture_magnitude', 'mixture_phase', 'source_phase', 'mix_magnitude', 'ideal_binary_mask', 'source_magnitudes'])
0.2229762077331543 GB allocated
7.046875 GB reserved
dict_keys(['index', 'mixture_magnitude', 'mixture_phase', 'source_phase', 'mix_magnitude', 'ideal_binary_mask', 'source_magnitudes'])
0.2229762077331543 GB allocated
7.046875 GB reserved
dict_keys(['index', 'mixture_magnitude', 'mixture_phase', 'source_phase', 'mix_magnitude', 'ideal_binary_mask', 'source_magnitudes'])
0.2221231460571289 GB allocated
7.046875 GB reserved
dict_keys(['index', 'mixture_magnitude', 'mixture_phase', 'source_phase', 'mix_magnitude', 'ideal_binary_mask', 'source_magnitudes'])
0.2229762077331543 GB allocated
7.046875 GB reserved
dict_keys(['index', 'mixture_magnitude', 'mixture_phase', 'source_phase', 'mix_magnitude', 'ideal_binary_mask', 'source_magnitudes'])
0.2229762077331543 GB allocated
7.046875 GB reserved
dict_keys(['index', 'mixture_magnitude', 'mixture_phase', 'source_phase', 'mix_magnitude', 'ideal_binary_mask', 'source_magnitudes'])
0.2229762077331543 GB allocated
7.046875 GB reserved
dict_keys(['index', 'mixture_magnitude', 'mixture_phase', 'source_phase', 'mix_magnitude', 'ideal_binary_mask', 'source_magnitudes'])
0.2229762077331543 GB allocated
7.046875 GB reserved
dict_keys(['index', 'mixture_magnitude', 'mixture_phase', 'source_phase', 'mix_magnitude', 'ideal_binary_mask', 'source_magnitudes'])
0.2229762077331543 GB allocated
7.046875 GB reserved
dict_keys(['index', 'mixture_magnitude', 'mixture_phase', 'source_phase', 'mix_magnitude', 'ideal_binary_mask', 'source_magnitudes'])
0.2229762077331543 GB allocated
7.046875 GB reserved
dict_keys(['index', 'mixture_magnitude', 'mixture_phase', 'source_phase', 'mix_magnitude', 'ideal_binary_mask', 'source_magnitudes'])
0.2229762077331543 GB allocated
7.046875 GB reserved
dict_keys(['index', 'mixture_magnitude', 'mixture_phase', 'source_phase', 'mix_magnitude', 'ideal_binary_mask', 'source_magnitudes'])
0.2229762077331543 GB allocated
7.046875 GB reserved
dict_keys(['index', 'mixture_magnitude', 'mixture_phase', 'source_phase', 'mix_magnitude', 'ideal_binary_mask', 'source_magnitudes'])
0.2229762077331543 GB allocated
7.046875 GB reserved
dict_keys(['index', 'mixture_magnitude', 'mixture_phase', 'source_phase', 'mix_magnitude', 'ideal_binary_mask', 'source_magnitudes'])
0.2229762077331543 GB allocated
7.046875 GB reserved
dict_keys(['index', 'mixture_magnitude', 'mixture_phase', 'source_phase', 'mix_magnitude', 'ideal_binary_mask', 'source_magnitudes'])
0.2229762077331543 GB allocated
7.046875 GB reserved
dict_keys(['index', 'mixture_magnitude', 'mixture_phase', 'source_phase', 'mix_magnitude', 'ideal_binary_mask', 'source_magnitudes'])
0.2229762077331543 GB allocated
7.046875 GB reserved
dict_keys(['index', 'mixture_magnitude', 'mixture_phase', 'source_phase', 'mix_magnitude', 'ideal_binary_mask', 'source_magnitudes'])
0.2229762077331543 GB allocated
7.046875 GB reserved
dict_keys(['index', 'mixture_magnitude', 'mixture_phase', 'source_phase', 'mix_magnitude', 'ideal_binary_mask', 'source_magnitudes'])
0.2229762077331543 GB allocated
7.046875 GB reserved
dict_keys(['index', 'mixture_magnitude', 'mixture_phase', 'source_phase', 'mix_magnitude', 'ideal_binary_mask', 'source_magnitudes'])
0.2229762077331543 GB allocated
7.046875 GB reserved
dict_keys(['index', 'mixture_magnitude', 'mixture_phase', 'source_phase', 'mix_magnitude', 'ideal_binary_mask', 'source_magnitudes'])
0.2229762077331543 GB allocated
7.046875 GB reserved
dict_keys(['index', 'mixture_magnitude', 'mixture_phase', 'source_phase', 'mix_magnitude', 'ideal_binary_mask', 'source_magnitudes'])
0.2229762077331543 GB allocated
7.046875 GB reserved
dict_keys(['index', 'mixture_magnitude', 'mixture_phase', 'source_phase', 'mix_magnitude', 'ideal_binary_mask', 'source_magnitudes'])
0.2229762077331543 05/30/2026 01:14:24 PM | engine.py:906 Engine run starting with max_epochs=1.
05/30/2026 01:15:29 PM | engine.py:1010 Epoch[1] Complete. Time taken: 00:01:04.496
GB allocated
7.046875 GB reserved
dict_keys(['index', 'mixture_magnitude', 'mixture_phase', 'source_phase', 'mix_magnitude', 'ideal_binary_mask', 'source_magnitudes'])
0.2229762077331543 GB allocated
7.046875 GB reserved
dict_keys(['index', 'mixture_magnitude', 'mixture_phase', 'source_phase', 'mix_magnitude', 'ideal_binary_mask', 'source_magnitudes'])
0.2229762077331543 GB allocated
7.046875 GB reserved
dict_keys(['index', 'mixture_magnitude', 'mixture_phase', 'source_phase', 'mix_magnitude', 'ideal_binary_mask', 'source_magnitudes'])
0.2229762077331543 GB allocated
7.046875 GB reserved
dict_keys(['index', 'mixture_magnitude', 'mixture_phase', 'source_phase', 'mix_magnitude', 'ideal_binary_mask', 'source_magnitudes'])
0.2229762077331543 GB allocated
7.046875 GB reserved
dict_keys(['index', 'mixture_magnitude', 'mixture_phase', 'source_phase', 'mix_magnitude', 'ideal_binary_mask', 'source_magnitudes'])
0.2229762077331543 GB allocated
7.046875 GB reserved
dict_keys(['index', 'mixture_magnitude', 'mixture_phase', 'source_phase', 'mix_magnitude', 'ideal_binary_mask', 'source_magnitudes'])
0.2229762077331543 GB allocated
7.046875 GB reserved
dict_keys(['index', 'mixture_magnitude', 'mixture_phase', 'source_phase', 'mix_magnitude', 'ideal_binary_mask', 'source_magnitudes'])
0.2221231460571289 GB allocated
7.046875 GB reserved
dict_keys(['index', 'mixture_magnitude', 'mixture_phase', 'source_phase', 'mix_magnitude', 'ideal_binary_mask', 'source_magnitudes'])
0.2229762077331543 GB allocated
7.046875 GB reserved
dict_keys(['index', 'mixture_magnitude', 'mixture_phase', 'source_phase', 'mix_magnitude', 'ideal_binary_mask', 'source_magnitudes'])
0.2229762077331543 GB allocated
7.046875 GB reserved
dict_keys(['index', 'mixture_magnitude', 'mixture_phase', 'source_phase', 'mix_magnitude', 'ideal_binary_mask', 'source_magnitudes'])
0.2229762077331543 GB allocated
7.046875 GB reserved
dict_keys(['index', 'mixture_magnitude', 'mixture_phase', 'source_phase', 'mix_magnitude', 'ideal_binary_mask', 'source_magnitudes'])
0.2229762077331543 GB allocated
7.046875 GB reserved
dict_keys(['index', 'mixture_magnitude', 'mixture_phase', 'source_phase', 'mix_magnitude', 'ideal_binary_mask', 'source_magnitudes'])
0.2229762077331543 GB allocated
7.046875 GB reserved
dict_keys(['index', 'mixture_magnitude', 'mixture_phase', 'source_phase', 'mix_magnitude', 'ideal_binary_mask', 'source_magnitudes'])
0.2229762077331543 GB allocated
7.046875 GB reserved
dict_keys(['index', 'mixture_magnitude', 'mixture_phase', 'source_phase', 'mix_magnitude', 'ideal_binary_mask', 'source_magnitudes'])
0.2229762077331543 GB allocated
7.046875 GB reserved
dict_keys(['index', 'mixture_magnitude', 'mixture_phase', 'source_phase', 'mix_magnitude', 'ideal_binary_mask', 'source_magnitudes'])
0.2229762077331543 GB allocated
7.046875 GB reserved
dict_keys(['index', 'mixture_magnitude', 'mixture_phase', 'source_phase', 'mix_magnitude', 'ideal_binary_mask', 'source_magnitudes'])
0.2229762077331543 GB allocated
7.046875 GB reserved
dict_keys(['index', 'mixture_magnitude', 'mixture_phase', 'source_phase', 'mix_magnitude', 'ideal_binary_mask', 'source_magnitudes'])
0.2229762077331543 GB allocated
7.046875 GB reserved
dict_keys(['index', 'mixture_magnitude', 'mixture_phase', 'source_phase', 'mix_magnitude', 'ideal_binary_mask', 'source_magnitudes'])
0.2229762077331543 GB allocated
7.046875 GB reserved
dict_keys(['index', 'mixture_magnitude', 'mixture_phase', 'source_phase', 'mix_magnitude', 'ideal_binary_mask', 'source_magnitudes'])
0.2229762077331543 GB allocated
7.046875 GB reserved
dict_keys(['index', 'mixture_magnitude', 'mixture_phase', 'source_phase', 'mix_magnitude', 'ideal_binary_mask', 'source_magnitudes'])
0.2229762077331543 GB allocated
7.046875 GB reserved
dict_keys(['index', 'mixture_magnitude', 'mixture_phase', 'source_phase', 'mix_magnitude', 'ideal_binary_mask', 'source_magnitudes'])
0.2229762077331543 GB allocated
7.046875 GB reserved
dict_keys(['index', 'mixture_magnitude', 'mixture_phase', 'source_phase', 'mix_magnitude', 'ideal_binary_mask', 'source_magnitudes'])
0.2229762077331543 GB allocated
7.046875 GB reserved
dict_keys(['index', 'mixture_magnitude', 'mixture_phase', 'source_phase', 'mix_magnitude', 'ideal_binary_mask', 'source_magnitudes'])
0.2229762077331543 GB allocated
7.046875 GB reserved
dict_keys(['index', 'mixture_magnitude', 'mixture_phase', 'source_phase', 'mix_magnitude', 'ideal_binary_mask', 'source_magnitudes'])
0.2229762077331543 GB allocated
7.046875 GB reserved
dict_keys(['index', 'mixture_magnitude', 'mixture_phase', 'source_phase', 'mix_magnitude', 'ideal_binary_mask', 'source_magnitudes'])
0.2229762077331543 GB allocated
7.046875 GB reserved
dict_keys(['index', 'mixture_magnitude', 'mixture_phase', 'source_phase', 'mix_magnitude', 'ideal_binary_mask', 'source_magnitudes'])
0.2229762077331543 GB allocated
7.046875 GB reserved
dict_keys(['index', 'mixture_magnitude', 'mixture_phase', 'source_phase', 'mix_magnitude', 'ideal_binary_mask', 'source_magnitudes'])
0.2229762077331543 GB allocated
7.046875 GB reserved
dict_keys(['index', 'mixture_magnitude', 'mixture_phase', 'source_phase', 'mix_magnitude', 'ideal_binary_mask', 'source_magnitudes'])
0.2229762077331543 GB allocated
7.046875 GB reserved
dict_keys(['index', 'mixture_magnitude', 'mixture_phase', 'source_phase', 'mix_magnitude', 'ideal_binary_mask', 'source_magnitudes'])
0.2229762077331543 GB allocated
7.046875 GB reserved
dict_keys(['index', 'mixture_magnitude', 'mixture_phase', 'source_phase', 'mix_magnitude', 'ideal_binary_mask', 'source_magnitudes'])
0.2229762077331543 GB allocated
7.046875 GB reserved
dict_keys(['index', 'mixture_magnitude', 'mixture_phase', 'source_phase', 'mix_magnitude', 'ideal_binary_mask', 'source_magnitudes'])
0.2229762077331543 GB allocated
7.046875 GB reserved
dict_keys(['index', 'mixture_magnitude', 'mixture_phase', 'source_phase', 'mix_magnitude', 'ideal_binary_mask', 'source_magnitudes'])
0.2221231460571289 GB allocated
7.046875 GB reserved
dict_keys(['index', 'mixture_magnitude', 'mixture_phase', 'source_phase', 'mix_magnitude', 'ideal_binary_mask', 'source_magnitudes'])
0.2229762077331543 GB allocated
7.046875 GB reserved
dict_keys(['index', 'mixture_magnitude', 'mixture_phase', 'source_phase', 'mix_magnitude', 'ideal_binary_mask', 'source_magnitudes'])
0.2229762077331543 GB allocated
7.046875 GB reserved
dict_keys(['index', 'mixture_magnitude', 'mixture_phase', 'source_phase', 'mix_magnitude', 'ideal_binary_mask', 'source_magnitudes'])
0.2229762077331543 GB allocated
7.046875 GB reserved
dict_keys(['index', 'mixture_magnitude', 'mixture_phase', 'source_phase', 'mix_magnitude', 'ideal_binary_mask', 'source_magnitudes'])
0.2229762077331543 GB allocated
7.046875 GB reserved
dict_keys(['index', 'mixture_magnitude', 'mixture_phase', 'source_phase', 'mix_magnitude', 'ideal_binary_mask', 'source_magnitudes'])
0.2229762077331543 GB allocated
7.046875 GB reserved
dict_keys(['index', 'mixture_magnitude', 'mixture_phase', 'source_phase', 'mix_magnitude', 'ideal_binary_mask', 'source_magnitudes'])
0.2229762077331543 GB allocated
7.046875 GB reserved
dict_keys(['index', 'mixture_magnitude', 'mixture_phase', 'source_phase', 'mix_magnitude', 'ideal_binary_mask', 'source_magnitudes'])
0.2229762077331543 GB allocated
7.046875 GB reserved
dict_keys(['index', 'mixture_magnitude', 'mixture_phase', 'source_phase', 'mix_magnitude', 'ideal_binary_mask', 'source_magnitudes'])
0.2229762077331543 GB allocated
7.046875 GB reserved
dict_keys(['index', 'mixture_magnitude', 'mixture_phase', 'source_phase', 'mix_magnitude', 'ideal_binary_mask', 'source_magnitudes'])
0.2229762077331543 GB allocated
7.046875 GB reserved
dict_keys(['index', 'mixture_magnitude', 'mixture_phase', 'source_phase', 'mix_magnitude', 'ideal_binary_mask', 'source_magnitudes'])
0.2229762077331543 GB allocated
7.046875 GB reserved
dict_keys(['index', 'mixture_magnitude', 'mixture_phase', 'source_phase', 'mix_magnitude', 'ideal_binary_mask', 'source_magnitudes'])
0.2229762077331543 GB allocated
7.046875 GB reserved
dict_keys(['index', 'mixture_magnitude', 'mixture_phase', 'source_phase', 'mix_magnitude', 'ideal_binary_mask', 'source_magnitudes'])
0.2229762077331543 GB allocated
7.046875 GB reserved
dict_keys(['index', 'mixture_magnitude', 'mixture_phase', 'source_phase', 'mix_magnitude', 'ideal_binary_mask', 'source_magnitudes'])
0.2229762077331543 GB allocated
7.046875 GB reserved
dict_keys(['index', 'mixture_magnitude', 'mixture_phase', 'source_phase', 'mix_magnitude', 'ideal_binary_mask', 'source_magnitudes'])
0.2229762077331543 GB allocated
7.046875 GB reserved
dict_keys(['index', 'mixture_magnitude', 'mixture_phase', 'source_phase', 'mix_magnitude', 'ideal_binary_mask', 'source_magnitudes'])
0.2229762077331543 GB allocated
7.046875 GB reserved
dict_keys(['index', 'mixture_magnitude', 'mixture_phase', 'source_phase', 'mix_magnitude', 'ideal_binary_mask', 'source_magnitudes'])
0.2229762077331543 GB allocated
7.046875 GB reserved
dict_keys(['index', 'mixture_magnitude', 'mixture_phase', 'source_phase', 'mix_magnitude', 'ideal_binary_mask', 'source_magnitudes'])
0.2229762077331543 GB allocated
7.046875 GB reserved
dict_keys(['index', 'mixture_magnitude', 'mixture_phase', 'source_phase', 'mix_magnitude', 'ideal_binary_mask', 'source_magnitudes'])
0.2229762077331543 GB allocated
7.046875 GB reserved
dict_keys(['index', 'mixture_magnitude', 'mixture_phase', 'source_phase', 'mix_magnitude', 'ideal_binary_mask', 'source_magnitudes'])
0.2229762077331543 GB allocated
7.046875 GB reserved
dict_keys(['index', 'mixture_magnitude', 'mixture_phase', 'source_phase', 'mix_magnitude', 'ideal_binary_mask', 'source_magnitudes'])
0.2229762077331543 GB allocated
7.046875 GB reserved
dict_keys(['index', 'mixture_magnitude', 'mixture_phase', 'source_phase', 'mix_magnitude', 'ideal_binary_mask', 'source_magnitudes'])
0.2229762077331543 GB allocated
7.046875 GB reserved
dict_keys(['index', 'mixture_magnitude', 'mixture_phase', 'source_phase', 'mix_magnitude', 'ideal_binary_mask', 'source_magnitudes'])
0.2229762077331543 GB allocated
7.046875 GB reserved
dict_keys(['index', 'mixture_magnitude', 'mixture_phase', 'source_phase', 'mix_magnitude', 'ideal_binary_mask', 'source_magnitudes'])
0.2229762077331543 GB allocated
7.046875 GB reserved
dict_keys(['index', 'mixture_magnitude', 'mixture_phase', 'source_phase', 'mix_magnitude', 'ideal_binary_mask', 'source_magnitudes'])
0.2229762077331543 GB allocated
7.046875 GB reserved
dict_keys(['index', 'mixture_magnitude', 'mixture_phase', 'source_phase', 'mix_magnitude', 'ideal_binary_mask', 'source_magnitudes'])
[Validator] Epoch 5 - val_loss: 0.000001
[BEST CHECKPOINT] Guardado/actualizado en: checkpoints\Mis_modelos_v2\experimental\deep_feature checkpoints\4stems\best_checkpoint_1_val_loss=-0.0000.pt
05/30/2026 01:15:29 PM | engine.py:1037 Engine run finished. Time taken: 00:01:04.497
[Epoch 5] train_loss=0.000001 | val_loss=0.000001
05/30/2026 01:15:29 PM | engine.py:1010 Epoch[5] Complete. Time taken: 00:03:24.326
0.2221231460571289 GB allocated
7.046875 GB reserved
dict_keys(['index', 'mixture_magnitude', 'mixture_phase', 'source_phase', 'mix_magnitude', 'ideal_binary_mask', 'source_magnitudes'])
0.2229762077331543 GB allocated
7.046875 GB reserved
dict_keys(['index', 'mixture_magnitude', 'mixture_phase', 'source_phase', 'mix_magnitude', 'ideal_binary_mask', 'source_magnitudes'])
0.2229762077331543 GB allocated
7.046875 GB reserved
dict_keys(['index', 'mixture_magnitude', 'mixture_phase', 'source_phase', 'mix_magnitude', 'ideal_binary_mask', 'source_magnitudes'])
0.2229762077331543 GB allocated
7.046875 GB reserved
dict_keys(['index', 'mixture_magnitude', 'mixture_phase', 'source_phase', 'mix_magnitude', 'ideal_binary_mask', 'source_magnitudes'])
0.2229762077331543 GB allocated
7.046875 GB reserved
dict_keys(['index', 'mixture_magnitude', 'mixture_phase', 'source_phase', 'mix_magnitude', 'ideal_binary_mask', 'source_magnitudes'])
0.2229762077331543 GB allocated
7.046875 GB reserved
dict_keys(['index', 'mixture_magnitude', 'mixture_phase', 'source_phase', 'mix_magnitude', 'ideal_binary_mask', 'source_magnitudes'])
0.2229762077331543 GB allocated
7.046875 GB reserved
dict_keys(['index', 'mixture_magnitude', 'mixture_phase', 'source_phase', 'mix_magnitude', 'ideal_binary_mask', 'source_magnitudes'])
0.2229762077331543 GB allocated
7.046875 GB reserved
dict_keys(['index', 'mixture_magnitude', 'mixture_phase', 'source_phase', 'mix_magnitude', 'ideal_binary_mask', 'source_magnitudes'])
0.2229762077331543 GB allocated
7.046875 GB reserved
dict_keys(['index', 'mixture_magnitude', 'mixture_phase', 'source_phase', 'mix_magnitude', 'ideal_binary_mask', 'source_magnitudes'])
0.2229762077331543 GB allocated
7.046875 GB reserved
dict_keys(['index', 'mixture_magnitude', 'mixture_phase', 'source_phase', 'mix_magnitude', 'ideal_binary_mask', 'source_magnitudes'])
0.2229762077331543 GB allocated
7.046875 GB reserved
dict_keys(['index', 'mixture_magnitude', 'mixture_phase', 'source_phase', 'mix_magnitude', 'ideal_binary_mask', 'source_magnitudes'])
0.2229762077331543 GB allocated
7.046875 GB reserved
dict_keys(['index', 'mixture_magnitude', 'mixture_phase', 'source_phase', 'mix_magnitude', 'ideal_binary_mask', 'source_magnitudes'])
0.2229762077331543 GB allocated
7.046875 GB reserved
dict_keys(['index', 'mixture_magnitude', 'mixture_phase', 'source_phase', 'mix_magnitude', 'ideal_binary_mask', 'source_magnitudes'])
0.2229762077331543 GB allocated
7.046875 GB reserved
dict_keys(['index', 'mixture_magnitude', 'mixture_phase', 'source_phase', 'mix_magnitude', 'ideal_binary_mask', 'source_magnitudes'])
0.2229762077331543 GB allocated
7.046875 GB reserved
dict_keys(['index', 'mixture_magnitude', 'mixture_phase', 'source_phase', 'mix_magnitude', 'ideal_binary_mask', 'source_magnitudes'])
0.2229762077331543 GB allocated
7.046875 GB reserved
dict_keys(['index', 'mixture_magnitude', 'mixture_phase', 'source_phase', 'mix_magnitude', 'ideal_binary_mask', 'source_magnitudes'])
0.2229762077331543 GB allocated
7.046875 GB reserved
dict_keys(['index', 'mixture_magnitude', 'mixture_phase', 'source_phase', 'mix_magnitude', 'ideal_binary_mask', 'source_magnitudes'])
0.2229762077331543 GB allocated
7.046875 GB reserved
dict_keys(['index', 'mixture_magnitude', 'mixture_phase', 'source_phase', 'mix_magnitude', 'ideal_binary_mask', 'source_magnitudes'])
0.2229762077331543 GB allocated
7.046875 GB reserved
dict_keys(['index', 'mixture_magnitude', 'mixture_phase', 'source_phase', 'mix_magnitude', 'ideal_binary_mask', 'source_magnitudes'])
0.2229762077331543 GB allocated
7.046875 GB reserved
dict_keys(['index', 'mixture_magnitude', 'mixture_phase', 'source_phase', 'mix_magnitude', 'ideal_binary_mask', 'source_magnitudes'])
0.2229762077331543 GB allocated
7.046875 GB reserved
dict_keys(['index', 'mixture_magnitude', 'mixture_phase', 'source_phase', 'mix_magnitude', 'ideal_binary_mask', 'source_magnitudes'])
0.2229762077331543 GB allocated
7.046875 GB reserved
dict_keys(['index', 'mixture_magnitude', 'mixture_phase', 'source_phase', 'mix_magnitude', 'ideal_binary_mask', 'source_magnitudes'])
0.2229762077331543 GB allocated
7.046875 GB reserved
dict_keys(['index', 'mixture_magnitude', 'mixture_phase', 'source_phase', 'mix_magnitude', 'ideal_binary_mask', 'source_magnitudes'])
0.2229762077331543 GB allocated
7.046875 GB reserved
dict_keys(['index', 'mixture_magnitude', 'mixture_phase', 'source_phase', 'mix_magnitude', 'ideal_binary_mask', 'source_magnitudes'])
0.2229762077331543 GB allocated
7.046875 GB reserved
dict_keys(['index', 'mixture_magnitude', 'mixture_phase', 'source_phase', 'mix_magnitude', 'ideal_binary_mask', 'source_magnitudes'])
0.2221231460571289 GB allocated
7.046875 GB reserved
dict_keys(['index', 'mixture_magnitude', 'mixture_phase', 'source_phase', 'mix_magnitude', 'ideal_binary_mask', 'source_magnitudes'])
0.2229762077331543 GB allocated
7.046875 GB reserved
dict_keys(['index', 'mixture_magnitude', 'mixture_phase', 'source_phase', 'mix_magnitude', 'ideal_binary_mask', 'source_magnitudes'])
0.2229762077331543 GB allocated
7.046875 GB reserved
dict_keys(['index', 'mixture_magnitude', 'mixture_phase', 'source_phase', 'mix_magnitude', 'ideal_binary_mask', 'source_magnitudes'])
0.2229762077331543 GB allocated
7.046875 GB reserved
dict_keys(['index', 'mixture_magnitude', 'mixture_phase', 'source_phase', 'mix_magnitude', 'ideal_binary_mask', 'source_magnitudes'])
0.2229762077331543 GB allocated
7.046875 GB reserved
dict_keys(['index', 'mixture_magnitude', 'mixture_phase', 'source_phase', 'mix_magnitude', 'ideal_binary_mask', 'source_magnitudes'])
0.2229762077331543 GB allocated
7.046875 GB reserved
dict_keys(['index', 'mixture_magnitude', 'mixture_phase', 'source_phase', 'mix_magnitude', 'ideal_binary_mask', 'source_magnitudes'])
0.2229762077331543 GB allocated
7.046875 GB reserved
dict_keys(['index', 'mixture_magnitude', 'mixture_phase', 'source_phase', 'mix_magnitude', 'ideal_binary_mask', 'source_magnitudes'])
0.2229762077331543 GB allocated
7.046875 GB reserved
dict_keys(['index', 'mixture_magnitude', 'mixture_phase', 'source_phase', 'mix_magnitude', 'ideal_binary_mask', 'source_magnitudes'])
0.2229762077331543 GB allocated
7.046875 GB reserved
dict_keys(['index', 'mixture_magnitude', 'mixture_phase', 'source_phase', 'mix_magnitude', 'ideal_binary_mask', 'source_magnitudes'])
0.2229762077331543 GB allocated
7.046875 GB reserved
dict_keys(['index', 'mixture_magnitude', 'mixture_phase', 'source_phase', 'mix_magnitude', 'ideal_binary_mask', 'source_magnitudes'])
0.2229762077331543 GB allocated
7.046875 GB reserved
dict_keys(['index', 'mixture_magnitude', 'mixture_phase', 'source_phase', 'mix_magnitude', 'ideal_binary_mask', 'source_magnitudes'])
0.2229762077331543 GB allocated
7.046875 GB reserved
dict_keys(['index', 'mixture_magnitude', 'mixture_phase', 'source_phase', 'mix_magnitude', 'ideal_binary_mask', 'source_magnitudes'])
0.2229762077331543 GB allocated
7.046875 GB reserved
dict_keys(['index', 'mixture_magnitude', 'mixture_phase', 'source_phase', 'mix_magnitude', 'ideal_binary_mask', 'source_magnitudes'])
0.2229762077331543 GB allocated
7.046875 GB reserved
dict_keys(['index', 'mixture_magnitude', 'mixture_phase', 'source_phase', 'mix_magnitude', 'ideal_binary_mask', 'source_magnitudes'])
0.2229762077331543 GB allocated
7.046875 GB reserved
dict_keys(['index', 'mixture_magnitude', 'mixture_phase', 'source_phase', 'mix_magnitude', 'ideal_binary_mask', 'source_magnitudes'])
0.2229762077331543 GB allocated
7.046875 GB reserved
dict_keys(['index', 'mixture_magnitude', 'mixture_phase', 'source_phase', 'mix_magnitude', 'ideal_binary_mask', 'source_magnitudes'])
0.2229762077331543 GB allocated
7.046875 GB reserved
dict_keys(['index', 'mixture_magnitude', 'mixture_phase', 'source_phase', 'mix_magnitude', 'ideal_binary_mask', 'source_magnitudes'])
0.2229762077331543 GB allocated
7.046875 GB reserved
dict_keys(['index', 'mixture_magnitude', 'mixture_phase', 'source_phase', 'mix_magnitude', 'ideal_binary_mask', 'source_magnitudes'])
0.2229762077331543 05/30/2026 01:17:43 PM | engine.py:906 Engine run starting with max_epochs=1.
05/30/2026 01:18:51 PM | engine.py:1010 Epoch[1] Complete. Time taken: 00:01:07.420
GB allocated
7.046875 GB reserved
dict_keys(['index', 'mixture_magnitude', 'mixture_phase', 'source_phase', 'mix_magnitude', 'ideal_binary_mask', 'source_magnitudes'])
0.2229762077331543 GB allocated
7.046875 GB reserved
dict_keys(['index', 'mixture_magnitude', 'mixture_phase', 'source_phase', 'mix_magnitude', 'ideal_binary_mask', 'source_magnitudes'])
0.2229762077331543 GB allocated
7.046875 GB reserved
dict_keys(['index', 'mixture_magnitude', 'mixture_phase', 'source_phase', 'mix_magnitude', 'ideal_binary_mask', 'source_magnitudes'])
0.2229762077331543 GB allocated
7.046875 GB reserved
dict_keys(['index', 'mixture_magnitude', 'mixture_phase', 'source_phase', 'mix_magnitude', 'ideal_binary_mask', 'source_magnitudes'])
0.2229762077331543 GB allocated
7.046875 GB reserved
dict_keys(['index', 'mixture_magnitude', 'mixture_phase', 'source_phase', 'mix_magnitude', 'ideal_binary_mask', 'source_magnitudes'])
0.2229762077331543 GB allocated
7.046875 GB reserved
dict_keys(['index', 'mixture_magnitude', 'mixture_phase', 'source_phase', 'mix_magnitude', 'ideal_binary_mask', 'source_magnitudes'])
0.2229762077331543 GB allocated
7.046875 GB reserved
dict_keys(['index', 'mixture_magnitude', 'mixture_phase', 'source_phase', 'mix_magnitude', 'ideal_binary_mask', 'source_magnitudes'])
0.2221231460571289 GB allocated
7.046875 GB reserved
dict_keys(['index', 'mixture_magnitude', 'mixture_phase', 'source_phase', 'mix_magnitude', 'ideal_binary_mask', 'source_magnitudes'])
0.2229762077331543 GB allocated
7.046875 GB reserved
dict_keys(['index', 'mixture_magnitude', 'mixture_phase', 'source_phase', 'mix_magnitude', 'ideal_binary_mask', 'source_magnitudes'])
0.2229762077331543 GB allocated
7.046875 GB reserved
dict_keys(['index', 'mixture_magnitude', 'mixture_phase', 'source_phase', 'mix_magnitude', 'ideal_binary_mask', 'source_magnitudes'])
0.2229762077331543 GB allocated
7.046875 GB reserved
dict_keys(['index', 'mixture_magnitude', 'mixture_phase', 'source_phase', 'mix_magnitude', 'ideal_binary_mask', 'source_magnitudes'])
0.2229762077331543 GB allocated
7.046875 GB reserved
dict_keys(['index', 'mixture_magnitude', 'mixture_phase', 'source_phase', 'mix_magnitude', 'ideal_binary_mask', 'source_magnitudes'])
0.2229762077331543 GB allocated
7.046875 GB reserved
dict_keys(['index', 'mixture_magnitude', 'mixture_phase', 'source_phase', 'mix_magnitude', 'ideal_binary_mask', 'source_magnitudes'])
0.2229762077331543 GB allocated
7.046875 GB reserved
dict_keys(['index', 'mixture_magnitude', 'mixture_phase', 'source_phase', 'mix_magnitude', 'ideal_binary_mask', 'source_magnitudes'])
0.2229762077331543 GB allocated
7.046875 GB reserved
dict_keys(['index', 'mixture_magnitude', 'mixture_phase', 'source_phase', 'mix_magnitude', 'ideal_binary_mask', 'source_magnitudes'])
0.2229762077331543 GB allocated
7.046875 GB reserved
dict_keys(['index', 'mixture_magnitude', 'mixture_phase', 'source_phase', 'mix_magnitude', 'ideal_binary_mask', 'source_magnitudes'])
0.2229762077331543 GB allocated
7.046875 GB reserved
dict_keys(['index', 'mixture_magnitude', 'mixture_phase', 'source_phase', 'mix_magnitude', 'ideal_binary_mask', 'source_magnitudes'])
0.2229762077331543 GB allocated
7.046875 GB reserved
dict_keys(['index', 'mixture_magnitude', 'mixture_phase', 'source_phase', 'mix_magnitude', 'ideal_binary_mask', 'source_magnitudes'])
0.2229762077331543 GB allocated
7.046875 GB reserved
dict_keys(['index', 'mixture_magnitude', 'mixture_phase', 'source_phase', 'mix_magnitude', 'ideal_binary_mask', 'source_magnitudes'])
0.2229762077331543 GB allocated
7.046875 GB reserved
dict_keys(['index', 'mixture_magnitude', 'mixture_phase', 'source_phase', 'mix_magnitude', 'ideal_binary_mask', 'source_magnitudes'])
0.2229762077331543 GB allocated
7.046875 GB reserved
dict_keys(['index', 'mixture_magnitude', 'mixture_phase', 'source_phase', 'mix_magnitude', 'ideal_binary_mask', 'source_magnitudes'])
0.2229762077331543 GB allocated
7.046875 GB reserved
dict_keys(['index', 'mixture_magnitude', 'mixture_phase', 'source_phase', 'mix_magnitude', 'ideal_binary_mask', 'source_magnitudes'])
0.2229762077331543 GB allocated
7.046875 GB reserved
dict_keys(['index', 'mixture_magnitude', 'mixture_phase', 'source_phase', 'mix_magnitude', 'ideal_binary_mask', 'source_magnitudes'])
0.2229762077331543 GB allocated
7.046875 GB reserved
dict_keys(['index', 'mixture_magnitude', 'mixture_phase', 'source_phase', 'mix_magnitude', 'ideal_binary_mask', 'source_magnitudes'])
0.2229762077331543 GB allocated
7.046875 GB reserved
dict_keys(['index', 'mixture_magnitude', 'mixture_phase', 'source_phase', 'mix_magnitude', 'ideal_binary_mask', 'source_magnitudes'])
0.2229762077331543 GB allocated
7.046875 GB reserved
dict_keys(['index', 'mixture_magnitude', 'mixture_phase', 'source_phase', 'mix_magnitude', 'ideal_binary_mask', 'source_magnitudes'])
0.2229762077331543 GB allocated
7.046875 GB reserved
dict_keys(['index', 'mixture_magnitude', 'mixture_phase', 'source_phase', 'mix_magnitude', 'ideal_binary_mask', 'source_magnitudes'])
0.2229762077331543 GB allocated
7.046875 GB reserved
dict_keys(['index', 'mixture_magnitude', 'mixture_phase', 'source_phase', 'mix_magnitude', 'ideal_binary_mask', 'source_magnitudes'])
0.2229762077331543 GB allocated
7.046875 GB reserved
dict_keys(['index', 'mixture_magnitude', 'mixture_phase', 'source_phase', 'mix_magnitude', 'ideal_binary_mask', 'source_magnitudes'])
0.2229762077331543 GB allocated
7.046875 GB reserved
dict_keys(['index', 'mixture_magnitude', 'mixture_phase', 'source_phase', 'mix_magnitude', 'ideal_binary_mask', 'source_magnitudes'])
0.2229762077331543 GB allocated
7.046875 GB reserved
dict_keys(['index', 'mixture_magnitude', 'mixture_phase', 'source_phase', 'mix_magnitude', 'ideal_binary_mask', 'source_magnitudes'])
0.2229762077331543 GB allocated
7.046875 GB reserved
dict_keys(['index', 'mixture_magnitude', 'mixture_phase', 'source_phase', 'mix_magnitude', 'ideal_binary_mask', 'source_magnitudes'])
0.2221231460571289 GB allocated
7.046875 GB reserved
dict_keys(['index', 'mixture_magnitude', 'mixture_phase', 'source_phase', 'mix_magnitude', 'ideal_binary_mask', 'source_magnitudes'])
0.2229762077331543 GB allocated
7.046875 GB reserved
dict_keys(['index', 'mixture_magnitude', 'mixture_phase', 'source_phase', 'mix_magnitude', 'ideal_binary_mask', 'source_magnitudes'])
0.2229762077331543 GB allocated
7.046875 GB reserved
dict_keys(['index', 'mixture_magnitude', 'mixture_phase', 'source_phase', 'mix_magnitude', 'ideal_binary_mask', 'source_magnitudes'])
0.2229762077331543 GB allocated
7.046875 GB reserved
dict_keys(['index', 'mixture_magnitude', 'mixture_phase', 'source_phase', 'mix_magnitude', 'ideal_binary_mask', 'source_magnitudes'])
0.2229762077331543 GB allocated
7.046875 GB reserved
dict_keys(['index', 'mixture_magnitude', 'mixture_phase', 'source_phase', 'mix_magnitude', 'ideal_binary_mask', 'source_magnitudes'])
0.2229762077331543 GB allocated
7.046875 GB reserved
dict_keys(['index', 'mixture_magnitude', 'mixture_phase', 'source_phase', 'mix_magnitude', 'ideal_binary_mask', 'source_magnitudes'])
0.2229762077331543 GB allocated
7.046875 GB reserved
dict_keys(['index', 'mixture_magnitude', 'mixture_phase', 'source_phase', 'mix_magnitude', 'ideal_binary_mask', 'source_magnitudes'])
0.2229762077331543 GB allocated
7.046875 GB reserved
dict_keys(['index', 'mixture_magnitude', 'mixture_phase', 'source_phase', 'mix_magnitude', 'ideal_binary_mask', 'source_magnitudes'])
0.2229762077331543 GB allocated
7.046875 GB reserved
dict_keys(['index', 'mixture_magnitude', 'mixture_phase', 'source_phase', 'mix_magnitude', 'ideal_binary_mask', 'source_magnitudes'])
0.2229762077331543 GB allocated
7.046875 GB reserved
dict_keys(['index', 'mixture_magnitude', 'mixture_phase', 'source_phase', 'mix_magnitude', 'ideal_binary_mask', 'source_magnitudes'])
0.2229762077331543 GB allocated
7.046875 GB reserved
dict_keys(['index', 'mixture_magnitude', 'mixture_phase', 'source_phase', 'mix_magnitude', 'ideal_binary_mask', 'source_magnitudes'])
0.2229762077331543 GB allocated
7.046875 GB reserved
dict_keys(['index', 'mixture_magnitude', 'mixture_phase', 'source_phase', 'mix_magnitude', 'ideal_binary_mask', 'source_magnitudes'])
0.2229762077331543 GB allocated
7.046875 GB reserved
dict_keys(['index', 'mixture_magnitude', 'mixture_phase', 'source_phase', 'mix_magnitude', 'ideal_binary_mask', 'source_magnitudes'])
0.2229762077331543 GB allocated
7.046875 GB reserved
dict_keys(['index', 'mixture_magnitude', 'mixture_phase', 'source_phase', 'mix_magnitude', 'ideal_binary_mask', 'source_magnitudes'])
0.2229762077331543 GB allocated
7.046875 GB reserved
dict_keys(['index', 'mixture_magnitude', 'mixture_phase', 'source_phase', 'mix_magnitude', 'ideal_binary_mask', 'source_magnitudes'])
0.2229762077331543 GB allocated
7.046875 GB reserved
dict_keys(['index', 'mixture_magnitude', 'mixture_phase', 'source_phase', 'mix_magnitude', 'ideal_binary_mask', 'source_magnitudes'])
0.2229762077331543 GB allocated
7.046875 GB reserved
dict_keys(['index', 'mixture_magnitude', 'mixture_phase', 'source_phase', 'mix_magnitude', 'ideal_binary_mask', 'source_magnitudes'])
0.2229762077331543 GB allocated
7.046875 GB reserved
dict_keys(['index', 'mixture_magnitude', 'mixture_phase', 'source_phase', 'mix_magnitude', 'ideal_binary_mask', 'source_magnitudes'])
0.2229762077331543 GB allocated
7.046875 GB reserved
dict_keys(['index', 'mixture_magnitude', 'mixture_phase', 'source_phase', 'mix_magnitude', 'ideal_binary_mask', 'source_magnitudes'])
0.2229762077331543 GB allocated
7.046875 GB reserved
dict_keys(['index', 'mixture_magnitude', 'mixture_phase', 'source_phase', 'mix_magnitude', 'ideal_binary_mask', 'source_magnitudes'])
0.2229762077331543 GB allocated
7.046875 GB reserved
dict_keys(['index', 'mixture_magnitude', 'mixture_phase', 'source_phase', 'mix_magnitude', 'ideal_binary_mask', 'source_magnitudes'])
0.2229762077331543 GB allocated
7.046875 GB reserved
dict_keys(['index', 'mixture_magnitude', 'mixture_phase', 'source_phase', 'mix_magnitude', 'ideal_binary_mask', 'source_magnitudes'])
0.2229762077331543 GB allocated
7.046875 GB reserved
dict_keys(['index', 'mixture_magnitude', 'mixture_phase', 'source_phase', 'mix_magnitude', 'ideal_binary_mask', 'source_magnitudes'])
0.2229762077331543 GB allocated
7.046875 GB reserved
dict_keys(['index', 'mixture_magnitude', 'mixture_phase', 'source_phase', 'mix_magnitude', 'ideal_binary_mask', 'source_magnitudes'])
0.2229762077331543 GB allocated
7.046875 GB reserved
dict_keys(['index', 'mixture_magnitude', 'mixture_phase', 'source_phase', 'mix_magnitude', 'ideal_binary_mask', 'source_magnitudes'])
[Validator] Epoch 6 - val_loss: 0.000001
[BEST CHECKPOINT] Guardado/actualizado en: checkpoints\Mis_modelos_v2\experimental\deep_feature checkpoints\4stems\best_checkpoint_1_val_loss=-0.0000.pt
05/30/2026 01:18:51 PM | engine.py:1037 Engine run finished. Time taken: 00:01:07.420
[Epoch 6] train_loss=0.000001 | val_loss=0.000001
05/30/2026 01:18:51 PM | engine.py:1010 Epoch[6] Complete. Time taken: 00:03:21.913
0.2221231460571289 GB allocated
7.046875 GB reserved
dict_keys(['index', 'mixture_magnitude', 'mixture_phase', 'source_phase', 'mix_magnitude', 'ideal_binary_mask', 'source_magnitudes'])
0.2229762077331543 GB allocated
7.046875 GB reserved
dict_keys(['index', 'mixture_magnitude', 'mixture_phase', 'source_phase', 'mix_magnitude', 'ideal_binary_mask', 'source_magnitudes'])
0.2229762077331543 GB allocated
7.046875 GB reserved
dict_keys(['index', 'mixture_magnitude', 'mixture_phase', 'source_phase', 'mix_magnitude', 'ideal_binary_mask', 'source_magnitudes'])
0.2229762077331543 GB allocated
7.046875 GB reserved
dict_keys(['index', 'mixture_magnitude', 'mixture_phase', 'source_phase', 'mix_magnitude', 'ideal_binary_mask', 'source_magnitudes'])
0.2229762077331543 GB allocated
7.046875 GB reserved
dict_keys(['index', 'mixture_magnitude', 'mixture_phase', 'source_phase', 'mix_magnitude', 'ideal_binary_mask', 'source_magnitudes'])
0.2229762077331543 GB allocated
7.046875 GB reserved
dict_keys(['index', 'mixture_magnitude', 'mixture_phase', 'source_phase', 'mix_magnitude', 'ideal_binary_mask', 'source_magnitudes'])
0.2229762077331543 GB allocated
7.046875 GB reserved
dict_keys(['index', 'mixture_magnitude', 'mixture_phase', 'source_phase', 'mix_magnitude', 'ideal_binary_mask', 'source_magnitudes'])
0.2229762077331543 GB allocated
7.046875 GB reserved
dict_keys(['index', 'mixture_magnitude', 'mixture_phase', 'source_phase', 'mix_magnitude', 'ideal_binary_mask', 'source_magnitudes'])
0.2229762077331543 GB allocated
7.046875 GB reserved
dict_keys(['index', 'mixture_magnitude', 'mixture_phase', 'source_phase', 'mix_magnitude', 'ideal_binary_mask', 'source_magnitudes'])
0.2229762077331543 GB allocated
7.046875 GB reserved
dict_keys(['index', 'mixture_magnitude', 'mixture_phase', 'source_phase', 'mix_magnitude', 'ideal_binary_mask', 'source_magnitudes'])
0.2229762077331543 GB allocated
7.046875 GB reserved
dict_keys(['index', 'mixture_magnitude', 'mixture_phase', 'source_phase', 'mix_magnitude', 'ideal_binary_mask', 'source_magnitudes'])
0.2229762077331543 GB allocated
7.046875 GB reserved
dict_keys(['index', 'mixture_magnitude', 'mixture_phase', 'source_phase', 'mix_magnitude', 'ideal_binary_mask', 'source_magnitudes'])
0.2229762077331543 GB allocated
7.046875 GB reserved
dict_keys(['index', 'mixture_magnitude', 'mixture_phase', 'source_phase', 'mix_magnitude', 'ideal_binary_mask', 'source_magnitudes'])
0.2229762077331543 GB allocated
7.046875 GB reserved
dict_keys(['index', 'mixture_magnitude', 'mixture_phase', 'source_phase', 'mix_magnitude', 'ideal_binary_mask', 'source_magnitudes'])
0.2229762077331543 GB allocated
7.046875 GB reserved
dict_keys(['index', 'mixture_magnitude', 'mixture_phase', 'source_phase', 'mix_magnitude', 'ideal_binary_mask', 'source_magnitudes'])
0.2229762077331543 GB allocated
7.046875 GB reserved
dict_keys(['index', 'mixture_magnitude', 'mixture_phase', 'source_phase', 'mix_magnitude', 'ideal_binary_mask', 'source_magnitudes'])
0.2229762077331543 GB allocated
7.046875 GB reserved
dict_keys(['index', 'mixture_magnitude', 'mixture_phase', 'source_phase', 'mix_magnitude', 'ideal_binary_mask', 'source_magnitudes'])
0.2229762077331543 GB allocated
7.046875 GB reserved
dict_keys(['index', 'mixture_magnitude', 'mixture_phase', 'source_phase', 'mix_magnitude', 'ideal_binary_mask', 'source_magnitudes'])
0.2229762077331543 GB allocated
7.046875 GB reserved
dict_keys(['index', 'mixture_magnitude', 'mixture_phase', 'source_phase', 'mix_magnitude', 'ideal_binary_mask', 'source_magnitudes'])
0.2229762077331543 GB allocated
7.046875 GB reserved
dict_keys(['index', 'mixture_magnitude', 'mixture_phase', 'source_phase', 'mix_magnitude', 'ideal_binary_mask', 'source_magnitudes'])
0.2229762077331543 GB allocated
7.046875 GB reserved
dict_keys(['index', 'mixture_magnitude', 'mixture_phase', 'source_phase', 'mix_magnitude', 'ideal_binary_mask', 'source_magnitudes'])
0.2229762077331543 GB allocated
7.046875 GB reserved
dict_keys(['index', 'mixture_magnitude', 'mixture_phase', 'source_phase', 'mix_magnitude', 'ideal_binary_mask', 'source_magnitudes'])
0.2229762077331543 GB allocated
7.046875 GB reserved
dict_keys(['index', 'mixture_magnitude', 'mixture_phase', 'source_phase', 'mix_magnitude', 'ideal_binary_mask', 'source_magnitudes'])
0.2229762077331543 GB allocated
7.046875 GB reserved
dict_keys(['index', 'mixture_magnitude', 'mixture_phase', 'source_phase', 'mix_magnitude', 'ideal_binary_mask', 'source_magnitudes'])
0.2229762077331543 GB allocated
7.046875 GB reserved
dict_keys(['index', 'mixture_magnitude', 'mixture_phase', 'source_phase', 'mix_magnitude', 'ideal_binary_mask', 'source_magnitudes'])
0.2221231460571289 GB allocated
7.046875 GB reserved
dict_keys(['index', 'mixture_magnitude', 'mixture_phase', 'source_phase', 'mix_magnitude', 'ideal_binary_mask', 'source_magnitudes'])
0.2229762077331543 GB allocated
7.046875 GB reserved
dict_keys(['index', 'mixture_magnitude', 'mixture_phase', 'source_phase', 'mix_magnitude', 'ideal_binary_mask', 'source_magnitudes'])
0.2229762077331543 GB allocated
7.046875 GB reserved
dict_keys(['index', 'mixture_magnitude', 'mixture_phase', 'source_phase', 'mix_magnitude', 'ideal_binary_mask', 'source_magnitudes'])
0.2229762077331543 GB allocated
7.046875 GB reserved
dict_keys(['index', 'mixture_magnitude', 'mixture_phase', 'source_phase', 'mix_magnitude', 'ideal_binary_mask', 'source_magnitudes'])
0.2229762077331543 GB allocated
7.046875 GB reserved
dict_keys(['index', 'mixture_magnitude', 'mixture_phase', 'source_phase', 'mix_magnitude', 'ideal_binary_mask', 'source_magnitudes'])
0.2229762077331543 GB allocated
7.046875 GB reserved
dict_keys(['index', 'mixture_magnitude', 'mixture_phase', 'source_phase', 'mix_magnitude', 'ideal_binary_mask', 'source_magnitudes'])
0.2229762077331543 GB allocated
7.046875 GB reserved
dict_keys(['index', 'mixture_magnitude', 'mixture_phase', 'source_phase', 'mix_magnitude', 'ideal_binary_mask', 'source_magnitudes'])
0.2229762077331543 GB allocated
7.046875 GB reserved
dict_keys(['index', 'mixture_magnitude', 'mixture_phase', 'source_phase', 'mix_magnitude', 'ideal_binary_mask', 'source_magnitudes'])
0.2229762077331543 GB allocated
7.046875 GB reserved
dict_keys(['index', 'mixture_magnitude', 'mixture_phase', 'source_phase', 'mix_magnitude', 'ideal_binary_mask', 'source_magnitudes'])
0.2229762077331543 GB allocated
7.046875 GB reserved
dict_keys(['index', 'mixture_magnitude', 'mixture_phase', 'source_phase', 'mix_magnitude', 'ideal_binary_mask', 'source_magnitudes'])
0.2229762077331543 GB allocated
7.046875 GB reserved
dict_keys(['index', 'mixture_magnitude', 'mixture_phase', 'source_phase', 'mix_magnitude', 'ideal_binary_mask', 'source_magnitudes'])
0.2229762077331543 GB allocated
7.046875 GB reserved
dict_keys(['index', 'mixture_magnitude', 'mixture_phase', 'source_phase', 'mix_magnitude', 'ideal_binary_mask', 'source_magnitudes'])
0.2229762077331543 GB allocated
7.046875 GB reserved
dict_keys(['index', 'mixture_magnitude', 'mixture_phase', 'source_phase', 'mix_magnitude', 'ideal_binary_mask', 'source_magnitudes'])
0.2229762077331543 GB allocated
7.046875 GB reserved
dict_keys(['index', 'mixture_magnitude', 'mixture_phase', 'source_phase', 'mix_magnitude', 'ideal_binary_mask', 'source_magnitudes'])
0.2229762077331543 GB allocated
7.046875 GB reserved
dict_keys(['index', 'mixture_magnitude', 'mixture_phase', 'source_phase', 'mix_magnitude', 'ideal_binary_mask', 'source_magnitudes'])
0.2229762077331543 GB allocated
7.046875 GB reserved
dict_keys(['index', 'mixture_magnitude', 'mixture_phase', 'source_phase', 'mix_magnitude', 'ideal_binary_mask', 'source_magnitudes'])
0.2229762077331543 GB allocated
7.046875 GB reserved
dict_keys(['index', 'mixture_magnitude', 'mixture_phase', 'source_phase', 'mix_magnitude', 'ideal_binary_mask', 'source_magnitudes'])
0.2229762077331543 GB allocated
7.046875 GB reserved
dict_keys(['index', 'mixture_magnitude', 'mixture_phase', 'source_phase', 'mix_magnitude', 'ideal_binary_mask', 'source_magnitudes'])
0.2229762077331543 05/30/2026 01:21:12 PM | engine.py:906 Engine run starting with max_epochs=1.
05/30/2026 01:22:20 PM | engine.py:1010 Epoch[1] Complete. Time taken: 00:01:07.805
GB allocated
7.046875 GB reserved
dict_keys(['index', 'mixture_magnitude', 'mixture_phase', 'source_phase', 'mix_magnitude', 'ideal_binary_mask', 'source_magnitudes'])
0.2229762077331543 GB allocated
7.046875 GB reserved
dict_keys(['index', 'mixture_magnitude', 'mixture_phase', 'source_phase', 'mix_magnitude', 'ideal_binary_mask', 'source_magnitudes'])
0.2229762077331543 GB allocated
7.046875 GB reserved
dict_keys(['index', 'mixture_magnitude', 'mixture_phase', 'source_phase', 'mix_magnitude', 'ideal_binary_mask', 'source_magnitudes'])
0.2229762077331543 GB allocated
7.046875 GB reserved
dict_keys(['index', 'mixture_magnitude', 'mixture_phase', 'source_phase', 'mix_magnitude', 'ideal_binary_mask', 'source_magnitudes'])
0.2229762077331543 GB allocated
7.046875 GB reserved
dict_keys(['index', 'mixture_magnitude', 'mixture_phase', 'source_phase', 'mix_magnitude', 'ideal_binary_mask', 'source_magnitudes'])
0.2229762077331543 GB allocated
7.046875 GB reserved
dict_keys(['index', 'mixture_magnitude', 'mixture_phase', 'source_phase', 'mix_magnitude', 'ideal_binary_mask', 'source_magnitudes'])
0.2229762077331543 GB allocated
7.046875 GB reserved
dict_keys(['index', 'mixture_magnitude', 'mixture_phase', 'source_phase', 'mix_magnitude', 'ideal_binary_mask', 'source_magnitudes'])
0.2221231460571289 GB allocated
7.046875 GB reserved
dict_keys(['index', 'mixture_magnitude', 'mixture_phase', 'source_phase', 'mix_magnitude', 'ideal_binary_mask', 'source_magnitudes'])
0.2229762077331543 GB allocated
7.046875 GB reserved
dict_keys(['index', 'mixture_magnitude', 'mixture_phase', 'source_phase', 'mix_magnitude', 'ideal_binary_mask', 'source_magnitudes'])
0.2229762077331543 GB allocated
7.046875 GB reserved
dict_keys(['index', 'mixture_magnitude', 'mixture_phase', 'source_phase', 'mix_magnitude', 'ideal_binary_mask', 'source_magnitudes'])
0.2229762077331543 GB allocated
7.046875 GB reserved
dict_keys(['index', 'mixture_magnitude', 'mixture_phase', 'source_phase', 'mix_magnitude', 'ideal_binary_mask', 'source_magnitudes'])
0.2229762077331543 GB allocated
7.046875 GB reserved
dict_keys(['index', 'mixture_magnitude', 'mixture_phase', 'source_phase', 'mix_magnitude', 'ideal_binary_mask', 'source_magnitudes'])
0.2229762077331543 GB allocated
7.046875 GB reserved
dict_keys(['index', 'mixture_magnitude', 'mixture_phase', 'source_phase', 'mix_magnitude', 'ideal_binary_mask', 'source_magnitudes'])
0.2229762077331543 GB allocated
7.046875 GB reserved
dict_keys(['index', 'mixture_magnitude', 'mixture_phase', 'source_phase', 'mix_magnitude', 'ideal_binary_mask', 'source_magnitudes'])
0.2229762077331543 GB allocated
7.046875 GB reserved
dict_keys(['index', 'mixture_magnitude', 'mixture_phase', 'source_phase', 'mix_magnitude', 'ideal_binary_mask', 'source_magnitudes'])
0.2229762077331543 GB allocated
7.046875 GB reserved
dict_keys(['index', 'mixture_magnitude', 'mixture_phase', 'source_phase', 'mix_magnitude', 'ideal_binary_mask', 'source_magnitudes'])
0.2229762077331543 GB allocated
7.046875 GB reserved
dict_keys(['index', 'mixture_magnitude', 'mixture_phase', 'source_phase', 'mix_magnitude', 'ideal_binary_mask', 'source_magnitudes'])
0.2229762077331543 GB allocated
7.046875 GB reserved
dict_keys(['index', 'mixture_magnitude', 'mixture_phase', 'source_phase', 'mix_magnitude', 'ideal_binary_mask', 'source_magnitudes'])
0.2229762077331543 GB allocated
7.046875 GB reserved
dict_keys(['index', 'mixture_magnitude', 'mixture_phase', 'source_phase', 'mix_magnitude', 'ideal_binary_mask', 'source_magnitudes'])
0.2229762077331543 GB allocated
7.046875 GB reserved
dict_keys(['index', 'mixture_magnitude', 'mixture_phase', 'source_phase', 'mix_magnitude', 'ideal_binary_mask', 'source_magnitudes'])
0.2229762077331543 GB allocated
7.046875 GB reserved
dict_keys(['index', 'mixture_magnitude', 'mixture_phase', 'source_phase', 'mix_magnitude', 'ideal_binary_mask', 'source_magnitudes'])
0.2229762077331543 GB allocated
7.046875 GB reserved
dict_keys(['index', 'mixture_magnitude', 'mixture_phase', 'source_phase', 'mix_magnitude', 'ideal_binary_mask', 'source_magnitudes'])
0.2229762077331543 GB allocated
7.046875 GB reserved
dict_keys(['index', 'mixture_magnitude', 'mixture_phase', 'source_phase', 'mix_magnitude', 'ideal_binary_mask', 'source_magnitudes'])
0.2229762077331543 GB allocated
7.046875 GB reserved
dict_keys(['index', 'mixture_magnitude', 'mixture_phase', 'source_phase', 'mix_magnitude', 'ideal_binary_mask', 'source_magnitudes'])
0.2229762077331543 GB allocated
7.046875 GB reserved
dict_keys(['index', 'mixture_magnitude', 'mixture_phase', 'source_phase', 'mix_magnitude', 'ideal_binary_mask', 'source_magnitudes'])
0.2229762077331543 GB allocated
7.046875 GB reserved
dict_keys(['index', 'mixture_magnitude', 'mixture_phase', 'source_phase', 'mix_magnitude', 'ideal_binary_mask', 'source_magnitudes'])
0.2229762077331543 GB allocated
7.046875 GB reserved
dict_keys(['index', 'mixture_magnitude', 'mixture_phase', 'source_phase', 'mix_magnitude', 'ideal_binary_mask', 'source_magnitudes'])
0.2229762077331543 GB allocated
7.046875 GB reserved
dict_keys(['index', 'mixture_magnitude', 'mixture_phase', 'source_phase', 'mix_magnitude', 'ideal_binary_mask', 'source_magnitudes'])
0.2229762077331543 GB allocated
7.046875 GB reserved
dict_keys(['index', 'mixture_magnitude', 'mixture_phase', 'source_phase', 'mix_magnitude', 'ideal_binary_mask', 'source_magnitudes'])
0.2229762077331543 GB allocated
7.046875 GB reserved
dict_keys(['index', 'mixture_magnitude', 'mixture_phase', 'source_phase', 'mix_magnitude', 'ideal_binary_mask', 'source_magnitudes'])
0.2229762077331543 GB allocated
7.046875 GB reserved
dict_keys(['index', 'mixture_magnitude', 'mixture_phase', 'source_phase', 'mix_magnitude', 'ideal_binary_mask', 'source_magnitudes'])
0.2229762077331543 GB allocated
7.046875 GB reserved
dict_keys(['index', 'mixture_magnitude', 'mixture_phase', 'source_phase', 'mix_magnitude', 'ideal_binary_mask', 'source_magnitudes'])
0.2221231460571289 GB allocated
7.046875 GB reserved
dict_keys(['index', 'mixture_magnitude', 'mixture_phase', 'source_phase', 'mix_magnitude', 'ideal_binary_mask', 'source_magnitudes'])
0.2229762077331543 GB allocated
7.046875 GB reserved
dict_keys(['index', 'mixture_magnitude', 'mixture_phase', 'source_phase', 'mix_magnitude', 'ideal_binary_mask', 'source_magnitudes'])
0.2229762077331543 GB allocated
7.046875 GB reserved
dict_keys(['index', 'mixture_magnitude', 'mixture_phase', 'source_phase', 'mix_magnitude', 'ideal_binary_mask', 'source_magnitudes'])
0.2229762077331543 GB allocated
7.046875 GB reserved
dict_keys(['index', 'mixture_magnitude', 'mixture_phase', 'source_phase', 'mix_magnitude', 'ideal_binary_mask', 'source_magnitudes'])
0.2229762077331543 GB allocated
7.046875 GB reserved
dict_keys(['index', 'mixture_magnitude', 'mixture_phase', 'source_phase', 'mix_magnitude', 'ideal_binary_mask', 'source_magnitudes'])
0.2229762077331543 GB allocated
7.046875 GB reserved
dict_keys(['index', 'mixture_magnitude', 'mixture_phase', 'source_phase', 'mix_magnitude', 'ideal_binary_mask', 'source_magnitudes'])
0.2229762077331543 GB allocated
7.046875 GB reserved
dict_keys(['index', 'mixture_magnitude', 'mixture_phase', 'source_phase', 'mix_magnitude', 'ideal_binary_mask', 'source_magnitudes'])
0.2229762077331543 GB allocated
7.046875 GB reserved
dict_keys(['index', 'mixture_magnitude', 'mixture_phase', 'source_phase', 'mix_magnitude', 'ideal_binary_mask', 'source_magnitudes'])
0.2229762077331543 GB allocated
7.046875 GB reserved
dict_keys(['index', 'mixture_magnitude', 'mixture_phase', 'source_phase', 'mix_magnitude', 'ideal_binary_mask', 'source_magnitudes'])
0.2229762077331543 GB allocated
7.046875 GB reserved
dict_keys(['index', 'mixture_magnitude', 'mixture_phase', 'source_phase', 'mix_magnitude', 'ideal_binary_mask', 'source_magnitudes'])
0.2229762077331543 GB allocated
7.046875 GB reserved
dict_keys(['index', 'mixture_magnitude', 'mixture_phase', 'source_phase', 'mix_magnitude', 'ideal_binary_mask', 'source_magnitudes'])
0.2229762077331543 GB allocated
7.046875 GB reserved
dict_keys(['index', 'mixture_magnitude', 'mixture_phase', 'source_phase', 'mix_magnitude', 'ideal_binary_mask', 'source_magnitudes'])
0.2229762077331543 GB allocated
7.046875 GB reserved
dict_keys(['index', 'mixture_magnitude', 'mixture_phase', 'source_phase', 'mix_magnitude', 'ideal_binary_mask', 'source_magnitudes'])
0.2229762077331543 GB allocated
7.046875 GB reserved
dict_keys(['index', 'mixture_magnitude', 'mixture_phase', 'source_phase', 'mix_magnitude', 'ideal_binary_mask', 'source_magnitudes'])
0.2229762077331543 GB allocated
7.046875 GB reserved
dict_keys(['index', 'mixture_magnitude', 'mixture_phase', 'source_phase', 'mix_magnitude', 'ideal_binary_mask', 'source_magnitudes'])
0.2229762077331543 GB allocated
7.046875 GB reserved
dict_keys(['index', 'mixture_magnitude', 'mixture_phase', 'source_phase', 'mix_magnitude', 'ideal_binary_mask', 'source_magnitudes'])
0.2229762077331543 GB allocated
7.046875 GB reserved
dict_keys(['index', 'mixture_magnitude', 'mixture_phase', 'source_phase', 'mix_magnitude', 'ideal_binary_mask', 'source_magnitudes'])
0.2229762077331543 GB allocated
7.046875 GB reserved
dict_keys(['index', 'mixture_magnitude', 'mixture_phase', 'source_phase', 'mix_magnitude', 'ideal_binary_mask', 'source_magnitudes'])
0.2229762077331543 GB allocated
7.046875 GB reserved
dict_keys(['index', 'mixture_magnitude', 'mixture_phase', 'source_phase', 'mix_magnitude', 'ideal_binary_mask', 'source_magnitudes'])
0.2229762077331543 GB allocated
7.046875 GB reserved
dict_keys(['index', 'mixture_magnitude', 'mixture_phase', 'source_phase', 'mix_magnitude', 'ideal_binary_mask', 'source_magnitudes'])
0.2229762077331543 GB allocated
7.046875 GB reserved
dict_keys(['index', 'mixture_magnitude', 'mixture_phase', 'source_phase', 'mix_magnitude', 'ideal_binary_mask', 'source_magnitudes'])
0.2229762077331543 GB allocated
7.046875 GB reserved
dict_keys(['index', 'mixture_magnitude', 'mixture_phase', 'source_phase', 'mix_magnitude', 'ideal_binary_mask', 'source_magnitudes'])
0.2229762077331543 GB allocated
7.046875 GB reserved
dict_keys(['index', 'mixture_magnitude', 'mixture_phase', 'source_phase', 'mix_magnitude', 'ideal_binary_mask', 'source_magnitudes'])
0.2229762077331543 GB allocated
7.046875 GB reserved
dict_keys(['index', 'mixture_magnitude', 'mixture_phase', 'source_phase', 'mix_magnitude', 'ideal_binary_mask', 'source_magnitudes'])
0.2229762077331543 GB allocated
7.046875 GB reserved
dict_keys(['index', 'mixture_magnitude', 'mixture_phase', 'source_phase', 'mix_magnitude', 'ideal_binary_mask', 'source_magnitudes'])
[Validator] Epoch 7 - val_loss: 0.000001
[BEST CHECKPOINT] Guardado/actualizado en: checkpoints\Mis_modelos_v2\experimental\deep_feature checkpoints\4stems\best_checkpoint_1_val_loss=-0.0000.pt
05/30/2026 01:22:20 PM | engine.py:1037 Engine run finished. Time taken: 00:01:07.806
[Epoch 7] train_loss=0.000001 | val_loss=0.000001
05/30/2026 01:22:20 PM | engine.py:1010 Epoch[7] Complete. Time taken: 00:03:28.897
0.2221231460571289 GB allocated
7.046875 GB reserved
dict_keys(['index', 'mixture_magnitude', 'mixture_phase', 'source_phase', 'mix_magnitude', 'ideal_binary_mask', 'source_magnitudes'])
0.2229762077331543 GB allocated
7.046875 GB reserved
dict_keys(['index', 'mixture_magnitude', 'mixture_phase', 'source_phase', 'mix_magnitude', 'ideal_binary_mask', 'source_magnitudes'])
0.2229762077331543 GB allocated
7.046875 GB reserved
dict_keys(['index', 'mixture_magnitude', 'mixture_phase', 'source_phase', 'mix_magnitude', 'ideal_binary_mask', 'source_magnitudes'])
0.2229762077331543 GB allocated
7.046875 GB reserved
dict_keys(['index', 'mixture_magnitude', 'mixture_phase', 'source_phase', 'mix_magnitude', 'ideal_binary_mask', 'source_magnitudes'])
0.2229762077331543 GB allocated
7.046875 GB reserved
dict_keys(['index', 'mixture_magnitude', 'mixture_phase', 'source_phase', 'mix_magnitude', 'ideal_binary_mask', 'source_magnitudes'])
0.2229762077331543 GB allocated
7.046875 GB reserved
dict_keys(['index', 'mixture_magnitude', 'mixture_phase', 'source_phase', 'mix_magnitude', 'ideal_binary_mask', 'source_magnitudes'])
0.2229762077331543 GB allocated
7.046875 GB reserved
dict_keys(['index', 'mixture_magnitude', 'mixture_phase', 'source_phase', 'mix_magnitude', 'ideal_binary_mask', 'source_magnitudes'])
0.2229762077331543 GB allocated
7.046875 GB reserved
dict_keys(['index', 'mixture_magnitude', 'mixture_phase', 'source_phase', 'mix_magnitude', 'ideal_binary_mask', 'source_magnitudes'])
0.2229762077331543 GB allocated
7.046875 GB reserved
dict_keys(['index', 'mixture_magnitude', 'mixture_phase', 'source_phase', 'mix_magnitude', 'ideal_binary_mask', 'source_magnitudes'])
0.2229762077331543 GB allocated
7.046875 GB reserved
dict_keys(['index', 'mixture_magnitude', 'mixture_phase', 'source_phase', 'mix_magnitude', 'ideal_binary_mask', 'source_magnitudes'])
0.2229762077331543 GB allocated
7.046875 GB reserved
dict_keys(['index', 'mixture_magnitude', 'mixture_phase', 'source_phase', 'mix_magnitude', 'ideal_binary_mask', 'source_magnitudes'])
0.2229762077331543 GB allocated
7.046875 GB reserved
dict_keys(['index', 'mixture_magnitude', 'mixture_phase', 'source_phase', 'mix_magnitude', 'ideal_binary_mask', 'source_magnitudes'])
0.2229762077331543 GB allocated
7.046875 GB reserved
dict_keys(['index', 'mixture_magnitude', 'mixture_phase', 'source_phase', 'mix_magnitude', 'ideal_binary_mask', 'source_magnitudes'])
0.2229762077331543 GB allocated
7.046875 GB reserved
dict_keys(['index', 'mixture_magnitude', 'mixture_phase', 'source_phase', 'mix_magnitude', 'ideal_binary_mask', 'source_magnitudes'])
0.2229762077331543 GB allocated
7.046875 GB reserved
dict_keys(['index', 'mixture_magnitude', 'mixture_phase', 'source_phase', 'mix_magnitude', 'ideal_binary_mask', 'source_magnitudes'])
0.2229762077331543 GB allocated
7.046875 GB reserved
dict_keys(['index', 'mixture_magnitude', 'mixture_phase', 'source_phase', 'mix_magnitude', 'ideal_binary_mask', 'source_magnitudes'])
0.2229762077331543 GB allocated
7.046875 GB reserved
dict_keys(['index', 'mixture_magnitude', 'mixture_phase', 'source_phase', 'mix_magnitude', 'ideal_binary_mask', 'source_magnitudes'])
0.2229762077331543 GB allocated
7.046875 GB reserved
dict_keys(['index', 'mixture_magnitude', 'mixture_phase', 'source_phase', 'mix_magnitude', 'ideal_binary_mask', 'source_magnitudes'])
0.2229762077331543 GB allocated
7.046875 GB reserved
dict_keys(['index', 'mixture_magnitude', 'mixture_phase', 'source_phase', 'mix_magnitude', 'ideal_binary_mask', 'source_magnitudes'])
0.2229762077331543 GB allocated
7.046875 GB reserved
dict_keys(['index', 'mixture_magnitude', 'mixture_phase', 'source_phase', 'mix_magnitude', 'ideal_binary_mask', 'source_magnitudes'])
0.2229762077331543 GB allocated
7.046875 GB reserved
dict_keys(['index', 'mixture_magnitude', 'mixture_phase', 'source_phase', 'mix_magnitude', 'ideal_binary_mask', 'source_magnitudes'])
0.2229762077331543 GB allocated
7.046875 GB reserved
dict_keys(['index', 'mixture_magnitude', 'mixture_phase', 'source_phase', 'mix_magnitude', 'ideal_binary_mask', 'source_magnitudes'])
0.2229762077331543 GB allocated
7.046875 GB reserved
dict_keys(['index', 'mixture_magnitude', 'mixture_phase', 'source_phase', 'mix_magnitude', 'ideal_binary_mask', 'source_magnitudes'])
0.2229762077331543 GB allocated
7.046875 GB reserved
dict_keys(['index', 'mixture_magnitude', 'mixture_phase', 'source_phase', 'mix_magnitude', 'ideal_binary_mask', 'source_magnitudes'])
0.2229762077331543 GB allocated
7.046875 GB reserved
dict_keys(['index', 'mixture_magnitude', 'mixture_phase', 'source_phase', 'mix_magnitude', 'ideal_binary_mask', 'source_magnitudes'])
0.2221231460571289 GB allocated
7.046875 GB reserved
dict_keys(['index', 'mixture_magnitude', 'mixture_phase', 'source_phase', 'mix_magnitude', 'ideal_binary_mask', 'source_magnitudes'])
0.2229762077331543 GB allocated
7.046875 GB reserved
dict_keys(['index', 'mixture_magnitude', 'mixture_phase', 'source_phase', 'mix_magnitude', 'ideal_binary_mask', 'source_magnitudes'])
0.2229762077331543 GB allocated
7.046875 GB reserved
dict_keys(['index', 'mixture_magnitude', 'mixture_phase', 'source_phase', 'mix_magnitude', 'ideal_binary_mask', 'source_magnitudes'])
0.2229762077331543 GB allocated
7.046875 GB reserved
dict_keys(['index', 'mixture_magnitude', 'mixture_phase', 'source_phase', 'mix_magnitude', 'ideal_binary_mask', 'source_magnitudes'])
0.2229762077331543 GB allocated
7.046875 GB reserved
dict_keys(['index', 'mixture_magnitude', 'mixture_phase', 'source_phase', 'mix_magnitude', 'ideal_binary_mask', 'source_magnitudes'])
0.2229762077331543 GB allocated
7.046875 GB reserved
dict_keys(['index', 'mixture_magnitude', 'mixture_phase', 'source_phase', 'mix_magnitude', 'ideal_binary_mask', 'source_magnitudes'])
0.2229762077331543 GB allocated
7.046875 GB reserved
dict_keys(['index', 'mixture_magnitude', 'mixture_phase', 'source_phase', 'mix_magnitude', 'ideal_binary_mask', 'source_magnitudes'])
0.2229762077331543 GB allocated
7.046875 GB reserved
dict_keys(['index', 'mixture_magnitude', 'mixture_phase', 'source_phase', 'mix_magnitude', 'ideal_binary_mask', 'source_magnitudes'])
0.2229762077331543 GB allocated
7.046875 GB reserved
dict_keys(['index', 'mixture_magnitude', 'mixture_phase', 'source_phase', 'mix_magnitude', 'ideal_binary_mask', 'source_magnitudes'])
0.2229762077331543 GB allocated
7.046875 GB reserved
dict_keys(['index', 'mixture_magnitude', 'mixture_phase', 'source_phase', 'mix_magnitude', 'ideal_binary_mask', 'source_magnitudes'])
0.2229762077331543 GB allocated
7.046875 GB reserved
dict_keys(['index', 'mixture_magnitude', 'mixture_phase', 'source_phase', 'mix_magnitude', 'ideal_binary_mask', 'source_magnitudes'])
0.2229762077331543 GB allocated
7.046875 GB reserved
dict_keys(['index', 'mixture_magnitude', 'mixture_phase', 'source_phase', 'mix_magnitude', 'ideal_binary_mask', 'source_magnitudes'])
0.2229762077331543 GB allocated
7.046875 GB reserved
dict_keys(['index', 'mixture_magnitude', 'mixture_phase', 'source_phase', 'mix_magnitude', 'ideal_binary_mask', 'source_magnitudes'])
0.2229762077331543 GB allocated
7.046875 GB reserved
dict_keys(['index', 'mixture_magnitude', 'mixture_phase', 'source_phase', 'mix_magnitude', 'ideal_binary_mask', 'source_magnitudes'])
0.2229762077331543 GB allocated
7.046875 GB reserved
dict_keys(['index', 'mixture_magnitude', 'mixture_phase', 'source_phase', 'mix_magnitude', 'ideal_binary_mask', 'source_magnitudes'])
0.2229762077331543 GB allocated
7.046875 GB reserved
dict_keys(['index', 'mixture_magnitude', 'mixture_phase', 'source_phase', 'mix_magnitude', 'ideal_binary_mask', 'source_magnitudes'])
0.2229762077331543 GB allocated
7.046875 GB reserved
dict_keys(['index', 'mixture_magnitude', 'mixture_phase', 'source_phase', 'mix_magnitude', 'ideal_binary_mask', 'source_magnitudes'])
0.2229762077331543 GB allocated
7.046875 GB reserved
dict_keys(['index', 'mixture_magnitude', 'mixture_phase', 'source_phase', 'mix_magnitude', 'ideal_binary_mask', 'source_magnitudes'])
0.2229762077331543 05/30/2026 01:24:34 PM | engine.py:906 Engine run starting with max_epochs=1.
05/30/2026 01:25:39 PM | engine.py:1010 Epoch[1] Complete. Time taken: 00:01:04.938
GB allocated
7.046875 GB reserved
dict_keys(['index', 'mixture_magnitude', 'mixture_phase', 'source_phase', 'mix_magnitude', 'ideal_binary_mask', 'source_magnitudes'])
0.2229762077331543 GB allocated
7.046875 GB reserved
dict_keys(['index', 'mixture_magnitude', 'mixture_phase', 'source_phase', 'mix_magnitude', 'ideal_binary_mask', 'source_magnitudes'])
0.2229762077331543 GB allocated
7.046875 GB reserved
dict_keys(['index', 'mixture_magnitude', 'mixture_phase', 'source_phase', 'mix_magnitude', 'ideal_binary_mask', 'source_magnitudes'])
0.2229762077331543 GB allocated
7.046875 GB reserved
dict_keys(['index', 'mixture_magnitude', 'mixture_phase', 'source_phase', 'mix_magnitude', 'ideal_binary_mask', 'source_magnitudes'])
0.2229762077331543 GB allocated
7.046875 GB reserved
dict_keys(['index', 'mixture_magnitude', 'mixture_phase', 'source_phase', 'mix_magnitude', 'ideal_binary_mask', 'source_magnitudes'])
0.2229762077331543 GB allocated
7.046875 GB reserved
dict_keys(['index', 'mixture_magnitude', 'mixture_phase', 'source_phase', 'mix_magnitude', 'ideal_binary_mask', 'source_magnitudes'])
0.2229762077331543 GB allocated
7.046875 GB reserved
dict_keys(['index', 'mixture_magnitude', 'mixture_phase', 'source_phase', 'mix_magnitude', 'ideal_binary_mask', 'source_magnitudes'])
0.2221231460571289 GB allocated
7.046875 GB reserved
dict_keys(['index', 'mixture_magnitude', 'mixture_phase', 'source_phase', 'mix_magnitude', 'ideal_binary_mask', 'source_magnitudes'])
0.2229762077331543 GB allocated
7.046875 GB reserved
dict_keys(['index', 'mixture_magnitude', 'mixture_phase', 'source_phase', 'mix_magnitude', 'ideal_binary_mask', 'source_magnitudes'])
0.2229762077331543 GB allocated
7.046875 GB reserved
dict_keys(['index', 'mixture_magnitude', 'mixture_phase', 'source_phase', 'mix_magnitude', 'ideal_binary_mask', 'source_magnitudes'])
0.2229762077331543 GB allocated
7.046875 GB reserved
dict_keys(['index', 'mixture_magnitude', 'mixture_phase', 'source_phase', 'mix_magnitude', 'ideal_binary_mask', 'source_magnitudes'])
0.2229762077331543 GB allocated
7.046875 GB reserved
dict_keys(['index', 'mixture_magnitude', 'mixture_phase', 'source_phase', 'mix_magnitude', 'ideal_binary_mask', 'source_magnitudes'])
0.2229762077331543 GB allocated
7.046875 GB reserved
dict_keys(['index', 'mixture_magnitude', 'mixture_phase', 'source_phase', 'mix_magnitude', 'ideal_binary_mask', 'source_magnitudes'])
0.2229762077331543 GB allocated
7.046875 GB reserved
dict_keys(['index', 'mixture_magnitude', 'mixture_phase', 'source_phase', 'mix_magnitude', 'ideal_binary_mask', 'source_magnitudes'])
0.2229762077331543 GB allocated
7.046875 GB reserved
dict_keys(['index', 'mixture_magnitude', 'mixture_phase', 'source_phase', 'mix_magnitude', 'ideal_binary_mask', 'source_magnitudes'])
0.2229762077331543 GB allocated
7.046875 GB reserved
dict_keys(['index', 'mixture_magnitude', 'mixture_phase', 'source_phase', 'mix_magnitude', 'ideal_binary_mask', 'source_magnitudes'])
0.2229762077331543 GB allocated
7.046875 GB reserved
dict_keys(['index', 'mixture_magnitude', 'mixture_phase', 'source_phase', 'mix_magnitude', 'ideal_binary_mask', 'source_magnitudes'])
0.2229762077331543 GB allocated
7.046875 GB reserved
dict_keys(['index', 'mixture_magnitude', 'mixture_phase', 'source_phase', 'mix_magnitude', 'ideal_binary_mask', 'source_magnitudes'])
0.2229762077331543 GB allocated
7.046875 GB reserved
dict_keys(['index', 'mixture_magnitude', 'mixture_phase', 'source_phase', 'mix_magnitude', 'ideal_binary_mask', 'source_magnitudes'])
0.2229762077331543 GB allocated
7.046875 GB reserved
dict_keys(['index', 'mixture_magnitude', 'mixture_phase', 'source_phase', 'mix_magnitude', 'ideal_binary_mask', 'source_magnitudes'])
0.2229762077331543 GB allocated
7.046875 GB reserved
dict_keys(['index', 'mixture_magnitude', 'mixture_phase', 'source_phase', 'mix_magnitude', 'ideal_binary_mask', 'source_magnitudes'])
0.2229762077331543 GB allocated
7.046875 GB reserved
dict_keys(['index', 'mixture_magnitude', 'mixture_phase', 'source_phase', 'mix_magnitude', 'ideal_binary_mask', 'source_magnitudes'])
0.2229762077331543 GB allocated
7.046875 GB reserved
dict_keys(['index', 'mixture_magnitude', 'mixture_phase', 'source_phase', 'mix_magnitude', 'ideal_binary_mask', 'source_magnitudes'])
0.2229762077331543 GB allocated
7.046875 GB reserved
dict_keys(['index', 'mixture_magnitude', 'mixture_phase', 'source_phase', 'mix_magnitude', 'ideal_binary_mask', 'source_magnitudes'])
0.2229762077331543 GB allocated
7.046875 GB reserved
dict_keys(['index', 'mixture_magnitude', 'mixture_phase', 'source_phase', 'mix_magnitude', 'ideal_binary_mask', 'source_magnitudes'])
0.2229762077331543 GB allocated
7.046875 GB reserved
dict_keys(['index', 'mixture_magnitude', 'mixture_phase', 'source_phase', 'mix_magnitude', 'ideal_binary_mask', 'source_magnitudes'])
0.2229762077331543 GB allocated
7.046875 GB reserved
dict_keys(['index', 'mixture_magnitude', 'mixture_phase', 'source_phase', 'mix_magnitude', 'ideal_binary_mask', 'source_magnitudes'])
0.2229762077331543 GB allocated
7.046875 GB reserved
dict_keys(['index', 'mixture_magnitude', 'mixture_phase', 'source_phase', 'mix_magnitude', 'ideal_binary_mask', 'source_magnitudes'])
0.2229762077331543 GB allocated
7.046875 GB reserved
dict_keys(['index', 'mixture_magnitude', 'mixture_phase', 'source_phase', 'mix_magnitude', 'ideal_binary_mask', 'source_magnitudes'])
0.2229762077331543 GB allocated
7.046875 GB reserved
dict_keys(['index', 'mixture_magnitude', 'mixture_phase', 'source_phase', 'mix_magnitude', 'ideal_binary_mask', 'source_magnitudes'])
0.2229762077331543 GB allocated
7.046875 GB reserved
dict_keys(['index', 'mixture_magnitude', 'mixture_phase', 'source_phase', 'mix_magnitude', 'ideal_binary_mask', 'source_magnitudes'])
0.2229762077331543 GB allocated
7.046875 GB reserved
dict_keys(['index', 'mixture_magnitude', 'mixture_phase', 'source_phase', 'mix_magnitude', 'ideal_binary_mask', 'source_magnitudes'])
0.2221231460571289 GB allocated
7.046875 GB reserved
dict_keys(['index', 'mixture_magnitude', 'mixture_phase', 'source_phase', 'mix_magnitude', 'ideal_binary_mask', 'source_magnitudes'])
0.2229762077331543 GB allocated
7.046875 GB reserved
dict_keys(['index', 'mixture_magnitude', 'mixture_phase', 'source_phase', 'mix_magnitude', 'ideal_binary_mask', 'source_magnitudes'])
0.2229762077331543 GB allocated
7.046875 GB reserved
dict_keys(['index', 'mixture_magnitude', 'mixture_phase', 'source_phase', 'mix_magnitude', 'ideal_binary_mask', 'source_magnitudes'])
0.2229762077331543 GB allocated
7.046875 GB reserved
dict_keys(['index', 'mixture_magnitude', 'mixture_phase', 'source_phase', 'mix_magnitude', 'ideal_binary_mask', 'source_magnitudes'])
0.2229762077331543 GB allocated
7.046875 GB reserved
dict_keys(['index', 'mixture_magnitude', 'mixture_phase', 'source_phase', 'mix_magnitude', 'ideal_binary_mask', 'source_magnitudes'])
0.2229762077331543 GB allocated
7.046875 GB reserved
dict_keys(['index', 'mixture_magnitude', 'mixture_phase', 'source_phase', 'mix_magnitude', 'ideal_binary_mask', 'source_magnitudes'])
0.2229762077331543 GB allocated
7.046875 GB reserved
dict_keys(['index', 'mixture_magnitude', 'mixture_phase', 'source_phase', 'mix_magnitude', 'ideal_binary_mask', 'source_magnitudes'])
0.2229762077331543 GB allocated
7.046875 GB reserved
dict_keys(['index', 'mixture_magnitude', 'mixture_phase', 'source_phase', 'mix_magnitude', 'ideal_binary_mask', 'source_magnitudes'])
0.2229762077331543 GB allocated
7.046875 GB reserved
dict_keys(['index', 'mixture_magnitude', 'mixture_phase', 'source_phase', 'mix_magnitude', 'ideal_binary_mask', 'source_magnitudes'])
0.2229762077331543 GB allocated
7.046875 GB reserved
dict_keys(['index', 'mixture_magnitude', 'mixture_phase', 'source_phase', 'mix_magnitude', 'ideal_binary_mask', 'source_magnitudes'])
0.2229762077331543 GB allocated
7.046875 GB reserved
dict_keys(['index', 'mixture_magnitude', 'mixture_phase', 'source_phase', 'mix_magnitude', 'ideal_binary_mask', 'source_magnitudes'])
0.2229762077331543 GB allocated
7.046875 GB reserved
dict_keys(['index', 'mixture_magnitude', 'mixture_phase', 'source_phase', 'mix_magnitude', 'ideal_binary_mask', 'source_magnitudes'])
0.2229762077331543 GB allocated
7.046875 GB reserved
dict_keys(['index', 'mixture_magnitude', 'mixture_phase', 'source_phase', 'mix_magnitude', 'ideal_binary_mask', 'source_magnitudes'])
0.2229762077331543 GB allocated
7.046875 GB reserved
dict_keys(['index', 'mixture_magnitude', 'mixture_phase', 'source_phase', 'mix_magnitude', 'ideal_binary_mask', 'source_magnitudes'])
0.2229762077331543 GB allocated
7.046875 GB reserved
dict_keys(['index', 'mixture_magnitude', 'mixture_phase', 'source_phase', 'mix_magnitude', 'ideal_binary_mask', 'source_magnitudes'])
0.2229762077331543 GB allocated
7.046875 GB reserved
dict_keys(['index', 'mixture_magnitude', 'mixture_phase', 'source_phase', 'mix_magnitude', 'ideal_binary_mask', 'source_magnitudes'])
0.2229762077331543 GB allocated
7.046875 GB reserved
dict_keys(['index', 'mixture_magnitude', 'mixture_phase', 'source_phase', 'mix_magnitude', 'ideal_binary_mask', 'source_magnitudes'])
0.2229762077331543 GB allocated
7.046875 GB reserved
dict_keys(['index', 'mixture_magnitude', 'mixture_phase', 'source_phase', 'mix_magnitude', 'ideal_binary_mask', 'source_magnitudes'])
0.2229762077331543 GB allocated
7.046875 GB reserved
dict_keys(['index', 'mixture_magnitude', 'mixture_phase', 'source_phase', 'mix_magnitude', 'ideal_binary_mask', 'source_magnitudes'])
0.2229762077331543 GB allocated
7.046875 GB reserved
dict_keys(['index', 'mixture_magnitude', 'mixture_phase', 'source_phase', 'mix_magnitude', 'ideal_binary_mask', 'source_magnitudes'])
0.2229762077331543 GB allocated
7.046875 GB reserved
dict_keys(['index', 'mixture_magnitude', 'mixture_phase', 'source_phase', 'mix_magnitude', 'ideal_binary_mask', 'source_magnitudes'])
0.2229762077331543 GB allocated
7.046875 GB reserved
dict_keys(['index', 'mixture_magnitude', 'mixture_phase', 'source_phase', 'mix_magnitude', 'ideal_binary_mask', 'source_magnitudes'])
0.2229762077331543 GB allocated
7.046875 GB reserved
dict_keys(['index', 'mixture_magnitude', 'mixture_phase', 'source_phase', 'mix_magnitude', 'ideal_binary_mask', 'source_magnitudes'])
0.2229762077331543 GB allocated
7.046875 GB reserved
dict_keys(['index', 'mixture_magnitude', 'mixture_phase', 'source_phase', 'mix_magnitude', 'ideal_binary_mask', 'source_magnitudes'])
0.2229762077331543 GB allocated
7.046875 GB reserved
dict_keys(['index', 'mixture_magnitude', 'mixture_phase', 'source_phase', 'mix_magnitude', 'ideal_binary_mask', 'source_magnitudes'])
[Validator] Epoch 8 - val_loss: 0.000001
[BEST CHECKPOINT] Guardado/actualizado en: checkpoints\Mis_modelos_v2\experimental\deep_feature checkpoints\4stems\best_checkpoint_1_val_loss=-0.0000.pt
05/30/2026 01:25:39 PM | engine.py:1037 Engine run finished. Time taken: 00:01:04.939
[Epoch 8] train_loss=0.000001 | val_loss=0.000001
05/30/2026 01:25:39 PM | engine.py:1010 Epoch[8] Complete. Time taken: 00:03:19.753
0.2221231460571289 GB allocated
7.046875 GB reserved
dict_keys(['index', 'mixture_magnitude', 'mixture_phase', 'source_phase', 'mix_magnitude', 'ideal_binary_mask', 'source_magnitudes'])
0.2229762077331543 GB allocated
7.046875 GB reserved
dict_keys(['index', 'mixture_magnitude', 'mixture_phase', 'source_phase', 'mix_magnitude', 'ideal_binary_mask', 'source_magnitudes'])
0.2229762077331543 GB allocated
7.046875 GB reserved
dict_keys(['index', 'mixture_magnitude', 'mixture_phase', 'source_phase', 'mix_magnitude', 'ideal_binary_mask', 'source_magnitudes'])
0.2229762077331543 GB allocated
7.046875 GB reserved
dict_keys(['index', 'mixture_magnitude', 'mixture_phase', 'source_phase', 'mix_magnitude', 'ideal_binary_mask', 'source_magnitudes'])
0.2229762077331543 GB allocated
7.046875 GB reserved
dict_keys(['index', 'mixture_magnitude', 'mixture_phase', 'source_phase', 'mix_magnitude', 'ideal_binary_mask', 'source_magnitudes'])
0.2229762077331543 GB allocated
7.046875 GB reserved
dict_keys(['index', 'mixture_magnitude', 'mixture_phase', 'source_phase', 'mix_magnitude', 'ideal_binary_mask', 'source_magnitudes'])
0.2229762077331543 GB allocated
7.046875 GB reserved
dict_keys(['index', 'mixture_magnitude', 'mixture_phase', 'source_phase', 'mix_magnitude', 'ideal_binary_mask', 'source_magnitudes'])
0.2229762077331543 GB allocated
7.046875 GB reserved
dict_keys(['index', 'mixture_magnitude', 'mixture_phase', 'source_phase', 'mix_magnitude', 'ideal_binary_mask', 'source_magnitudes'])
0.2229762077331543 GB allocated
7.046875 GB reserved
dict_keys(['index', 'mixture_magnitude', 'mixture_phase', 'source_phase', 'mix_magnitude', 'ideal_binary_mask', 'source_magnitudes'])
0.2229762077331543 GB allocated
7.046875 GB reserved
dict_keys(['index', 'mixture_magnitude', 'mixture_phase', 'source_phase', 'mix_magnitude', 'ideal_binary_mask', 'source_magnitudes'])
0.2229762077331543 GB allocated
7.046875 GB reserved
dict_keys(['index', 'mixture_magnitude', 'mixture_phase', 'source_phase', 'mix_magnitude', 'ideal_binary_mask', 'source_magnitudes'])
0.2229762077331543 GB allocated
7.046875 GB reserved
dict_keys(['index', 'mixture_magnitude', 'mixture_phase', 'source_phase', 'mix_magnitude', 'ideal_binary_mask', 'source_magnitudes'])
0.2229762077331543 GB allocated
7.046875 GB reserved
dict_keys(['index', 'mixture_magnitude', 'mixture_phase', 'source_phase', 'mix_magnitude', 'ideal_binary_mask', 'source_magnitudes'])
0.2229762077331543 GB allocated
7.046875 GB reserved
dict_keys(['index', 'mixture_magnitude', 'mixture_phase', 'source_phase', 'mix_magnitude', 'ideal_binary_mask', 'source_magnitudes'])
0.2229762077331543 GB allocated
7.046875 GB reserved
dict_keys(['index', 'mixture_magnitude', 'mixture_phase', 'source_phase', 'mix_magnitude', 'ideal_binary_mask', 'source_magnitudes'])
0.2229762077331543 GB allocated
7.046875 GB reserved
dict_keys(['index', 'mixture_magnitude', 'mixture_phase', 'source_phase', 'mix_magnitude', 'ideal_binary_mask', 'source_magnitudes'])
0.2229762077331543 GB allocated
7.046875 GB reserved
dict_keys(['index', 'mixture_magnitude', 'mixture_phase', 'source_phase', 'mix_magnitude', 'ideal_binary_mask', 'source_magnitudes'])
0.2229762077331543 GB allocated
7.046875 GB reserved
dict_keys(['index', 'mixture_magnitude', 'mixture_phase', 'source_phase', 'mix_magnitude', 'ideal_binary_mask', 'source_magnitudes'])
0.2229762077331543 GB allocated
7.046875 GB reserved
dict_keys(['index', 'mixture_magnitude', 'mixture_phase', 'source_phase', 'mix_magnitude', 'ideal_binary_mask', 'source_magnitudes'])
0.2229762077331543 GB allocated
7.046875 GB reserved
dict_keys(['index', 'mixture_magnitude', 'mixture_phase', 'source_phase', 'mix_magnitude', 'ideal_binary_mask', 'source_magnitudes'])
0.2229762077331543 GB allocated
7.046875 GB reserved
dict_keys(['index', 'mixture_magnitude', 'mixture_phase', 'source_phase', 'mix_magnitude', 'ideal_binary_mask', 'source_magnitudes'])
0.2229762077331543 GB allocated
7.046875 GB reserved
dict_keys(['index', 'mixture_magnitude', 'mixture_phase', 'source_phase', 'mix_magnitude', 'ideal_binary_mask', 'source_magnitudes'])
0.2229762077331543 GB allocated
7.046875 GB reserved
dict_keys(['index', 'mixture_magnitude', 'mixture_phase', 'source_phase', 'mix_magnitude', 'ideal_binary_mask', 'source_magnitudes'])
0.2229762077331543 GB allocated
7.046875 GB reserved
dict_keys(['index', 'mixture_magnitude', 'mixture_phase', 'source_phase', 'mix_magnitude', 'ideal_binary_mask', 'source_magnitudes'])
0.2229762077331543 GB allocated
7.046875 GB reserved
dict_keys(['index', 'mixture_magnitude', 'mixture_phase', 'source_phase', 'mix_magnitude', 'ideal_binary_mask', 'source_magnitudes'])
0.2221231460571289 GB allocated
7.046875 GB reserved
dict_keys(['index', 'mixture_magnitude', 'mixture_phase', 'source_phase', 'mix_magnitude', 'ideal_binary_mask', 'source_magnitudes'])
0.2229762077331543 GB allocated
7.046875 GB reserved
dict_keys(['index', 'mixture_magnitude', 'mixture_phase', 'source_phase', 'mix_magnitude', 'ideal_binary_mask', 'source_magnitudes'])
0.2229762077331543 GB allocated
7.046875 GB reserved
dict_keys(['index', 'mixture_magnitude', 'mixture_phase', 'source_phase', 'mix_magnitude', 'ideal_binary_mask', 'source_magnitudes'])
0.2229762077331543 GB allocated
7.046875 GB reserved
dict_keys(['index', 'mixture_magnitude', 'mixture_phase', 'source_phase', 'mix_magnitude', 'ideal_binary_mask', 'source_magnitudes'])
0.2229762077331543 GB allocated
7.046875 GB reserved
dict_keys(['index', 'mixture_magnitude', 'mixture_phase', 'source_phase', 'mix_magnitude', 'ideal_binary_mask', 'source_magnitudes'])
0.2229762077331543 GB allocated
7.046875 GB reserved
dict_keys(['index', 'mixture_magnitude', 'mixture_phase', 'source_phase', 'mix_magnitude', 'ideal_binary_mask', 'source_magnitudes'])
0.2229762077331543 GB allocated
7.046875 GB reserved
dict_keys(['index', 'mixture_magnitude', 'mixture_phase', 'source_phase', 'mix_magnitude', 'ideal_binary_mask', 'source_magnitudes'])
0.2229762077331543 GB allocated
7.046875 GB reserved
dict_keys(['index', 'mixture_magnitude', 'mixture_phase', 'source_phase', 'mix_magnitude', 'ideal_binary_mask', 'source_magnitudes'])
0.2229762077331543 GB allocated
7.046875 GB reserved
dict_keys(['index', 'mixture_magnitude', 'mixture_phase', 'source_phase', 'mix_magnitude', 'ideal_binary_mask', 'source_magnitudes'])
0.2229762077331543 GB allocated
7.046875 GB reserved
dict_keys(['index', 'mixture_magnitude', 'mixture_phase', 'source_phase', 'mix_magnitude', 'ideal_binary_mask', 'source_magnitudes'])
0.2229762077331543 GB allocated
7.046875 GB reserved
dict_keys(['index', 'mixture_magnitude', 'mixture_phase', 'source_phase', 'mix_magnitude', 'ideal_binary_mask', 'source_magnitudes'])
0.2229762077331543 GB allocated
7.046875 GB reserved
dict_keys(['index', 'mixture_magnitude', 'mixture_phase', 'source_phase', 'mix_magnitude', 'ideal_binary_mask', 'source_magnitudes'])
0.2229762077331543 GB allocated
7.046875 GB reserved
dict_keys(['index', 'mixture_magnitude', 'mixture_phase', 'source_phase', 'mix_magnitude', 'ideal_binary_mask', 'source_magnitudes'])
0.2229762077331543 GB allocated
7.046875 GB reserved
dict_keys(['index', 'mixture_magnitude', 'mixture_phase', 'source_phase', 'mix_magnitude', 'ideal_binary_mask', 'source_magnitudes'])
0.2229762077331543 GB allocated
7.046875 GB reserved
dict_keys(['index', 'mixture_magnitude', 'mixture_phase', 'source_phase', 'mix_magnitude', 'ideal_binary_mask', 'source_magnitudes'])
0.2229762077331543 GB allocated
7.046875 GB reserved
dict_keys(['index', 'mixture_magnitude', 'mixture_phase', 'source_phase', 'mix_magnitude', 'ideal_binary_mask', 'source_magnitudes'])
0.2229762077331543 GB allocated
7.046875 GB reserved
dict_keys(['index', 'mixture_magnitude', 'mixture_phase', 'source_phase', 'mix_magnitude', 'ideal_binary_mask', 'source_magnitudes'])
0.2229762077331543 GB allocated
7.046875 GB reserved
dict_keys(['index', 'mixture_magnitude', 'mixture_phase', 'source_phase', 'mix_magnitude', 'ideal_binary_mask', 'source_magnitudes'])
0.2229762077331543 05/30/2026 01:27:57 PM | engine.py:906 Engine run starting with max_epochs=1.
05/30/2026 01:29:05 PM | engine.py:1010 Epoch[1] Complete. Time taken: 00:01:07.525
GB allocated
7.046875 GB reserved
dict_keys(['index', 'mixture_magnitude', 'mixture_phase', 'source_phase', 'mix_magnitude', 'ideal_binary_mask', 'source_magnitudes'])
0.2229762077331543 GB allocated
7.046875 GB reserved
dict_keys(['index', 'mixture_magnitude', 'mixture_phase', 'source_phase', 'mix_magnitude', 'ideal_binary_mask', 'source_magnitudes'])
0.2229762077331543 GB allocated
7.046875 GB reserved
dict_keys(['index', 'mixture_magnitude', 'mixture_phase', 'source_phase', 'mix_magnitude', 'ideal_binary_mask', 'source_magnitudes'])
0.2229762077331543 GB allocated
7.046875 GB reserved
dict_keys(['index', 'mixture_magnitude', 'mixture_phase', 'source_phase', 'mix_magnitude', 'ideal_binary_mask', 'source_magnitudes'])
0.2229762077331543 GB allocated
7.046875 GB reserved
dict_keys(['index', 'mixture_magnitude', 'mixture_phase', 'source_phase', 'mix_magnitude', 'ideal_binary_mask', 'source_magnitudes'])
0.2229762077331543 GB allocated
7.046875 GB reserved
dict_keys(['index', 'mixture_magnitude', 'mixture_phase', 'source_phase', 'mix_magnitude', 'ideal_binary_mask', 'source_magnitudes'])
0.2229762077331543 GB allocated
7.046875 GB reserved
dict_keys(['index', 'mixture_magnitude', 'mixture_phase', 'source_phase', 'mix_magnitude', 'ideal_binary_mask', 'source_magnitudes'])
0.2221231460571289 GB allocated
7.046875 GB reserved
dict_keys(['index', 'mixture_magnitude', 'mixture_phase', 'source_phase', 'mix_magnitude', 'ideal_binary_mask', 'source_magnitudes'])
0.2229762077331543 GB allocated
7.046875 GB reserved
dict_keys(['index', 'mixture_magnitude', 'mixture_phase', 'source_phase', 'mix_magnitude', 'ideal_binary_mask', 'source_magnitudes'])
0.2229762077331543 GB allocated
7.046875 GB reserved
dict_keys(['index', 'mixture_magnitude', 'mixture_phase', 'source_phase', 'mix_magnitude', 'ideal_binary_mask', 'source_magnitudes'])
0.2229762077331543 GB allocated
7.046875 GB reserved
dict_keys(['index', 'mixture_magnitude', 'mixture_phase', 'source_phase', 'mix_magnitude', 'ideal_binary_mask', 'source_magnitudes'])
0.2229762077331543 GB allocated
7.046875 GB reserved
dict_keys(['index', 'mixture_magnitude', 'mixture_phase', 'source_phase', 'mix_magnitude', 'ideal_binary_mask', 'source_magnitudes'])
0.2229762077331543 GB allocated
7.046875 GB reserved
dict_keys(['index', 'mixture_magnitude', 'mixture_phase', 'source_phase', 'mix_magnitude', 'ideal_binary_mask', 'source_magnitudes'])
0.2229762077331543 GB allocated
7.046875 GB reserved
dict_keys(['index', 'mixture_magnitude', 'mixture_phase', 'source_phase', 'mix_magnitude', 'ideal_binary_mask', 'source_magnitudes'])
0.2229762077331543 GB allocated
7.046875 GB reserved
dict_keys(['index', 'mixture_magnitude', 'mixture_phase', 'source_phase', 'mix_magnitude', 'ideal_binary_mask', 'source_magnitudes'])
0.2229762077331543 GB allocated
7.046875 GB reserved
dict_keys(['index', 'mixture_magnitude', 'mixture_phase', 'source_phase', 'mix_magnitude', 'ideal_binary_mask', 'source_magnitudes'])
0.2229762077331543 GB allocated
7.046875 GB reserved
dict_keys(['index', 'mixture_magnitude', 'mixture_phase', 'source_phase', 'mix_magnitude', 'ideal_binary_mask', 'source_magnitudes'])
0.2229762077331543 GB allocated
7.046875 GB reserved
dict_keys(['index', 'mixture_magnitude', 'mixture_phase', 'source_phase', 'mix_magnitude', 'ideal_binary_mask', 'source_magnitudes'])
0.2229762077331543 GB allocated
7.046875 GB reserved
dict_keys(['index', 'mixture_magnitude', 'mixture_phase', 'source_phase', 'mix_magnitude', 'ideal_binary_mask', 'source_magnitudes'])
0.2229762077331543 GB allocated
7.046875 GB reserved
dict_keys(['index', 'mixture_magnitude', 'mixture_phase', 'source_phase', 'mix_magnitude', 'ideal_binary_mask', 'source_magnitudes'])
0.2229762077331543 GB allocated
7.046875 GB reserved
dict_keys(['index', 'mixture_magnitude', 'mixture_phase', 'source_phase', 'mix_magnitude', 'ideal_binary_mask', 'source_magnitudes'])
0.2229762077331543 GB allocated
7.046875 GB reserved
dict_keys(['index', 'mixture_magnitude', 'mixture_phase', 'source_phase', 'mix_magnitude', 'ideal_binary_mask', 'source_magnitudes'])
0.2229762077331543 GB allocated
7.046875 GB reserved
dict_keys(['index', 'mixture_magnitude', 'mixture_phase', 'source_phase', 'mix_magnitude', 'ideal_binary_mask', 'source_magnitudes'])
0.2229762077331543 GB allocated
7.046875 GB reserved
dict_keys(['index', 'mixture_magnitude', 'mixture_phase', 'source_phase', 'mix_magnitude', 'ideal_binary_mask', 'source_magnitudes'])
0.2229762077331543 GB allocated
7.046875 GB reserved
dict_keys(['index', 'mixture_magnitude', 'mixture_phase', 'source_phase', 'mix_magnitude', 'ideal_binary_mask', 'source_magnitudes'])
0.2229762077331543 GB allocated
7.046875 GB reserved
dict_keys(['index', 'mixture_magnitude', 'mixture_phase', 'source_phase', 'mix_magnitude', 'ideal_binary_mask', 'source_magnitudes'])
0.2229762077331543 GB allocated
7.046875 GB reserved
dict_keys(['index', 'mixture_magnitude', 'mixture_phase', 'source_phase', 'mix_magnitude', 'ideal_binary_mask', 'source_magnitudes'])
0.2229762077331543 GB allocated
7.046875 GB reserved
dict_keys(['index', 'mixture_magnitude', 'mixture_phase', 'source_phase', 'mix_magnitude', 'ideal_binary_mask', 'source_magnitudes'])
0.2229762077331543 GB allocated
7.046875 GB reserved
dict_keys(['index', 'mixture_magnitude', 'mixture_phase', 'source_phase', 'mix_magnitude', 'ideal_binary_mask', 'source_magnitudes'])
0.2229762077331543 GB allocated
7.046875 GB reserved
dict_keys(['index', 'mixture_magnitude', 'mixture_phase', 'source_phase', 'mix_magnitude', 'ideal_binary_mask', 'source_magnitudes'])
0.2229762077331543 GB allocated
7.046875 GB reserved
dict_keys(['index', 'mixture_magnitude', 'mixture_phase', 'source_phase', 'mix_magnitude', 'ideal_binary_mask', 'source_magnitudes'])
0.2229762077331543 GB allocated
7.046875 GB reserved
dict_keys(['index', 'mixture_magnitude', 'mixture_phase', 'source_phase', 'mix_magnitude', 'ideal_binary_mask', 'source_magnitudes'])
0.2221231460571289 GB allocated
7.046875 GB reserved
dict_keys(['index', 'mixture_magnitude', 'mixture_phase', 'source_phase', 'mix_magnitude', 'ideal_binary_mask', 'source_magnitudes'])
0.2229762077331543 GB allocated
7.046875 GB reserved
dict_keys(['index', 'mixture_magnitude', 'mixture_phase', 'source_phase', 'mix_magnitude', 'ideal_binary_mask', 'source_magnitudes'])
0.2229762077331543 GB allocated
7.046875 GB reserved
dict_keys(['index', 'mixture_magnitude', 'mixture_phase', 'source_phase', 'mix_magnitude', 'ideal_binary_mask', 'source_magnitudes'])
0.2229762077331543 GB allocated
7.046875 GB reserved
dict_keys(['index', 'mixture_magnitude', 'mixture_phase', 'source_phase', 'mix_magnitude', 'ideal_binary_mask', 'source_magnitudes'])
0.2229762077331543 GB allocated
7.046875 GB reserved
dict_keys(['index', 'mixture_magnitude', 'mixture_phase', 'source_phase', 'mix_magnitude', 'ideal_binary_mask', 'source_magnitudes'])
0.2229762077331543 GB allocated
7.046875 GB reserved
dict_keys(['index', 'mixture_magnitude', 'mixture_phase', 'source_phase', 'mix_magnitude', 'ideal_binary_mask', 'source_magnitudes'])
0.2229762077331543 GB allocated
7.046875 GB reserved
dict_keys(['index', 'mixture_magnitude', 'mixture_phase', 'source_phase', 'mix_magnitude', 'ideal_binary_mask', 'source_magnitudes'])
0.2229762077331543 GB allocated
7.046875 GB reserved
dict_keys(['index', 'mixture_magnitude', 'mixture_phase', 'source_phase', 'mix_magnitude', 'ideal_binary_mask', 'source_magnitudes'])
0.2229762077331543 GB allocated
7.046875 GB reserved
dict_keys(['index', 'mixture_magnitude', 'mixture_phase', 'source_phase', 'mix_magnitude', 'ideal_binary_mask', 'source_magnitudes'])
0.2229762077331543 GB allocated
7.046875 GB reserved
dict_keys(['index', 'mixture_magnitude', 'mixture_phase', 'source_phase', 'mix_magnitude', 'ideal_binary_mask', 'source_magnitudes'])
0.2229762077331543 GB allocated
7.046875 GB reserved
dict_keys(['index', 'mixture_magnitude', 'mixture_phase', 'source_phase', 'mix_magnitude', 'ideal_binary_mask', 'source_magnitudes'])
0.2229762077331543 GB allocated
7.046875 GB reserved
dict_keys(['index', 'mixture_magnitude', 'mixture_phase', 'source_phase', 'mix_magnitude', 'ideal_binary_mask', 'source_magnitudes'])
0.2229762077331543 GB allocated
7.046875 GB reserved
dict_keys(['index', 'mixture_magnitude', 'mixture_phase', 'source_phase', 'mix_magnitude', 'ideal_binary_mask', 'source_magnitudes'])
0.2229762077331543 GB allocated
7.046875 GB reserved
dict_keys(['index', 'mixture_magnitude', 'mixture_phase', 'source_phase', 'mix_magnitude', 'ideal_binary_mask', 'source_magnitudes'])
0.2229762077331543 GB allocated
7.046875 GB reserved
dict_keys(['index', 'mixture_magnitude', 'mixture_phase', 'source_phase', 'mix_magnitude', 'ideal_binary_mask', 'source_magnitudes'])
0.2229762077331543 GB allocated
7.046875 GB reserved
dict_keys(['index', 'mixture_magnitude', 'mixture_phase', 'source_phase', 'mix_magnitude', 'ideal_binary_mask', 'source_magnitudes'])
0.2229762077331543 GB allocated
7.046875 GB reserved
dict_keys(['index', 'mixture_magnitude', 'mixture_phase', 'source_phase', 'mix_magnitude', 'ideal_binary_mask', 'source_magnitudes'])
0.2229762077331543 GB allocated
7.046875 GB reserved
dict_keys(['index', 'mixture_magnitude', 'mixture_phase', 'source_phase', 'mix_magnitude', 'ideal_binary_mask', 'source_magnitudes'])
0.2229762077331543 GB allocated
7.046875 GB reserved
dict_keys(['index', 'mixture_magnitude', 'mixture_phase', 'source_phase', 'mix_magnitude', 'ideal_binary_mask', 'source_magnitudes'])
0.2229762077331543 GB allocated
7.046875 GB reserved
dict_keys(['index', 'mixture_magnitude', 'mixture_phase', 'source_phase', 'mix_magnitude', 'ideal_binary_mask', 'source_magnitudes'])
0.2229762077331543 GB allocated
7.046875 GB reserved
dict_keys(['index', 'mixture_magnitude', 'mixture_phase', 'source_phase', 'mix_magnitude', 'ideal_binary_mask', 'source_magnitudes'])
0.2229762077331543 GB allocated
7.046875 GB reserved
dict_keys(['index', 'mixture_magnitude', 'mixture_phase', 'source_phase', 'mix_magnitude', 'ideal_binary_mask', 'source_magnitudes'])
0.2229762077331543 GB allocated
7.046875 GB reserved
dict_keys(['index', 'mixture_magnitude', 'mixture_phase', 'source_phase', 'mix_magnitude', 'ideal_binary_mask', 'source_magnitudes'])
0.2229762077331543 GB allocated
7.046875 GB reserved
dict_keys(['index', 'mixture_magnitude', 'mixture_phase', 'source_phase', 'mix_magnitude', 'ideal_binary_mask', 'source_magnitudes'])
0.2229762077331543 GB allocated
7.046875 GB reserved
dict_keys(['index', 'mixture_magnitude', 'mixture_phase', 'source_phase', 'mix_magnitude', 'ideal_binary_mask', 'source_magnitudes'])
[Validator] Epoch 9 - val_loss: 0.000001
[BEST CHECKPOINT] Guardado/actualizado en: checkpoints\Mis_modelos_v2\experimental\deep_feature checkpoints\4stems\best_checkpoint_1_val_loss=-0.0000.pt
05/30/2026 01:29:05 PM | engine.py:1037 Engine run finished. Time taken: 00:01:07.527
[Epoch 9] train_loss=0.000001 | val_loss=0.000001
05/30/2026 01:29:05 PM | engine.py:1010 Epoch[9] Complete. Time taken: 00:03:25.172
0.2221231460571289 GB allocated
7.046875 GB reserved
dict_keys(['index', 'mixture_magnitude', 'mixture_phase', 'source_phase', 'mix_magnitude', 'ideal_binary_mask', 'source_magnitudes'])
0.2229762077331543 GB allocated
7.046875 GB reserved
dict_keys(['index', 'mixture_magnitude', 'mixture_phase', 'source_phase', 'mix_magnitude', 'ideal_binary_mask', 'source_magnitudes'])
0.2229762077331543 GB allocated
7.046875 GB reserved
dict_keys(['index', 'mixture_magnitude', 'mixture_phase', 'source_phase', 'mix_magnitude', 'ideal_binary_mask', 'source_magnitudes'])
0.2229762077331543 GB allocated
7.046875 GB reserved
dict_keys(['index', 'mixture_magnitude', 'mixture_phase', 'source_phase', 'mix_magnitude', 'ideal_binary_mask', 'source_magnitudes'])
0.2229762077331543 GB allocated
7.046875 GB reserved
dict_keys(['index', 'mixture_magnitude', 'mixture_phase', 'source_phase', 'mix_magnitude', 'ideal_binary_mask', 'source_magnitudes'])
0.2229762077331543 GB allocated
7.046875 GB reserved
dict_keys(['index', 'mixture_magnitude', 'mixture_phase', 'source_phase', 'mix_magnitude', 'ideal_binary_mask', 'source_magnitudes'])
0.2229762077331543 GB allocated
7.046875 GB reserved
dict_keys(['index', 'mixture_magnitude', 'mixture_phase', 'source_phase', 'mix_magnitude', 'ideal_binary_mask', 'source_magnitudes'])
0.2229762077331543 GB allocated
7.046875 GB reserved
dict_keys(['index', 'mixture_magnitude', 'mixture_phase', 'source_phase', 'mix_magnitude', 'ideal_binary_mask', 'source_magnitudes'])
0.2229762077331543 GB allocated
7.046875 GB reserved
dict_keys(['index', 'mixture_magnitude', 'mixture_phase', 'source_phase', 'mix_magnitude', 'ideal_binary_mask', 'source_magnitudes'])
0.2229762077331543 GB allocated
7.046875 GB reserved
dict_keys(['index', 'mixture_magnitude', 'mixture_phase', 'source_phase', 'mix_magnitude', 'ideal_binary_mask', 'source_magnitudes'])
0.2229762077331543 GB allocated
7.046875 GB reserved
dict_keys(['index', 'mixture_magnitude', 'mixture_phase', 'source_phase', 'mix_magnitude', 'ideal_binary_mask', 'source_magnitudes'])
0.2229762077331543 GB allocated
7.046875 GB reserved
dict_keys(['index', 'mixture_magnitude', 'mixture_phase', 'source_phase', 'mix_magnitude', 'ideal_binary_mask', 'source_magnitudes'])
0.2229762077331543 GB allocated
7.046875 GB reserved
dict_keys(['index', 'mixture_magnitude', 'mixture_phase', 'source_phase', 'mix_magnitude', 'ideal_binary_mask', 'source_magnitudes'])
0.2229762077331543 GB allocated
7.046875 GB reserved
dict_keys(['index', 'mixture_magnitude', 'mixture_phase', 'source_phase', 'mix_magnitude', 'ideal_binary_mask', 'source_magnitudes'])
0.2229762077331543 GB allocated
7.046875 GB reserved
dict_keys(['index', 'mixture_magnitude', 'mixture_phase', 'source_phase', 'mix_magnitude', 'ideal_binary_mask', 'source_magnitudes'])
0.2229762077331543 GB allocated
7.046875 GB reserved
dict_keys(['index', 'mixture_magnitude', 'mixture_phase', 'source_phase', 'mix_magnitude', 'ideal_binary_mask', 'source_magnitudes'])
0.2229762077331543 GB allocated
7.046875 GB reserved
dict_keys(['index', 'mixture_magnitude', 'mixture_phase', 'source_phase', 'mix_magnitude', 'ideal_binary_mask', 'source_magnitudes'])
0.2229762077331543 GB allocated
7.046875 GB reserved
dict_keys(['index', 'mixture_magnitude', 'mixture_phase', 'source_phase', 'mix_magnitude', 'ideal_binary_mask', 'source_magnitudes'])
0.2229762077331543 GB allocated
7.046875 GB reserved
dict_keys(['index', 'mixture_magnitude', 'mixture_phase', 'source_phase', 'mix_magnitude', 'ideal_binary_mask', 'source_magnitudes'])
0.2229762077331543 GB allocated
7.046875 GB reserved
dict_keys(['index', 'mixture_magnitude', 'mixture_phase', 'source_phase', 'mix_magnitude', 'ideal_binary_mask', 'source_magnitudes'])
0.2229762077331543 GB allocated
7.046875 GB reserved
dict_keys(['index', 'mixture_magnitude', 'mixture_phase', 'source_phase', 'mix_magnitude', 'ideal_binary_mask', 'source_magnitudes'])
0.2229762077331543 GB allocated
7.046875 GB reserved
dict_keys(['index', 'mixture_magnitude', 'mixture_phase', 'source_phase', 'mix_magnitude', 'ideal_binary_mask', 'source_magnitudes'])
0.2229762077331543 GB allocated
7.046875 GB reserved
dict_keys(['index', 'mixture_magnitude', 'mixture_phase', 'source_phase', 'mix_magnitude', 'ideal_binary_mask', 'source_magnitudes'])
0.2229762077331543 GB allocated
7.046875 GB reserved
dict_keys(['index', 'mixture_magnitude', 'mixture_phase', 'source_phase', 'mix_magnitude', 'ideal_binary_mask', 'source_magnitudes'])
0.2229762077331543 GB allocated
7.046875 GB reserved
dict_keys(['index', 'mixture_magnitude', 'mixture_phase', 'source_phase', 'mix_magnitude', 'ideal_binary_mask', 'source_magnitudes'])
0.2221231460571289 GB allocated
7.046875 GB reserved
dict_keys(['index', 'mixture_magnitude', 'mixture_phase', 'source_phase', 'mix_magnitude', 'ideal_binary_mask', 'source_magnitudes'])
0.2229762077331543 GB allocated
7.046875 GB reserved
dict_keys(['index', 'mixture_magnitude', 'mixture_phase', 'source_phase', 'mix_magnitude', 'ideal_binary_mask', 'source_magnitudes'])
0.2229762077331543 GB allocated
7.046875 GB reserved
dict_keys(['index', 'mixture_magnitude', 'mixture_phase', 'source_phase', 'mix_magnitude', 'ideal_binary_mask', 'source_magnitudes'])
0.2229762077331543 GB allocated
7.046875 GB reserved
dict_keys(['index', 'mixture_magnitude', 'mixture_phase', 'source_phase', 'mix_magnitude', 'ideal_binary_mask', 'source_magnitudes'])
0.2229762077331543 GB allocated
7.046875 GB reserved
dict_keys(['index', 'mixture_magnitude', 'mixture_phase', 'source_phase', 'mix_magnitude', 'ideal_binary_mask', 'source_magnitudes'])
0.2229762077331543 GB allocated
7.046875 GB reserved
dict_keys(['index', 'mixture_magnitude', 'mixture_phase', 'source_phase', 'mix_magnitude', 'ideal_binary_mask', 'source_magnitudes'])
0.2229762077331543 GB allocated
7.046875 GB reserved
dict_keys(['index', 'mixture_magnitude', 'mixture_phase', 'source_phase', 'mix_magnitude', 'ideal_binary_mask', 'source_magnitudes'])
0.2229762077331543 GB allocated
7.046875 GB reserved
dict_keys(['index', 'mixture_magnitude', 'mixture_phase', 'source_phase', 'mix_magnitude', 'ideal_binary_mask', 'source_magnitudes'])
0.2229762077331543 GB allocated
7.046875 GB reserved
dict_keys(['index', 'mixture_magnitude', 'mixture_phase', 'source_phase', 'mix_magnitude', 'ideal_binary_mask', 'source_magnitudes'])
0.2229762077331543 GB allocated
7.046875 GB reserved
dict_keys(['index', 'mixture_magnitude', 'mixture_phase', 'source_phase', 'mix_magnitude', 'ideal_binary_mask', 'source_magnitudes'])
0.2229762077331543 GB allocated
7.046875 GB reserved
dict_keys(['index', 'mixture_magnitude', 'mixture_phase', 'source_phase', 'mix_magnitude', 'ideal_binary_mask', 'source_magnitudes'])
0.2229762077331543 GB allocated
7.046875 GB reserved
dict_keys(['index', 'mixture_magnitude', 'mixture_phase', 'source_phase', 'mix_magnitude', 'ideal_binary_mask', 'source_magnitudes'])
0.2229762077331543 GB allocated
7.046875 GB reserved
dict_keys(['index', 'mixture_magnitude', 'mixture_phase', 'source_phase', 'mix_magnitude', 'ideal_binary_mask', 'source_magnitudes'])
0.2229762077331543 GB allocated
7.046875 GB reserved
dict_keys(['index', 'mixture_magnitude', 'mixture_phase', 'source_phase', 'mix_magnitude', 'ideal_binary_mask', 'source_magnitudes'])
0.2229762077331543 GB allocated
7.046875 GB reserved
dict_keys(['index', 'mixture_magnitude', 'mixture_phase', 'source_phase', 'mix_magnitude', 'ideal_binary_mask', 'source_magnitudes'])
0.2229762077331543 GB allocated
7.046875 GB reserved
dict_keys(['index', 'mixture_magnitude', 'mixture_phase', 'source_phase', 'mix_magnitude', 'ideal_binary_mask', 'source_magnitudes'])
0.2229762077331543 GB allocated
7.046875 GB reserved
dict_keys(['index', 'mixture_magnitude', 'mixture_phase', 'source_phase', 'mix_magnitude', 'ideal_binary_mask', 'source_magnitudes'])
0.2229762077331543 GB allocated
7.046875 GB reserved
dict_keys(['index', 'mixture_magnitude', 'mixture_phase', 'source_phase', 'mix_magnitude', 'ideal_binary_mask', 'source_magnitudes'])
0.2229762077331543 05/30/2026 01:31:25 PM | engine.py:906 Engine run starting with max_epochs=1.
05/30/2026 01:32:32 PM | engine.py:1010 Epoch[1] Complete. Time taken: 00:01:06.629
GB allocated
7.046875 GB reserved
dict_keys(['index', 'mixture_magnitude', 'mixture_phase', 'source_phase', 'mix_magnitude', 'ideal_binary_mask', 'source_magnitudes'])
0.2229762077331543 GB allocated
7.046875 GB reserved
dict_keys(['index', 'mixture_magnitude', 'mixture_phase', 'source_phase', 'mix_magnitude', 'ideal_binary_mask', 'source_magnitudes'])
0.2229762077331543 GB allocated
7.046875 GB reserved
dict_keys(['index', 'mixture_magnitude', 'mixture_phase', 'source_phase', 'mix_magnitude', 'ideal_binary_mask', 'source_magnitudes'])
0.2229762077331543 GB allocated
7.046875 GB reserved
dict_keys(['index', 'mixture_magnitude', 'mixture_phase', 'source_phase', 'mix_magnitude', 'ideal_binary_mask', 'source_magnitudes'])
0.2229762077331543 GB allocated
7.046875 GB reserved
dict_keys(['index', 'mixture_magnitude', 'mixture_phase', 'source_phase', 'mix_magnitude', 'ideal_binary_mask', 'source_magnitudes'])
0.2229762077331543 GB allocated
7.046875 GB reserved
dict_keys(['index', 'mixture_magnitude', 'mixture_phase', 'source_phase', 'mix_magnitude', 'ideal_binary_mask', 'source_magnitudes'])
0.2229762077331543 GB allocated
7.046875 GB reserved
dict_keys(['index', 'mixture_magnitude', 'mixture_phase', 'source_phase', 'mix_magnitude', 'ideal_binary_mask', 'source_magnitudes'])
0.2221231460571289 GB allocated
7.046875 GB reserved
dict_keys(['index', 'mixture_magnitude', 'mixture_phase', 'source_phase', 'mix_magnitude', 'ideal_binary_mask', 'source_magnitudes'])
0.2229762077331543 GB allocated
7.046875 GB reserved
dict_keys(['index', 'mixture_magnitude', 'mixture_phase', 'source_phase', 'mix_magnitude', 'ideal_binary_mask', 'source_magnitudes'])
0.2229762077331543 GB allocated
7.046875 GB reserved
dict_keys(['index', 'mixture_magnitude', 'mixture_phase', 'source_phase', 'mix_magnitude', 'ideal_binary_mask', 'source_magnitudes'])
0.2229762077331543 GB allocated
7.046875 GB reserved
dict_keys(['index', 'mixture_magnitude', 'mixture_phase', 'source_phase', 'mix_magnitude', 'ideal_binary_mask', 'source_magnitudes'])
0.2229762077331543 GB allocated
7.046875 GB reserved
dict_keys(['index', 'mixture_magnitude', 'mixture_phase', 'source_phase', 'mix_magnitude', 'ideal_binary_mask', 'source_magnitudes'])
0.2229762077331543 GB allocated
7.046875 GB reserved
dict_keys(['index', 'mixture_magnitude', 'mixture_phase', 'source_phase', 'mix_magnitude', 'ideal_binary_mask', 'source_magnitudes'])
0.2229762077331543 GB allocated
7.046875 GB reserved
dict_keys(['index', 'mixture_magnitude', 'mixture_phase', 'source_phase', 'mix_magnitude', 'ideal_binary_mask', 'source_magnitudes'])
0.2229762077331543 GB allocated
7.046875 GB reserved
dict_keys(['index', 'mixture_magnitude', 'mixture_phase', 'source_phase', 'mix_magnitude', 'ideal_binary_mask', 'source_magnitudes'])
0.2229762077331543 GB allocated
7.046875 GB reserved
dict_keys(['index', 'mixture_magnitude', 'mixture_phase', 'source_phase', 'mix_magnitude', 'ideal_binary_mask', 'source_magnitudes'])
0.2229762077331543 GB allocated
7.046875 GB reserved
dict_keys(['index', 'mixture_magnitude', 'mixture_phase', 'source_phase', 'mix_magnitude', 'ideal_binary_mask', 'source_magnitudes'])
0.2229762077331543 GB allocated
7.046875 GB reserved
dict_keys(['index', 'mixture_magnitude', 'mixture_phase', 'source_phase', 'mix_magnitude', 'ideal_binary_mask', 'source_magnitudes'])
0.2229762077331543 GB allocated
7.046875 GB reserved
dict_keys(['index', 'mixture_magnitude', 'mixture_phase', 'source_phase', 'mix_magnitude', 'ideal_binary_mask', 'source_magnitudes'])
0.2229762077331543 GB allocated
7.046875 GB reserved
dict_keys(['index', 'mixture_magnitude', 'mixture_phase', 'source_phase', 'mix_magnitude', 'ideal_binary_mask', 'source_magnitudes'])
0.2229762077331543 GB allocated
7.046875 GB reserved
dict_keys(['index', 'mixture_magnitude', 'mixture_phase', 'source_phase', 'mix_magnitude', 'ideal_binary_mask', 'source_magnitudes'])
0.2229762077331543 GB allocated
7.046875 GB reserved
dict_keys(['index', 'mixture_magnitude', 'mixture_phase', 'source_phase', 'mix_magnitude', 'ideal_binary_mask', 'source_magnitudes'])
0.2229762077331543 GB allocated
7.046875 GB reserved
dict_keys(['index', 'mixture_magnitude', 'mixture_phase', 'source_phase', 'mix_magnitude', 'ideal_binary_mask', 'source_magnitudes'])
0.2229762077331543 GB allocated
7.046875 GB reserved
dict_keys(['index', 'mixture_magnitude', 'mixture_phase', 'source_phase', 'mix_magnitude', 'ideal_binary_mask', 'source_magnitudes'])
0.2229762077331543 GB allocated
7.046875 GB reserved
dict_keys(['index', 'mixture_magnitude', 'mixture_phase', 'source_phase', 'mix_magnitude', 'ideal_binary_mask', 'source_magnitudes'])
0.2229762077331543 GB allocated
7.046875 GB reserved
dict_keys(['index', 'mixture_magnitude', 'mixture_phase', 'source_phase', 'mix_magnitude', 'ideal_binary_mask', 'source_magnitudes'])
0.2229762077331543 GB allocated
7.046875 GB reserved
dict_keys(['index', 'mixture_magnitude', 'mixture_phase', 'source_phase', 'mix_magnitude', 'ideal_binary_mask', 'source_magnitudes'])
0.2229762077331543 GB allocated
7.046875 GB reserved
dict_keys(['index', 'mixture_magnitude', 'mixture_phase', 'source_phase', 'mix_magnitude', 'ideal_binary_mask', 'source_magnitudes'])
0.2229762077331543 GB allocated
7.046875 GB reserved
dict_keys(['index', 'mixture_magnitude', 'mixture_phase', 'source_phase', 'mix_magnitude', 'ideal_binary_mask', 'source_magnitudes'])
0.2229762077331543 GB allocated
7.046875 GB reserved
dict_keys(['index', 'mixture_magnitude', 'mixture_phase', 'source_phase', 'mix_magnitude', 'ideal_binary_mask', 'source_magnitudes'])
0.2229762077331543 GB allocated
7.046875 GB reserved
dict_keys(['index', 'mixture_magnitude', 'mixture_phase', 'source_phase', 'mix_magnitude', 'ideal_binary_mask', 'source_magnitudes'])
0.2229762077331543 GB allocated
7.046875 GB reserved
dict_keys(['index', 'mixture_magnitude', 'mixture_phase', 'source_phase', 'mix_magnitude', 'ideal_binary_mask', 'source_magnitudes'])
0.2221231460571289 GB allocated
7.046875 GB reserved
dict_keys(['index', 'mixture_magnitude', 'mixture_phase', 'source_phase', 'mix_magnitude', 'ideal_binary_mask', 'source_magnitudes'])
0.2229762077331543 GB allocated
7.046875 GB reserved
dict_keys(['index', 'mixture_magnitude', 'mixture_phase', 'source_phase', 'mix_magnitude', 'ideal_binary_mask', 'source_magnitudes'])
0.2229762077331543 GB allocated
7.046875 GB reserved
dict_keys(['index', 'mixture_magnitude', 'mixture_phase', 'source_phase', 'mix_magnitude', 'ideal_binary_mask', 'source_magnitudes'])
0.2229762077331543 GB allocated
7.046875 GB reserved
dict_keys(['index', 'mixture_magnitude', 'mixture_phase', 'source_phase', 'mix_magnitude', 'ideal_binary_mask', 'source_magnitudes'])
0.2229762077331543 GB allocated
7.046875 GB reserved
dict_keys(['index', 'mixture_magnitude', 'mixture_phase', 'source_phase', 'mix_magnitude', 'ideal_binary_mask', 'source_magnitudes'])
0.2229762077331543 GB allocated
7.046875 GB reserved
dict_keys(['index', 'mixture_magnitude', 'mixture_phase', 'source_phase', 'mix_magnitude', 'ideal_binary_mask', 'source_magnitudes'])
0.2229762077331543 GB allocated
7.046875 GB reserved
dict_keys(['index', 'mixture_magnitude', 'mixture_phase', 'source_phase', 'mix_magnitude', 'ideal_binary_mask', 'source_magnitudes'])
0.2229762077331543 GB allocated
7.046875 GB reserved
dict_keys(['index', 'mixture_magnitude', 'mixture_phase', 'source_phase', 'mix_magnitude', 'ideal_binary_mask', 'source_magnitudes'])
0.2229762077331543 GB allocated
7.046875 GB reserved
dict_keys(['index', 'mixture_magnitude', 'mixture_phase', 'source_phase', 'mix_magnitude', 'ideal_binary_mask', 'source_magnitudes'])
0.2229762077331543 GB allocated
7.046875 GB reserved
dict_keys(['index', 'mixture_magnitude', 'mixture_phase', 'source_phase', 'mix_magnitude', 'ideal_binary_mask', 'source_magnitudes'])
0.2229762077331543 GB allocated
7.046875 GB reserved
dict_keys(['index', 'mixture_magnitude', 'mixture_phase', 'source_phase', 'mix_magnitude', 'ideal_binary_mask', 'source_magnitudes'])
0.2229762077331543 GB allocated
7.046875 GB reserved
dict_keys(['index', 'mixture_magnitude', 'mixture_phase', 'source_phase', 'mix_magnitude', 'ideal_binary_mask', 'source_magnitudes'])
0.2229762077331543 GB allocated
7.046875 GB reserved
dict_keys(['index', 'mixture_magnitude', 'mixture_phase', 'source_phase', 'mix_magnitude', 'ideal_binary_mask', 'source_magnitudes'])
0.2229762077331543 GB allocated
7.046875 GB reserved
dict_keys(['index', 'mixture_magnitude', 'mixture_phase', 'source_phase', 'mix_magnitude', 'ideal_binary_mask', 'source_magnitudes'])
0.2229762077331543 GB allocated
7.046875 GB reserved
dict_keys(['index', 'mixture_magnitude', 'mixture_phase', 'source_phase', 'mix_magnitude', 'ideal_binary_mask', 'source_magnitudes'])
0.2229762077331543 GB allocated
7.046875 GB reserved
dict_keys(['index', 'mixture_magnitude', 'mixture_phase', 'source_phase', 'mix_magnitude', 'ideal_binary_mask', 'source_magnitudes'])
0.2229762077331543 GB allocated
7.046875 GB reserved
dict_keys(['index', 'mixture_magnitude', 'mixture_phase', 'source_phase', 'mix_magnitude', 'ideal_binary_mask', 'source_magnitudes'])
0.2229762077331543 GB allocated
7.046875 GB reserved
dict_keys(['index', 'mixture_magnitude', 'mixture_phase', 'source_phase', 'mix_magnitude', 'ideal_binary_mask', 'source_magnitudes'])
0.2229762077331543 GB allocated
7.046875 GB reserved
dict_keys(['index', 'mixture_magnitude', 'mixture_phase', 'source_phase', 'mix_magnitude', 'ideal_binary_mask', 'source_magnitudes'])
0.2229762077331543 GB allocated
7.046875 GB reserved
dict_keys(['index', 'mixture_magnitude', 'mixture_phase', 'source_phase', 'mix_magnitude', 'ideal_binary_mask', 'source_magnitudes'])
0.2229762077331543 GB allocated
7.046875 GB reserved
dict_keys(['index', 'mixture_magnitude', 'mixture_phase', 'source_phase', 'mix_magnitude', 'ideal_binary_mask', 'source_magnitudes'])
0.2229762077331543 GB allocated
7.046875 GB reserved
dict_keys(['index', 'mixture_magnitude', 'mixture_phase', 'source_phase', 'mix_magnitude', 'ideal_binary_mask', 'source_magnitudes'])
0.2229762077331543 GB allocated
7.046875 GB reserved
dict_keys(['index', 'mixture_magnitude', 'mixture_phase', 'source_phase', 'mix_magnitude', 'ideal_binary_mask', 'source_magnitudes'])
0.2229762077331543 GB allocated
7.046875 GB reserved
dict_keys(['index', 'mixture_magnitude', 'mixture_phase', 'source_phase', 'mix_magnitude', 'ideal_binary_mask', 'source_magnitudes'])
0.2229762077331543 GB allocated
7.046875 GB reserved
dict_keys(['index', 'mixture_magnitude', 'mixture_phase', 'source_phase', 'mix_magnitude', 'ideal_binary_mask', 'source_magnitudes'])
[Validator] Epoch 10 - val_loss: 0.000001
[BEST CHECKPOINT] Guardado/actualizado en: checkpoints\Mis_modelos_v2\experimental\deep_feature checkpoints\4stems\best_checkpoint_1_val_loss=-0.0000.pt
05/30/2026 01:32:32 PM | engine.py:1037 Engine run finished. Time taken: 00:01:06.629
[Epoch 10] train_loss=0.000001 | val_loss=0.000001
05/30/2026 01:32:32 PM | engine.py:1010 Epoch[10] Complete. Time taken: 00:03:27.347
0.2221231460571289 GB allocated
7.046875 GB reserved
dict_keys(['index', 'mixture_magnitude', 'mixture_phase', 'source_phase', 'mix_magnitude', 'ideal_binary_mask', 'source_magnitudes'])
0.2229762077331543 GB allocated
7.046875 GB reserved
dict_keys(['index', 'mixture_magnitude', 'mixture_phase', 'source_phase', 'mix_magnitude', 'ideal_binary_mask', 'source_magnitudes'])
0.2229762077331543 GB allocated
7.046875 GB reserved
dict_keys(['index', 'mixture_magnitude', 'mixture_phase', 'source_phase', 'mix_magnitude', 'ideal_binary_mask', 'source_magnitudes'])
0.2229762077331543 GB allocated
7.046875 GB reserved
dict_keys(['index', 'mixture_magnitude', 'mixture_phase', 'source_phase', 'mix_magnitude', 'ideal_binary_mask', 'source_magnitudes'])
0.2229762077331543 GB allocated
7.046875 GB reserved
dict_keys(['index', 'mixture_magnitude', 'mixture_phase', 'source_phase', 'mix_magnitude', 'ideal_binary_mask', 'source_magnitudes'])
0.2229762077331543 GB allocated
7.046875 GB reserved
dict_keys(['index', 'mixture_magnitude', 'mixture_phase', 'source_phase', 'mix_magnitude', 'ideal_binary_mask', 'source_magnitudes'])
0.2229762077331543 GB allocated
7.046875 GB reserved
dict_keys(['index', 'mixture_magnitude', 'mixture_phase', 'source_phase', 'mix_magnitude', 'ideal_binary_mask', 'source_magnitudes'])
0.2229762077331543 GB allocated
7.046875 GB reserved
dict_keys(['index', 'mixture_magnitude', 'mixture_phase', 'source_phase', 'mix_magnitude', 'ideal_binary_mask', 'source_magnitudes'])
0.2229762077331543 GB allocated
7.046875 GB reserved
dict_keys(['index', 'mixture_magnitude', 'mixture_phase', 'source_phase', 'mix_magnitude', 'ideal_binary_mask', 'source_magnitudes'])
0.2229762077331543 GB allocated
7.046875 GB reserved
dict_keys(['index', 'mixture_magnitude', 'mixture_phase', 'source_phase', 'mix_magnitude', 'ideal_binary_mask', 'source_magnitudes'])
0.2229762077331543 GB allocated
7.046875 GB reserved
dict_keys(['index', 'mixture_magnitude', 'mixture_phase', 'source_phase', 'mix_magnitude', 'ideal_binary_mask', 'source_magnitudes'])
0.2229762077331543 GB allocated
7.046875 GB reserved
dict_keys(['index', 'mixture_magnitude', 'mixture_phase', 'source_phase', 'mix_magnitude', 'ideal_binary_mask', 'source_magnitudes'])
0.2229762077331543 GB allocated
7.046875 GB reserved
dict_keys(['index', 'mixture_magnitude', 'mixture_phase', 'source_phase', 'mix_magnitude', 'ideal_binary_mask', 'source_magnitudes'])
0.2229762077331543 GB allocated
7.046875 GB reserved
dict_keys(['index', 'mixture_magnitude', 'mixture_phase', 'source_phase', 'mix_magnitude', 'ideal_binary_mask', 'source_magnitudes'])
0.2229762077331543 GB allocated
7.046875 GB reserved
dict_keys(['index', 'mixture_magnitude', 'mixture_phase', 'source_phase', 'mix_magnitude', 'ideal_binary_mask', 'source_magnitudes'])
0.2229762077331543 GB allocated
7.046875 GB reserved
dict_keys(['index', 'mixture_magnitude', 'mixture_phase', 'source_phase', 'mix_magnitude', 'ideal_binary_mask', 'source_magnitudes'])
0.2229762077331543 GB allocated
7.046875 GB reserved
dict_keys(['index', 'mixture_magnitude', 'mixture_phase', 'source_phase', 'mix_magnitude', 'ideal_binary_mask', 'source_magnitudes'])
0.2229762077331543 GB allocated
7.046875 GB reserved
dict_keys(['index', 'mixture_magnitude', 'mixture_phase', 'source_phase', 'mix_magnitude', 'ideal_binary_mask', 'source_magnitudes'])
0.2229762077331543 GB allocated
7.046875 GB reserved
dict_keys(['index', 'mixture_magnitude', 'mixture_phase', 'source_phase', 'mix_magnitude', 'ideal_binary_mask', 'source_magnitudes'])
0.2229762077331543 GB allocated
7.046875 GB reserved
dict_keys(['index', 'mixture_magnitude', 'mixture_phase', 'source_phase', 'mix_magnitude', 'ideal_binary_mask', 'source_magnitudes'])
0.2229762077331543 GB allocated
7.046875 GB reserved
dict_keys(['index', 'mixture_magnitude', 'mixture_phase', 'source_phase', 'mix_magnitude', 'ideal_binary_mask', 'source_magnitudes'])
0.2229762077331543 GB allocated
7.046875 GB reserved
dict_keys(['index', 'mixture_magnitude', 'mixture_phase', 'source_phase', 'mix_magnitude', 'ideal_binary_mask', 'source_magnitudes'])
0.2229762077331543 GB allocated
7.046875 GB reserved
dict_keys(['index', 'mixture_magnitude', 'mixture_phase', 'source_phase', 'mix_magnitude', 'ideal_binary_mask', 'source_magnitudes'])
0.2229762077331543 GB allocated
7.046875 GB reserved
dict_keys(['index', 'mixture_magnitude', 'mixture_phase', 'source_phase', 'mix_magnitude', 'ideal_binary_mask', 'source_magnitudes'])
0.2229762077331543 GB allocated
7.046875 GB reserved
dict_keys(['index', 'mixture_magnitude', 'mixture_phase', 'source_phase', 'mix_magnitude', 'ideal_binary_mask', 'source_magnitudes'])
0.2221231460571289 GB allocated
7.046875 GB reserved
dict_keys(['index', 'mixture_magnitude', 'mixture_phase', 'source_phase', 'mix_magnitude', 'ideal_binary_mask', 'source_magnitudes'])
0.2229762077331543 GB allocated
7.046875 GB reserved
dict_keys(['index', 'mixture_magnitude', 'mixture_phase', 'source_phase', 'mix_magnitude', 'ideal_binary_mask', 'source_magnitudes'])
0.2229762077331543 GB allocated
7.046875 GB reserved
dict_keys(['index', 'mixture_magnitude', 'mixture_phase', 'source_phase', 'mix_magnitude', 'ideal_binary_mask', 'source_magnitudes'])
0.2229762077331543 GB allocated
7.046875 GB reserved
dict_keys(['index', 'mixture_magnitude', 'mixture_phase', 'source_phase', 'mix_magnitude', 'ideal_binary_mask', 'source_magnitudes'])
0.2229762077331543 GB allocated
7.046875 GB reserved
dict_keys(['index', 'mixture_magnitude', 'mixture_phase', 'source_phase', 'mix_magnitude', 'ideal_binary_mask', 'source_magnitudes'])
0.2229762077331543 GB allocated
7.046875 GB reserved
dict_keys(['index', 'mixture_magnitude', 'mixture_phase', 'source_phase', 'mix_magnitude', 'ideal_binary_mask', 'source_magnitudes'])
0.2229762077331543 GB allocated
7.046875 GB reserved
dict_keys(['index', 'mixture_magnitude', 'mixture_phase', 'source_phase', 'mix_magnitude', 'ideal_binary_mask', 'source_magnitudes'])
0.2229762077331543 GB allocated
7.046875 GB reserved
dict_keys(['index', 'mixture_magnitude', 'mixture_phase', 'source_phase', 'mix_magnitude', 'ideal_binary_mask', 'source_magnitudes'])
0.2229762077331543 GB allocated
7.046875 GB reserved
dict_keys(['index', 'mixture_magnitude', 'mixture_phase', 'source_phase', 'mix_magnitude', 'ideal_binary_mask', 'source_magnitudes'])
0.2229762077331543 GB allocated
7.046875 GB reserved
dict_keys(['index', 'mixture_magnitude', 'mixture_phase', 'source_phase', 'mix_magnitude', 'ideal_binary_mask', 'source_magnitudes'])
0.2229762077331543 GB allocated
7.046875 GB reserved
dict_keys(['index', 'mixture_magnitude', 'mixture_phase', 'source_phase', 'mix_magnitude', 'ideal_binary_mask', 'source_magnitudes'])
0.2229762077331543 GB allocated
7.046875 GB reserved
dict_keys(['index', 'mixture_magnitude', 'mixture_phase', 'source_phase', 'mix_magnitude', 'ideal_binary_mask', 'source_magnitudes'])
0.2229762077331543 GB allocated
7.046875 GB reserved
dict_keys(['index', 'mixture_magnitude', 'mixture_phase', 'source_phase', 'mix_magnitude', 'ideal_binary_mask', 'source_magnitudes'])
0.2229762077331543 GB allocated
7.046875 GB reserved
dict_keys(['index', 'mixture_magnitude', 'mixture_phase', 'source_phase', 'mix_magnitude', 'ideal_binary_mask', 'source_magnitudes'])
0.2229762077331543 GB allocated
7.046875 GB reserved
dict_keys(['index', 'mixture_magnitude', 'mixture_phase', 'source_phase', 'mix_magnitude', 'ideal_binary_mask', 'source_magnitudes'])
0.2229762077331543 GB allocated
7.046875 GB reserved
dict_keys(['index', 'mixture_magnitude', 'mixture_phase', 'source_phase', 'mix_magnitude', 'ideal_binary_mask', 'source_magnitudes'])
0.2229762077331543 GB allocated
7.046875 GB reserved
dict_keys(['index', 'mixture_magnitude', 'mixture_phase', 'source_phase', 'mix_magnitude', 'ideal_binary_mask', 'source_magnitudes'])
0.2229762077331543 GB allocated
7.046875 GB reserved
dict_keys(['index', 'mixture_magnitude', 'mixture_phase', 'source_phase', 'mix_magnitude', 'ideal_binary_mask', 'source_magnitudes'])
0.2229762077331543 05/30/2026 01:34:49 PM | engine.py:906 Engine run starting with max_epochs=1.
05/30/2026 01:36:02 PM | engine.py:1010 Epoch[1] Complete. Time taken: 00:01:13.183
2026-05-30 13:36:02,635 ignite.handlers.early_stopping.EarlyStopping INFO: EarlyStopping: Stop training
05/30/2026 01:36:02 PM | engine.py:648 Terminate signaled. Engine will stop after current iteration is finished.
GB allocated
7.046875 GB reserved
dict_keys(['index', 'mixture_magnitude', 'mixture_phase', 'source_phase', 'mix_magnitude', 'ideal_binary_mask', 'source_magnitudes'])
0.2229762077331543 GB allocated
7.046875 GB reserved
dict_keys(['index', 'mixture_magnitude', 'mixture_phase', 'source_phase', 'mix_magnitude', 'ideal_binary_mask', 'source_magnitudes'])
0.2229762077331543 GB allocated
7.046875 GB reserved
dict_keys(['index', 'mixture_magnitude', 'mixture_phase', 'source_phase', 'mix_magnitude', 'ideal_binary_mask', 'source_magnitudes'])
0.2229762077331543 GB allocated
7.046875 GB reserved
dict_keys(['index', 'mixture_magnitude', 'mixture_phase', 'source_phase', 'mix_magnitude', 'ideal_binary_mask', 'source_magnitudes'])
0.2229762077331543 GB allocated
7.046875 GB reserved
dict_keys(['index', 'mixture_magnitude', 'mixture_phase', 'source_phase', 'mix_magnitude', 'ideal_binary_mask', 'source_magnitudes'])
0.2229762077331543 GB allocated
7.046875 GB reserved
dict_keys(['index', 'mixture_magnitude', 'mixture_phase', 'source_phase', 'mix_magnitude', 'ideal_binary_mask', 'source_magnitudes'])
0.2229762077331543 GB allocated
7.046875 GB reserved
dict_keys(['index', 'mixture_magnitude', 'mixture_phase', 'source_phase', 'mix_magnitude', 'ideal_binary_mask', 'source_magnitudes'])
0.2221231460571289 GB allocated
7.046875 GB reserved
dict_keys(['index', 'mixture_magnitude', 'mixture_phase', 'source_phase', 'mix_magnitude', 'ideal_binary_mask', 'source_magnitudes'])
0.2229762077331543 GB allocated
7.046875 GB reserved
dict_keys(['index', 'mixture_magnitude', 'mixture_phase', 'source_phase', 'mix_magnitude', 'ideal_binary_mask', 'source_magnitudes'])
0.2229762077331543 GB allocated
7.046875 GB reserved
dict_keys(['index', 'mixture_magnitude', 'mixture_phase', 'source_phase', 'mix_magnitude', 'ideal_binary_mask', 'source_magnitudes'])
0.2229762077331543 GB allocated
7.046875 GB reserved
dict_keys(['index', 'mixture_magnitude', 'mixture_phase', 'source_phase', 'mix_magnitude', 'ideal_binary_mask', 'source_magnitudes'])
0.2229762077331543 GB allocated
7.046875 GB reserved
dict_keys(['index', 'mixture_magnitude', 'mixture_phase', 'source_phase', 'mix_magnitude', 'ideal_binary_mask', 'source_magnitudes'])
0.2229762077331543 GB allocated
7.046875 GB reserved
dict_keys(['index', 'mixture_magnitude', 'mixture_phase', 'source_phase', 'mix_magnitude', 'ideal_binary_mask', 'source_magnitudes'])
0.2229762077331543 GB allocated
7.046875 GB reserved
dict_keys(['index', 'mixture_magnitude', 'mixture_phase', 'source_phase', 'mix_magnitude', 'ideal_binary_mask', 'source_magnitudes'])
0.2229762077331543 GB allocated
7.046875 GB reserved
dict_keys(['index', 'mixture_magnitude', 'mixture_phase', 'source_phase', 'mix_magnitude', 'ideal_binary_mask', 'source_magnitudes'])
0.2229762077331543 GB allocated
7.046875 GB reserved
dict_keys(['index', 'mixture_magnitude', 'mixture_phase', 'source_phase', 'mix_magnitude', 'ideal_binary_mask', 'source_magnitudes'])
0.2229762077331543 GB allocated
7.046875 GB reserved
dict_keys(['index', 'mixture_magnitude', 'mixture_phase', 'source_phase', 'mix_magnitude', 'ideal_binary_mask', 'source_magnitudes'])
0.2229762077331543 GB allocated
7.046875 GB reserved
dict_keys(['index', 'mixture_magnitude', 'mixture_phase', 'source_phase', 'mix_magnitude', 'ideal_binary_mask', 'source_magnitudes'])
0.2229762077331543 GB allocated
7.046875 GB reserved
dict_keys(['index', 'mixture_magnitude', 'mixture_phase', 'source_phase', 'mix_magnitude', 'ideal_binary_mask', 'source_magnitudes'])
0.2229762077331543 GB allocated
7.046875 GB reserved
dict_keys(['index', 'mixture_magnitude', 'mixture_phase', 'source_phase', 'mix_magnitude', 'ideal_binary_mask', 'source_magnitudes'])
0.2229762077331543 GB allocated
7.046875 GB reserved
dict_keys(['index', 'mixture_magnitude', 'mixture_phase', 'source_phase', 'mix_magnitude', 'ideal_binary_mask', 'source_magnitudes'])
0.2229762077331543 GB allocated
7.046875 GB reserved
dict_keys(['index', 'mixture_magnitude', 'mixture_phase', 'source_phase', 'mix_magnitude', 'ideal_binary_mask', 'source_magnitudes'])
0.2229762077331543 GB allocated
7.046875 GB reserved
dict_keys(['index', 'mixture_magnitude', 'mixture_phase', 'source_phase', 'mix_magnitude', 'ideal_binary_mask', 'source_magnitudes'])
0.2229762077331543 GB allocated
7.046875 GB reserved
dict_keys(['index', 'mixture_magnitude', 'mixture_phase', 'source_phase', 'mix_magnitude', 'ideal_binary_mask', 'source_magnitudes'])
0.2229762077331543 GB allocated
7.046875 GB reserved
dict_keys(['index', 'mixture_magnitude', 'mixture_phase', 'source_phase', 'mix_magnitude', 'ideal_binary_mask', 'source_magnitudes'])
0.2229762077331543 GB allocated
7.046875 GB reserved
dict_keys(['index', 'mixture_magnitude', 'mixture_phase', 'source_phase', 'mix_magnitude', 'ideal_binary_mask', 'source_magnitudes'])
0.2229762077331543 GB allocated
7.046875 GB reserved
dict_keys(['index', 'mixture_magnitude', 'mixture_phase', 'source_phase', 'mix_magnitude', 'ideal_binary_mask', 'source_magnitudes'])
0.2229762077331543 GB allocated
7.046875 GB reserved
dict_keys(['index', 'mixture_magnitude', 'mixture_phase', 'source_phase', 'mix_magnitude', 'ideal_binary_mask', 'source_magnitudes'])
0.2229762077331543 GB allocated
7.046875 GB reserved
dict_keys(['index', 'mixture_magnitude', 'mixture_phase', 'source_phase', 'mix_magnitude', 'ideal_binary_mask', 'source_magnitudes'])
0.2229762077331543 GB allocated
7.046875 GB reserved
dict_keys(['index', 'mixture_magnitude', 'mixture_phase', 'source_phase', 'mix_magnitude', 'ideal_binary_mask', 'source_magnitudes'])
0.2229762077331543 GB allocated
7.046875 GB reserved
dict_keys(['index', 'mixture_magnitude', 'mixture_phase', 'source_phase', 'mix_magnitude', 'ideal_binary_mask', 'source_magnitudes'])
0.2229762077331543 GB allocated
7.046875 GB reserved
dict_keys(['index', 'mixture_magnitude', 'mixture_phase', 'source_phase', 'mix_magnitude', 'ideal_binary_mask', 'source_magnitudes'])
0.2221231460571289 GB allocated
7.046875 GB reserved
dict_keys(['index', 'mixture_magnitude', 'mixture_phase', 'source_phase', 'mix_magnitude', 'ideal_binary_mask', 'source_magnitudes'])
0.2229762077331543 GB allocated
7.046875 GB reserved
dict_keys(['index', 'mixture_magnitude', 'mixture_phase', 'source_phase', 'mix_magnitude', 'ideal_binary_mask', 'source_magnitudes'])
0.2229762077331543 GB allocated
7.046875 GB reserved
dict_keys(['index', 'mixture_magnitude', 'mixture_phase', 'source_phase', 'mix_magnitude', 'ideal_binary_mask', 'source_magnitudes'])
0.2229762077331543 GB allocated
7.046875 GB reserved
dict_keys(['index', 'mixture_magnitude', 'mixture_phase', 'source_phase', 'mix_magnitude', 'ideal_binary_mask', 'source_magnitudes'])
0.2229762077331543 GB allocated
7.046875 GB reserved
dict_keys(['index', 'mixture_magnitude', 'mixture_phase', 'source_phase', 'mix_magnitude', 'ideal_binary_mask', 'source_magnitudes'])
0.2229762077331543 GB allocated
7.046875 GB reserved
dict_keys(['index', 'mixture_magnitude', 'mixture_phase', 'source_phase', 'mix_magnitude', 'ideal_binary_mask', 'source_magnitudes'])
0.2229762077331543 GB allocated
7.046875 GB reserved
dict_keys(['index', 'mixture_magnitude', 'mixture_phase', 'source_phase', 'mix_magnitude', 'ideal_binary_mask', 'source_magnitudes'])
0.2229762077331543 GB allocated
7.046875 GB reserved
dict_keys(['index', 'mixture_magnitude', 'mixture_phase', 'source_phase', 'mix_magnitude', 'ideal_binary_mask', 'source_magnitudes'])
0.2229762077331543 GB allocated
7.046875 GB reserved
dict_keys(['index', 'mixture_magnitude', 'mixture_phase', 'source_phase', 'mix_magnitude', 'ideal_binary_mask', 'source_magnitudes'])
0.2229762077331543 GB allocated
7.046875 GB reserved
dict_keys(['index', 'mixture_magnitude', 'mixture_phase', 'source_phase', 'mix_magnitude', 'ideal_binary_mask', 'source_magnitudes'])
0.2229762077331543 GB allocated
7.046875 GB reserved
dict_keys(['index', 'mixture_magnitude', 'mixture_phase', 'source_phase', 'mix_magnitude', 'ideal_binary_mask', 'source_magnitudes'])
0.2229762077331543 GB allocated
7.046875 GB reserved
dict_keys(['index', 'mixture_magnitude', 'mixture_phase', 'source_phase', 'mix_magnitude', 'ideal_binary_mask', 'source_magnitudes'])
0.2229762077331543 GB allocated
7.046875 GB reserved
dict_keys(['index', 'mixture_magnitude', 'mixture_phase', 'source_phase', 'mix_magnitude', 'ideal_binary_mask', 'source_magnitudes'])
0.2229762077331543 GB allocated
7.046875 GB reserved
dict_keys(['index', 'mixture_magnitude', 'mixture_phase', 'source_phase', 'mix_magnitude', 'ideal_binary_mask', 'source_magnitudes'])
0.2229762077331543 GB allocated
7.046875 GB reserved
dict_keys(['index', 'mixture_magnitude', 'mixture_phase', 'source_phase', 'mix_magnitude', 'ideal_binary_mask', 'source_magnitudes'])
0.2229762077331543 GB allocated
7.046875 GB reserved
dict_keys(['index', 'mixture_magnitude', 'mixture_phase', 'source_phase', 'mix_magnitude', 'ideal_binary_mask', 'source_magnitudes'])
0.2229762077331543 GB allocated
7.046875 GB reserved
dict_keys(['index', 'mixture_magnitude', 'mixture_phase', 'source_phase', 'mix_magnitude', 'ideal_binary_mask', 'source_magnitudes'])
0.2229762077331543 GB allocated
7.046875 GB reserved
dict_keys(['index', 'mixture_magnitude', 'mixture_phase', 'source_phase', 'mix_magnitude', 'ideal_binary_mask', 'source_magnitudes'])
0.2229762077331543 GB allocated
7.046875 GB reserved
dict_keys(['index', 'mixture_magnitude', 'mixture_phase', 'source_phase', 'mix_magnitude', 'ideal_binary_mask', 'source_magnitudes'])
0.2229762077331543 GB allocated
7.046875 GB reserved
dict_keys(['index', 'mixture_magnitude', 'mixture_phase', 'source_phase', 'mix_magnitude', 'ideal_binary_mask', 'source_magnitudes'])
0.2229762077331543 GB allocated
7.046875 GB reserved
dict_keys(['index', 'mixture_magnitude', 'mixture_phase', 'source_phase', 'mix_magnitude', 'ideal_binary_mask', 'source_magnitudes'])
0.2229762077331543 GB allocated
7.046875 GB reserved
dict_keys(['index', 'mixture_magnitude', 'mixture_phase', 'source_phase', 'mix_magnitude', 'ideal_binary_mask', 'source_magnitudes'])
0.2229762077331543 GB allocated
7.046875 GB reserved
dict_keys(['index', 'mixture_magnitude', 'mixture_phase', 'source_phase', 'mix_magnitude', 'ideal_binary_mask', 'source_magnitudes'])
0.2229762077331543 GB allocated
7.046875 GB reserved
dict_keys(['index', 'mixture_magnitude', 'mixture_phase', 'source_phase', 'mix_magnitude', 'ideal_binary_mask', 'source_magnitudes'])
0.2229762077331543 GB allocated
7.046875 GB reserved
dict_keys(['index', 'mixture_magnitude', 'mixture_phase', 'source_phase', 'mix_magnitude', 'ideal_binary_mask', 'source_magnitudes'])
[Validator] Epoch 11 - val_loss: 0.000001
[BEST CHECKPOINT] Guardado/actualizado en: checkpoints\Mis_modelos_v2\experimental\deep_feature checkpoints\4stems\best_checkpoint_1_val_loss=-0.0000.pt
05/30/2026 01:36:02 PM | engine.py:1037 Engine run finished. Time taken: 00:01:13.185
[Epoch 11] train_loss=0.000001 | val_loss=0.000001
05/30/2026 01:36:02 PM | engine.py:1037 Engine run finished. Time taken: 00:37:59.271
[LOADING BEST MODEL] Cargando mejor checkpoint desde: checkpoints\Mis_modelos_v2\experimental\deep_feature checkpoints\4stems\best_checkpoint_1_val_loss=-0.0000.pt
C:\Users\rdpuser\TFG_Identificaci-n-de-voces-e-instrumentos-en-una-obra-musical\pipeline\train.py:459: FutureWarning: You are using `torch.load` with `weights_only=False` (the current default value), which uses the default pickle module implicitly. It is possible to construct malicious pickle data which will execute arbitrary code during unpickling (See https://github.com/pytorch/pytorch/blob/main/SECURITY.md#untrusted-models for more details). In a future release, the default value for `weights_only` will be flipped to `True`. This limits the functions that could be executed during unpickling. Arbitrary objects will no longer be allowed to be loaded via this mode unless they are explicitly allowlisted by the user via `torch.serialization.add_safe_globals`. We recommend you start setting `weights_only=True` for any use case where you don't have full control of the loaded file. Please open an issue on GitHub for any issues related to this experimental feature.
  checkpoint = torch.load(best_checkpoint_path, map_location=device)
