C:\Users\rdpuser\miniconda3\envs\tfg_py310\lib\site-packages\ignite\handlers\checkpoint.py:16: DeprecationWarning: `TorchScript` support for functional optimizers is deprecated and will be removed in a future PyTorch release. Consider using the `torch.compile` optimizer instead.
  from torch.distributed.optim import ZeroRedundancyOptimizer
Usando dispositivo: cuda
Using device: cuda | nf=257 | channels=1 | hidden=50 | stems=4 | loss=deep_feature_emd
Batch settings: actual_batch=4 | accum_steps=8 | effective_batch=32
05/30/2026 01:38:34 PM | engine.py:906 Engine run starting with max_epochs=100.
Training model with training mixes in: C:\Users\rdpuser\TFG_Identificaci-n-de-voces-e-instrumentos-en-una-obra-musical\datasets\mix_generation\foreground_train
Validating data with validation mixes in: C:\Users\rdpuser\TFG_Identificaci-n-de-voces-e-instrumentos-en-una-obra-musical\datasets\mix_generation\foreground_valid
[DEBUG] Num de sources: 4
[DEBUG] Pipeline de 4 fuentes
0.10270452499389648 GB allocated
0.123046875 GB reserved
dict_keys(['index', 'mixture_magnitude', 'mixture_phase', 'source_phase', 'mix_magnitude', 'ideal_binary_mask', 'source_magnitudes'])
Batch keys: dict_keys(['index', 'mixture_magnitude', 'mixture_phase', 'source_phase', 'mix_magnitude', 'ideal_binary_mask', 'source_magnitudes'])
mixture_phase shape: torch.Size([4, 257, 1723])
source_phase shape: torch.Size([4, 4, 257, 1723])
source_magnitudes shape: torch.Size([4, 1724, 257, 1, 4])
Estimates stats - mean: 0.0010, std: 0.0045
est shape: torch.Size([4, 1724, 257, 1, 4])
tgt shape: torch.Size([4, 1724, 257, 1, 4])
0.11942768096923828 GB allocated
7.296875 GB reserved
dict_keys(['index', 'mixture_magnitude', 'mixture_phase', 'source_phase', 'mix_magnitude', 'ideal_binary_mask', 'source_magnitudes'])
0.11942768096923828 GB allocated
7.298828125 GB reserved
dict_keys(['index', 'mixture_magnitude', 'mixture_phase', 'source_phase', 'mix_magnitude', 'ideal_binary_mask', 'source_magnitudes'])
0.11942768096923828 GB allocated
7.298828125 GB reserved
dict_keys(['index', 'mixture_magnitude', 'mixture_phase', 'source_phase', 'mix_magnitude', 'ideal_binary_mask', 'source_magnitudes'])
0.11942768096923828 GB allocated
7.298828125 GB reserved
dict_keys(['index', 'mixture_magnitude', 'mixture_phase', 'source_phase', 'mix_magnitude', 'ideal_binary_mask', 'source_magnitudes'])
0.11942768096923828 GB allocated
7.298828125 GB reserved
dict_keys(['index', 'mixture_magnitude', 'mixture_phase', 'source_phase', 'mix_magnitude', 'ideal_binary_mask', 'source_magnitudes'])
0.11942768096923828 GB allocated
7.298828125 GB reserved
dict_keys(['index', 'mixture_magnitude', 'mixture_phase', 'source_phase', 'mix_magnitude', 'ideal_binary_mask', 'source_magnitudes'])
0.11942768096923828 GB allocated
7.298828125 GB reserved
dict_keys(['index', 'mixture_magnitude', 'mixture_phase', 'source_phase', 'mix_magnitude', 'ideal_binary_mask', 'source_magnitudes'])
0.11942768096923828 GB allocated
7.298828125 GB reserved
dict_keys(['index', 'mixture_magnitude', 'mixture_phase', 'source_phase', 'mix_magnitude', 'ideal_binary_mask', 'source_magnitudes'])
0.11942768096923828 GB allocated
7.298828125 GB reserved
dict_keys(['index', 'mixture_magnitude', 'mixture_phase', 'source_phase', 'mix_magnitude', 'ideal_binary_mask', 'source_magnitudes'])
0.11942768096923828 GB allocated
7.298828125 GB reserved
dict_keys(['index', 'mixture_magnitude', 'mixture_phase', 'source_phase', 'mix_magnitude', 'ideal_binary_mask', 'source_magnitudes'])
0.11942768096923828 GB allocated
7.298828125 GB reserved
dict_keys(['index', 'mixture_magnitude', 'mixture_phase', 'source_phase', 'mix_magnitude', 'ideal_binary_mask', 'source_magnitudes'])
0.11942768096923828 GB allocated
7.298828125 GB reserved
dict_keys(['index', 'mixture_magnitude', 'mixture_phase', 'source_phase', 'mix_magnitude', 'ideal_binary_mask', 'source_magnitudes'])
0.11942768096923828 GB allocated
7.298828125 GB reserved
dict_keys(['index', 'mixture_magnitude', 'mixture_phase', 'source_phase', 'mix_magnitude', 'ideal_binary_mask', 'source_magnitudes'])
0.11942768096923828 GB allocated
7.298828125 GB reserved
dict_keys(['index', 'mixture_magnitude', 'mixture_phase', 'source_phase', 'mix_magnitude', 'ideal_binary_mask', 'source_magnitudes'])
0.11942768096923828 GB allocated
7.298828125 GB reserved
dict_keys(['index', 'mixture_magnitude', 'mixture_phase', 'source_phase', 'mix_magnitude', 'ideal_binary_mask', 'source_magnitudes'])
0.11942768096923828 GB allocated
7.298828125 GB reserved
dict_keys(['index', 'mixture_magnitude', 'mixture_phase', 'source_phase', 'mix_magnitude', 'ideal_binary_mask', 'source_magnitudes'])
0.11942768096923828 GB allocated
7.298828125 GB reserved
dict_keys(['index', 'mixture_magnitude', 'mixture_phase', 'source_phase', 'mix_magnitude', 'ideal_binary_mask', 'source_magnitudes'])
0.11942768096923828 GB allocated
7.298828125 GB reserved
dict_keys(['index', 'mixture_magnitude', 'mixture_phase', 'source_phase', 'mix_magnitude', 'ideal_binary_mask', 'source_magnitudes'])
0.11942768096923828 GB allocated
7.298828125 GB reserved
dict_keys(['index', 'mixture_magnitude', 'mixture_phase', 'source_phase', 'mix_magnitude', 'ideal_binary_mask', 'source_magnitudes'])
0.11942768096923828 GB allocated
7.298828125 GB reserved
dict_keys(['index', 'mixture_magnitude', 'mixture_phase', 'source_phase', 'mix_magnitude', 'ideal_binary_mask', 'source_magnitudes'])
0.11942768096923828 GB allocated
7.298828125 GB reserved
dict_keys(['index', 'mixture_magnitude', 'mixture_phase', 'source_phase', 'mix_magnitude', 'ideal_binary_mask', 'source_magnitudes'])
0.11942768096923828 GB allocated
7.298828125 GB reserved
dict_keys(['index', 'mixture_magnitude', 'mixture_phase', 'source_phase', 'mix_magnitude', 'ideal_binary_mask', 'source_magnitudes'])
0.11942768096923828 GB allocated
7.298828125 GB reserved
dict_keys(['index', 'mixture_magnitude', 'mixture_phase', 'source_phase', 'mix_magnitude', 'ideal_binary_mask', 'source_magnitudes'])
0.11942768096923828 GB allocated
7.298828125 GB reserved
dict_keys(['index', 'mixture_magnitude', 'mixture_phase', 'source_phase', 'mix_magnitude', 'ideal_binary_mask', 'source_magnitudes'])
0.12028074264526367 GB allocated
7.298828125 GB reserved
dict_keys(['index', 'mixture_magnitude', 'mixture_phase', 'source_phase', 'mix_magnitude', 'ideal_binary_mask', 'source_magnitudes'])
0.12113380432128906 GB allocated
7.298828125 GB reserved
dict_keys(['index', 'mixture_magnitude', 'mixture_phase', 'source_phase', 'mix_magnitude', 'ideal_binary_mask', 'source_magnitudes'])
0.12113380432128906 GB allocated
7.30078125 GB reserved
dict_keys(['index', 'mixture_magnitude', 'mixture_phase', 'source_phase', 'mix_magnitude', 'ideal_binary_mask', 'source_magnitudes'])
0.12113380432128906 GB allocated
7.30078125 GB reserved
dict_keys(['index', 'mixture_magnitude', 'mixture_phase', 'source_phase', 'mix_magnitude', 'ideal_binary_mask', 'source_magnitudes'])
0.12113380432128906 GB allocated
7.30078125 GB reserved
dict_keys(['index', 'mixture_magnitude', 'mixture_phase', 'source_phase', 'mix_magnitude', 'ideal_binary_mask', 'source_magnitudes'])
0.12113380432128906 GB allocated
7.30078125 GB reserved
dict_keys(['index', 'mixture_magnitude', 'mixture_phase', 'source_phase', 'mix_magnitude', 'ideal_binary_mask', 'source_magnitudes'])
0.12113380432128906 GB allocated
7.30078125 GB reserved
dict_keys(['index', 'mixture_magnitude', 'mixture_phase', 'source_phase', 'mix_magnitude', 'ideal_binary_mask', 'source_magnitudes'])
0.12113380432128906 GB allocated
7.30078125 GB reserved
dict_keys(['index', 'mixture_magnitude', 'mixture_phase', 'source_phase', 'mix_magnitude', 'ideal_binary_mask', 'source_magnitudes'])
0.12113380432128906 GB allocated
7.30078125 GB reserved
dict_keys(['index', 'mixture_magnitude', 'mixture_phase', 'source_phase', 'mix_magnitude', 'ideal_binary_mask', 'source_magnitudes'])
0.12113380432128906 GB allocated
7.30078125 GB reserved
dict_keys(['index', 'mixture_magnitude', 'mixture_phase', 'source_phase', 'mix_magnitude', 'ideal_binary_mask', 'source_magnitudes'])
0.12113380432128906 GB allocated
7.30078125 GB reserved
dict_keys(['index', 'mixture_magnitude', 'mixture_phase', 'source_phase', 'mix_magnitude', 'ideal_binary_mask', 'source_magnitudes'])
0.12113380432128906 GB allocated
7.30078125 GB reserved
dict_keys(['index', 'mixture_magnitude', 'mixture_phase', 'source_phase', 'mix_magnitude', 'ideal_binary_mask', 'source_magnitudes'])
0.12113380432128906 GB allocated
7.30078125 GB reserved
dict_keys(['index', 'mixture_magnitude', 'mixture_phase', 'source_phase', 'mix_magnitude', 'ideal_binary_mask', 'source_magnitudes'])
0.12113380432128906 GB allocated
7.30078125 GB reserved
dict_keys(['index', 'mixture_magnitude', 'mixture_phase', 'source_phase', 'mix_magnitude', 'ideal_binary_mask', 'source_magnitudes'])
0.12113380432128906 GB allocated
7.30078125 GB reserved
dict_keys(['index', 'mixture_magnitude', 'mixture_phase', 'source_phase', 'mix_magnitude', 'ideal_binary_mask', 'source_magnitudes'])
0.12113380432128906 GB allocated
7.30078125 GB reserved
dict_keys(['index', 'mixture_magnitude', 'mixture_phase', 'source_phase', 'mix_magnitude', 'ideal_binary_mask', 'source_magnitudes'])
0.12113380432128906 GB allocated
7.30078125 GB reserved
dict_keys(['index', 'mixture_magnitude', 'mixture_phase', 'source_phase', 'mix_magnitude', 'ideal_binary_mask', 'source_magnitudes'])
0.12113380432128906 GB allocated
7.30078125 GB reserved
dict_keys(['index', 'mixture_magnitude', 'mixture_phase', 'source_phase', 'mix_magnitude', 'ideal_binary_mask', 'source_magnitudes'])
0.12113380432128906 GB allocated
7.30078125 GB reserved
05/30/2026 01:42:43 PM | engine.py:906 Engine run starting with max_epochs=1.
05/30/2026 01:44:14 PM | engine.py:1010 Epoch[1] Complete. Time taken: 00:01:30.985
dict_keys(['index', 'mixture_magnitude', 'mixture_phase', 'source_phase', 'mix_magnitude', 'ideal_binary_mask', 'source_magnitudes'])
0.12113380432128906 GB allocated
7.30078125 GB reserved
dict_keys(['index', 'mixture_magnitude', 'mixture_phase', 'source_phase', 'mix_magnitude', 'ideal_binary_mask', 'source_magnitudes'])
0.12113380432128906 GB allocated
7.30078125 GB reserved
dict_keys(['index', 'mixture_magnitude', 'mixture_phase', 'source_phase', 'mix_magnitude', 'ideal_binary_mask', 'source_magnitudes'])
0.12113380432128906 GB allocated
7.30078125 GB reserved
dict_keys(['index', 'mixture_magnitude', 'mixture_phase', 'source_phase', 'mix_magnitude', 'ideal_binary_mask', 'source_magnitudes'])
0.12113380432128906 GB allocated
7.30078125 GB reserved
dict_keys(['index', 'mixture_magnitude', 'mixture_phase', 'source_phase', 'mix_magnitude', 'ideal_binary_mask', 'source_magnitudes'])
0.12113380432128906 GB allocated
7.30078125 GB reserved
dict_keys(['index', 'mixture_magnitude', 'mixture_phase', 'source_phase', 'mix_magnitude', 'ideal_binary_mask', 'source_magnitudes'])
0.12113380432128906 GB allocated
7.30078125 GB reserved
dict_keys(['index', 'mixture_magnitude', 'mixture_phase', 'source_phase', 'mix_magnitude', 'ideal_binary_mask', 'source_magnitudes'])
0.12028074264526367 GB allocated
7.30078125 GB reserved
dict_keys(['index', 'mixture_magnitude', 'mixture_phase', 'source_phase', 'mix_magnitude', 'ideal_binary_mask', 'source_magnitudes'])
0.12113380432128906 GB allocated
7.30078125 GB reserved
dict_keys(['index', 'mixture_magnitude', 'mixture_phase', 'source_phase', 'mix_magnitude', 'ideal_binary_mask', 'source_magnitudes'])
0.12113380432128906 GB allocated
7.30078125 GB reserved
dict_keys(['index', 'mixture_magnitude', 'mixture_phase', 'source_phase', 'mix_magnitude', 'ideal_binary_mask', 'source_magnitudes'])
0.12113380432128906 GB allocated
7.30078125 GB reserved
dict_keys(['index', 'mixture_magnitude', 'mixture_phase', 'source_phase', 'mix_magnitude', 'ideal_binary_mask', 'source_magnitudes'])
0.12113380432128906 GB allocated
7.30078125 GB reserved
dict_keys(['index', 'mixture_magnitude', 'mixture_phase', 'source_phase', 'mix_magnitude', 'ideal_binary_mask', 'source_magnitudes'])
0.12113380432128906 GB allocated
7.30078125 GB reserved
dict_keys(['index', 'mixture_magnitude', 'mixture_phase', 'source_phase', 'mix_magnitude', 'ideal_binary_mask', 'source_magnitudes'])
0.12113380432128906 GB allocated
7.30078125 GB reserved
dict_keys(['index', 'mixture_magnitude', 'mixture_phase', 'source_phase', 'mix_magnitude', 'ideal_binary_mask', 'source_magnitudes'])
0.12113380432128906 GB allocated
7.30078125 GB reserved
dict_keys(['index', 'mixture_magnitude', 'mixture_phase', 'source_phase', 'mix_magnitude', 'ideal_binary_mask', 'source_magnitudes'])
0.12113380432128906 GB allocated
7.30078125 GB reserved
dict_keys(['index', 'mixture_magnitude', 'mixture_phase', 'source_phase', 'mix_magnitude', 'ideal_binary_mask', 'source_magnitudes'])
0.12113380432128906 GB allocated
7.30078125 GB reserved
dict_keys(['index', 'mixture_magnitude', 'mixture_phase', 'source_phase', 'mix_magnitude', 'ideal_binary_mask', 'source_magnitudes'])
0.12113380432128906 GB allocated
7.30078125 GB reserved
dict_keys(['index', 'mixture_magnitude', 'mixture_phase', 'source_phase', 'mix_magnitude', 'ideal_binary_mask', 'source_magnitudes'])
0.12113380432128906 GB allocated
7.30078125 GB reserved
dict_keys(['index', 'mixture_magnitude', 'mixture_phase', 'source_phase', 'mix_magnitude', 'ideal_binary_mask', 'source_magnitudes'])
0.12113380432128906 GB allocated
7.30078125 GB reserved
dict_keys(['index', 'mixture_magnitude', 'mixture_phase', 'source_phase', 'mix_magnitude', 'ideal_binary_mask', 'source_magnitudes'])
0.12113380432128906 GB allocated
7.30078125 GB reserved
dict_keys(['index', 'mixture_magnitude', 'mixture_phase', 'source_phase', 'mix_magnitude', 'ideal_binary_mask', 'source_magnitudes'])
0.12113380432128906 GB allocated
7.30078125 GB reserved
dict_keys(['index', 'mixture_magnitude', 'mixture_phase', 'source_phase', 'mix_magnitude', 'ideal_binary_mask', 'source_magnitudes'])
0.12113380432128906 GB allocated
7.30078125 GB reserved
dict_keys(['index', 'mixture_magnitude', 'mixture_phase', 'source_phase', 'mix_magnitude', 'ideal_binary_mask', 'source_magnitudes'])
0.12113380432128906 GB allocated
7.30078125 GB reserved
dict_keys(['index', 'mixture_magnitude', 'mixture_phase', 'source_phase', 'mix_magnitude', 'ideal_binary_mask', 'source_magnitudes'])
0.12113380432128906 GB allocated
7.30078125 GB reserved
dict_keys(['index', 'mixture_magnitude', 'mixture_phase', 'source_phase', 'mix_magnitude', 'ideal_binary_mask', 'source_magnitudes'])
0.12113380432128906 GB allocated
7.30078125 GB reserved
dict_keys(['index', 'mixture_magnitude', 'mixture_phase', 'source_phase', 'mix_magnitude', 'ideal_binary_mask', 'source_magnitudes'])
0.12113380432128906 GB allocated
7.30078125 GB reserved
dict_keys(['index', 'mixture_magnitude', 'mixture_phase', 'source_phase', 'mix_magnitude', 'ideal_binary_mask', 'source_magnitudes'])
0.12113380432128906 GB allocated
7.30078125 GB reserved
dict_keys(['index', 'mixture_magnitude', 'mixture_phase', 'source_phase', 'mix_magnitude', 'ideal_binary_mask', 'source_magnitudes'])
0.12113380432128906 GB allocated
7.30078125 GB reserved
dict_keys(['index', 'mixture_magnitude', 'mixture_phase', 'source_phase', 'mix_magnitude', 'ideal_binary_mask', 'source_magnitudes'])
0.12113380432128906 GB allocated
7.30078125 GB reserved
dict_keys(['index', 'mixture_magnitude', 'mixture_phase', 'source_phase', 'mix_magnitude', 'ideal_binary_mask', 'source_magnitudes'])
0.12113380432128906 GB allocated
7.30078125 GB reserved
dict_keys(['index', 'mixture_magnitude', 'mixture_phase', 'source_phase', 'mix_magnitude', 'ideal_binary_mask', 'source_magnitudes'])
0.12113380432128906 GB allocated
7.30078125 GB reserved
dict_keys(['index', 'mixture_magnitude', 'mixture_phase', 'source_phase', 'mix_magnitude', 'ideal_binary_mask', 'source_magnitudes'])
0.12028074264526367 GB allocated
7.30078125 GB reserved
dict_keys(['index', 'mixture_magnitude', 'mixture_phase', 'source_phase', 'mix_magnitude', 'ideal_binary_mask', 'source_magnitudes'])
0.12113380432128906 GB allocated
7.30078125 GB reserved
dict_keys(['index', 'mixture_magnitude', 'mixture_phase', 'source_phase', 'mix_magnitude', 'ideal_binary_mask', 'source_magnitudes'])
0.12113380432128906 GB allocated
7.30078125 GB reserved
dict_keys(['index', 'mixture_magnitude', 'mixture_phase', 'source_phase', 'mix_magnitude', 'ideal_binary_mask', 'source_magnitudes'])
0.12113380432128906 GB allocated
7.30078125 GB reserved
dict_keys(['index', 'mixture_magnitude', 'mixture_phase', 'source_phase', 'mix_magnitude', 'ideal_binary_mask', 'source_magnitudes'])
0.12113380432128906 GB allocated
7.30078125 GB reserved
dict_keys(['index', 'mixture_magnitude', 'mixture_phase', 'source_phase', 'mix_magnitude', 'ideal_binary_mask', 'source_magnitudes'])
0.12113380432128906 GB allocated
7.30078125 GB reserved
dict_keys(['index', 'mixture_magnitude', 'mixture_phase', 'source_phase', 'mix_magnitude', 'ideal_binary_mask', 'source_magnitudes'])
0.12113380432128906 GB allocated
7.30078125 GB reserved
dict_keys(['index', 'mixture_magnitude', 'mixture_phase', 'source_phase', 'mix_magnitude', 'ideal_binary_mask', 'source_magnitudes'])
0.12113380432128906 GB allocated
7.30078125 GB reserved
dict_keys(['index', 'mixture_magnitude', 'mixture_phase', 'source_phase', 'mix_magnitude', 'ideal_binary_mask', 'source_magnitudes'])
0.12113380432128906 GB allocated
7.30078125 GB reserved
dict_keys(['index', 'mixture_magnitude', 'mixture_phase', 'source_phase', 'mix_magnitude', 'ideal_binary_mask', 'source_magnitudes'])
0.12113380432128906 GB allocated
7.30078125 GB reserved
dict_keys(['index', 'mixture_magnitude', 'mixture_phase', 'source_phase', 'mix_magnitude', 'ideal_binary_mask', 'source_magnitudes'])
0.12113380432128906 GB allocated
7.30078125 GB reserved
dict_keys(['index', 'mixture_magnitude', 'mixture_phase', 'source_phase', 'mix_magnitude', 'ideal_binary_mask', 'source_magnitudes'])
0.12113380432128906 GB allocated
7.30078125 GB reserved
dict_keys(['index', 'mixture_magnitude', 'mixture_phase', 'source_phase', 'mix_magnitude', 'ideal_binary_mask', 'source_magnitudes'])
0.12113380432128906 GB allocated
7.30078125 GB reserved
dict_keys(['index', 'mixture_magnitude', 'mixture_phase', 'source_phase', 'mix_magnitude', 'ideal_binary_mask', 'source_magnitudes'])
0.12113380432128906 GB allocated
7.30078125 GB reserved
dict_keys(['index', 'mixture_magnitude', 'mixture_phase', 'source_phase', 'mix_magnitude', 'ideal_binary_mask', 'source_magnitudes'])
0.12113380432128906 GB allocated
7.30078125 GB reserved
dict_keys(['index', 'mixture_magnitude', 'mixture_phase', 'source_phase', 'mix_magnitude', 'ideal_binary_mask', 'source_magnitudes'])
0.12113380432128906 GB allocated
7.30078125 GB reserved
dict_keys(['index', 'mixture_magnitude', 'mixture_phase', 'source_phase', 'mix_magnitude', 'ideal_binary_mask', 'source_magnitudes'])
0.12113380432128906 GB allocated
7.30078125 GB reserved
dict_keys(['index', 'mixture_magnitude', 'mixture_phase', 'source_phase', 'mix_magnitude', 'ideal_binary_mask', 'source_magnitudes'])
0.12113380432128906 GB allocated
7.30078125 GB reserved
dict_keys(['index', 'mixture_magnitude', 'mixture_phase', 'source_phase', 'mix_magnitude', 'ideal_binary_mask', 'source_magnitudes'])
0.12113380432128906 GB allocated
7.30078125 GB reserved
dict_keys(['index', 'mixture_magnitude', 'mixture_phase', 'source_phase', 'mix_magnitude', 'ideal_binary_mask', 'source_magnitudes'])
0.12113380432128906 GB allocated
7.30078125 GB reserved
dict_keys(['index', 'mixture_magnitude', 'mixture_phase', 'source_phase', 'mix_magnitude', 'ideal_binary_mask', 'source_magnitudes'])
0.12113380432128906 GB allocated
7.30078125 GB reserved
dict_keys(['index', 'mixture_magnitude', 'mixture_phase', 'source_phase', 'mix_magnitude', 'ideal_binary_mask', 'source_magnitudes'])
0.12113380432128906 GB allocated
7.30078125 GB reserved
dict_keys(['index', 'mixture_magnitude', 'mixture_phase', 'source_phase', 'mix_magnitude', 'ideal_binary_mask', 'source_magnitudes'])
0.12113380432128906 GB allocated
7.30078125 GB reserved
dict_keys(['index', 'mixture_magnitude', 'mixture_phase', 'source_phase', 'mix_magnitude', 'ideal_binary_mask', 'source_magnitudes'])
0.12113380432128906 GB allocated
7.30078125 GB reserved
dict_keys(['index', 'mixture_magnitude', 'mixture_phase', 'source_phase', 'mix_magnitude', 'ideal_binary_mask', 'source_magnitudes'])
0.12113380432128906 GB allocated
7.30078125 GB reserved
dict_keys(['index', 'mixture_magnitude', 'mixture_phase', 'source_phase', 'mix_magnitude', 'ideal_binary_mask', 'source_magnitudes'])
[Validator] Epoch 1 - val_loss: 0.000005
[BEST CHECKPOINT] Guardado/actualizado en: checkpoints\Mis_modelos_v2\experimental\deep_feature_emd checkpoints\4stems\best_checkpoint_1_val_loss=-0.0000.pt
05/30/2026 01:44:14 PM | engine.py:1037 Engine run finished. Time taken: 00:01:31.013
[Epoch 1] train_loss=0.000005 | val_loss=0.000005
05/30/2026 01:44:14 PM | engine.py:1010 Epoch[1] Complete. Time taken: 00:05:40.087
0.22211551666259766 GB allocated
7.30078125 GB reserved
dict_keys(['index', 'mixture_magnitude', 'mixture_phase', 'source_phase', 'mix_magnitude', 'ideal_binary_mask', 'source_magnitudes'])
0.22296857833862305 GB allocated
7.515625 GB reserved
dict_keys(['index', 'mixture_magnitude', 'mixture_phase', 'source_phase', 'mix_magnitude', 'ideal_binary_mask', 'source_magnitudes'])
0.22296857833862305 GB allocated
7.515625 GB reserved
dict_keys(['index', 'mixture_magnitude', 'mixture_phase', 'source_phase', 'mix_magnitude', 'ideal_binary_mask', 'source_magnitudes'])
0.22296857833862305 GB allocated
7.515625 GB reserved
dict_keys(['index', 'mixture_magnitude', 'mixture_phase', 'source_phase', 'mix_magnitude', 'ideal_binary_mask', 'source_magnitudes'])
0.22296857833862305 GB allocated
7.515625 GB reserved
dict_keys(['index', 'mixture_magnitude', 'mixture_phase', 'source_phase', 'mix_magnitude', 'ideal_binary_mask', 'source_magnitudes'])
0.22296857833862305 GB allocated
7.515625 GB reserved
dict_keys(['index', 'mixture_magnitude', 'mixture_phase', 'source_phase', 'mix_magnitude', 'ideal_binary_mask', 'source_magnitudes'])
0.22296857833862305 GB allocated
7.515625 GB reserved
dict_keys(['index', 'mixture_magnitude', 'mixture_phase', 'source_phase', 'mix_magnitude', 'ideal_binary_mask', 'source_magnitudes'])
0.22296857833862305 GB allocated
7.515625 GB reserved
dict_keys(['index', 'mixture_magnitude', 'mixture_phase', 'source_phase', 'mix_magnitude', 'ideal_binary_mask', 'source_magnitudes'])
0.22296857833862305 GB allocated
7.515625 GB reserved
dict_keys(['index', 'mixture_magnitude', 'mixture_phase', 'source_phase', 'mix_magnitude', 'ideal_binary_mask', 'source_magnitudes'])
0.22296857833862305 GB allocated
7.515625 GB reserved
dict_keys(['index', 'mixture_magnitude', 'mixture_phase', 'source_phase', 'mix_magnitude', 'ideal_binary_mask', 'source_magnitudes'])
0.22296857833862305 GB allocated
7.515625 GB reserved
dict_keys(['index', 'mixture_magnitude', 'mixture_phase', 'source_phase', 'mix_magnitude', 'ideal_binary_mask', 'source_magnitudes'])
0.22296857833862305 GB allocated
7.515625 GB reserved
dict_keys(['index', 'mixture_magnitude', 'mixture_phase', 'source_phase', 'mix_magnitude', 'ideal_binary_mask', 'source_magnitudes'])
0.22296857833862305 GB allocated
7.515625 GB reserved
dict_keys(['index', 'mixture_magnitude', 'mixture_phase', 'source_phase', 'mix_magnitude', 'ideal_binary_mask', 'source_magnitudes'])
0.22296857833862305 GB allocated
7.515625 GB reserved
dict_keys(['index', 'mixture_magnitude', 'mixture_phase', 'source_phase', 'mix_magnitude', 'ideal_binary_mask', 'source_magnitudes'])
0.22296857833862305 GB allocated
7.515625 GB reserved
dict_keys(['index', 'mixture_magnitude', 'mixture_phase', 'source_phase', 'mix_magnitude', 'ideal_binary_mask', 'source_magnitudes'])
0.22296857833862305 GB allocated
7.515625 GB reserved
dict_keys(['index', 'mixture_magnitude', 'mixture_phase', 'source_phase', 'mix_magnitude', 'ideal_binary_mask', 'source_magnitudes'])
0.22296857833862305 GB allocated
7.515625 GB reserved
dict_keys(['index', 'mixture_magnitude', 'mixture_phase', 'source_phase', 'mix_magnitude', 'ideal_binary_mask', 'source_magnitudes'])
0.22296857833862305 GB allocated
7.515625 GB reserved
dict_keys(['index', 'mixture_magnitude', 'mixture_phase', 'source_phase', 'mix_magnitude', 'ideal_binary_mask', 'source_magnitudes'])
0.22296857833862305 GB allocated
7.515625 GB reserved
dict_keys(['index', 'mixture_magnitude', 'mixture_phase', 'source_phase', 'mix_magnitude', 'ideal_binary_mask', 'source_magnitudes'])
0.22296857833862305 GB allocated
7.515625 GB reserved
dict_keys(['index', 'mixture_magnitude', 'mixture_phase', 'source_phase', 'mix_magnitude', 'ideal_binary_mask', 'source_magnitudes'])
0.22296857833862305 GB allocated
7.515625 GB reserved
dict_keys(['index', 'mixture_magnitude', 'mixture_phase', 'source_phase', 'mix_magnitude', 'ideal_binary_mask', 'source_magnitudes'])
0.22296857833862305 GB allocated
7.515625 GB reserved
dict_keys(['index', 'mixture_magnitude', 'mixture_phase', 'source_phase', 'mix_magnitude', 'ideal_binary_mask', 'source_magnitudes'])
0.22296857833862305 GB allocated
7.515625 GB reserved
dict_keys(['index', 'mixture_magnitude', 'mixture_phase', 'source_phase', 'mix_magnitude', 'ideal_binary_mask', 'source_magnitudes'])
0.22296857833862305 GB allocated
7.515625 GB reserved
dict_keys(['index', 'mixture_magnitude', 'mixture_phase', 'source_phase', 'mix_magnitude', 'ideal_binary_mask', 'source_magnitudes'])
0.22296857833862305 GB allocated
7.515625 GB reserved
dict_keys(['index', 'mixture_magnitude', 'mixture_phase', 'source_phase', 'mix_magnitude', 'ideal_binary_mask', 'source_magnitudes'])
0.22211551666259766 GB allocated
7.515625 GB reserved
dict_keys(['index', 'mixture_magnitude', 'mixture_phase', 'source_phase', 'mix_magnitude', 'ideal_binary_mask', 'source_magnitudes'])
0.22296857833862305 GB allocated
7.515625 GB reserved
dict_keys(['index', 'mixture_magnitude', 'mixture_phase', 'source_phase', 'mix_magnitude', 'ideal_binary_mask', 'source_magnitudes'])
0.22296857833862305 GB allocated
7.515625 GB reserved
dict_keys(['index', 'mixture_magnitude', 'mixture_phase', 'source_phase', 'mix_magnitude', 'ideal_binary_mask', 'source_magnitudes'])
0.22296857833862305 GB allocated
7.515625 GB reserved
dict_keys(['index', 'mixture_magnitude', 'mixture_phase', 'source_phase', 'mix_magnitude', 'ideal_binary_mask', 'source_magnitudes'])
0.22296857833862305 GB allocated
7.515625 GB reserved
dict_keys(['index', 'mixture_magnitude', 'mixture_phase', 'source_phase', 'mix_magnitude', 'ideal_binary_mask', 'source_magnitudes'])
0.22296857833862305 GB allocated
7.515625 GB reserved
dict_keys(['index', 'mixture_magnitude', 'mixture_phase', 'source_phase', 'mix_magnitude', 'ideal_binary_mask', 'source_magnitudes'])
0.22296857833862305 GB allocated
7.515625 GB reserved
dict_keys(['index', 'mixture_magnitude', 'mixture_phase', 'source_phase', 'mix_magnitude', 'ideal_binary_mask', 'source_magnitudes'])
0.22296857833862305 GB allocated
7.515625 GB reserved
dict_keys(['index', 'mixture_magnitude', 'mixture_phase', 'source_phase', 'mix_magnitude', 'ideal_binary_mask', 'source_magnitudes'])
0.22296857833862305 GB allocated
7.515625 GB reserved
dict_keys(['index', 'mixture_magnitude', 'mixture_phase', 'source_phase', 'mix_magnitude', 'ideal_binary_mask', 'source_magnitudes'])
0.22296857833862305 GB allocated
7.515625 GB reserved
dict_keys(['index', 'mixture_magnitude', 'mixture_phase', 'source_phase', 'mix_magnitude', 'ideal_binary_mask', 'source_magnitudes'])
0.22296857833862305 GB allocated
7.515625 GB reserved
dict_keys(['index', 'mixture_magnitude', 'mixture_phase', 'source_phase', 'mix_magnitude', 'ideal_binary_mask', 'source_magnitudes'])
0.22296857833862305 GB allocated
7.515625 GB reserved
dict_keys(['index', 'mixture_magnitude', 'mixture_phase', 'source_phase', 'mix_magnitude', 'ideal_binary_mask', 'source_magnitudes'])
0.22296857833862305 GB allocated
7.515625 GB reserved
dict_keys(['index', 'mixture_magnitude', 'mixture_phase', 'source_phase', 'mix_magnitude', 'ideal_binary_mask', 'source_magnitudes'])
0.22296857833862305 GB allocated
7.515625 GB reserved
dict_keys(['index', 'mixture_magnitude', 'mixture_phase', 'source_phase', 'mix_magnitude', 'ideal_binary_mask', 'source_magnitudes'])
0.22296857833862305 GB allocated
7.515625 GB reserved
dict_keys(['index', 'mixture_magnitude', 'mixture_phase', 'source_phase', 'mix_magnitude', 'ideal_binary_mask', 'source_magnitudes'])
0.22296857833862305 GB allocated
7.515625 GB reserved
dict_keys(['index', 'mixture_magnitude', 'mixture_phase', 'source_phase', 'mix_magnitude', 'ideal_binary_mask', 'source_magnitudes'])
0.22296857833862305 GB allocated
7.515625 GB reserved
dict_keys(['index', 'mixture_magnitude', 'mixture_phase', 'source_phase', 'mix_magnitude', 'ideal_binary_mask', 'source_magnitudes'])
0.22296857833862305 GB allocated
7.515625 GB reserved
05/30/2026 01:48:59 PM | engine.py:906 Engine run starting with max_epochs=1.
05/30/2026 01:50:28 PM | engine.py:1010 Epoch[1] Complete. Time taken: 00:01:29.063
dict_keys(['index', 'mixture_magnitude', 'mixture_phase', 'source_phase', 'mix_magnitude', 'ideal_binary_mask', 'source_magnitudes'])
0.22296857833862305 GB allocated
7.515625 GB reserved
dict_keys(['index', 'mixture_magnitude', 'mixture_phase', 'source_phase', 'mix_magnitude', 'ideal_binary_mask', 'source_magnitudes'])
0.22296857833862305 GB allocated
7.515625 GB reserved
dict_keys(['index', 'mixture_magnitude', 'mixture_phase', 'source_phase', 'mix_magnitude', 'ideal_binary_mask', 'source_magnitudes'])
0.22296857833862305 GB allocated
7.515625 GB reserved
dict_keys(['index', 'mixture_magnitude', 'mixture_phase', 'source_phase', 'mix_magnitude', 'ideal_binary_mask', 'source_magnitudes'])
0.22296857833862305 GB allocated
7.515625 GB reserved
dict_keys(['index', 'mixture_magnitude', 'mixture_phase', 'source_phase', 'mix_magnitude', 'ideal_binary_mask', 'source_magnitudes'])
0.22296857833862305 GB allocated
7.515625 GB reserved
dict_keys(['index', 'mixture_magnitude', 'mixture_phase', 'source_phase', 'mix_magnitude', 'ideal_binary_mask', 'source_magnitudes'])
0.22296857833862305 GB allocated
7.515625 GB reserved
dict_keys(['index', 'mixture_magnitude', 'mixture_phase', 'source_phase', 'mix_magnitude', 'ideal_binary_mask', 'source_magnitudes'])
0.22296857833862305 GB allocated
7.515625 GB reserved
dict_keys(['index', 'mixture_magnitude', 'mixture_phase', 'source_phase', 'mix_magnitude', 'ideal_binary_mask', 'source_magnitudes'])
0.22211551666259766 GB allocated
7.515625 GB reserved
dict_keys(['index', 'mixture_magnitude', 'mixture_phase', 'source_phase', 'mix_magnitude', 'ideal_binary_mask', 'source_magnitudes'])
0.22296857833862305 GB allocated
7.515625 GB reserved
dict_keys(['index', 'mixture_magnitude', 'mixture_phase', 'source_phase', 'mix_magnitude', 'ideal_binary_mask', 'source_magnitudes'])
0.22296857833862305 GB allocated
7.515625 GB reserved
dict_keys(['index', 'mixture_magnitude', 'mixture_phase', 'source_phase', 'mix_magnitude', 'ideal_binary_mask', 'source_magnitudes'])
0.22296857833862305 GB allocated
7.515625 GB reserved
dict_keys(['index', 'mixture_magnitude', 'mixture_phase', 'source_phase', 'mix_magnitude', 'ideal_binary_mask', 'source_magnitudes'])
0.22296857833862305 GB allocated
7.515625 GB reserved
dict_keys(['index', 'mixture_magnitude', 'mixture_phase', 'source_phase', 'mix_magnitude', 'ideal_binary_mask', 'source_magnitudes'])
0.22296857833862305 GB allocated
7.515625 GB reserved
dict_keys(['index', 'mixture_magnitude', 'mixture_phase', 'source_phase', 'mix_magnitude', 'ideal_binary_mask', 'source_magnitudes'])
0.22296857833862305 GB allocated
7.515625 GB reserved
dict_keys(['index', 'mixture_magnitude', 'mixture_phase', 'source_phase', 'mix_magnitude', 'ideal_binary_mask', 'source_magnitudes'])
0.22296857833862305 GB allocated
7.515625 GB reserved
dict_keys(['index', 'mixture_magnitude', 'mixture_phase', 'source_phase', 'mix_magnitude', 'ideal_binary_mask', 'source_magnitudes'])
0.22296857833862305 GB allocated
7.515625 GB reserved
dict_keys(['index', 'mixture_magnitude', 'mixture_phase', 'source_phase', 'mix_magnitude', 'ideal_binary_mask', 'source_magnitudes'])
0.22296857833862305 GB allocated
7.515625 GB reserved
dict_keys(['index', 'mixture_magnitude', 'mixture_phase', 'source_phase', 'mix_magnitude', 'ideal_binary_mask', 'source_magnitudes'])
0.22296857833862305 GB allocated
7.515625 GB reserved
dict_keys(['index', 'mixture_magnitude', 'mixture_phase', 'source_phase', 'mix_magnitude', 'ideal_binary_mask', 'source_magnitudes'])
0.22296857833862305 GB allocated
7.515625 GB reserved
dict_keys(['index', 'mixture_magnitude', 'mixture_phase', 'source_phase', 'mix_magnitude', 'ideal_binary_mask', 'source_magnitudes'])
0.22296857833862305 GB allocated
7.515625 GB reserved
dict_keys(['index', 'mixture_magnitude', 'mixture_phase', 'source_phase', 'mix_magnitude', 'ideal_binary_mask', 'source_magnitudes'])
0.22296857833862305 GB allocated
7.515625 GB reserved
dict_keys(['index', 'mixture_magnitude', 'mixture_phase', 'source_phase', 'mix_magnitude', 'ideal_binary_mask', 'source_magnitudes'])
0.22296857833862305 GB allocated
7.515625 GB reserved
dict_keys(['index', 'mixture_magnitude', 'mixture_phase', 'source_phase', 'mix_magnitude', 'ideal_binary_mask', 'source_magnitudes'])
0.22296857833862305 GB allocated
7.515625 GB reserved
dict_keys(['index', 'mixture_magnitude', 'mixture_phase', 'source_phase', 'mix_magnitude', 'ideal_binary_mask', 'source_magnitudes'])
0.22296857833862305 GB allocated
7.515625 GB reserved
dict_keys(['index', 'mixture_magnitude', 'mixture_phase', 'source_phase', 'mix_magnitude', 'ideal_binary_mask', 'source_magnitudes'])
0.22296857833862305 GB allocated
7.515625 GB reserved
dict_keys(['index', 'mixture_magnitude', 'mixture_phase', 'source_phase', 'mix_magnitude', 'ideal_binary_mask', 'source_magnitudes'])
0.22296857833862305 GB allocated
7.515625 GB reserved
dict_keys(['index', 'mixture_magnitude', 'mixture_phase', 'source_phase', 'mix_magnitude', 'ideal_binary_mask', 'source_magnitudes'])
0.22296857833862305 GB allocated
7.515625 GB reserved
dict_keys(['index', 'mixture_magnitude', 'mixture_phase', 'source_phase', 'mix_magnitude', 'ideal_binary_mask', 'source_magnitudes'])
0.22296857833862305 GB allocated
7.515625 GB reserved
dict_keys(['index', 'mixture_magnitude', 'mixture_phase', 'source_phase', 'mix_magnitude', 'ideal_binary_mask', 'source_magnitudes'])
0.22296857833862305 GB allocated
7.515625 GB reserved
dict_keys(['index', 'mixture_magnitude', 'mixture_phase', 'source_phase', 'mix_magnitude', 'ideal_binary_mask', 'source_magnitudes'])
0.22296857833862305 GB allocated
7.515625 GB reserved
dict_keys(['index', 'mixture_magnitude', 'mixture_phase', 'source_phase', 'mix_magnitude', 'ideal_binary_mask', 'source_magnitudes'])
0.22296857833862305 GB allocated
7.515625 GB reserved
dict_keys(['index', 'mixture_magnitude', 'mixture_phase', 'source_phase', 'mix_magnitude', 'ideal_binary_mask', 'source_magnitudes'])
0.22296857833862305 GB allocated
7.515625 GB reserved
dict_keys(['index', 'mixture_magnitude', 'mixture_phase', 'source_phase', 'mix_magnitude', 'ideal_binary_mask', 'source_magnitudes'])
0.22211551666259766 GB allocated
7.515625 GB reserved
dict_keys(['index', 'mixture_magnitude', 'mixture_phase', 'source_phase', 'mix_magnitude', 'ideal_binary_mask', 'source_magnitudes'])
0.22296857833862305 GB allocated
7.515625 GB reserved
dict_keys(['index', 'mixture_magnitude', 'mixture_phase', 'source_phase', 'mix_magnitude', 'ideal_binary_mask', 'source_magnitudes'])
0.22296857833862305 GB allocated
7.515625 GB reserved
dict_keys(['index', 'mixture_magnitude', 'mixture_phase', 'source_phase', 'mix_magnitude', 'ideal_binary_mask', 'source_magnitudes'])
0.22296857833862305 GB allocated
7.515625 GB reserved
dict_keys(['index', 'mixture_magnitude', 'mixture_phase', 'source_phase', 'mix_magnitude', 'ideal_binary_mask', 'source_magnitudes'])
0.22296857833862305 GB allocated
7.515625 GB reserved
dict_keys(['index', 'mixture_magnitude', 'mixture_phase', 'source_phase', 'mix_magnitude', 'ideal_binary_mask', 'source_magnitudes'])
0.22296857833862305 GB allocated
7.515625 GB reserved
dict_keys(['index', 'mixture_magnitude', 'mixture_phase', 'source_phase', 'mix_magnitude', 'ideal_binary_mask', 'source_magnitudes'])
0.22296857833862305 GB allocated
7.515625 GB reserved
dict_keys(['index', 'mixture_magnitude', 'mixture_phase', 'source_phase', 'mix_magnitude', 'ideal_binary_mask', 'source_magnitudes'])
0.22296857833862305 GB allocated
7.515625 GB reserved
dict_keys(['index', 'mixture_magnitude', 'mixture_phase', 'source_phase', 'mix_magnitude', 'ideal_binary_mask', 'source_magnitudes'])
0.22296857833862305 GB allocated
7.515625 GB reserved
dict_keys(['index', 'mixture_magnitude', 'mixture_phase', 'source_phase', 'mix_magnitude', 'ideal_binary_mask', 'source_magnitudes'])
0.22296857833862305 GB allocated
7.515625 GB reserved
dict_keys(['index', 'mixture_magnitude', 'mixture_phase', 'source_phase', 'mix_magnitude', 'ideal_binary_mask', 'source_magnitudes'])
0.22296857833862305 GB allocated
7.515625 GB reserved
dict_keys(['index', 'mixture_magnitude', 'mixture_phase', 'source_phase', 'mix_magnitude', 'ideal_binary_mask', 'source_magnitudes'])
0.22296857833862305 GB allocated
7.515625 GB reserved
dict_keys(['index', 'mixture_magnitude', 'mixture_phase', 'source_phase', 'mix_magnitude', 'ideal_binary_mask', 'source_magnitudes'])
0.22296857833862305 GB allocated
7.515625 GB reserved
dict_keys(['index', 'mixture_magnitude', 'mixture_phase', 'source_phase', 'mix_magnitude', 'ideal_binary_mask', 'source_magnitudes'])
0.22296857833862305 GB allocated
7.515625 GB reserved
dict_keys(['index', 'mixture_magnitude', 'mixture_phase', 'source_phase', 'mix_magnitude', 'ideal_binary_mask', 'source_magnitudes'])
0.22296857833862305 GB allocated
7.515625 GB reserved
dict_keys(['index', 'mixture_magnitude', 'mixture_phase', 'source_phase', 'mix_magnitude', 'ideal_binary_mask', 'source_magnitudes'])
0.22296857833862305 GB allocated
7.515625 GB reserved
dict_keys(['index', 'mixture_magnitude', 'mixture_phase', 'source_phase', 'mix_magnitude', 'ideal_binary_mask', 'source_magnitudes'])
0.22296857833862305 GB allocated
7.515625 GB reserved
dict_keys(['index', 'mixture_magnitude', 'mixture_phase', 'source_phase', 'mix_magnitude', 'ideal_binary_mask', 'source_magnitudes'])
0.22296857833862305 GB allocated
7.515625 GB reserved
dict_keys(['index', 'mixture_magnitude', 'mixture_phase', 'source_phase', 'mix_magnitude', 'ideal_binary_mask', 'source_magnitudes'])
0.22296857833862305 GB allocated
7.515625 GB reserved
dict_keys(['index', 'mixture_magnitude', 'mixture_phase', 'source_phase', 'mix_magnitude', 'ideal_binary_mask', 'source_magnitudes'])
0.22296857833862305 GB allocated
7.515625 GB reserved
dict_keys(['index', 'mixture_magnitude', 'mixture_phase', 'source_phase', 'mix_magnitude', 'ideal_binary_mask', 'source_magnitudes'])
0.22296857833862305 GB allocated
7.515625 GB reserved
dict_keys(['index', 'mixture_magnitude', 'mixture_phase', 'source_phase', 'mix_magnitude', 'ideal_binary_mask', 'source_magnitudes'])
0.22296857833862305 GB allocated
7.515625 GB reserved
dict_keys(['index', 'mixture_magnitude', 'mixture_phase', 'source_phase', 'mix_magnitude', 'ideal_binary_mask', 'source_magnitudes'])
0.22296857833862305 GB allocated
7.515625 GB reserved
dict_keys(['index', 'mixture_magnitude', 'mixture_phase', 'source_phase', 'mix_magnitude', 'ideal_binary_mask', 'source_magnitudes'])
0.22296857833862305 GB allocated
7.515625 GB reserved
dict_keys(['index', 'mixture_magnitude', 'mixture_phase', 'source_phase', 'mix_magnitude', 'ideal_binary_mask', 'source_magnitudes'])
0.22296857833862305 GB allocated
7.515625 GB reserved
dict_keys(['index', 'mixture_magnitude', 'mixture_phase', 'source_phase', 'mix_magnitude', 'ideal_binary_mask', 'source_magnitudes'])
[Validator] Epoch 2 - val_loss: 0.000005
[BEST CHECKPOINT] Guardado/actualizado en: checkpoints\Mis_modelos_v2\experimental\deep_feature_emd checkpoints\4stems\best_checkpoint_2_val_loss=-0.0000.pt
05/30/2026 01:50:28 PM | engine.py:1037 Engine run finished. Time taken: 00:01:29.092
[Epoch 2] train_loss=0.000005 | val_loss=0.000005
05/30/2026 01:50:28 PM | engine.py:1010 Epoch[2] Complete. Time taken: 00:06:13.639
0.22211551666259766 GB allocated
7.515625 GB reserved
dict_keys(['index', 'mixture_magnitude', 'mixture_phase', 'source_phase', 'mix_magnitude', 'ideal_binary_mask', 'source_magnitudes'])
0.22296857833862305 GB allocated
7.515625 GB reserved
dict_keys(['index', 'mixture_magnitude', 'mixture_phase', 'source_phase', 'mix_magnitude', 'ideal_binary_mask', 'source_magnitudes'])
0.22296857833862305 GB allocated
7.515625 GB reserved
dict_keys(['index', 'mixture_magnitude', 'mixture_phase', 'source_phase', 'mix_magnitude', 'ideal_binary_mask', 'source_magnitudes'])
0.22296857833862305 GB allocated
7.515625 GB reserved
dict_keys(['index', 'mixture_magnitude', 'mixture_phase', 'source_phase', 'mix_magnitude', 'ideal_binary_mask', 'source_magnitudes'])
0.22296857833862305 GB allocated
7.515625 GB reserved
dict_keys(['index', 'mixture_magnitude', 'mixture_phase', 'source_phase', 'mix_magnitude', 'ideal_binary_mask', 'source_magnitudes'])
0.22296857833862305 GB allocated
7.515625 GB reserved
dict_keys(['index', 'mixture_magnitude', 'mixture_phase', 'source_phase', 'mix_magnitude', 'ideal_binary_mask', 'source_magnitudes'])
0.22296857833862305 GB allocated
7.515625 GB reserved
dict_keys(['index', 'mixture_magnitude', 'mixture_phase', 'source_phase', 'mix_magnitude', 'ideal_binary_mask', 'source_magnitudes'])
0.22296857833862305 GB allocated
7.515625 GB reserved
dict_keys(['index', 'mixture_magnitude', 'mixture_phase', 'source_phase', 'mix_magnitude', 'ideal_binary_mask', 'source_magnitudes'])
0.22296857833862305 GB allocated
7.515625 GB reserved
dict_keys(['index', 'mixture_magnitude', 'mixture_phase', 'source_phase', 'mix_magnitude', 'ideal_binary_mask', 'source_magnitudes'])
0.22296857833862305 GB allocated
7.515625 GB reserved
dict_keys(['index', 'mixture_magnitude', 'mixture_phase', 'source_phase', 'mix_magnitude', 'ideal_binary_mask', 'source_magnitudes'])
0.22296857833862305 GB allocated
7.515625 GB reserved
dict_keys(['index', 'mixture_magnitude', 'mixture_phase', 'source_phase', 'mix_magnitude', 'ideal_binary_mask', 'source_magnitudes'])
0.22296857833862305 GB allocated
7.515625 GB reserved
dict_keys(['index', 'mixture_magnitude', 'mixture_phase', 'source_phase', 'mix_magnitude', 'ideal_binary_mask', 'source_magnitudes'])
0.22296857833862305 GB allocated
7.515625 GB reserved
dict_keys(['index', 'mixture_magnitude', 'mixture_phase', 'source_phase', 'mix_magnitude', 'ideal_binary_mask', 'source_magnitudes'])
0.22296857833862305 GB allocated
7.515625 GB reserved
dict_keys(['index', 'mixture_magnitude', 'mixture_phase', 'source_phase', 'mix_magnitude', 'ideal_binary_mask', 'source_magnitudes'])
0.22296857833862305 GB allocated
7.515625 GB reserved
dict_keys(['index', 'mixture_magnitude', 'mixture_phase', 'source_phase', 'mix_magnitude', 'ideal_binary_mask', 'source_magnitudes'])
0.22296857833862305 GB allocated
7.515625 GB reserved
dict_keys(['index', 'mixture_magnitude', 'mixture_phase', 'source_phase', 'mix_magnitude', 'ideal_binary_mask', 'source_magnitudes'])
0.22296857833862305 GB allocated
7.515625 GB reserved
dict_keys(['index', 'mixture_magnitude', 'mixture_phase', 'source_phase', 'mix_magnitude', 'ideal_binary_mask', 'source_magnitudes'])
0.22296857833862305 GB allocated
7.515625 GB reserved
dict_keys(['index', 'mixture_magnitude', 'mixture_phase', 'source_phase', 'mix_magnitude', 'ideal_binary_mask', 'source_magnitudes'])
0.22296857833862305 GB allocated
7.515625 GB reserved
dict_keys(['index', 'mixture_magnitude', 'mixture_phase', 'source_phase', 'mix_magnitude', 'ideal_binary_mask', 'source_magnitudes'])
0.22296857833862305 GB allocated
7.515625 GB reserved
dict_keys(['index', 'mixture_magnitude', 'mixture_phase', 'source_phase', 'mix_magnitude', 'ideal_binary_mask', 'source_magnitudes'])
0.22296857833862305 GB allocated
7.515625 GB reserved
dict_keys(['index', 'mixture_magnitude', 'mixture_phase', 'source_phase', 'mix_magnitude', 'ideal_binary_mask', 'source_magnitudes'])
0.22296857833862305 GB allocated
7.515625 GB reserved
dict_keys(['index', 'mixture_magnitude', 'mixture_phase', 'source_phase', 'mix_magnitude', 'ideal_binary_mask', 'source_magnitudes'])
0.22296857833862305 GB allocated
7.515625 GB reserved
dict_keys(['index', 'mixture_magnitude', 'mixture_phase', 'source_phase', 'mix_magnitude', 'ideal_binary_mask', 'source_magnitudes'])
0.22296857833862305 GB allocated
7.515625 GB reserved
dict_keys(['index', 'mixture_magnitude', 'mixture_phase', 'source_phase', 'mix_magnitude', 'ideal_binary_mask', 'source_magnitudes'])
0.22296857833862305 GB allocated
7.515625 GB reserved
dict_keys(['index', 'mixture_magnitude', 'mixture_phase', 'source_phase', 'mix_magnitude', 'ideal_binary_mask', 'source_magnitudes'])
0.22211551666259766 GB allocated
7.515625 GB reserved
dict_keys(['index', 'mixture_magnitude', 'mixture_phase', 'source_phase', 'mix_magnitude', 'ideal_binary_mask', 'source_magnitudes'])
0.22296857833862305 GB allocated
7.515625 GB reserved
dict_keys(['index', 'mixture_magnitude', 'mixture_phase', 'source_phase', 'mix_magnitude', 'ideal_binary_mask', 'source_magnitudes'])
0.22296857833862305 GB allocated
7.515625 GB reserved
dict_keys(['index', 'mixture_magnitude', 'mixture_phase', 'source_phase', 'mix_magnitude', 'ideal_binary_mask', 'source_magnitudes'])
0.22296857833862305 GB allocated
7.515625 GB reserved
dict_keys(['index', 'mixture_magnitude', 'mixture_phase', 'source_phase', 'mix_magnitude', 'ideal_binary_mask', 'source_magnitudes'])
0.22296857833862305 GB allocated
7.515625 GB reserved
dict_keys(['index', 'mixture_magnitude', 'mixture_phase', 'source_phase', 'mix_magnitude', 'ideal_binary_mask', 'source_magnitudes'])
0.22296857833862305 GB allocated
7.515625 GB reserved
dict_keys(['index', 'mixture_magnitude', 'mixture_phase', 'source_phase', 'mix_magnitude', 'ideal_binary_mask', 'source_magnitudes'])
0.22296857833862305 GB allocated
7.515625 GB reserved
dict_keys(['index', 'mixture_magnitude', 'mixture_phase', 'source_phase', 'mix_magnitude', 'ideal_binary_mask', 'source_magnitudes'])
0.22296857833862305 GB allocated
7.515625 GB reserved
dict_keys(['index', 'mixture_magnitude', 'mixture_phase', 'source_phase', 'mix_magnitude', 'ideal_binary_mask', 'source_magnitudes'])
0.22296857833862305 GB allocated
7.515625 GB reserved
dict_keys(['index', 'mixture_magnitude', 'mixture_phase', 'source_phase', 'mix_magnitude', 'ideal_binary_mask', 'source_magnitudes'])
0.22296857833862305 GB allocated
7.515625 GB reserved
dict_keys(['index', 'mixture_magnitude', 'mixture_phase', 'source_phase', 'mix_magnitude', 'ideal_binary_mask', 'source_magnitudes'])
0.22296857833862305 GB allocated
7.515625 GB reserved
dict_keys(['index', 'mixture_magnitude', 'mixture_phase', 'source_phase', 'mix_magnitude', 'ideal_binary_mask', 'source_magnitudes'])
0.22296857833862305 GB allocated
7.515625 GB reserved
dict_keys(['index', 'mixture_magnitude', 'mixture_phase', 'source_phase', 'mix_magnitude', 'ideal_binary_mask', 'source_magnitudes'])
0.22296857833862305 GB allocated
7.515625 GB reserved
dict_keys(['index', 'mixture_magnitude', 'mixture_phase', 'source_phase', 'mix_magnitude', 'ideal_binary_mask', 'source_magnitudes'])
0.22296857833862305 GB allocated
7.515625 GB reserved
dict_keys(['index', 'mixture_magnitude', 'mixture_phase', 'source_phase', 'mix_magnitude', 'ideal_binary_mask', 'source_magnitudes'])
0.22296857833862305 GB allocated
7.515625 GB reserved
dict_keys(['index', 'mixture_magnitude', 'mixture_phase', 'source_phase', 'mix_magnitude', 'ideal_binary_mask', 'source_magnitudes'])
0.22296857833862305 GB allocated
7.515625 GB reserved
dict_keys(['index', 'mixture_magnitude', 'mixture_phase', 'source_phase', 'mix_magnitude', 'ideal_binary_mask', 'source_magnitudes'])
0.22296857833862305 GB allocated
7.515625 GB reserved
dict_keys(['index', 'mixture_magnitude', 'mixture_phase', 'source_phase', 'mix_magnitude', 'ideal_binary_mask', 'source_magnitudes'])
0.22296857833862305 GB allocated
7.515625 GB reserved
05/30/2026 01:55:21 PM | engine.py:906 Engine run starting with max_epochs=1.
05/30/2026 01:56:56 PM | engine.py:1010 Epoch[1] Complete. Time taken: 00:01:35.422
dict_keys(['index', 'mixture_magnitude', 'mixture_phase', 'source_phase', 'mix_magnitude', 'ideal_binary_mask', 'source_magnitudes'])
0.22296857833862305 GB allocated
7.515625 GB reserved
dict_keys(['index', 'mixture_magnitude', 'mixture_phase', 'source_phase', 'mix_magnitude', 'ideal_binary_mask', 'source_magnitudes'])
0.22296857833862305 GB allocated
7.515625 GB reserved
dict_keys(['index', 'mixture_magnitude', 'mixture_phase', 'source_phase', 'mix_magnitude', 'ideal_binary_mask', 'source_magnitudes'])
0.22296857833862305 GB allocated
7.515625 GB reserved
dict_keys(['index', 'mixture_magnitude', 'mixture_phase', 'source_phase', 'mix_magnitude', 'ideal_binary_mask', 'source_magnitudes'])
0.22296857833862305 GB allocated
7.515625 GB reserved
dict_keys(['index', 'mixture_magnitude', 'mixture_phase', 'source_phase', 'mix_magnitude', 'ideal_binary_mask', 'source_magnitudes'])
0.22296857833862305 GB allocated
7.515625 GB reserved
dict_keys(['index', 'mixture_magnitude', 'mixture_phase', 'source_phase', 'mix_magnitude', 'ideal_binary_mask', 'source_magnitudes'])
0.22296857833862305 GB allocated
7.515625 GB reserved
dict_keys(['index', 'mixture_magnitude', 'mixture_phase', 'source_phase', 'mix_magnitude', 'ideal_binary_mask', 'source_magnitudes'])
0.22296857833862305 GB allocated
7.515625 GB reserved
dict_keys(['index', 'mixture_magnitude', 'mixture_phase', 'source_phase', 'mix_magnitude', 'ideal_binary_mask', 'source_magnitudes'])
0.22211551666259766 GB allocated
7.515625 GB reserved
dict_keys(['index', 'mixture_magnitude', 'mixture_phase', 'source_phase', 'mix_magnitude', 'ideal_binary_mask', 'source_magnitudes'])
0.22296857833862305 GB allocated
7.515625 GB reserved
dict_keys(['index', 'mixture_magnitude', 'mixture_phase', 'source_phase', 'mix_magnitude', 'ideal_binary_mask', 'source_magnitudes'])
0.22296857833862305 GB allocated
7.515625 GB reserved
dict_keys(['index', 'mixture_magnitude', 'mixture_phase', 'source_phase', 'mix_magnitude', 'ideal_binary_mask', 'source_magnitudes'])
0.22296857833862305 GB allocated
7.515625 GB reserved
dict_keys(['index', 'mixture_magnitude', 'mixture_phase', 'source_phase', 'mix_magnitude', 'ideal_binary_mask', 'source_magnitudes'])
0.22296857833862305 GB allocated
7.515625 GB reserved
dict_keys(['index', 'mixture_magnitude', 'mixture_phase', 'source_phase', 'mix_magnitude', 'ideal_binary_mask', 'source_magnitudes'])
0.22296857833862305 GB allocated
7.515625 GB reserved
dict_keys(['index', 'mixture_magnitude', 'mixture_phase', 'source_phase', 'mix_magnitude', 'ideal_binary_mask', 'source_magnitudes'])
0.22296857833862305 GB allocated
7.515625 GB reserved
dict_keys(['index', 'mixture_magnitude', 'mixture_phase', 'source_phase', 'mix_magnitude', 'ideal_binary_mask', 'source_magnitudes'])
0.22296857833862305 GB allocated
7.515625 GB reserved
dict_keys(['index', 'mixture_magnitude', 'mixture_phase', 'source_phase', 'mix_magnitude', 'ideal_binary_mask', 'source_magnitudes'])
0.22296857833862305 GB allocated
7.515625 GB reserved
dict_keys(['index', 'mixture_magnitude', 'mixture_phase', 'source_phase', 'mix_magnitude', 'ideal_binary_mask', 'source_magnitudes'])
0.22296857833862305 GB allocated
7.515625 GB reserved
dict_keys(['index', 'mixture_magnitude', 'mixture_phase', 'source_phase', 'mix_magnitude', 'ideal_binary_mask', 'source_magnitudes'])
0.22296857833862305 GB allocated
7.515625 GB reserved
dict_keys(['index', 'mixture_magnitude', 'mixture_phase', 'source_phase', 'mix_magnitude', 'ideal_binary_mask', 'source_magnitudes'])
0.22296857833862305 GB allocated
7.515625 GB reserved
dict_keys(['index', 'mixture_magnitude', 'mixture_phase', 'source_phase', 'mix_magnitude', 'ideal_binary_mask', 'source_magnitudes'])
0.22296857833862305 GB allocated
7.515625 GB reserved
dict_keys(['index', 'mixture_magnitude', 'mixture_phase', 'source_phase', 'mix_magnitude', 'ideal_binary_mask', 'source_magnitudes'])
0.22296857833862305 GB allocated
7.515625 GB reserved
dict_keys(['index', 'mixture_magnitude', 'mixture_phase', 'source_phase', 'mix_magnitude', 'ideal_binary_mask', 'source_magnitudes'])
0.22296857833862305 GB allocated
7.515625 GB reserved
dict_keys(['index', 'mixture_magnitude', 'mixture_phase', 'source_phase', 'mix_magnitude', 'ideal_binary_mask', 'source_magnitudes'])
0.22296857833862305 GB allocated
7.515625 GB reserved
dict_keys(['index', 'mixture_magnitude', 'mixture_phase', 'source_phase', 'mix_magnitude', 'ideal_binary_mask', 'source_magnitudes'])
0.22296857833862305 GB allocated
7.515625 GB reserved
dict_keys(['index', 'mixture_magnitude', 'mixture_phase', 'source_phase', 'mix_magnitude', 'ideal_binary_mask', 'source_magnitudes'])
0.22296857833862305 GB allocated
7.515625 GB reserved
dict_keys(['index', 'mixture_magnitude', 'mixture_phase', 'source_phase', 'mix_magnitude', 'ideal_binary_mask', 'source_magnitudes'])
0.22296857833862305 GB allocated
7.515625 GB reserved
dict_keys(['index', 'mixture_magnitude', 'mixture_phase', 'source_phase', 'mix_magnitude', 'ideal_binary_mask', 'source_magnitudes'])
0.22296857833862305 GB allocated
7.515625 GB reserved
dict_keys(['index', 'mixture_magnitude', 'mixture_phase', 'source_phase', 'mix_magnitude', 'ideal_binary_mask', 'source_magnitudes'])
0.22296857833862305 GB allocated
7.515625 GB reserved
dict_keys(['index', 'mixture_magnitude', 'mixture_phase', 'source_phase', 'mix_magnitude', 'ideal_binary_mask', 'source_magnitudes'])
0.22296857833862305 GB allocated
7.515625 GB reserved
dict_keys(['index', 'mixture_magnitude', 'mixture_phase', 'source_phase', 'mix_magnitude', 'ideal_binary_mask', 'source_magnitudes'])
0.22296857833862305 GB allocated
7.515625 GB reserved
dict_keys(['index', 'mixture_magnitude', 'mixture_phase', 'source_phase', 'mix_magnitude', 'ideal_binary_mask', 'source_magnitudes'])
0.22296857833862305 GB allocated
7.515625 GB reserved
dict_keys(['index', 'mixture_magnitude', 'mixture_phase', 'source_phase', 'mix_magnitude', 'ideal_binary_mask', 'source_magnitudes'])
0.22296857833862305 GB allocated
7.515625 GB reserved
dict_keys(['index', 'mixture_magnitude', 'mixture_phase', 'source_phase', 'mix_magnitude', 'ideal_binary_mask', 'source_magnitudes'])
0.22211551666259766 GB allocated
7.515625 GB reserved
dict_keys(['index', 'mixture_magnitude', 'mixture_phase', 'source_phase', 'mix_magnitude', 'ideal_binary_mask', 'source_magnitudes'])
0.22296857833862305 GB allocated
7.515625 GB reserved
dict_keys(['index', 'mixture_magnitude', 'mixture_phase', 'source_phase', 'mix_magnitude', 'ideal_binary_mask', 'source_magnitudes'])
0.22296857833862305 GB allocated
7.515625 GB reserved
dict_keys(['index', 'mixture_magnitude', 'mixture_phase', 'source_phase', 'mix_magnitude', 'ideal_binary_mask', 'source_magnitudes'])
0.22296857833862305 GB allocated
7.515625 GB reserved
dict_keys(['index', 'mixture_magnitude', 'mixture_phase', 'source_phase', 'mix_magnitude', 'ideal_binary_mask', 'source_magnitudes'])
0.22296857833862305 GB allocated
7.515625 GB reserved
dict_keys(['index', 'mixture_magnitude', 'mixture_phase', 'source_phase', 'mix_magnitude', 'ideal_binary_mask', 'source_magnitudes'])
0.22296857833862305 GB allocated
7.515625 GB reserved
dict_keys(['index', 'mixture_magnitude', 'mixture_phase', 'source_phase', 'mix_magnitude', 'ideal_binary_mask', 'source_magnitudes'])
0.22296857833862305 GB allocated
7.515625 GB reserved
dict_keys(['index', 'mixture_magnitude', 'mixture_phase', 'source_phase', 'mix_magnitude', 'ideal_binary_mask', 'source_magnitudes'])
0.22296857833862305 GB allocated
7.515625 GB reserved
dict_keys(['index', 'mixture_magnitude', 'mixture_phase', 'source_phase', 'mix_magnitude', 'ideal_binary_mask', 'source_magnitudes'])
0.22296857833862305 GB allocated
7.515625 GB reserved
dict_keys(['index', 'mixture_magnitude', 'mixture_phase', 'source_phase', 'mix_magnitude', 'ideal_binary_mask', 'source_magnitudes'])
0.22296857833862305 GB allocated
7.515625 GB reserved
dict_keys(['index', 'mixture_magnitude', 'mixture_phase', 'source_phase', 'mix_magnitude', 'ideal_binary_mask', 'source_magnitudes'])
0.22296857833862305 GB allocated
7.515625 GB reserved
dict_keys(['index', 'mixture_magnitude', 'mixture_phase', 'source_phase', 'mix_magnitude', 'ideal_binary_mask', 'source_magnitudes'])
0.22296857833862305 GB allocated
7.515625 GB reserved
dict_keys(['index', 'mixture_magnitude', 'mixture_phase', 'source_phase', 'mix_magnitude', 'ideal_binary_mask', 'source_magnitudes'])
0.22296857833862305 GB allocated
7.515625 GB reserved
dict_keys(['index', 'mixture_magnitude', 'mixture_phase', 'source_phase', 'mix_magnitude', 'ideal_binary_mask', 'source_magnitudes'])
0.22296857833862305 GB allocated
7.515625 GB reserved
dict_keys(['index', 'mixture_magnitude', 'mixture_phase', 'source_phase', 'mix_magnitude', 'ideal_binary_mask', 'source_magnitudes'])
0.22296857833862305 GB allocated
7.515625 GB reserved
dict_keys(['index', 'mixture_magnitude', 'mixture_phase', 'source_phase', 'mix_magnitude', 'ideal_binary_mask', 'source_magnitudes'])
0.22296857833862305 GB allocated
7.515625 GB reserved
dict_keys(['index', 'mixture_magnitude', 'mixture_phase', 'source_phase', 'mix_magnitude', 'ideal_binary_mask', 'source_magnitudes'])
0.22296857833862305 GB allocated
7.515625 GB reserved
dict_keys(['index', 'mixture_magnitude', 'mixture_phase', 'source_phase', 'mix_magnitude', 'ideal_binary_mask', 'source_magnitudes'])
0.22296857833862305 GB allocated
7.515625 GB reserved
dict_keys(['index', 'mixture_magnitude', 'mixture_phase', 'source_phase', 'mix_magnitude', 'ideal_binary_mask', 'source_magnitudes'])
0.22296857833862305 GB allocated
7.515625 GB reserved
dict_keys(['index', 'mixture_magnitude', 'mixture_phase', 'source_phase', 'mix_magnitude', 'ideal_binary_mask', 'source_magnitudes'])
0.22296857833862305 GB allocated
7.515625 GB reserved
dict_keys(['index', 'mixture_magnitude', 'mixture_phase', 'source_phase', 'mix_magnitude', 'ideal_binary_mask', 'source_magnitudes'])
0.22296857833862305 GB allocated
7.515625 GB reserved
dict_keys(['index', 'mixture_magnitude', 'mixture_phase', 'source_phase', 'mix_magnitude', 'ideal_binary_mask', 'source_magnitudes'])
0.22296857833862305 GB allocated
7.515625 GB reserved
dict_keys(['index', 'mixture_magnitude', 'mixture_phase', 'source_phase', 'mix_magnitude', 'ideal_binary_mask', 'source_magnitudes'])
0.22296857833862305 GB allocated
7.515625 GB reserved
dict_keys(['index', 'mixture_magnitude', 'mixture_phase', 'source_phase', 'mix_magnitude', 'ideal_binary_mask', 'source_magnitudes'])
0.22296857833862305 GB allocated
7.515625 GB reserved
dict_keys(['index', 'mixture_magnitude', 'mixture_phase', 'source_phase', 'mix_magnitude', 'ideal_binary_mask', 'source_magnitudes'])
0.22296857833862305 GB allocated
7.515625 GB reserved
dict_keys(['index', 'mixture_magnitude', 'mixture_phase', 'source_phase', 'mix_magnitude', 'ideal_binary_mask', 'source_magnitudes'])
[Validator] Epoch 3 - val_loss: 0.000005
[BEST CHECKPOINT] Guardado/actualizado en: checkpoints\Mis_modelos_v2\experimental\deep_feature_emd checkpoints\4stems\best_checkpoint_3_val_loss=-0.0000.pt
05/30/2026 01:56:56 PM | engine.py:1037 Engine run finished. Time taken: 00:01:35.459
[Epoch 3] train_loss=0.000005 | val_loss=0.000005
05/30/2026 01:56:56 PM | engine.py:1010 Epoch[3] Complete. Time taken: 00:06:28.651
0.22211551666259766 GB allocated
7.515625 GB reserved
dict_keys(['index', 'mixture_magnitude', 'mixture_phase', 'source_phase', 'mix_magnitude', 'ideal_binary_mask', 'source_magnitudes'])
0.22296857833862305 GB allocated
7.515625 GB reserved
dict_keys(['index', 'mixture_magnitude', 'mixture_phase', 'source_phase', 'mix_magnitude', 'ideal_binary_mask', 'source_magnitudes'])
0.22296857833862305 GB allocated
7.515625 GB reserved
dict_keys(['index', 'mixture_magnitude', 'mixture_phase', 'source_phase', 'mix_magnitude', 'ideal_binary_mask', 'source_magnitudes'])
0.22296857833862305 GB allocated
7.515625 GB reserved
dict_keys(['index', 'mixture_magnitude', 'mixture_phase', 'source_phase', 'mix_magnitude', 'ideal_binary_mask', 'source_magnitudes'])
0.22296857833862305 GB allocated
7.515625 GB reserved
dict_keys(['index', 'mixture_magnitude', 'mixture_phase', 'source_phase', 'mix_magnitude', 'ideal_binary_mask', 'source_magnitudes'])
0.22296857833862305 GB allocated
7.515625 GB reserved
dict_keys(['index', 'mixture_magnitude', 'mixture_phase', 'source_phase', 'mix_magnitude', 'ideal_binary_mask', 'source_magnitudes'])
0.22296857833862305 GB allocated
7.515625 GB reserved
dict_keys(['index', 'mixture_magnitude', 'mixture_phase', 'source_phase', 'mix_magnitude', 'ideal_binary_mask', 'source_magnitudes'])
0.22296857833862305 GB allocated
7.515625 GB reserved
dict_keys(['index', 'mixture_magnitude', 'mixture_phase', 'source_phase', 'mix_magnitude', 'ideal_binary_mask', 'source_magnitudes'])
0.22296857833862305 GB allocated
7.515625 GB reserved
dict_keys(['index', 'mixture_magnitude', 'mixture_phase', 'source_phase', 'mix_magnitude', 'ideal_binary_mask', 'source_magnitudes'])
0.22296857833862305 GB allocated
7.515625 GB reserved
dict_keys(['index', 'mixture_magnitude', 'mixture_phase', 'source_phase', 'mix_magnitude', 'ideal_binary_mask', 'source_magnitudes'])
0.22296857833862305 GB allocated
7.515625 GB reserved
dict_keys(['index', 'mixture_magnitude', 'mixture_phase', 'source_phase', 'mix_magnitude', 'ideal_binary_mask', 'source_magnitudes'])
0.22296857833862305 GB allocated
7.515625 GB reserved
dict_keys(['index', 'mixture_magnitude', 'mixture_phase', 'source_phase', 'mix_magnitude', 'ideal_binary_mask', 'source_magnitudes'])
0.22296857833862305 GB allocated
7.515625 GB reserved
dict_keys(['index', 'mixture_magnitude', 'mixture_phase', 'source_phase', 'mix_magnitude', 'ideal_binary_mask', 'source_magnitudes'])
0.22296857833862305 GB allocated
7.515625 GB reserved
dict_keys(['index', 'mixture_magnitude', 'mixture_phase', 'source_phase', 'mix_magnitude', 'ideal_binary_mask', 'source_magnitudes'])
0.22296857833862305 GB allocated
7.515625 GB reserved
dict_keys(['index', 'mixture_magnitude', 'mixture_phase', 'source_phase', 'mix_magnitude', 'ideal_binary_mask', 'source_magnitudes'])
0.22296857833862305 GB allocated
7.515625 GB reserved
dict_keys(['index', 'mixture_magnitude', 'mixture_phase', 'source_phase', 'mix_magnitude', 'ideal_binary_mask', 'source_magnitudes'])
0.22296857833862305 GB allocated
7.515625 GB reserved
dict_keys(['index', 'mixture_magnitude', 'mixture_phase', 'source_phase', 'mix_magnitude', 'ideal_binary_mask', 'source_magnitudes'])
0.22296857833862305 GB allocated
7.515625 GB reserved
dict_keys(['index', 'mixture_magnitude', 'mixture_phase', 'source_phase', 'mix_magnitude', 'ideal_binary_mask', 'source_magnitudes'])
0.22296857833862305 GB allocated
7.515625 GB reserved
dict_keys(['index', 'mixture_magnitude', 'mixture_phase', 'source_phase', 'mix_magnitude', 'ideal_binary_mask', 'source_magnitudes'])
0.22296857833862305 GB allocated
7.515625 GB reserved
dict_keys(['index', 'mixture_magnitude', 'mixture_phase', 'source_phase', 'mix_magnitude', 'ideal_binary_mask', 'source_magnitudes'])
0.22296857833862305 GB allocated
7.515625 GB reserved
dict_keys(['index', 'mixture_magnitude', 'mixture_phase', 'source_phase', 'mix_magnitude', 'ideal_binary_mask', 'source_magnitudes'])
0.22296857833862305 GB allocated
7.515625 GB reserved
dict_keys(['index', 'mixture_magnitude', 'mixture_phase', 'source_phase', 'mix_magnitude', 'ideal_binary_mask', 'source_magnitudes'])
0.22296857833862305 GB allocated
7.515625 GB reserved
dict_keys(['index', 'mixture_magnitude', 'mixture_phase', 'source_phase', 'mix_magnitude', 'ideal_binary_mask', 'source_magnitudes'])
0.22296857833862305 GB allocated
7.515625 GB reserved
dict_keys(['index', 'mixture_magnitude', 'mixture_phase', 'source_phase', 'mix_magnitude', 'ideal_binary_mask', 'source_magnitudes'])
0.22296857833862305 GB allocated
7.515625 GB reserved
dict_keys(['index', 'mixture_magnitude', 'mixture_phase', 'source_phase', 'mix_magnitude', 'ideal_binary_mask', 'source_magnitudes'])
0.22211551666259766 GB allocated
7.515625 GB reserved
dict_keys(['index', 'mixture_magnitude', 'mixture_phase', 'source_phase', 'mix_magnitude', 'ideal_binary_mask', 'source_magnitudes'])
0.22296857833862305 GB allocated
7.515625 GB reserved
dict_keys(['index', 'mixture_magnitude', 'mixture_phase', 'source_phase', 'mix_magnitude', 'ideal_binary_mask', 'source_magnitudes'])
0.22296857833862305 GB allocated
7.515625 GB reserved
dict_keys(['index', 'mixture_magnitude', 'mixture_phase', 'source_phase', 'mix_magnitude', 'ideal_binary_mask', 'source_magnitudes'])
0.22296857833862305 GB allocated
7.515625 GB reserved
dict_keys(['index', 'mixture_magnitude', 'mixture_phase', 'source_phase', 'mix_magnitude', 'ideal_binary_mask', 'source_magnitudes'])
0.22296857833862305 GB allocated
7.515625 GB reserved
dict_keys(['index', 'mixture_magnitude', 'mixture_phase', 'source_phase', 'mix_magnitude', 'ideal_binary_mask', 'source_magnitudes'])
0.22296857833862305 GB allocated
7.515625 GB reserved
dict_keys(['index', 'mixture_magnitude', 'mixture_phase', 'source_phase', 'mix_magnitude', 'ideal_binary_mask', 'source_magnitudes'])
0.22296857833862305 GB allocated
7.515625 GB reserved
dict_keys(['index', 'mixture_magnitude', 'mixture_phase', 'source_phase', 'mix_magnitude', 'ideal_binary_mask', 'source_magnitudes'])
0.22296857833862305 GB allocated
7.515625 GB reserved
dict_keys(['index', 'mixture_magnitude', 'mixture_phase', 'source_phase', 'mix_magnitude', 'ideal_binary_mask', 'source_magnitudes'])
0.22296857833862305 GB allocated
7.515625 GB reserved
dict_keys(['index', 'mixture_magnitude', 'mixture_phase', 'source_phase', 'mix_magnitude', 'ideal_binary_mask', 'source_magnitudes'])
0.22296857833862305 GB allocated
7.515625 GB reserved
dict_keys(['index', 'mixture_magnitude', 'mixture_phase', 'source_phase', 'mix_magnitude', 'ideal_binary_mask', 'source_magnitudes'])
0.22296857833862305 GB allocated
7.515625 GB reserved
dict_keys(['index', 'mixture_magnitude', 'mixture_phase', 'source_phase', 'mix_magnitude', 'ideal_binary_mask', 'source_magnitudes'])
0.22296857833862305 GB allocated
7.515625 GB reserved
dict_keys(['index', 'mixture_magnitude', 'mixture_phase', 'source_phase', 'mix_magnitude', 'ideal_binary_mask', 'source_magnitudes'])
0.22296857833862305 GB allocated
7.515625 GB reserved
dict_keys(['index', 'mixture_magnitude', 'mixture_phase', 'source_phase', 'mix_magnitude', 'ideal_binary_mask', 'source_magnitudes'])
0.22296857833862305 GB allocated
7.515625 GB reserved
dict_keys(['index', 'mixture_magnitude', 'mixture_phase', 'source_phase', 'mix_magnitude', 'ideal_binary_mask', 'source_magnitudes'])
0.22296857833862305 GB allocated
7.515625 GB reserved
dict_keys(['index', 'mixture_magnitude', 'mixture_phase', 'source_phase', 'mix_magnitude', 'ideal_binary_mask', 'source_magnitudes'])
0.22296857833862305 GB allocated
7.515625 GB reserved
dict_keys(['index', 'mixture_magnitude', 'mixture_phase', 'source_phase', 'mix_magnitude', 'ideal_binary_mask', 'source_magnitudes'])
0.22296857833862305 GB allocated
7.515625 GB reserved
dict_keys(['index', 'mixture_magnitude', 'mixture_phase', 'source_phase', 'mix_magnitude', 'ideal_binary_mask', 'source_magnitudes'])
0.22296857833862305 GB allocated
7.515625 GB reserved
05/30/2026 02:01:41 PM | engine.py:906 Engine run starting with max_epochs=1.
05/30/2026 02:03:11 PM | engine.py:1010 Epoch[1] Complete. Time taken: 00:01:30.275
dict_keys(['index', 'mixture_magnitude', 'mixture_phase', 'source_phase', 'mix_magnitude', 'ideal_binary_mask', 'source_magnitudes'])
0.22296857833862305 GB allocated
7.515625 GB reserved
dict_keys(['index', 'mixture_magnitude', 'mixture_phase', 'source_phase', 'mix_magnitude', 'ideal_binary_mask', 'source_magnitudes'])
0.22296857833862305 GB allocated
7.515625 GB reserved
dict_keys(['index', 'mixture_magnitude', 'mixture_phase', 'source_phase', 'mix_magnitude', 'ideal_binary_mask', 'source_magnitudes'])
0.22296857833862305 GB allocated
7.515625 GB reserved
dict_keys(['index', 'mixture_magnitude', 'mixture_phase', 'source_phase', 'mix_magnitude', 'ideal_binary_mask', 'source_magnitudes'])
0.22296857833862305 GB allocated
7.515625 GB reserved
dict_keys(['index', 'mixture_magnitude', 'mixture_phase', 'source_phase', 'mix_magnitude', 'ideal_binary_mask', 'source_magnitudes'])
0.22296857833862305 GB allocated
7.515625 GB reserved
dict_keys(['index', 'mixture_magnitude', 'mixture_phase', 'source_phase', 'mix_magnitude', 'ideal_binary_mask', 'source_magnitudes'])
0.22296857833862305 GB allocated
7.515625 GB reserved
dict_keys(['index', 'mixture_magnitude', 'mixture_phase', 'source_phase', 'mix_magnitude', 'ideal_binary_mask', 'source_magnitudes'])
0.22296857833862305 GB allocated
7.515625 GB reserved
dict_keys(['index', 'mixture_magnitude', 'mixture_phase', 'source_phase', 'mix_magnitude', 'ideal_binary_mask', 'source_magnitudes'])
0.22211551666259766 GB allocated
7.515625 GB reserved
dict_keys(['index', 'mixture_magnitude', 'mixture_phase', 'source_phase', 'mix_magnitude', 'ideal_binary_mask', 'source_magnitudes'])
0.22296857833862305 GB allocated
7.515625 GB reserved
dict_keys(['index', 'mixture_magnitude', 'mixture_phase', 'source_phase', 'mix_magnitude', 'ideal_binary_mask', 'source_magnitudes'])
0.22296857833862305 GB allocated
7.515625 GB reserved
dict_keys(['index', 'mixture_magnitude', 'mixture_phase', 'source_phase', 'mix_magnitude', 'ideal_binary_mask', 'source_magnitudes'])
0.22296857833862305 GB allocated
7.515625 GB reserved
dict_keys(['index', 'mixture_magnitude', 'mixture_phase', 'source_phase', 'mix_magnitude', 'ideal_binary_mask', 'source_magnitudes'])
0.22296857833862305 GB allocated
7.515625 GB reserved
dict_keys(['index', 'mixture_magnitude', 'mixture_phase', 'source_phase', 'mix_magnitude', 'ideal_binary_mask', 'source_magnitudes'])
0.22296857833862305 GB allocated
7.515625 GB reserved
dict_keys(['index', 'mixture_magnitude', 'mixture_phase', 'source_phase', 'mix_magnitude', 'ideal_binary_mask', 'source_magnitudes'])
0.22296857833862305 GB allocated
7.515625 GB reserved
dict_keys(['index', 'mixture_magnitude', 'mixture_phase', 'source_phase', 'mix_magnitude', 'ideal_binary_mask', 'source_magnitudes'])
0.22296857833862305 GB allocated
7.515625 GB reserved
dict_keys(['index', 'mixture_magnitude', 'mixture_phase', 'source_phase', 'mix_magnitude', 'ideal_binary_mask', 'source_magnitudes'])
0.22296857833862305 GB allocated
7.515625 GB reserved
dict_keys(['index', 'mixture_magnitude', 'mixture_phase', 'source_phase', 'mix_magnitude', 'ideal_binary_mask', 'source_magnitudes'])
0.22296857833862305 GB allocated
7.515625 GB reserved
dict_keys(['index', 'mixture_magnitude', 'mixture_phase', 'source_phase', 'mix_magnitude', 'ideal_binary_mask', 'source_magnitudes'])
0.22296857833862305 GB allocated
7.515625 GB reserved
dict_keys(['index', 'mixture_magnitude', 'mixture_phase', 'source_phase', 'mix_magnitude', 'ideal_binary_mask', 'source_magnitudes'])
0.22296857833862305 GB allocated
7.515625 GB reserved
dict_keys(['index', 'mixture_magnitude', 'mixture_phase', 'source_phase', 'mix_magnitude', 'ideal_binary_mask', 'source_magnitudes'])
0.22296857833862305 GB allocated
7.515625 GB reserved
dict_keys(['index', 'mixture_magnitude', 'mixture_phase', 'source_phase', 'mix_magnitude', 'ideal_binary_mask', 'source_magnitudes'])
0.22296857833862305 GB allocated
7.515625 GB reserved
dict_keys(['index', 'mixture_magnitude', 'mixture_phase', 'source_phase', 'mix_magnitude', 'ideal_binary_mask', 'source_magnitudes'])
0.22296857833862305 GB allocated
7.515625 GB reserved
dict_keys(['index', 'mixture_magnitude', 'mixture_phase', 'source_phase', 'mix_magnitude', 'ideal_binary_mask', 'source_magnitudes'])
0.22296857833862305 GB allocated
7.515625 GB reserved
dict_keys(['index', 'mixture_magnitude', 'mixture_phase', 'source_phase', 'mix_magnitude', 'ideal_binary_mask', 'source_magnitudes'])
0.22296857833862305 GB allocated
7.515625 GB reserved
dict_keys(['index', 'mixture_magnitude', 'mixture_phase', 'source_phase', 'mix_magnitude', 'ideal_binary_mask', 'source_magnitudes'])
0.22296857833862305 GB allocated
7.515625 GB reserved
dict_keys(['index', 'mixture_magnitude', 'mixture_phase', 'source_phase', 'mix_magnitude', 'ideal_binary_mask', 'source_magnitudes'])
0.22296857833862305 GB allocated
7.515625 GB reserved
dict_keys(['index', 'mixture_magnitude', 'mixture_phase', 'source_phase', 'mix_magnitude', 'ideal_binary_mask', 'source_magnitudes'])
0.22296857833862305 GB allocated
7.515625 GB reserved
dict_keys(['index', 'mixture_magnitude', 'mixture_phase', 'source_phase', 'mix_magnitude', 'ideal_binary_mask', 'source_magnitudes'])
0.22296857833862305 GB allocated
7.515625 GB reserved
dict_keys(['index', 'mixture_magnitude', 'mixture_phase', 'source_phase', 'mix_magnitude', 'ideal_binary_mask', 'source_magnitudes'])
0.22296857833862305 GB allocated
7.515625 GB reserved
dict_keys(['index', 'mixture_magnitude', 'mixture_phase', 'source_phase', 'mix_magnitude', 'ideal_binary_mask', 'source_magnitudes'])
0.22296857833862305 GB allocated
7.515625 GB reserved
dict_keys(['index', 'mixture_magnitude', 'mixture_phase', 'source_phase', 'mix_magnitude', 'ideal_binary_mask', 'source_magnitudes'])
0.22296857833862305 GB allocated
7.515625 GB reserved
dict_keys(['index', 'mixture_magnitude', 'mixture_phase', 'source_phase', 'mix_magnitude', 'ideal_binary_mask', 'source_magnitudes'])
0.22296857833862305 GB allocated
7.515625 GB reserved
dict_keys(['index', 'mixture_magnitude', 'mixture_phase', 'source_phase', 'mix_magnitude', 'ideal_binary_mask', 'source_magnitudes'])
0.22211551666259766 GB allocated
7.515625 GB reserved
dict_keys(['index', 'mixture_magnitude', 'mixture_phase', 'source_phase', 'mix_magnitude', 'ideal_binary_mask', 'source_magnitudes'])
0.22296857833862305 GB allocated
7.515625 GB reserved
dict_keys(['index', 'mixture_magnitude', 'mixture_phase', 'source_phase', 'mix_magnitude', 'ideal_binary_mask', 'source_magnitudes'])
0.22296857833862305 GB allocated
7.515625 GB reserved
dict_keys(['index', 'mixture_magnitude', 'mixture_phase', 'source_phase', 'mix_magnitude', 'ideal_binary_mask', 'source_magnitudes'])
0.22296857833862305 GB allocated
7.515625 GB reserved
dict_keys(['index', 'mixture_magnitude', 'mixture_phase', 'source_phase', 'mix_magnitude', 'ideal_binary_mask', 'source_magnitudes'])
0.22296857833862305 GB allocated
7.515625 GB reserved
dict_keys(['index', 'mixture_magnitude', 'mixture_phase', 'source_phase', 'mix_magnitude', 'ideal_binary_mask', 'source_magnitudes'])
0.22296857833862305 GB allocated
7.515625 GB reserved
dict_keys(['index', 'mixture_magnitude', 'mixture_phase', 'source_phase', 'mix_magnitude', 'ideal_binary_mask', 'source_magnitudes'])
0.22296857833862305 GB allocated
7.515625 GB reserved
dict_keys(['index', 'mixture_magnitude', 'mixture_phase', 'source_phase', 'mix_magnitude', 'ideal_binary_mask', 'source_magnitudes'])
0.22296857833862305 GB allocated
7.515625 GB reserved
dict_keys(['index', 'mixture_magnitude', 'mixture_phase', 'source_phase', 'mix_magnitude', 'ideal_binary_mask', 'source_magnitudes'])
0.22296857833862305 GB allocated
7.515625 GB reserved
dict_keys(['index', 'mixture_magnitude', 'mixture_phase', 'source_phase', 'mix_magnitude', 'ideal_binary_mask', 'source_magnitudes'])
0.22296857833862305 GB allocated
7.515625 GB reserved
dict_keys(['index', 'mixture_magnitude', 'mixture_phase', 'source_phase', 'mix_magnitude', 'ideal_binary_mask', 'source_magnitudes'])
0.22296857833862305 GB allocated
7.515625 GB reserved
dict_keys(['index', 'mixture_magnitude', 'mixture_phase', 'source_phase', 'mix_magnitude', 'ideal_binary_mask', 'source_magnitudes'])
0.22296857833862305 GB allocated
7.515625 GB reserved
dict_keys(['index', 'mixture_magnitude', 'mixture_phase', 'source_phase', 'mix_magnitude', 'ideal_binary_mask', 'source_magnitudes'])
0.22296857833862305 GB allocated
7.515625 GB reserved
dict_keys(['index', 'mixture_magnitude', 'mixture_phase', 'source_phase', 'mix_magnitude', 'ideal_binary_mask', 'source_magnitudes'])
0.22296857833862305 GB allocated
7.515625 GB reserved
dict_keys(['index', 'mixture_magnitude', 'mixture_phase', 'source_phase', 'mix_magnitude', 'ideal_binary_mask', 'source_magnitudes'])
0.22296857833862305 GB allocated
7.515625 GB reserved
dict_keys(['index', 'mixture_magnitude', 'mixture_phase', 'source_phase', 'mix_magnitude', 'ideal_binary_mask', 'source_magnitudes'])
0.22296857833862305 GB allocated
7.515625 GB reserved
dict_keys(['index', 'mixture_magnitude', 'mixture_phase', 'source_phase', 'mix_magnitude', 'ideal_binary_mask', 'source_magnitudes'])
0.22296857833862305 GB allocated
7.515625 GB reserved
dict_keys(['index', 'mixture_magnitude', 'mixture_phase', 'source_phase', 'mix_magnitude', 'ideal_binary_mask', 'source_magnitudes'])
0.22296857833862305 GB allocated
7.515625 GB reserved
dict_keys(['index', 'mixture_magnitude', 'mixture_phase', 'source_phase', 'mix_magnitude', 'ideal_binary_mask', 'source_magnitudes'])
0.22296857833862305 GB allocated
7.515625 GB reserved
dict_keys(['index', 'mixture_magnitude', 'mixture_phase', 'source_phase', 'mix_magnitude', 'ideal_binary_mask', 'source_magnitudes'])
0.22296857833862305 GB allocated
7.515625 GB reserved
dict_keys(['index', 'mixture_magnitude', 'mixture_phase', 'source_phase', 'mix_magnitude', 'ideal_binary_mask', 'source_magnitudes'])
0.22296857833862305 GB allocated
7.515625 GB reserved
dict_keys(['index', 'mixture_magnitude', 'mixture_phase', 'source_phase', 'mix_magnitude', 'ideal_binary_mask', 'source_magnitudes'])
0.22296857833862305 GB allocated
7.515625 GB reserved
dict_keys(['index', 'mixture_magnitude', 'mixture_phase', 'source_phase', 'mix_magnitude', 'ideal_binary_mask', 'source_magnitudes'])
0.22296857833862305 GB allocated
7.515625 GB reserved
dict_keys(['index', 'mixture_magnitude', 'mixture_phase', 'source_phase', 'mix_magnitude', 'ideal_binary_mask', 'source_magnitudes'])
0.22296857833862305 GB allocated
7.515625 GB reserved
dict_keys(['index', 'mixture_magnitude', 'mixture_phase', 'source_phase', 'mix_magnitude', 'ideal_binary_mask', 'source_magnitudes'])
0.22296857833862305 GB allocated
7.515625 GB reserved
dict_keys(['index', 'mixture_magnitude', 'mixture_phase', 'source_phase', 'mix_magnitude', 'ideal_binary_mask', 'source_magnitudes'])
[Validator] Epoch 4 - val_loss: 0.000005
[BEST CHECKPOINT] Guardado/actualizado en: checkpoints\Mis_modelos_v2\experimental\deep_feature_emd checkpoints\4stems\best_checkpoint_3_val_loss=-0.0000.pt
05/30/2026 02:03:11 PM | engine.py:1037 Engine run finished. Time taken: 00:01:30.275
[Epoch 4] train_loss=0.000005 | val_loss=0.000005
05/30/2026 02:03:11 PM | engine.py:1010 Epoch[4] Complete. Time taken: 00:06:14.883
0.22211551666259766 GB allocated
7.515625 GB reserved
dict_keys(['index', 'mixture_magnitude', 'mixture_phase', 'source_phase', 'mix_magnitude', 'ideal_binary_mask', 'source_magnitudes'])
0.22296857833862305 GB allocated
7.515625 GB reserved
dict_keys(['index', 'mixture_magnitude', 'mixture_phase', 'source_phase', 'mix_magnitude', 'ideal_binary_mask', 'source_magnitudes'])
0.22296857833862305 GB allocated
7.515625 GB reserved
dict_keys(['index', 'mixture_magnitude', 'mixture_phase', 'source_phase', 'mix_magnitude', 'ideal_binary_mask', 'source_magnitudes'])
0.22296857833862305 GB allocated
7.515625 GB reserved
dict_keys(['index', 'mixture_magnitude', 'mixture_phase', 'source_phase', 'mix_magnitude', 'ideal_binary_mask', 'source_magnitudes'])
0.22296857833862305 GB allocated
7.515625 GB reserved
dict_keys(['index', 'mixture_magnitude', 'mixture_phase', 'source_phase', 'mix_magnitude', 'ideal_binary_mask', 'source_magnitudes'])
0.22296857833862305 GB allocated
7.515625 GB reserved
dict_keys(['index', 'mixture_magnitude', 'mixture_phase', 'source_phase', 'mix_magnitude', 'ideal_binary_mask', 'source_magnitudes'])
0.22296857833862305 GB allocated
7.515625 GB reserved
dict_keys(['index', 'mixture_magnitude', 'mixture_phase', 'source_phase', 'mix_magnitude', 'ideal_binary_mask', 'source_magnitudes'])
0.22296857833862305 GB allocated
7.515625 GB reserved
dict_keys(['index', 'mixture_magnitude', 'mixture_phase', 'source_phase', 'mix_magnitude', 'ideal_binary_mask', 'source_magnitudes'])
0.22296857833862305 GB allocated
7.515625 GB reserved
dict_keys(['index', 'mixture_magnitude', 'mixture_phase', 'source_phase', 'mix_magnitude', 'ideal_binary_mask', 'source_magnitudes'])
0.22296857833862305 GB allocated
7.515625 GB reserved
dict_keys(['index', 'mixture_magnitude', 'mixture_phase', 'source_phase', 'mix_magnitude', 'ideal_binary_mask', 'source_magnitudes'])
0.22296857833862305 GB allocated
7.515625 GB reserved
dict_keys(['index', 'mixture_magnitude', 'mixture_phase', 'source_phase', 'mix_magnitude', 'ideal_binary_mask', 'source_magnitudes'])
0.22296857833862305 GB allocated
7.515625 GB reserved
dict_keys(['index', 'mixture_magnitude', 'mixture_phase', 'source_phase', 'mix_magnitude', 'ideal_binary_mask', 'source_magnitudes'])
0.22296857833862305 GB allocated
7.515625 GB reserved
dict_keys(['index', 'mixture_magnitude', 'mixture_phase', 'source_phase', 'mix_magnitude', 'ideal_binary_mask', 'source_magnitudes'])
0.22296857833862305 GB allocated
7.515625 GB reserved
dict_keys(['index', 'mixture_magnitude', 'mixture_phase', 'source_phase', 'mix_magnitude', 'ideal_binary_mask', 'source_magnitudes'])
0.22296857833862305 GB allocated
7.515625 GB reserved
dict_keys(['index', 'mixture_magnitude', 'mixture_phase', 'source_phase', 'mix_magnitude', 'ideal_binary_mask', 'source_magnitudes'])
0.22296857833862305 GB allocated
7.515625 GB reserved
dict_keys(['index', 'mixture_magnitude', 'mixture_phase', 'source_phase', 'mix_magnitude', 'ideal_binary_mask', 'source_magnitudes'])
0.22296857833862305 GB allocated
7.515625 GB reserved
dict_keys(['index', 'mixture_magnitude', 'mixture_phase', 'source_phase', 'mix_magnitude', 'ideal_binary_mask', 'source_magnitudes'])
0.22296857833862305 GB allocated
7.515625 GB reserved
dict_keys(['index', 'mixture_magnitude', 'mixture_phase', 'source_phase', 'mix_magnitude', 'ideal_binary_mask', 'source_magnitudes'])
0.22296857833862305 GB allocated
7.515625 GB reserved
dict_keys(['index', 'mixture_magnitude', 'mixture_phase', 'source_phase', 'mix_magnitude', 'ideal_binary_mask', 'source_magnitudes'])
0.22296857833862305 GB allocated
7.515625 GB reserved
dict_keys(['index', 'mixture_magnitude', 'mixture_phase', 'source_phase', 'mix_magnitude', 'ideal_binary_mask', 'source_magnitudes'])
0.22296857833862305 GB allocated
7.515625 GB reserved
dict_keys(['index', 'mixture_magnitude', 'mixture_phase', 'source_phase', 'mix_magnitude', 'ideal_binary_mask', 'source_magnitudes'])
0.22296857833862305 GB allocated
7.515625 GB reserved
dict_keys(['index', 'mixture_magnitude', 'mixture_phase', 'source_phase', 'mix_magnitude', 'ideal_binary_mask', 'source_magnitudes'])
0.22296857833862305 GB allocated
7.515625 GB reserved
dict_keys(['index', 'mixture_magnitude', 'mixture_phase', 'source_phase', 'mix_magnitude', 'ideal_binary_mask', 'source_magnitudes'])
0.22296857833862305 GB allocated
7.515625 GB reserved
dict_keys(['index', 'mixture_magnitude', 'mixture_phase', 'source_phase', 'mix_magnitude', 'ideal_binary_mask', 'source_magnitudes'])
0.22296857833862305 GB allocated
7.515625 GB reserved
dict_keys(['index', 'mixture_magnitude', 'mixture_phase', 'source_phase', 'mix_magnitude', 'ideal_binary_mask', 'source_magnitudes'])
0.22211551666259766 GB allocated
7.515625 GB reserved
dict_keys(['index', 'mixture_magnitude', 'mixture_phase', 'source_phase', 'mix_magnitude', 'ideal_binary_mask', 'source_magnitudes'])
0.22296857833862305 GB allocated
7.515625 GB reserved
dict_keys(['index', 'mixture_magnitude', 'mixture_phase', 'source_phase', 'mix_magnitude', 'ideal_binary_mask', 'source_magnitudes'])
0.22296857833862305 GB allocated
7.515625 GB reserved
dict_keys(['index', 'mixture_magnitude', 'mixture_phase', 'source_phase', 'mix_magnitude', 'ideal_binary_mask', 'source_magnitudes'])
0.22296857833862305 GB allocated
7.515625 GB reserved
dict_keys(['index', 'mixture_magnitude', 'mixture_phase', 'source_phase', 'mix_magnitude', 'ideal_binary_mask', 'source_magnitudes'])
0.22296857833862305 GB allocated
7.515625 GB reserved
dict_keys(['index', 'mixture_magnitude', 'mixture_phase', 'source_phase', 'mix_magnitude', 'ideal_binary_mask', 'source_magnitudes'])
0.22296857833862305 GB allocated
7.515625 GB reserved
dict_keys(['index', 'mixture_magnitude', 'mixture_phase', 'source_phase', 'mix_magnitude', 'ideal_binary_mask', 'source_magnitudes'])
0.22296857833862305 GB allocated
7.515625 GB reserved
dict_keys(['index', 'mixture_magnitude', 'mixture_phase', 'source_phase', 'mix_magnitude', 'ideal_binary_mask', 'source_magnitudes'])
0.22296857833862305 GB allocated
7.515625 GB reserved
dict_keys(['index', 'mixture_magnitude', 'mixture_phase', 'source_phase', 'mix_magnitude', 'ideal_binary_mask', 'source_magnitudes'])
0.22296857833862305 GB allocated
7.515625 GB reserved
dict_keys(['index', 'mixture_magnitude', 'mixture_phase', 'source_phase', 'mix_magnitude', 'ideal_binary_mask', 'source_magnitudes'])
0.22296857833862305 GB allocated
7.515625 GB reserved
dict_keys(['index', 'mixture_magnitude', 'mixture_phase', 'source_phase', 'mix_magnitude', 'ideal_binary_mask', 'source_magnitudes'])
0.22296857833862305 GB allocated
7.515625 GB reserved
dict_keys(['index', 'mixture_magnitude', 'mixture_phase', 'source_phase', 'mix_magnitude', 'ideal_binary_mask', 'source_magnitudes'])
0.22296857833862305 GB allocated
7.515625 GB reserved
dict_keys(['index', 'mixture_magnitude', 'mixture_phase', 'source_phase', 'mix_magnitude', 'ideal_binary_mask', 'source_magnitudes'])
0.22296857833862305 GB allocated
7.515625 GB reserved
dict_keys(['index', 'mixture_magnitude', 'mixture_phase', 'source_phase', 'mix_magnitude', 'ideal_binary_mask', 'source_magnitudes'])
0.22296857833862305 GB allocated
7.515625 GB reserved
dict_keys(['index', 'mixture_magnitude', 'mixture_phase', 'source_phase', 'mix_magnitude', 'ideal_binary_mask', 'source_magnitudes'])
0.22296857833862305 GB allocated
7.515625 GB reserved
dict_keys(['index', 'mixture_magnitude', 'mixture_phase', 'source_phase', 'mix_magnitude', 'ideal_binary_mask', 'source_magnitudes'])
0.22296857833862305 GB allocated
7.515625 GB reserved
dict_keys(['index', 'mixture_magnitude', 'mixture_phase', 'source_phase', 'mix_magnitude', 'ideal_binary_mask', 'source_magnitudes'])
0.22296857833862305 GB allocated
7.515625 GB reserved
dict_keys(['index', 'mixture_magnitude', 'mixture_phase', 'source_phase', 'mix_magnitude', 'ideal_binary_mask', 'source_magnitudes'])
0.22296857833862305 GB allocated
7.515625 GB reserved
05/30/2026 02:07:55 PM | engine.py:906 Engine run starting with max_epochs=1.
05/30/2026 02:09:28 PM | engine.py:1010 Epoch[1] Complete. Time taken: 00:01:32.158
dict_keys(['index', 'mixture_magnitude', 'mixture_phase', 'source_phase', 'mix_magnitude', 'ideal_binary_mask', 'source_magnitudes'])
0.22296857833862305 GB allocated
7.515625 GB reserved
dict_keys(['index', 'mixture_magnitude', 'mixture_phase', 'source_phase', 'mix_magnitude', 'ideal_binary_mask', 'source_magnitudes'])
0.22296857833862305 GB allocated
7.515625 GB reserved
dict_keys(['index', 'mixture_magnitude', 'mixture_phase', 'source_phase', 'mix_magnitude', 'ideal_binary_mask', 'source_magnitudes'])
0.22296857833862305 GB allocated
7.515625 GB reserved
dict_keys(['index', 'mixture_magnitude', 'mixture_phase', 'source_phase', 'mix_magnitude', 'ideal_binary_mask', 'source_magnitudes'])
0.22296857833862305 GB allocated
7.515625 GB reserved
dict_keys(['index', 'mixture_magnitude', 'mixture_phase', 'source_phase', 'mix_magnitude', 'ideal_binary_mask', 'source_magnitudes'])
0.22296857833862305 GB allocated
7.515625 GB reserved
dict_keys(['index', 'mixture_magnitude', 'mixture_phase', 'source_phase', 'mix_magnitude', 'ideal_binary_mask', 'source_magnitudes'])
0.22296857833862305 GB allocated
7.515625 GB reserved
dict_keys(['index', 'mixture_magnitude', 'mixture_phase', 'source_phase', 'mix_magnitude', 'ideal_binary_mask', 'source_magnitudes'])
0.22296857833862305 GB allocated
7.515625 GB reserved
dict_keys(['index', 'mixture_magnitude', 'mixture_phase', 'source_phase', 'mix_magnitude', 'ideal_binary_mask', 'source_magnitudes'])
0.22211551666259766 GB allocated
7.515625 GB reserved
dict_keys(['index', 'mixture_magnitude', 'mixture_phase', 'source_phase', 'mix_magnitude', 'ideal_binary_mask', 'source_magnitudes'])
0.22296857833862305 GB allocated
7.515625 GB reserved
dict_keys(['index', 'mixture_magnitude', 'mixture_phase', 'source_phase', 'mix_magnitude', 'ideal_binary_mask', 'source_magnitudes'])
0.22296857833862305 GB allocated
7.515625 GB reserved
dict_keys(['index', 'mixture_magnitude', 'mixture_phase', 'source_phase', 'mix_magnitude', 'ideal_binary_mask', 'source_magnitudes'])
0.22296857833862305 GB allocated
7.515625 GB reserved
dict_keys(['index', 'mixture_magnitude', 'mixture_phase', 'source_phase', 'mix_magnitude', 'ideal_binary_mask', 'source_magnitudes'])
0.22296857833862305 GB allocated
7.515625 GB reserved
dict_keys(['index', 'mixture_magnitude', 'mixture_phase', 'source_phase', 'mix_magnitude', 'ideal_binary_mask', 'source_magnitudes'])
0.22296857833862305 GB allocated
7.515625 GB reserved
dict_keys(['index', 'mixture_magnitude', 'mixture_phase', 'source_phase', 'mix_magnitude', 'ideal_binary_mask', 'source_magnitudes'])
0.22296857833862305 GB allocated
7.515625 GB reserved
dict_keys(['index', 'mixture_magnitude', 'mixture_phase', 'source_phase', 'mix_magnitude', 'ideal_binary_mask', 'source_magnitudes'])
0.22296857833862305 GB allocated
7.515625 GB reserved
dict_keys(['index', 'mixture_magnitude', 'mixture_phase', 'source_phase', 'mix_magnitude', 'ideal_binary_mask', 'source_magnitudes'])
0.22296857833862305 GB allocated
7.515625 GB reserved
dict_keys(['index', 'mixture_magnitude', 'mixture_phase', 'source_phase', 'mix_magnitude', 'ideal_binary_mask', 'source_magnitudes'])
0.22296857833862305 GB allocated
7.515625 GB reserved
dict_keys(['index', 'mixture_magnitude', 'mixture_phase', 'source_phase', 'mix_magnitude', 'ideal_binary_mask', 'source_magnitudes'])
0.22296857833862305 GB allocated
7.515625 GB reserved
dict_keys(['index', 'mixture_magnitude', 'mixture_phase', 'source_phase', 'mix_magnitude', 'ideal_binary_mask', 'source_magnitudes'])
0.22296857833862305 GB allocated
7.515625 GB reserved
dict_keys(['index', 'mixture_magnitude', 'mixture_phase', 'source_phase', 'mix_magnitude', 'ideal_binary_mask', 'source_magnitudes'])
0.22296857833862305 GB allocated
7.515625 GB reserved
dict_keys(['index', 'mixture_magnitude', 'mixture_phase', 'source_phase', 'mix_magnitude', 'ideal_binary_mask', 'source_magnitudes'])
0.22296857833862305 GB allocated
7.515625 GB reserved
dict_keys(['index', 'mixture_magnitude', 'mixture_phase', 'source_phase', 'mix_magnitude', 'ideal_binary_mask', 'source_magnitudes'])
0.22296857833862305 GB allocated
7.515625 GB reserved
dict_keys(['index', 'mixture_magnitude', 'mixture_phase', 'source_phase', 'mix_magnitude', 'ideal_binary_mask', 'source_magnitudes'])
0.22296857833862305 GB allocated
7.515625 GB reserved
dict_keys(['index', 'mixture_magnitude', 'mixture_phase', 'source_phase', 'mix_magnitude', 'ideal_binary_mask', 'source_magnitudes'])
0.22296857833862305 GB allocated
7.515625 GB reserved
dict_keys(['index', 'mixture_magnitude', 'mixture_phase', 'source_phase', 'mix_magnitude', 'ideal_binary_mask', 'source_magnitudes'])
0.22296857833862305 GB allocated
7.515625 GB reserved
dict_keys(['index', 'mixture_magnitude', 'mixture_phase', 'source_phase', 'mix_magnitude', 'ideal_binary_mask', 'source_magnitudes'])
0.22296857833862305 GB allocated
7.515625 GB reserved
dict_keys(['index', 'mixture_magnitude', 'mixture_phase', 'source_phase', 'mix_magnitude', 'ideal_binary_mask', 'source_magnitudes'])
0.22296857833862305 GB allocated
7.515625 GB reserved
dict_keys(['index', 'mixture_magnitude', 'mixture_phase', 'source_phase', 'mix_magnitude', 'ideal_binary_mask', 'source_magnitudes'])
0.22296857833862305 GB allocated
7.515625 GB reserved
dict_keys(['index', 'mixture_magnitude', 'mixture_phase', 'source_phase', 'mix_magnitude', 'ideal_binary_mask', 'source_magnitudes'])
0.22296857833862305 GB allocated
7.515625 GB reserved
dict_keys(['index', 'mixture_magnitude', 'mixture_phase', 'source_phase', 'mix_magnitude', 'ideal_binary_mask', 'source_magnitudes'])
0.22296857833862305 GB allocated
7.515625 GB reserved
dict_keys(['index', 'mixture_magnitude', 'mixture_phase', 'source_phase', 'mix_magnitude', 'ideal_binary_mask', 'source_magnitudes'])
0.22296857833862305 GB allocated
7.515625 GB reserved
dict_keys(['index', 'mixture_magnitude', 'mixture_phase', 'source_phase', 'mix_magnitude', 'ideal_binary_mask', 'source_magnitudes'])
0.22296857833862305 GB allocated
7.515625 GB reserved
dict_keys(['index', 'mixture_magnitude', 'mixture_phase', 'source_phase', 'mix_magnitude', 'ideal_binary_mask', 'source_magnitudes'])
0.22211551666259766 GB allocated
7.515625 GB reserved
dict_keys(['index', 'mixture_magnitude', 'mixture_phase', 'source_phase', 'mix_magnitude', 'ideal_binary_mask', 'source_magnitudes'])
0.22296857833862305 GB allocated
7.515625 GB reserved
dict_keys(['index', 'mixture_magnitude', 'mixture_phase', 'source_phase', 'mix_magnitude', 'ideal_binary_mask', 'source_magnitudes'])
0.22296857833862305 GB allocated
7.515625 GB reserved
dict_keys(['index', 'mixture_magnitude', 'mixture_phase', 'source_phase', 'mix_magnitude', 'ideal_binary_mask', 'source_magnitudes'])
0.22296857833862305 GB allocated
7.515625 GB reserved
dict_keys(['index', 'mixture_magnitude', 'mixture_phase', 'source_phase', 'mix_magnitude', 'ideal_binary_mask', 'source_magnitudes'])
0.22296857833862305 GB allocated
7.515625 GB reserved
dict_keys(['index', 'mixture_magnitude', 'mixture_phase', 'source_phase', 'mix_magnitude', 'ideal_binary_mask', 'source_magnitudes'])
0.22296857833862305 GB allocated
7.515625 GB reserved
dict_keys(['index', 'mixture_magnitude', 'mixture_phase', 'source_phase', 'mix_magnitude', 'ideal_binary_mask', 'source_magnitudes'])
0.22296857833862305 GB allocated
7.515625 GB reserved
dict_keys(['index', 'mixture_magnitude', 'mixture_phase', 'source_phase', 'mix_magnitude', 'ideal_binary_mask', 'source_magnitudes'])
0.22296857833862305 GB allocated
7.515625 GB reserved
dict_keys(['index', 'mixture_magnitude', 'mixture_phase', 'source_phase', 'mix_magnitude', 'ideal_binary_mask', 'source_magnitudes'])
0.22296857833862305 GB allocated
7.515625 GB reserved
dict_keys(['index', 'mixture_magnitude', 'mixture_phase', 'source_phase', 'mix_magnitude', 'ideal_binary_mask', 'source_magnitudes'])
0.22296857833862305 GB allocated
7.515625 GB reserved
dict_keys(['index', 'mixture_magnitude', 'mixture_phase', 'source_phase', 'mix_magnitude', 'ideal_binary_mask', 'source_magnitudes'])
0.22296857833862305 GB allocated
7.515625 GB reserved
dict_keys(['index', 'mixture_magnitude', 'mixture_phase', 'source_phase', 'mix_magnitude', 'ideal_binary_mask', 'source_magnitudes'])
0.22296857833862305 GB allocated
7.515625 GB reserved
dict_keys(['index', 'mixture_magnitude', 'mixture_phase', 'source_phase', 'mix_magnitude', 'ideal_binary_mask', 'source_magnitudes'])
0.22296857833862305 GB allocated
7.515625 GB reserved
dict_keys(['index', 'mixture_magnitude', 'mixture_phase', 'source_phase', 'mix_magnitude', 'ideal_binary_mask', 'source_magnitudes'])
0.22296857833862305 GB allocated
7.515625 GB reserved
dict_keys(['index', 'mixture_magnitude', 'mixture_phase', 'source_phase', 'mix_magnitude', 'ideal_binary_mask', 'source_magnitudes'])
0.22296857833862305 GB allocated
7.515625 GB reserved
dict_keys(['index', 'mixture_magnitude', 'mixture_phase', 'source_phase', 'mix_magnitude', 'ideal_binary_mask', 'source_magnitudes'])
0.22296857833862305 GB allocated
7.515625 GB reserved
dict_keys(['index', 'mixture_magnitude', 'mixture_phase', 'source_phase', 'mix_magnitude', 'ideal_binary_mask', 'source_magnitudes'])
0.22296857833862305 GB allocated
7.515625 GB reserved
dict_keys(['index', 'mixture_magnitude', 'mixture_phase', 'source_phase', 'mix_magnitude', 'ideal_binary_mask', 'source_magnitudes'])
0.22296857833862305 GB allocated
7.515625 GB reserved
dict_keys(['index', 'mixture_magnitude', 'mixture_phase', 'source_phase', 'mix_magnitude', 'ideal_binary_mask', 'source_magnitudes'])
0.22296857833862305 GB allocated
7.515625 GB reserved
dict_keys(['index', 'mixture_magnitude', 'mixture_phase', 'source_phase', 'mix_magnitude', 'ideal_binary_mask', 'source_magnitudes'])
0.22296857833862305 GB allocated
7.515625 GB reserved
dict_keys(['index', 'mixture_magnitude', 'mixture_phase', 'source_phase', 'mix_magnitude', 'ideal_binary_mask', 'source_magnitudes'])
0.22296857833862305 GB allocated
7.515625 GB reserved
dict_keys(['index', 'mixture_magnitude', 'mixture_phase', 'source_phase', 'mix_magnitude', 'ideal_binary_mask', 'source_magnitudes'])
0.22296857833862305 GB allocated
7.515625 GB reserved
dict_keys(['index', 'mixture_magnitude', 'mixture_phase', 'source_phase', 'mix_magnitude', 'ideal_binary_mask', 'source_magnitudes'])
0.22296857833862305 GB allocated
7.515625 GB reserved
dict_keys(['index', 'mixture_magnitude', 'mixture_phase', 'source_phase', 'mix_magnitude', 'ideal_binary_mask', 'source_magnitudes'])
0.22296857833862305 GB allocated
7.515625 GB reserved
dict_keys(['index', 'mixture_magnitude', 'mixture_phase', 'source_phase', 'mix_magnitude', 'ideal_binary_mask', 'source_magnitudes'])
0.22296857833862305 GB allocated
7.515625 GB reserved
dict_keys(['index', 'mixture_magnitude', 'mixture_phase', 'source_phase', 'mix_magnitude', 'ideal_binary_mask', 'source_magnitudes'])
[Validator] Epoch 5 - val_loss: 0.000005
[BEST CHECKPOINT] Guardado/actualizado en: checkpoints\Mis_modelos_v2\experimental\deep_feature_emd checkpoints\4stems\best_checkpoint_3_val_loss=-0.0000.pt
05/30/2026 02:09:28 PM | engine.py:1037 Engine run finished. Time taken: 00:01:32.159
[Epoch 5] train_loss=0.000005 | val_loss=0.000005
05/30/2026 02:09:28 PM | engine.py:1010 Epoch[5] Complete. Time taken: 00:06:16.381
0.22211551666259766 GB allocated
7.515625 GB reserved
dict_keys(['index', 'mixture_magnitude', 'mixture_phase', 'source_phase', 'mix_magnitude', 'ideal_binary_mask', 'source_magnitudes'])
0.22296857833862305 GB allocated
7.515625 GB reserved
dict_keys(['index', 'mixture_magnitude', 'mixture_phase', 'source_phase', 'mix_magnitude', 'ideal_binary_mask', 'source_magnitudes'])
0.22296857833862305 GB allocated
7.515625 GB reserved
dict_keys(['index', 'mixture_magnitude', 'mixture_phase', 'source_phase', 'mix_magnitude', 'ideal_binary_mask', 'source_magnitudes'])
0.22296857833862305 GB allocated
7.515625 GB reserved
dict_keys(['index', 'mixture_magnitude', 'mixture_phase', 'source_phase', 'mix_magnitude', 'ideal_binary_mask', 'source_magnitudes'])
0.22296857833862305 GB allocated
7.515625 GB reserved
dict_keys(['index', 'mixture_magnitude', 'mixture_phase', 'source_phase', 'mix_magnitude', 'ideal_binary_mask', 'source_magnitudes'])
0.22296857833862305 GB allocated
7.515625 GB reserved
dict_keys(['index', 'mixture_magnitude', 'mixture_phase', 'source_phase', 'mix_magnitude', 'ideal_binary_mask', 'source_magnitudes'])
0.22296857833862305 GB allocated
7.515625 GB reserved
dict_keys(['index', 'mixture_magnitude', 'mixture_phase', 'source_phase', 'mix_magnitude', 'ideal_binary_mask', 'source_magnitudes'])
0.22296857833862305 GB allocated
7.515625 GB reserved
dict_keys(['index', 'mixture_magnitude', 'mixture_phase', 'source_phase', 'mix_magnitude', 'ideal_binary_mask', 'source_magnitudes'])
0.22296857833862305 GB allocated
7.515625 GB reserved
dict_keys(['index', 'mixture_magnitude', 'mixture_phase', 'source_phase', 'mix_magnitude', 'ideal_binary_mask', 'source_magnitudes'])
0.22296857833862305 GB allocated
7.515625 GB reserved
dict_keys(['index', 'mixture_magnitude', 'mixture_phase', 'source_phase', 'mix_magnitude', 'ideal_binary_mask', 'source_magnitudes'])
0.22296857833862305 GB allocated
7.515625 GB reserved
dict_keys(['index', 'mixture_magnitude', 'mixture_phase', 'source_phase', 'mix_magnitude', 'ideal_binary_mask', 'source_magnitudes'])
0.22296857833862305 GB allocated
7.515625 GB reserved
dict_keys(['index', 'mixture_magnitude', 'mixture_phase', 'source_phase', 'mix_magnitude', 'ideal_binary_mask', 'source_magnitudes'])
0.22296857833862305 GB allocated
7.515625 GB reserved
dict_keys(['index', 'mixture_magnitude', 'mixture_phase', 'source_phase', 'mix_magnitude', 'ideal_binary_mask', 'source_magnitudes'])
0.22296857833862305 GB allocated
7.515625 GB reserved
dict_keys(['index', 'mixture_magnitude', 'mixture_phase', 'source_phase', 'mix_magnitude', 'ideal_binary_mask', 'source_magnitudes'])
0.22296857833862305 GB allocated
7.515625 GB reserved
dict_keys(['index', 'mixture_magnitude', 'mixture_phase', 'source_phase', 'mix_magnitude', 'ideal_binary_mask', 'source_magnitudes'])
0.22296857833862305 GB allocated
7.515625 GB reserved
dict_keys(['index', 'mixture_magnitude', 'mixture_phase', 'source_phase', 'mix_magnitude', 'ideal_binary_mask', 'source_magnitudes'])
0.22296857833862305 GB allocated
7.515625 GB reserved
dict_keys(['index', 'mixture_magnitude', 'mixture_phase', 'source_phase', 'mix_magnitude', 'ideal_binary_mask', 'source_magnitudes'])
0.22296857833862305 GB allocated
7.515625 GB reserved
dict_keys(['index', 'mixture_magnitude', 'mixture_phase', 'source_phase', 'mix_magnitude', 'ideal_binary_mask', 'source_magnitudes'])
0.22296857833862305 GB allocated
7.515625 GB reserved
dict_keys(['index', 'mixture_magnitude', 'mixture_phase', 'source_phase', 'mix_magnitude', 'ideal_binary_mask', 'source_magnitudes'])
0.22296857833862305 GB allocated
7.515625 GB reserved
dict_keys(['index', 'mixture_magnitude', 'mixture_phase', 'source_phase', 'mix_magnitude', 'ideal_binary_mask', 'source_magnitudes'])
0.22296857833862305 GB allocated
7.515625 GB reserved
dict_keys(['index', 'mixture_magnitude', 'mixture_phase', 'source_phase', 'mix_magnitude', 'ideal_binary_mask', 'source_magnitudes'])
0.22296857833862305 GB allocated
7.515625 GB reserved
dict_keys(['index', 'mixture_magnitude', 'mixture_phase', 'source_phase', 'mix_magnitude', 'ideal_binary_mask', 'source_magnitudes'])
0.22296857833862305 GB allocated
7.515625 GB reserved
dict_keys(['index', 'mixture_magnitude', 'mixture_phase', 'source_phase', 'mix_magnitude', 'ideal_binary_mask', 'source_magnitudes'])
0.22296857833862305 GB allocated
7.515625 GB reserved
dict_keys(['index', 'mixture_magnitude', 'mixture_phase', 'source_phase', 'mix_magnitude', 'ideal_binary_mask', 'source_magnitudes'])
0.22296857833862305 GB allocated
7.515625 GB reserved
dict_keys(['index', 'mixture_magnitude', 'mixture_phase', 'source_phase', 'mix_magnitude', 'ideal_binary_mask', 'source_magnitudes'])
0.22211551666259766 GB allocated
7.515625 GB reserved
dict_keys(['index', 'mixture_magnitude', 'mixture_phase', 'source_phase', 'mix_magnitude', 'ideal_binary_mask', 'source_magnitudes'])
0.22296857833862305 GB allocated
7.515625 GB reserved
dict_keys(['index', 'mixture_magnitude', 'mixture_phase', 'source_phase', 'mix_magnitude', 'ideal_binary_mask', 'source_magnitudes'])
0.22296857833862305 GB allocated
7.515625 GB reserved
dict_keys(['index', 'mixture_magnitude', 'mixture_phase', 'source_phase', 'mix_magnitude', 'ideal_binary_mask', 'source_magnitudes'])
0.22296857833862305 GB allocated
7.515625 GB reserved
dict_keys(['index', 'mixture_magnitude', 'mixture_phase', 'source_phase', 'mix_magnitude', 'ideal_binary_mask', 'source_magnitudes'])
0.22296857833862305 GB allocated
7.515625 GB reserved
dict_keys(['index', 'mixture_magnitude', 'mixture_phase', 'source_phase', 'mix_magnitude', 'ideal_binary_mask', 'source_magnitudes'])
0.22296857833862305 GB allocated
7.515625 GB reserved
dict_keys(['index', 'mixture_magnitude', 'mixture_phase', 'source_phase', 'mix_magnitude', 'ideal_binary_mask', 'source_magnitudes'])
0.22296857833862305 GB allocated
7.515625 GB reserved
dict_keys(['index', 'mixture_magnitude', 'mixture_phase', 'source_phase', 'mix_magnitude', 'ideal_binary_mask', 'source_magnitudes'])
0.22296857833862305 GB allocated
7.515625 GB reserved
dict_keys(['index', 'mixture_magnitude', 'mixture_phase', 'source_phase', 'mix_magnitude', 'ideal_binary_mask', 'source_magnitudes'])
0.22296857833862305 GB allocated
7.515625 GB reserved
dict_keys(['index', 'mixture_magnitude', 'mixture_phase', 'source_phase', 'mix_magnitude', 'ideal_binary_mask', 'source_magnitudes'])
0.22296857833862305 GB allocated
7.515625 GB reserved
dict_keys(['index', 'mixture_magnitude', 'mixture_phase', 'source_phase', 'mix_magnitude', 'ideal_binary_mask', 'source_magnitudes'])
0.22296857833862305 GB allocated
7.515625 GB reserved
dict_keys(['index', 'mixture_magnitude', 'mixture_phase', 'source_phase', 'mix_magnitude', 'ideal_binary_mask', 'source_magnitudes'])
0.22296857833862305 GB allocated
7.515625 GB reserved
dict_keys(['index', 'mixture_magnitude', 'mixture_phase', 'source_phase', 'mix_magnitude', 'ideal_binary_mask', 'source_magnitudes'])
0.22296857833862305 GB allocated
7.515625 GB reserved
dict_keys(['index', 'mixture_magnitude', 'mixture_phase', 'source_phase', 'mix_magnitude', 'ideal_binary_mask', 'source_magnitudes'])
0.22296857833862305 GB allocated
7.515625 GB reserved
dict_keys(['index', 'mixture_magnitude', 'mixture_phase', 'source_phase', 'mix_magnitude', 'ideal_binary_mask', 'source_magnitudes'])
0.22296857833862305 GB allocated
7.515625 GB reserved
dict_keys(['index', 'mixture_magnitude', 'mixture_phase', 'source_phase', 'mix_magnitude', 'ideal_binary_mask', 'source_magnitudes'])
0.22296857833862305 GB allocated
7.515625 GB reserved
dict_keys(['index', 'mixture_magnitude', 'mixture_phase', 'source_phase', 'mix_magnitude', 'ideal_binary_mask', 'source_magnitudes'])
0.22296857833862305 GB allocated
7.515625 GB reserved
dict_keys(['index', 'mixture_magnitude', 'mixture_phase', 'source_phase', 'mix_magnitude', 'ideal_binary_mask', 'source_magnitudes'])
0.22296857833862305 GB allocated
7.515625 GB reserved
05/30/2026 02:14:22 PM | engine.py:906 Engine run starting with max_epochs=1.
05/30/2026 02:15:53 PM | engine.py:1010 Epoch[1] Complete. Time taken: 00:01:31.532
dict_keys(['index', 'mixture_magnitude', 'mixture_phase', 'source_phase', 'mix_magnitude', 'ideal_binary_mask', 'source_magnitudes'])
0.22296857833862305 GB allocated
7.515625 GB reserved
dict_keys(['index', 'mixture_magnitude', 'mixture_phase', 'source_phase', 'mix_magnitude', 'ideal_binary_mask', 'source_magnitudes'])
0.22296857833862305 GB allocated
7.515625 GB reserved
dict_keys(['index', 'mixture_magnitude', 'mixture_phase', 'source_phase', 'mix_magnitude', 'ideal_binary_mask', 'source_magnitudes'])
0.22296857833862305 GB allocated
7.515625 GB reserved
dict_keys(['index', 'mixture_magnitude', 'mixture_phase', 'source_phase', 'mix_magnitude', 'ideal_binary_mask', 'source_magnitudes'])
0.22296857833862305 GB allocated
7.515625 GB reserved
dict_keys(['index', 'mixture_magnitude', 'mixture_phase', 'source_phase', 'mix_magnitude', 'ideal_binary_mask', 'source_magnitudes'])
0.22296857833862305 GB allocated
7.515625 GB reserved
dict_keys(['index', 'mixture_magnitude', 'mixture_phase', 'source_phase', 'mix_magnitude', 'ideal_binary_mask', 'source_magnitudes'])
0.22296857833862305 GB allocated
7.515625 GB reserved
dict_keys(['index', 'mixture_magnitude', 'mixture_phase', 'source_phase', 'mix_magnitude', 'ideal_binary_mask', 'source_magnitudes'])
0.22296857833862305 GB allocated
7.515625 GB reserved
dict_keys(['index', 'mixture_magnitude', 'mixture_phase', 'source_phase', 'mix_magnitude', 'ideal_binary_mask', 'source_magnitudes'])
0.22211551666259766 GB allocated
7.515625 GB reserved
dict_keys(['index', 'mixture_magnitude', 'mixture_phase', 'source_phase', 'mix_magnitude', 'ideal_binary_mask', 'source_magnitudes'])
0.22296857833862305 GB allocated
7.515625 GB reserved
dict_keys(['index', 'mixture_magnitude', 'mixture_phase', 'source_phase', 'mix_magnitude', 'ideal_binary_mask', 'source_magnitudes'])
0.22296857833862305 GB allocated
7.515625 GB reserved
dict_keys(['index', 'mixture_magnitude', 'mixture_phase', 'source_phase', 'mix_magnitude', 'ideal_binary_mask', 'source_magnitudes'])
0.22296857833862305 GB allocated
7.515625 GB reserved
dict_keys(['index', 'mixture_magnitude', 'mixture_phase', 'source_phase', 'mix_magnitude', 'ideal_binary_mask', 'source_magnitudes'])
0.22296857833862305 GB allocated
7.515625 GB reserved
dict_keys(['index', 'mixture_magnitude', 'mixture_phase', 'source_phase', 'mix_magnitude', 'ideal_binary_mask', 'source_magnitudes'])
0.22296857833862305 GB allocated
7.515625 GB reserved
dict_keys(['index', 'mixture_magnitude', 'mixture_phase', 'source_phase', 'mix_magnitude', 'ideal_binary_mask', 'source_magnitudes'])
0.22296857833862305 GB allocated
7.515625 GB reserved
dict_keys(['index', 'mixture_magnitude', 'mixture_phase', 'source_phase', 'mix_magnitude', 'ideal_binary_mask', 'source_magnitudes'])
0.22296857833862305 GB allocated
7.515625 GB reserved
dict_keys(['index', 'mixture_magnitude', 'mixture_phase', 'source_phase', 'mix_magnitude', 'ideal_binary_mask', 'source_magnitudes'])
0.22296857833862305 GB allocated
7.515625 GB reserved
dict_keys(['index', 'mixture_magnitude', 'mixture_phase', 'source_phase', 'mix_magnitude', 'ideal_binary_mask', 'source_magnitudes'])
0.22296857833862305 GB allocated
7.515625 GB reserved
dict_keys(['index', 'mixture_magnitude', 'mixture_phase', 'source_phase', 'mix_magnitude', 'ideal_binary_mask', 'source_magnitudes'])
0.22296857833862305 GB allocated
7.515625 GB reserved
dict_keys(['index', 'mixture_magnitude', 'mixture_phase', 'source_phase', 'mix_magnitude', 'ideal_binary_mask', 'source_magnitudes'])
0.22296857833862305 GB allocated
7.515625 GB reserved
dict_keys(['index', 'mixture_magnitude', 'mixture_phase', 'source_phase', 'mix_magnitude', 'ideal_binary_mask', 'source_magnitudes'])
0.22296857833862305 GB allocated
7.515625 GB reserved
dict_keys(['index', 'mixture_magnitude', 'mixture_phase', 'source_phase', 'mix_magnitude', 'ideal_binary_mask', 'source_magnitudes'])
0.22296857833862305 GB allocated
7.515625 GB reserved
dict_keys(['index', 'mixture_magnitude', 'mixture_phase', 'source_phase', 'mix_magnitude', 'ideal_binary_mask', 'source_magnitudes'])
0.22296857833862305 GB allocated
7.515625 GB reserved
dict_keys(['index', 'mixture_magnitude', 'mixture_phase', 'source_phase', 'mix_magnitude', 'ideal_binary_mask', 'source_magnitudes'])
0.22296857833862305 GB allocated
7.515625 GB reserved
dict_keys(['index', 'mixture_magnitude', 'mixture_phase', 'source_phase', 'mix_magnitude', 'ideal_binary_mask', 'source_magnitudes'])
0.22296857833862305 GB allocated
7.515625 GB reserved
dict_keys(['index', 'mixture_magnitude', 'mixture_phase', 'source_phase', 'mix_magnitude', 'ideal_binary_mask', 'source_magnitudes'])
0.22296857833862305 GB allocated
7.515625 GB reserved
dict_keys(['index', 'mixture_magnitude', 'mixture_phase', 'source_phase', 'mix_magnitude', 'ideal_binary_mask', 'source_magnitudes'])
0.22296857833862305 GB allocated
7.515625 GB reserved
dict_keys(['index', 'mixture_magnitude', 'mixture_phase', 'source_phase', 'mix_magnitude', 'ideal_binary_mask', 'source_magnitudes'])
0.22296857833862305 GB allocated
7.515625 GB reserved
dict_keys(['index', 'mixture_magnitude', 'mixture_phase', 'source_phase', 'mix_magnitude', 'ideal_binary_mask', 'source_magnitudes'])
0.22296857833862305 GB allocated
7.515625 GB reserved
dict_keys(['index', 'mixture_magnitude', 'mixture_phase', 'source_phase', 'mix_magnitude', 'ideal_binary_mask', 'source_magnitudes'])
0.22296857833862305 GB allocated
7.515625 GB reserved
dict_keys(['index', 'mixture_magnitude', 'mixture_phase', 'source_phase', 'mix_magnitude', 'ideal_binary_mask', 'source_magnitudes'])
0.22296857833862305 GB allocated
7.515625 GB reserved
dict_keys(['index', 'mixture_magnitude', 'mixture_phase', 'source_phase', 'mix_magnitude', 'ideal_binary_mask', 'source_magnitudes'])
0.22296857833862305 GB allocated
7.515625 GB reserved
dict_keys(['index', 'mixture_magnitude', 'mixture_phase', 'source_phase', 'mix_magnitude', 'ideal_binary_mask', 'source_magnitudes'])
0.22296857833862305 GB allocated
7.515625 GB reserved
dict_keys(['index', 'mixture_magnitude', 'mixture_phase', 'source_phase', 'mix_magnitude', 'ideal_binary_mask', 'source_magnitudes'])
0.22211551666259766 GB allocated
7.515625 GB reserved
dict_keys(['index', 'mixture_magnitude', 'mixture_phase', 'source_phase', 'mix_magnitude', 'ideal_binary_mask', 'source_magnitudes'])
0.22296857833862305 GB allocated
7.515625 GB reserved
dict_keys(['index', 'mixture_magnitude', 'mixture_phase', 'source_phase', 'mix_magnitude', 'ideal_binary_mask', 'source_magnitudes'])
0.22296857833862305 GB allocated
7.515625 GB reserved
dict_keys(['index', 'mixture_magnitude', 'mixture_phase', 'source_phase', 'mix_magnitude', 'ideal_binary_mask', 'source_magnitudes'])
0.22296857833862305 GB allocated
7.515625 GB reserved
dict_keys(['index', 'mixture_magnitude', 'mixture_phase', 'source_phase', 'mix_magnitude', 'ideal_binary_mask', 'source_magnitudes'])
0.22296857833862305 GB allocated
7.515625 GB reserved
dict_keys(['index', 'mixture_magnitude', 'mixture_phase', 'source_phase', 'mix_magnitude', 'ideal_binary_mask', 'source_magnitudes'])
0.22296857833862305 GB allocated
7.515625 GB reserved
dict_keys(['index', 'mixture_magnitude', 'mixture_phase', 'source_phase', 'mix_magnitude', 'ideal_binary_mask', 'source_magnitudes'])
0.22296857833862305 GB allocated
7.515625 GB reserved
dict_keys(['index', 'mixture_magnitude', 'mixture_phase', 'source_phase', 'mix_magnitude', 'ideal_binary_mask', 'source_magnitudes'])
0.22296857833862305 GB allocated
7.515625 GB reserved
dict_keys(['index', 'mixture_magnitude', 'mixture_phase', 'source_phase', 'mix_magnitude', 'ideal_binary_mask', 'source_magnitudes'])
0.22296857833862305 GB allocated
7.515625 GB reserved
dict_keys(['index', 'mixture_magnitude', 'mixture_phase', 'source_phase', 'mix_magnitude', 'ideal_binary_mask', 'source_magnitudes'])
0.22296857833862305 GB allocated
7.515625 GB reserved
dict_keys(['index', 'mixture_magnitude', 'mixture_phase', 'source_phase', 'mix_magnitude', 'ideal_binary_mask', 'source_magnitudes'])
0.22296857833862305 GB allocated
7.515625 GB reserved
dict_keys(['index', 'mixture_magnitude', 'mixture_phase', 'source_phase', 'mix_magnitude', 'ideal_binary_mask', 'source_magnitudes'])
0.22296857833862305 GB allocated
7.515625 GB reserved
dict_keys(['index', 'mixture_magnitude', 'mixture_phase', 'source_phase', 'mix_magnitude', 'ideal_binary_mask', 'source_magnitudes'])
0.22296857833862305 GB allocated
7.515625 GB reserved
dict_keys(['index', 'mixture_magnitude', 'mixture_phase', 'source_phase', 'mix_magnitude', 'ideal_binary_mask', 'source_magnitudes'])
0.22296857833862305 GB allocated
7.515625 GB reserved
dict_keys(['index', 'mixture_magnitude', 'mixture_phase', 'source_phase', 'mix_magnitude', 'ideal_binary_mask', 'source_magnitudes'])
0.22296857833862305 GB allocated
7.515625 GB reserved
dict_keys(['index', 'mixture_magnitude', 'mixture_phase', 'source_phase', 'mix_magnitude', 'ideal_binary_mask', 'source_magnitudes'])
0.22296857833862305 GB allocated
7.515625 GB reserved
dict_keys(['index', 'mixture_magnitude', 'mixture_phase', 'source_phase', 'mix_magnitude', 'ideal_binary_mask', 'source_magnitudes'])
0.22296857833862305 GB allocated
7.515625 GB reserved
dict_keys(['index', 'mixture_magnitude', 'mixture_phase', 'source_phase', 'mix_magnitude', 'ideal_binary_mask', 'source_magnitudes'])
0.22296857833862305 GB allocated
7.515625 GB reserved
dict_keys(['index', 'mixture_magnitude', 'mixture_phase', 'source_phase', 'mix_magnitude', 'ideal_binary_mask', 'source_magnitudes'])
0.22296857833862305 GB allocated
7.515625 GB reserved
dict_keys(['index', 'mixture_magnitude', 'mixture_phase', 'source_phase', 'mix_magnitude', 'ideal_binary_mask', 'source_magnitudes'])
0.22296857833862305 GB allocated
7.515625 GB reserved
dict_keys(['index', 'mixture_magnitude', 'mixture_phase', 'source_phase', 'mix_magnitude', 'ideal_binary_mask', 'source_magnitudes'])
0.22296857833862305 GB allocated
7.515625 GB reserved
dict_keys(['index', 'mixture_magnitude', 'mixture_phase', 'source_phase', 'mix_magnitude', 'ideal_binary_mask', 'source_magnitudes'])
0.22296857833862305 GB allocated
7.515625 GB reserved
dict_keys(['index', 'mixture_magnitude', 'mixture_phase', 'source_phase', 'mix_magnitude', 'ideal_binary_mask', 'source_magnitudes'])
0.22296857833862305 GB allocated
7.515625 GB reserved
dict_keys(['index', 'mixture_magnitude', 'mixture_phase', 'source_phase', 'mix_magnitude', 'ideal_binary_mask', 'source_magnitudes'])
0.22296857833862305 GB allocated
7.515625 GB reserved
dict_keys(['index', 'mixture_magnitude', 'mixture_phase', 'source_phase', 'mix_magnitude', 'ideal_binary_mask', 'source_magnitudes'])
0.22296857833862305 GB allocated
7.515625 GB reserved
dict_keys(['index', 'mixture_magnitude', 'mixture_phase', 'source_phase', 'mix_magnitude', 'ideal_binary_mask', 'source_magnitudes'])
[Validator] Epoch 6 - val_loss: 0.000005
[BEST CHECKPOINT] Guardado/actualizado en: checkpoints\Mis_modelos_v2\experimental\deep_feature_emd checkpoints\4stems\best_checkpoint_3_val_loss=-0.0000.pt
05/30/2026 02:15:53 PM | engine.py:1037 Engine run finished. Time taken: 00:01:31.533
[Epoch 6] train_loss=0.000005 | val_loss=0.000005
05/30/2026 02:15:53 PM | engine.py:1010 Epoch[6] Complete. Time taken: 00:06:25.518
0.22211551666259766 GB allocated
7.515625 GB reserved
dict_keys(['index', 'mixture_magnitude', 'mixture_phase', 'source_phase', 'mix_magnitude', 'ideal_binary_mask', 'source_magnitudes'])
0.22296857833862305 GB allocated
7.515625 GB reserved
dict_keys(['index', 'mixture_magnitude', 'mixture_phase', 'source_phase', 'mix_magnitude', 'ideal_binary_mask', 'source_magnitudes'])
0.22296857833862305 GB allocated
7.515625 GB reserved
dict_keys(['index', 'mixture_magnitude', 'mixture_phase', 'source_phase', 'mix_magnitude', 'ideal_binary_mask', 'source_magnitudes'])
0.22296857833862305 GB allocated
7.515625 GB reserved
dict_keys(['index', 'mixture_magnitude', 'mixture_phase', 'source_phase', 'mix_magnitude', 'ideal_binary_mask', 'source_magnitudes'])
0.22296857833862305 GB allocated
7.515625 GB reserved
dict_keys(['index', 'mixture_magnitude', 'mixture_phase', 'source_phase', 'mix_magnitude', 'ideal_binary_mask', 'source_magnitudes'])
0.22296857833862305 GB allocated
7.515625 GB reserved
dict_keys(['index', 'mixture_magnitude', 'mixture_phase', 'source_phase', 'mix_magnitude', 'ideal_binary_mask', 'source_magnitudes'])
0.22296857833862305 GB allocated
7.515625 GB reserved
dict_keys(['index', 'mixture_magnitude', 'mixture_phase', 'source_phase', 'mix_magnitude', 'ideal_binary_mask', 'source_magnitudes'])
0.22296857833862305 GB allocated
7.515625 GB reserved
dict_keys(['index', 'mixture_magnitude', 'mixture_phase', 'source_phase', 'mix_magnitude', 'ideal_binary_mask', 'source_magnitudes'])
0.22296857833862305 GB allocated
7.515625 GB reserved
dict_keys(['index', 'mixture_magnitude', 'mixture_phase', 'source_phase', 'mix_magnitude', 'ideal_binary_mask', 'source_magnitudes'])
0.22296857833862305 GB allocated
7.515625 GB reserved
dict_keys(['index', 'mixture_magnitude', 'mixture_phase', 'source_phase', 'mix_magnitude', 'ideal_binary_mask', 'source_magnitudes'])
0.22296857833862305 GB allocated
7.515625 GB reserved
dict_keys(['index', 'mixture_magnitude', 'mixture_phase', 'source_phase', 'mix_magnitude', 'ideal_binary_mask', 'source_magnitudes'])
0.22296857833862305 GB allocated
7.515625 GB reserved
dict_keys(['index', 'mixture_magnitude', 'mixture_phase', 'source_phase', 'mix_magnitude', 'ideal_binary_mask', 'source_magnitudes'])
0.22296857833862305 GB allocated
7.515625 GB reserved
dict_keys(['index', 'mixture_magnitude', 'mixture_phase', 'source_phase', 'mix_magnitude', 'ideal_binary_mask', 'source_magnitudes'])
0.22296857833862305 GB allocated
7.515625 GB reserved
dict_keys(['index', 'mixture_magnitude', 'mixture_phase', 'source_phase', 'mix_magnitude', 'ideal_binary_mask', 'source_magnitudes'])
0.22296857833862305 GB allocated
7.515625 GB reserved
dict_keys(['index', 'mixture_magnitude', 'mixture_phase', 'source_phase', 'mix_magnitude', 'ideal_binary_mask', 'source_magnitudes'])
0.22296857833862305 GB allocated
7.515625 GB reserved
dict_keys(['index', 'mixture_magnitude', 'mixture_phase', 'source_phase', 'mix_magnitude', 'ideal_binary_mask', 'source_magnitudes'])
0.22296857833862305 GB allocated
7.515625 GB reserved
dict_keys(['index', 'mixture_magnitude', 'mixture_phase', 'source_phase', 'mix_magnitude', 'ideal_binary_mask', 'source_magnitudes'])
0.22296857833862305 GB allocated
7.515625 GB reserved
dict_keys(['index', 'mixture_magnitude', 'mixture_phase', 'source_phase', 'mix_magnitude', 'ideal_binary_mask', 'source_magnitudes'])
0.22296857833862305 GB allocated
7.515625 GB reserved
dict_keys(['index', 'mixture_magnitude', 'mixture_phase', 'source_phase', 'mix_magnitude', 'ideal_binary_mask', 'source_magnitudes'])
0.22296857833862305 GB allocated
7.515625 GB reserved
dict_keys(['index', 'mixture_magnitude', 'mixture_phase', 'source_phase', 'mix_magnitude', 'ideal_binary_mask', 'source_magnitudes'])
0.22296857833862305 GB allocated
7.515625 GB reserved
dict_keys(['index', 'mixture_magnitude', 'mixture_phase', 'source_phase', 'mix_magnitude', 'ideal_binary_mask', 'source_magnitudes'])
0.22296857833862305 GB allocated
7.515625 GB reserved
dict_keys(['index', 'mixture_magnitude', 'mixture_phase', 'source_phase', 'mix_magnitude', 'ideal_binary_mask', 'source_magnitudes'])
0.22296857833862305 GB allocated
7.515625 GB reserved
dict_keys(['index', 'mixture_magnitude', 'mixture_phase', 'source_phase', 'mix_magnitude', 'ideal_binary_mask', 'source_magnitudes'])
0.22296857833862305 GB allocated
7.515625 GB reserved
dict_keys(['index', 'mixture_magnitude', 'mixture_phase', 'source_phase', 'mix_magnitude', 'ideal_binary_mask', 'source_magnitudes'])
0.22296857833862305 GB allocated
7.515625 GB reserved
dict_keys(['index', 'mixture_magnitude', 'mixture_phase', 'source_phase', 'mix_magnitude', 'ideal_binary_mask', 'source_magnitudes'])
0.22211551666259766 GB allocated
7.515625 GB reserved
dict_keys(['index', 'mixture_magnitude', 'mixture_phase', 'source_phase', 'mix_magnitude', 'ideal_binary_mask', 'source_magnitudes'])
0.22296857833862305 GB allocated
7.515625 GB reserved
dict_keys(['index', 'mixture_magnitude', 'mixture_phase', 'source_phase', 'mix_magnitude', 'ideal_binary_mask', 'source_magnitudes'])
0.22296857833862305 GB allocated
7.515625 GB reserved
dict_keys(['index', 'mixture_magnitude', 'mixture_phase', 'source_phase', 'mix_magnitude', 'ideal_binary_mask', 'source_magnitudes'])
0.22296857833862305 GB allocated
7.515625 GB reserved
dict_keys(['index', 'mixture_magnitude', 'mixture_phase', 'source_phase', 'mix_magnitude', 'ideal_binary_mask', 'source_magnitudes'])
0.22296857833862305 GB allocated
7.515625 GB reserved
dict_keys(['index', 'mixture_magnitude', 'mixture_phase', 'source_phase', 'mix_magnitude', 'ideal_binary_mask', 'source_magnitudes'])
0.22296857833862305 GB allocated
7.515625 GB reserved
dict_keys(['index', 'mixture_magnitude', 'mixture_phase', 'source_phase', 'mix_magnitude', 'ideal_binary_mask', 'source_magnitudes'])
0.22296857833862305 GB allocated
7.515625 GB reserved
dict_keys(['index', 'mixture_magnitude', 'mixture_phase', 'source_phase', 'mix_magnitude', 'ideal_binary_mask', 'source_magnitudes'])
0.22296857833862305 GB allocated
7.515625 GB reserved
dict_keys(['index', 'mixture_magnitude', 'mixture_phase', 'source_phase', 'mix_magnitude', 'ideal_binary_mask', 'source_magnitudes'])
0.22296857833862305 GB allocated
7.515625 GB reserved
dict_keys(['index', 'mixture_magnitude', 'mixture_phase', 'source_phase', 'mix_magnitude', 'ideal_binary_mask', 'source_magnitudes'])
0.22296857833862305 GB allocated
7.515625 GB reserved
dict_keys(['index', 'mixture_magnitude', 'mixture_phase', 'source_phase', 'mix_magnitude', 'ideal_binary_mask', 'source_magnitudes'])
0.22296857833862305 GB allocated
7.515625 GB reserved
dict_keys(['index', 'mixture_magnitude', 'mixture_phase', 'source_phase', 'mix_magnitude', 'ideal_binary_mask', 'source_magnitudes'])
0.22296857833862305 GB allocated
7.515625 GB reserved
dict_keys(['index', 'mixture_magnitude', 'mixture_phase', 'source_phase', 'mix_magnitude', 'ideal_binary_mask', 'source_magnitudes'])
0.22296857833862305 GB allocated
7.515625 GB reserved
dict_keys(['index', 'mixture_magnitude', 'mixture_phase', 'source_phase', 'mix_magnitude', 'ideal_binary_mask', 'source_magnitudes'])
0.22296857833862305 GB allocated
7.515625 GB reserved
dict_keys(['index', 'mixture_magnitude', 'mixture_phase', 'source_phase', 'mix_magnitude', 'ideal_binary_mask', 'source_magnitudes'])
0.22296857833862305 GB allocated
7.515625 GB reserved
dict_keys(['index', 'mixture_magnitude', 'mixture_phase', 'source_phase', 'mix_magnitude', 'ideal_binary_mask', 'source_magnitudes'])
0.22296857833862305 GB allocated
7.515625 GB reserved
dict_keys(['index', 'mixture_magnitude', 'mixture_phase', 'source_phase', 'mix_magnitude', 'ideal_binary_mask', 'source_magnitudes'])
0.22296857833862305 GB allocated
7.515625 GB reserved
dict_keys(['index', 'mixture_magnitude', 'mixture_phase', 'source_phase', 'mix_magnitude', 'ideal_binary_mask', 'source_magnitudes'])
0.22296857833862305 GB allocated
7.515625 GB reserved
05/30/2026 02:20:37 PM | engine.py:906 Engine run starting with max_epochs=1.
05/30/2026 02:22:08 PM | engine.py:1010 Epoch[1] Complete. Time taken: 00:01:31.217
dict_keys(['index', 'mixture_magnitude', 'mixture_phase', 'source_phase', 'mix_magnitude', 'ideal_binary_mask', 'source_magnitudes'])
0.22296857833862305 GB allocated
7.515625 GB reserved
dict_keys(['index', 'mixture_magnitude', 'mixture_phase', 'source_phase', 'mix_magnitude', 'ideal_binary_mask', 'source_magnitudes'])
0.22296857833862305 GB allocated
7.515625 GB reserved
dict_keys(['index', 'mixture_magnitude', 'mixture_phase', 'source_phase', 'mix_magnitude', 'ideal_binary_mask', 'source_magnitudes'])
0.22296857833862305 GB allocated
7.515625 GB reserved
dict_keys(['index', 'mixture_magnitude', 'mixture_phase', 'source_phase', 'mix_magnitude', 'ideal_binary_mask', 'source_magnitudes'])
0.22296857833862305 GB allocated
7.515625 GB reserved
dict_keys(['index', 'mixture_magnitude', 'mixture_phase', 'source_phase', 'mix_magnitude', 'ideal_binary_mask', 'source_magnitudes'])
0.22296857833862305 GB allocated
7.515625 GB reserved
dict_keys(['index', 'mixture_magnitude', 'mixture_phase', 'source_phase', 'mix_magnitude', 'ideal_binary_mask', 'source_magnitudes'])
0.22296857833862305 GB allocated
7.515625 GB reserved
dict_keys(['index', 'mixture_magnitude', 'mixture_phase', 'source_phase', 'mix_magnitude', 'ideal_binary_mask', 'source_magnitudes'])
0.22296857833862305 GB allocated
7.515625 GB reserved
dict_keys(['index', 'mixture_magnitude', 'mixture_phase', 'source_phase', 'mix_magnitude', 'ideal_binary_mask', 'source_magnitudes'])
0.22211551666259766 GB allocated
7.515625 GB reserved
dict_keys(['index', 'mixture_magnitude', 'mixture_phase', 'source_phase', 'mix_magnitude', 'ideal_binary_mask', 'source_magnitudes'])
0.22296857833862305 GB allocated
7.515625 GB reserved
dict_keys(['index', 'mixture_magnitude', 'mixture_phase', 'source_phase', 'mix_magnitude', 'ideal_binary_mask', 'source_magnitudes'])
0.22296857833862305 GB allocated
7.515625 GB reserved
dict_keys(['index', 'mixture_magnitude', 'mixture_phase', 'source_phase', 'mix_magnitude', 'ideal_binary_mask', 'source_magnitudes'])
0.22296857833862305 GB allocated
7.515625 GB reserved
dict_keys(['index', 'mixture_magnitude', 'mixture_phase', 'source_phase', 'mix_magnitude', 'ideal_binary_mask', 'source_magnitudes'])
0.22296857833862305 GB allocated
7.515625 GB reserved
dict_keys(['index', 'mixture_magnitude', 'mixture_phase', 'source_phase', 'mix_magnitude', 'ideal_binary_mask', 'source_magnitudes'])
0.22296857833862305 GB allocated
7.515625 GB reserved
dict_keys(['index', 'mixture_magnitude', 'mixture_phase', 'source_phase', 'mix_magnitude', 'ideal_binary_mask', 'source_magnitudes'])
0.22296857833862305 GB allocated
7.515625 GB reserved
dict_keys(['index', 'mixture_magnitude', 'mixture_phase', 'source_phase', 'mix_magnitude', 'ideal_binary_mask', 'source_magnitudes'])
0.22296857833862305 GB allocated
7.515625 GB reserved
dict_keys(['index', 'mixture_magnitude', 'mixture_phase', 'source_phase', 'mix_magnitude', 'ideal_binary_mask', 'source_magnitudes'])
0.22296857833862305 GB allocated
7.515625 GB reserved
dict_keys(['index', 'mixture_magnitude', 'mixture_phase', 'source_phase', 'mix_magnitude', 'ideal_binary_mask', 'source_magnitudes'])
0.22296857833862305 GB allocated
7.515625 GB reserved
dict_keys(['index', 'mixture_magnitude', 'mixture_phase', 'source_phase', 'mix_magnitude', 'ideal_binary_mask', 'source_magnitudes'])
0.22296857833862305 GB allocated
7.515625 GB reserved
dict_keys(['index', 'mixture_magnitude', 'mixture_phase', 'source_phase', 'mix_magnitude', 'ideal_binary_mask', 'source_magnitudes'])
0.22296857833862305 GB allocated
7.515625 GB reserved
dict_keys(['index', 'mixture_magnitude', 'mixture_phase', 'source_phase', 'mix_magnitude', 'ideal_binary_mask', 'source_magnitudes'])
0.22296857833862305 GB allocated
7.515625 GB reserved
dict_keys(['index', 'mixture_magnitude', 'mixture_phase', 'source_phase', 'mix_magnitude', 'ideal_binary_mask', 'source_magnitudes'])
0.22296857833862305 GB allocated
7.515625 GB reserved
dict_keys(['index', 'mixture_magnitude', 'mixture_phase', 'source_phase', 'mix_magnitude', 'ideal_binary_mask', 'source_magnitudes'])
0.22296857833862305 GB allocated
7.515625 GB reserved
dict_keys(['index', 'mixture_magnitude', 'mixture_phase', 'source_phase', 'mix_magnitude', 'ideal_binary_mask', 'source_magnitudes'])
0.22296857833862305 GB allocated
7.515625 GB reserved
dict_keys(['index', 'mixture_magnitude', 'mixture_phase', 'source_phase', 'mix_magnitude', 'ideal_binary_mask', 'source_magnitudes'])
0.22296857833862305 GB allocated
7.515625 GB reserved
dict_keys(['index', 'mixture_magnitude', 'mixture_phase', 'source_phase', 'mix_magnitude', 'ideal_binary_mask', 'source_magnitudes'])
0.22296857833862305 GB allocated
7.515625 GB reserved
dict_keys(['index', 'mixture_magnitude', 'mixture_phase', 'source_phase', 'mix_magnitude', 'ideal_binary_mask', 'source_magnitudes'])
0.22296857833862305 GB allocated
7.515625 GB reserved
dict_keys(['index', 'mixture_magnitude', 'mixture_phase', 'source_phase', 'mix_magnitude', 'ideal_binary_mask', 'source_magnitudes'])
0.22296857833862305 GB allocated
7.515625 GB reserved
dict_keys(['index', 'mixture_magnitude', 'mixture_phase', 'source_phase', 'mix_magnitude', 'ideal_binary_mask', 'source_magnitudes'])
0.22296857833862305 GB allocated
7.515625 GB reserved
dict_keys(['index', 'mixture_magnitude', 'mixture_phase', 'source_phase', 'mix_magnitude', 'ideal_binary_mask', 'source_magnitudes'])
0.22296857833862305 GB allocated
7.515625 GB reserved
dict_keys(['index', 'mixture_magnitude', 'mixture_phase', 'source_phase', 'mix_magnitude', 'ideal_binary_mask', 'source_magnitudes'])
0.22296857833862305 GB allocated
7.515625 GB reserved
dict_keys(['index', 'mixture_magnitude', 'mixture_phase', 'source_phase', 'mix_magnitude', 'ideal_binary_mask', 'source_magnitudes'])
0.22296857833862305 GB allocated
7.515625 GB reserved
dict_keys(['index', 'mixture_magnitude', 'mixture_phase', 'source_phase', 'mix_magnitude', 'ideal_binary_mask', 'source_magnitudes'])
0.22296857833862305 GB allocated
7.515625 GB reserved
dict_keys(['index', 'mixture_magnitude', 'mixture_phase', 'source_phase', 'mix_magnitude', 'ideal_binary_mask', 'source_magnitudes'])
0.22211551666259766 GB allocated
7.515625 GB reserved
dict_keys(['index', 'mixture_magnitude', 'mixture_phase', 'source_phase', 'mix_magnitude', 'ideal_binary_mask', 'source_magnitudes'])
0.22296857833862305 GB allocated
7.515625 GB reserved
dict_keys(['index', 'mixture_magnitude', 'mixture_phase', 'source_phase', 'mix_magnitude', 'ideal_binary_mask', 'source_magnitudes'])
0.22296857833862305 GB allocated
7.515625 GB reserved
dict_keys(['index', 'mixture_magnitude', 'mixture_phase', 'source_phase', 'mix_magnitude', 'ideal_binary_mask', 'source_magnitudes'])
0.22296857833862305 GB allocated
7.515625 GB reserved
dict_keys(['index', 'mixture_magnitude', 'mixture_phase', 'source_phase', 'mix_magnitude', 'ideal_binary_mask', 'source_magnitudes'])
0.22296857833862305 GB allocated
7.515625 GB reserved
dict_keys(['index', 'mixture_magnitude', 'mixture_phase', 'source_phase', 'mix_magnitude', 'ideal_binary_mask', 'source_magnitudes'])
0.22296857833862305 GB allocated
7.515625 GB reserved
dict_keys(['index', 'mixture_magnitude', 'mixture_phase', 'source_phase', 'mix_magnitude', 'ideal_binary_mask', 'source_magnitudes'])
0.22296857833862305 GB allocated
7.515625 GB reserved
dict_keys(['index', 'mixture_magnitude', 'mixture_phase', 'source_phase', 'mix_magnitude', 'ideal_binary_mask', 'source_magnitudes'])
0.22296857833862305 GB allocated
7.515625 GB reserved
dict_keys(['index', 'mixture_magnitude', 'mixture_phase', 'source_phase', 'mix_magnitude', 'ideal_binary_mask', 'source_magnitudes'])
0.22296857833862305 GB allocated
7.515625 GB reserved
dict_keys(['index', 'mixture_magnitude', 'mixture_phase', 'source_phase', 'mix_magnitude', 'ideal_binary_mask', 'source_magnitudes'])
0.22296857833862305 GB allocated
7.515625 GB reserved
dict_keys(['index', 'mixture_magnitude', 'mixture_phase', 'source_phase', 'mix_magnitude', 'ideal_binary_mask', 'source_magnitudes'])
0.22296857833862305 GB allocated
7.515625 GB reserved
dict_keys(['index', 'mixture_magnitude', 'mixture_phase', 'source_phase', 'mix_magnitude', 'ideal_binary_mask', 'source_magnitudes'])
0.22296857833862305 GB allocated
7.515625 GB reserved
dict_keys(['index', 'mixture_magnitude', 'mixture_phase', 'source_phase', 'mix_magnitude', 'ideal_binary_mask', 'source_magnitudes'])
0.22296857833862305 GB allocated
7.515625 GB reserved
dict_keys(['index', 'mixture_magnitude', 'mixture_phase', 'source_phase', 'mix_magnitude', 'ideal_binary_mask', 'source_magnitudes'])
0.22296857833862305 GB allocated
7.515625 GB reserved
dict_keys(['index', 'mixture_magnitude', 'mixture_phase', 'source_phase', 'mix_magnitude', 'ideal_binary_mask', 'source_magnitudes'])
0.22296857833862305 GB allocated
7.515625 GB reserved
dict_keys(['index', 'mixture_magnitude', 'mixture_phase', 'source_phase', 'mix_magnitude', 'ideal_binary_mask', 'source_magnitudes'])
0.22296857833862305 GB allocated
7.515625 GB reserved
dict_keys(['index', 'mixture_magnitude', 'mixture_phase', 'source_phase', 'mix_magnitude', 'ideal_binary_mask', 'source_magnitudes'])
0.22296857833862305 GB allocated
7.515625 GB reserved
dict_keys(['index', 'mixture_magnitude', 'mixture_phase', 'source_phase', 'mix_magnitude', 'ideal_binary_mask', 'source_magnitudes'])
0.22296857833862305 GB allocated
7.515625 GB reserved
dict_keys(['index', 'mixture_magnitude', 'mixture_phase', 'source_phase', 'mix_magnitude', 'ideal_binary_mask', 'source_magnitudes'])
0.22296857833862305 GB allocated
7.515625 GB reserved
dict_keys(['index', 'mixture_magnitude', 'mixture_phase', 'source_phase', 'mix_magnitude', 'ideal_binary_mask', 'source_magnitudes'])
0.22296857833862305 GB allocated
7.515625 GB reserved
dict_keys(['index', 'mixture_magnitude', 'mixture_phase', 'source_phase', 'mix_magnitude', 'ideal_binary_mask', 'source_magnitudes'])
0.22296857833862305 GB allocated
7.515625 GB reserved
dict_keys(['index', 'mixture_magnitude', 'mixture_phase', 'source_phase', 'mix_magnitude', 'ideal_binary_mask', 'source_magnitudes'])
0.22296857833862305 GB allocated
7.515625 GB reserved
dict_keys(['index', 'mixture_magnitude', 'mixture_phase', 'source_phase', 'mix_magnitude', 'ideal_binary_mask', 'source_magnitudes'])
0.22296857833862305 GB allocated
7.515625 GB reserved
dict_keys(['index', 'mixture_magnitude', 'mixture_phase', 'source_phase', 'mix_magnitude', 'ideal_binary_mask', 'source_magnitudes'])
0.22296857833862305 GB allocated
7.515625 GB reserved
dict_keys(['index', 'mixture_magnitude', 'mixture_phase', 'source_phase', 'mix_magnitude', 'ideal_binary_mask', 'source_magnitudes'])
0.22296857833862305 GB allocated
7.515625 GB reserved
dict_keys(['index', 'mixture_magnitude', 'mixture_phase', 'source_phase', 'mix_magnitude', 'ideal_binary_mask', 'source_magnitudes'])
[Validator] Epoch 7 - val_loss: 0.000005
[BEST CHECKPOINT] Guardado/actualizado en: checkpoints\Mis_modelos_v2\experimental\deep_feature_emd checkpoints\4stems\best_checkpoint_3_val_loss=-0.0000.pt
05/30/2026 02:22:08 PM | engine.py:1037 Engine run finished. Time taken: 00:01:31.217
[Epoch 7] train_loss=0.000005 | val_loss=0.000005
05/30/2026 02:22:08 PM | engine.py:1010 Epoch[7] Complete. Time taken: 00:06:15.250
0.22211551666259766 GB allocated
7.515625 GB reserved
dict_keys(['index', 'mixture_magnitude', 'mixture_phase', 'source_phase', 'mix_magnitude', 'ideal_binary_mask', 'source_magnitudes'])
0.22296857833862305 GB allocated
7.515625 GB reserved
dict_keys(['index', 'mixture_magnitude', 'mixture_phase', 'source_phase', 'mix_magnitude', 'ideal_binary_mask', 'source_magnitudes'])
0.22296857833862305 GB allocated
7.515625 GB reserved
dict_keys(['index', 'mixture_magnitude', 'mixture_phase', 'source_phase', 'mix_magnitude', 'ideal_binary_mask', 'source_magnitudes'])
0.22296857833862305 GB allocated
7.515625 GB reserved
dict_keys(['index', 'mixture_magnitude', 'mixture_phase', 'source_phase', 'mix_magnitude', 'ideal_binary_mask', 'source_magnitudes'])
0.22296857833862305 GB allocated
7.515625 GB reserved
dict_keys(['index', 'mixture_magnitude', 'mixture_phase', 'source_phase', 'mix_magnitude', 'ideal_binary_mask', 'source_magnitudes'])
0.22296857833862305 GB allocated
7.515625 GB reserved
dict_keys(['index', 'mixture_magnitude', 'mixture_phase', 'source_phase', 'mix_magnitude', 'ideal_binary_mask', 'source_magnitudes'])
0.22296857833862305 GB allocated
7.515625 GB reserved
dict_keys(['index', 'mixture_magnitude', 'mixture_phase', 'source_phase', 'mix_magnitude', 'ideal_binary_mask', 'source_magnitudes'])
0.22296857833862305 GB allocated
7.515625 GB reserved
dict_keys(['index', 'mixture_magnitude', 'mixture_phase', 'source_phase', 'mix_magnitude', 'ideal_binary_mask', 'source_magnitudes'])
0.22296857833862305 GB allocated
7.515625 GB reserved
dict_keys(['index', 'mixture_magnitude', 'mixture_phase', 'source_phase', 'mix_magnitude', 'ideal_binary_mask', 'source_magnitudes'])
0.22296857833862305 GB allocated
7.515625 GB reserved
dict_keys(['index', 'mixture_magnitude', 'mixture_phase', 'source_phase', 'mix_magnitude', 'ideal_binary_mask', 'source_magnitudes'])
0.22296857833862305 GB allocated
7.515625 GB reserved
dict_keys(['index', 'mixture_magnitude', 'mixture_phase', 'source_phase', 'mix_magnitude', 'ideal_binary_mask', 'source_magnitudes'])
0.22296857833862305 GB allocated
7.515625 GB reserved
dict_keys(['index', 'mixture_magnitude', 'mixture_phase', 'source_phase', 'mix_magnitude', 'ideal_binary_mask', 'source_magnitudes'])
0.22296857833862305 GB allocated
7.515625 GB reserved
dict_keys(['index', 'mixture_magnitude', 'mixture_phase', 'source_phase', 'mix_magnitude', 'ideal_binary_mask', 'source_magnitudes'])
0.22296857833862305 GB allocated
7.515625 GB reserved
dict_keys(['index', 'mixture_magnitude', 'mixture_phase', 'source_phase', 'mix_magnitude', 'ideal_binary_mask', 'source_magnitudes'])
0.22296857833862305 GB allocated
7.515625 GB reserved
dict_keys(['index', 'mixture_magnitude', 'mixture_phase', 'source_phase', 'mix_magnitude', 'ideal_binary_mask', 'source_magnitudes'])
0.22296857833862305 GB allocated
7.515625 GB reserved
dict_keys(['index', 'mixture_magnitude', 'mixture_phase', 'source_phase', 'mix_magnitude', 'ideal_binary_mask', 'source_magnitudes'])
0.22296857833862305 GB allocated
7.515625 GB reserved
dict_keys(['index', 'mixture_magnitude', 'mixture_phase', 'source_phase', 'mix_magnitude', 'ideal_binary_mask', 'source_magnitudes'])
0.22296857833862305 GB allocated
7.515625 GB reserved
dict_keys(['index', 'mixture_magnitude', 'mixture_phase', 'source_phase', 'mix_magnitude', 'ideal_binary_mask', 'source_magnitudes'])
0.22296857833862305 GB allocated
7.515625 GB reserved
dict_keys(['index', 'mixture_magnitude', 'mixture_phase', 'source_phase', 'mix_magnitude', 'ideal_binary_mask', 'source_magnitudes'])
0.22296857833862305 GB allocated
7.515625 GB reserved
dict_keys(['index', 'mixture_magnitude', 'mixture_phase', 'source_phase', 'mix_magnitude', 'ideal_binary_mask', 'source_magnitudes'])
0.22296857833862305 GB allocated
7.515625 GB reserved
dict_keys(['index', 'mixture_magnitude', 'mixture_phase', 'source_phase', 'mix_magnitude', 'ideal_binary_mask', 'source_magnitudes'])
0.22296857833862305 GB allocated
7.515625 GB reserved
dict_keys(['index', 'mixture_magnitude', 'mixture_phase', 'source_phase', 'mix_magnitude', 'ideal_binary_mask', 'source_magnitudes'])
0.22296857833862305 GB allocated
7.515625 GB reserved
dict_keys(['index', 'mixture_magnitude', 'mixture_phase', 'source_phase', 'mix_magnitude', 'ideal_binary_mask', 'source_magnitudes'])
0.22296857833862305 GB allocated
7.515625 GB reserved
dict_keys(['index', 'mixture_magnitude', 'mixture_phase', 'source_phase', 'mix_magnitude', 'ideal_binary_mask', 'source_magnitudes'])
0.22296857833862305 GB allocated
7.515625 GB reserved
dict_keys(['index', 'mixture_magnitude', 'mixture_phase', 'source_phase', 'mix_magnitude', 'ideal_binary_mask', 'source_magnitudes'])
0.22211551666259766 GB allocated
7.515625 GB reserved
dict_keys(['index', 'mixture_magnitude', 'mixture_phase', 'source_phase', 'mix_magnitude', 'ideal_binary_mask', 'source_magnitudes'])
0.22296857833862305 GB allocated
7.515625 GB reserved
dict_keys(['index', 'mixture_magnitude', 'mixture_phase', 'source_phase', 'mix_magnitude', 'ideal_binary_mask', 'source_magnitudes'])
0.22296857833862305 GB allocated
7.515625 GB reserved
dict_keys(['index', 'mixture_magnitude', 'mixture_phase', 'source_phase', 'mix_magnitude', 'ideal_binary_mask', 'source_magnitudes'])
0.22296857833862305 GB allocated
7.515625 GB reserved
dict_keys(['index', 'mixture_magnitude', 'mixture_phase', 'source_phase', 'mix_magnitude', 'ideal_binary_mask', 'source_magnitudes'])
0.22296857833862305 GB allocated
7.515625 GB reserved
dict_keys(['index', 'mixture_magnitude', 'mixture_phase', 'source_phase', 'mix_magnitude', 'ideal_binary_mask', 'source_magnitudes'])
0.22296857833862305 GB allocated
7.515625 GB reserved
dict_keys(['index', 'mixture_magnitude', 'mixture_phase', 'source_phase', 'mix_magnitude', 'ideal_binary_mask', 'source_magnitudes'])
0.22296857833862305 GB allocated
7.515625 GB reserved
dict_keys(['index', 'mixture_magnitude', 'mixture_phase', 'source_phase', 'mix_magnitude', 'ideal_binary_mask', 'source_magnitudes'])
0.22296857833862305 GB allocated
7.515625 GB reserved
dict_keys(['index', 'mixture_magnitude', 'mixture_phase', 'source_phase', 'mix_magnitude', 'ideal_binary_mask', 'source_magnitudes'])
0.22296857833862305 GB allocated
7.515625 GB reserved
dict_keys(['index', 'mixture_magnitude', 'mixture_phase', 'source_phase', 'mix_magnitude', 'ideal_binary_mask', 'source_magnitudes'])
0.22296857833862305 GB allocated
7.515625 GB reserved
dict_keys(['index', 'mixture_magnitude', 'mixture_phase', 'source_phase', 'mix_magnitude', 'ideal_binary_mask', 'source_magnitudes'])
0.22296857833862305 GB allocated
7.515625 GB reserved
dict_keys(['index', 'mixture_magnitude', 'mixture_phase', 'source_phase', 'mix_magnitude', 'ideal_binary_mask', 'source_magnitudes'])
0.22296857833862305 GB allocated
7.515625 GB reserved
dict_keys(['index', 'mixture_magnitude', 'mixture_phase', 'source_phase', 'mix_magnitude', 'ideal_binary_mask', 'source_magnitudes'])
0.22296857833862305 GB allocated
7.515625 GB reserved
dict_keys(['index', 'mixture_magnitude', 'mixture_phase', 'source_phase', 'mix_magnitude', 'ideal_binary_mask', 'source_magnitudes'])
0.22296857833862305 GB allocated
7.515625 GB reserved
dict_keys(['index', 'mixture_magnitude', 'mixture_phase', 'source_phase', 'mix_magnitude', 'ideal_binary_mask', 'source_magnitudes'])
0.22296857833862305 GB allocated
7.515625 GB reserved
dict_keys(['index', 'mixture_magnitude', 'mixture_phase', 'source_phase', 'mix_magnitude', 'ideal_binary_mask', 'source_magnitudes'])
0.22296857833862305 GB allocated
7.515625 GB reserved
dict_keys(['index', 'mixture_magnitude', 'mixture_phase', 'source_phase', 'mix_magnitude', 'ideal_binary_mask', 'source_magnitudes'])
0.22296857833862305 GB allocated
7.515625 GB reserved
dict_keys(['index', 'mixture_magnitude', 'mixture_phase', 'source_phase', 'mix_magnitude', 'ideal_binary_mask', 'source_magnitudes'])
0.22296857833862305 GB allocated
7.515625 GB reserved
05/30/2026 02:26:51 PM | engine.py:906 Engine run starting with max_epochs=1.
05/30/2026 02:28:20 PM | engine.py:1010 Epoch[1] Complete. Time taken: 00:01:29.095
dict_keys(['index', 'mixture_magnitude', 'mixture_phase', 'source_phase', 'mix_magnitude', 'ideal_binary_mask', 'source_magnitudes'])
0.22296857833862305 GB allocated
7.515625 GB reserved
dict_keys(['index', 'mixture_magnitude', 'mixture_phase', 'source_phase', 'mix_magnitude', 'ideal_binary_mask', 'source_magnitudes'])
0.22296857833862305 GB allocated
7.515625 GB reserved
dict_keys(['index', 'mixture_magnitude', 'mixture_phase', 'source_phase', 'mix_magnitude', 'ideal_binary_mask', 'source_magnitudes'])
0.22296857833862305 GB allocated
7.515625 GB reserved
dict_keys(['index', 'mixture_magnitude', 'mixture_phase', 'source_phase', 'mix_magnitude', 'ideal_binary_mask', 'source_magnitudes'])
0.22296857833862305 GB allocated
7.515625 GB reserved
dict_keys(['index', 'mixture_magnitude', 'mixture_phase', 'source_phase', 'mix_magnitude', 'ideal_binary_mask', 'source_magnitudes'])
0.22296857833862305 GB allocated
7.515625 GB reserved
dict_keys(['index', 'mixture_magnitude', 'mixture_phase', 'source_phase', 'mix_magnitude', 'ideal_binary_mask', 'source_magnitudes'])
0.22296857833862305 GB allocated
7.515625 GB reserved
dict_keys(['index', 'mixture_magnitude', 'mixture_phase', 'source_phase', 'mix_magnitude', 'ideal_binary_mask', 'source_magnitudes'])
0.22296857833862305 GB allocated
7.515625 GB reserved
dict_keys(['index', 'mixture_magnitude', 'mixture_phase', 'source_phase', 'mix_magnitude', 'ideal_binary_mask', 'source_magnitudes'])
0.22211551666259766 GB allocated
7.515625 GB reserved
dict_keys(['index', 'mixture_magnitude', 'mixture_phase', 'source_phase', 'mix_magnitude', 'ideal_binary_mask', 'source_magnitudes'])
0.22296857833862305 GB allocated
7.515625 GB reserved
dict_keys(['index', 'mixture_magnitude', 'mixture_phase', 'source_phase', 'mix_magnitude', 'ideal_binary_mask', 'source_magnitudes'])
0.22296857833862305 GB allocated
7.515625 GB reserved
dict_keys(['index', 'mixture_magnitude', 'mixture_phase', 'source_phase', 'mix_magnitude', 'ideal_binary_mask', 'source_magnitudes'])
0.22296857833862305 GB allocated
7.515625 GB reserved
dict_keys(['index', 'mixture_magnitude', 'mixture_phase', 'source_phase', 'mix_magnitude', 'ideal_binary_mask', 'source_magnitudes'])
0.22296857833862305 GB allocated
7.515625 GB reserved
dict_keys(['index', 'mixture_magnitude', 'mixture_phase', 'source_phase', 'mix_magnitude', 'ideal_binary_mask', 'source_magnitudes'])
0.22296857833862305 GB allocated
7.515625 GB reserved
dict_keys(['index', 'mixture_magnitude', 'mixture_phase', 'source_phase', 'mix_magnitude', 'ideal_binary_mask', 'source_magnitudes'])
0.22296857833862305 GB allocated
7.515625 GB reserved
dict_keys(['index', 'mixture_magnitude', 'mixture_phase', 'source_phase', 'mix_magnitude', 'ideal_binary_mask', 'source_magnitudes'])
0.22296857833862305 GB allocated
7.515625 GB reserved
dict_keys(['index', 'mixture_magnitude', 'mixture_phase', 'source_phase', 'mix_magnitude', 'ideal_binary_mask', 'source_magnitudes'])
0.22296857833862305 GB allocated
7.515625 GB reserved
dict_keys(['index', 'mixture_magnitude', 'mixture_phase', 'source_phase', 'mix_magnitude', 'ideal_binary_mask', 'source_magnitudes'])
0.22296857833862305 GB allocated
7.515625 GB reserved
dict_keys(['index', 'mixture_magnitude', 'mixture_phase', 'source_phase', 'mix_magnitude', 'ideal_binary_mask', 'source_magnitudes'])
0.22296857833862305 GB allocated
7.515625 GB reserved
dict_keys(['index', 'mixture_magnitude', 'mixture_phase', 'source_phase', 'mix_magnitude', 'ideal_binary_mask', 'source_magnitudes'])
0.22296857833862305 GB allocated
7.515625 GB reserved
dict_keys(['index', 'mixture_magnitude', 'mixture_phase', 'source_phase', 'mix_magnitude', 'ideal_binary_mask', 'source_magnitudes'])
0.22296857833862305 GB allocated
7.515625 GB reserved
dict_keys(['index', 'mixture_magnitude', 'mixture_phase', 'source_phase', 'mix_magnitude', 'ideal_binary_mask', 'source_magnitudes'])
0.22296857833862305 GB allocated
7.515625 GB reserved
dict_keys(['index', 'mixture_magnitude', 'mixture_phase', 'source_phase', 'mix_magnitude', 'ideal_binary_mask', 'source_magnitudes'])
0.22296857833862305 GB allocated
7.515625 GB reserved
dict_keys(['index', 'mixture_magnitude', 'mixture_phase', 'source_phase', 'mix_magnitude', 'ideal_binary_mask', 'source_magnitudes'])
0.22296857833862305 GB allocated
7.515625 GB reserved
dict_keys(['index', 'mixture_magnitude', 'mixture_phase', 'source_phase', 'mix_magnitude', 'ideal_binary_mask', 'source_magnitudes'])
0.22296857833862305 GB allocated
7.515625 GB reserved
dict_keys(['index', 'mixture_magnitude', 'mixture_phase', 'source_phase', 'mix_magnitude', 'ideal_binary_mask', 'source_magnitudes'])
0.22296857833862305 GB allocated
7.515625 GB reserved
dict_keys(['index', 'mixture_magnitude', 'mixture_phase', 'source_phase', 'mix_magnitude', 'ideal_binary_mask', 'source_magnitudes'])
0.22296857833862305 GB allocated
7.515625 GB reserved
dict_keys(['index', 'mixture_magnitude', 'mixture_phase', 'source_phase', 'mix_magnitude', 'ideal_binary_mask', 'source_magnitudes'])
0.22296857833862305 GB allocated
7.515625 GB reserved
dict_keys(['index', 'mixture_magnitude', 'mixture_phase', 'source_phase', 'mix_magnitude', 'ideal_binary_mask', 'source_magnitudes'])
0.22296857833862305 GB allocated
7.515625 GB reserved
dict_keys(['index', 'mixture_magnitude', 'mixture_phase', 'source_phase', 'mix_magnitude', 'ideal_binary_mask', 'source_magnitudes'])
0.22296857833862305 GB allocated
7.515625 GB reserved
dict_keys(['index', 'mixture_magnitude', 'mixture_phase', 'source_phase', 'mix_magnitude', 'ideal_binary_mask', 'source_magnitudes'])
0.22296857833862305 GB allocated
7.515625 GB reserved
dict_keys(['index', 'mixture_magnitude', 'mixture_phase', 'source_phase', 'mix_magnitude', 'ideal_binary_mask', 'source_magnitudes'])
0.22296857833862305 GB allocated
7.515625 GB reserved
dict_keys(['index', 'mixture_magnitude', 'mixture_phase', 'source_phase', 'mix_magnitude', 'ideal_binary_mask', 'source_magnitudes'])
0.22296857833862305 GB allocated
7.515625 GB reserved
dict_keys(['index', 'mixture_magnitude', 'mixture_phase', 'source_phase', 'mix_magnitude', 'ideal_binary_mask', 'source_magnitudes'])
0.22211551666259766 GB allocated
7.515625 GB reserved
dict_keys(['index', 'mixture_magnitude', 'mixture_phase', 'source_phase', 'mix_magnitude', 'ideal_binary_mask', 'source_magnitudes'])
0.22296857833862305 GB allocated
7.515625 GB reserved
dict_keys(['index', 'mixture_magnitude', 'mixture_phase', 'source_phase', 'mix_magnitude', 'ideal_binary_mask', 'source_magnitudes'])
0.22296857833862305 GB allocated
7.515625 GB reserved
dict_keys(['index', 'mixture_magnitude', 'mixture_phase', 'source_phase', 'mix_magnitude', 'ideal_binary_mask', 'source_magnitudes'])
0.22296857833862305 GB allocated
7.515625 GB reserved
dict_keys(['index', 'mixture_magnitude', 'mixture_phase', 'source_phase', 'mix_magnitude', 'ideal_binary_mask', 'source_magnitudes'])
0.22296857833862305 GB allocated
7.515625 GB reserved
dict_keys(['index', 'mixture_magnitude', 'mixture_phase', 'source_phase', 'mix_magnitude', 'ideal_binary_mask', 'source_magnitudes'])
0.22296857833862305 GB allocated
7.515625 GB reserved
dict_keys(['index', 'mixture_magnitude', 'mixture_phase', 'source_phase', 'mix_magnitude', 'ideal_binary_mask', 'source_magnitudes'])
0.22296857833862305 GB allocated
7.515625 GB reserved
dict_keys(['index', 'mixture_magnitude', 'mixture_phase', 'source_phase', 'mix_magnitude', 'ideal_binary_mask', 'source_magnitudes'])
0.22296857833862305 GB allocated
7.515625 GB reserved
dict_keys(['index', 'mixture_magnitude', 'mixture_phase', 'source_phase', 'mix_magnitude', 'ideal_binary_mask', 'source_magnitudes'])
0.22296857833862305 GB allocated
7.515625 GB reserved
dict_keys(['index', 'mixture_magnitude', 'mixture_phase', 'source_phase', 'mix_magnitude', 'ideal_binary_mask', 'source_magnitudes'])
0.22296857833862305 GB allocated
7.515625 GB reserved
dict_keys(['index', 'mixture_magnitude', 'mixture_phase', 'source_phase', 'mix_magnitude', 'ideal_binary_mask', 'source_magnitudes'])
0.22296857833862305 GB allocated
7.515625 GB reserved
dict_keys(['index', 'mixture_magnitude', 'mixture_phase', 'source_phase', 'mix_magnitude', 'ideal_binary_mask', 'source_magnitudes'])
0.22296857833862305 GB allocated
7.515625 GB reserved
dict_keys(['index', 'mixture_magnitude', 'mixture_phase', 'source_phase', 'mix_magnitude', 'ideal_binary_mask', 'source_magnitudes'])
0.22296857833862305 GB allocated
7.515625 GB reserved
dict_keys(['index', 'mixture_magnitude', 'mixture_phase', 'source_phase', 'mix_magnitude', 'ideal_binary_mask', 'source_magnitudes'])
0.22296857833862305 GB allocated
7.515625 GB reserved
dict_keys(['index', 'mixture_magnitude', 'mixture_phase', 'source_phase', 'mix_magnitude', 'ideal_binary_mask', 'source_magnitudes'])
0.22296857833862305 GB allocated
7.515625 GB reserved
dict_keys(['index', 'mixture_magnitude', 'mixture_phase', 'source_phase', 'mix_magnitude', 'ideal_binary_mask', 'source_magnitudes'])
0.22296857833862305 GB allocated
7.515625 GB reserved
dict_keys(['index', 'mixture_magnitude', 'mixture_phase', 'source_phase', 'mix_magnitude', 'ideal_binary_mask', 'source_magnitudes'])
0.22296857833862305 GB allocated
7.515625 GB reserved
dict_keys(['index', 'mixture_magnitude', 'mixture_phase', 'source_phase', 'mix_magnitude', 'ideal_binary_mask', 'source_magnitudes'])
0.22296857833862305 GB allocated
7.515625 GB reserved
dict_keys(['index', 'mixture_magnitude', 'mixture_phase', 'source_phase', 'mix_magnitude', 'ideal_binary_mask', 'source_magnitudes'])
0.22296857833862305 GB allocated
7.515625 GB reserved
dict_keys(['index', 'mixture_magnitude', 'mixture_phase', 'source_phase', 'mix_magnitude', 'ideal_binary_mask', 'source_magnitudes'])
0.22296857833862305 GB allocated
7.515625 GB reserved
dict_keys(['index', 'mixture_magnitude', 'mixture_phase', 'source_phase', 'mix_magnitude', 'ideal_binary_mask', 'source_magnitudes'])
0.22296857833862305 GB allocated
7.515625 GB reserved
dict_keys(['index', 'mixture_magnitude', 'mixture_phase', 'source_phase', 'mix_magnitude', 'ideal_binary_mask', 'source_magnitudes'])
0.22296857833862305 GB allocated
7.515625 GB reserved
dict_keys(['index', 'mixture_magnitude', 'mixture_phase', 'source_phase', 'mix_magnitude', 'ideal_binary_mask', 'source_magnitudes'])
0.22296857833862305 GB allocated
7.515625 GB reserved
dict_keys(['index', 'mixture_magnitude', 'mixture_phase', 'source_phase', 'mix_magnitude', 'ideal_binary_mask', 'source_magnitudes'])
0.22296857833862305 GB allocated
7.515625 GB reserved
dict_keys(['index', 'mixture_magnitude', 'mixture_phase', 'source_phase', 'mix_magnitude', 'ideal_binary_mask', 'source_magnitudes'])
0.22296857833862305 GB allocated
7.515625 GB reserved
dict_keys(['index', 'mixture_magnitude', 'mixture_phase', 'source_phase', 'mix_magnitude', 'ideal_binary_mask', 'source_magnitudes'])
[Validator] Epoch 8 - val_loss: 0.000005
[BEST CHECKPOINT] Guardado/actualizado en: checkpoints\Mis_modelos_v2\experimental\deep_feature_emd checkpoints\4stems\best_checkpoint_3_val_loss=-0.0000.pt
05/30/2026 02:28:20 PM | engine.py:1037 Engine run finished. Time taken: 00:01:29.096
[Epoch 8] train_loss=0.000005 | val_loss=0.000005
05/30/2026 02:28:20 PM | engine.py:1010 Epoch[8] Complete. Time taken: 00:06:11.880
0.22211551666259766 GB allocated
7.515625 GB reserved
dict_keys(['index', 'mixture_magnitude', 'mixture_phase', 'source_phase', 'mix_magnitude', 'ideal_binary_mask', 'source_magnitudes'])
0.22296857833862305 GB allocated
7.515625 GB reserved
dict_keys(['index', 'mixture_magnitude', 'mixture_phase', 'source_phase', 'mix_magnitude', 'ideal_binary_mask', 'source_magnitudes'])
0.22296857833862305 GB allocated
7.515625 GB reserved
dict_keys(['index', 'mixture_magnitude', 'mixture_phase', 'source_phase', 'mix_magnitude', 'ideal_binary_mask', 'source_magnitudes'])
0.22296857833862305 GB allocated
7.515625 GB reserved
dict_keys(['index', 'mixture_magnitude', 'mixture_phase', 'source_phase', 'mix_magnitude', 'ideal_binary_mask', 'source_magnitudes'])
0.22296857833862305 GB allocated
7.515625 GB reserved
dict_keys(['index', 'mixture_magnitude', 'mixture_phase', 'source_phase', 'mix_magnitude', 'ideal_binary_mask', 'source_magnitudes'])
0.22296857833862305 GB allocated
7.515625 GB reserved
dict_keys(['index', 'mixture_magnitude', 'mixture_phase', 'source_phase', 'mix_magnitude', 'ideal_binary_mask', 'source_magnitudes'])
0.22296857833862305 GB allocated
7.515625 GB reserved
dict_keys(['index', 'mixture_magnitude', 'mixture_phase', 'source_phase', 'mix_magnitude', 'ideal_binary_mask', 'source_magnitudes'])
0.22296857833862305 GB allocated
7.515625 GB reserved
dict_keys(['index', 'mixture_magnitude', 'mixture_phase', 'source_phase', 'mix_magnitude', 'ideal_binary_mask', 'source_magnitudes'])
0.22296857833862305 GB allocated
7.515625 GB reserved
dict_keys(['index', 'mixture_magnitude', 'mixture_phase', 'source_phase', 'mix_magnitude', 'ideal_binary_mask', 'source_magnitudes'])
0.22296857833862305 GB allocated
7.515625 GB reserved
dict_keys(['index', 'mixture_magnitude', 'mixture_phase', 'source_phase', 'mix_magnitude', 'ideal_binary_mask', 'source_magnitudes'])
0.22296857833862305 GB allocated
7.515625 GB reserved
dict_keys(['index', 'mixture_magnitude', 'mixture_phase', 'source_phase', 'mix_magnitude', 'ideal_binary_mask', 'source_magnitudes'])
0.22296857833862305 GB allocated
7.515625 GB reserved
dict_keys(['index', 'mixture_magnitude', 'mixture_phase', 'source_phase', 'mix_magnitude', 'ideal_binary_mask', 'source_magnitudes'])
0.22296857833862305 GB allocated
7.515625 GB reserved
dict_keys(['index', 'mixture_magnitude', 'mixture_phase', 'source_phase', 'mix_magnitude', 'ideal_binary_mask', 'source_magnitudes'])
0.22296857833862305 GB allocated
7.515625 GB reserved
dict_keys(['index', 'mixture_magnitude', 'mixture_phase', 'source_phase', 'mix_magnitude', 'ideal_binary_mask', 'source_magnitudes'])
0.22296857833862305 GB allocated
7.515625 GB reserved
dict_keys(['index', 'mixture_magnitude', 'mixture_phase', 'source_phase', 'mix_magnitude', 'ideal_binary_mask', 'source_magnitudes'])
0.22296857833862305 GB allocated
7.515625 GB reserved
dict_keys(['index', 'mixture_magnitude', 'mixture_phase', 'source_phase', 'mix_magnitude', 'ideal_binary_mask', 'source_magnitudes'])
0.22296857833862305 GB allocated
7.515625 GB reserved
dict_keys(['index', 'mixture_magnitude', 'mixture_phase', 'source_phase', 'mix_magnitude', 'ideal_binary_mask', 'source_magnitudes'])
0.22296857833862305 GB allocated
7.515625 GB reserved
dict_keys(['index', 'mixture_magnitude', 'mixture_phase', 'source_phase', 'mix_magnitude', 'ideal_binary_mask', 'source_magnitudes'])
0.22296857833862305 GB allocated
7.515625 GB reserved
dict_keys(['index', 'mixture_magnitude', 'mixture_phase', 'source_phase', 'mix_magnitude', 'ideal_binary_mask', 'source_magnitudes'])
0.22296857833862305 GB allocated
7.515625 GB reserved
dict_keys(['index', 'mixture_magnitude', 'mixture_phase', 'source_phase', 'mix_magnitude', 'ideal_binary_mask', 'source_magnitudes'])
0.22296857833862305 GB allocated
7.515625 GB reserved
dict_keys(['index', 'mixture_magnitude', 'mixture_phase', 'source_phase', 'mix_magnitude', 'ideal_binary_mask', 'source_magnitudes'])
0.22296857833862305 GB allocated
7.515625 GB reserved
dict_keys(['index', 'mixture_magnitude', 'mixture_phase', 'source_phase', 'mix_magnitude', 'ideal_binary_mask', 'source_magnitudes'])
0.22296857833862305 GB allocated
7.515625 GB reserved
dict_keys(['index', 'mixture_magnitude', 'mixture_phase', 'source_phase', 'mix_magnitude', 'ideal_binary_mask', 'source_magnitudes'])
0.22296857833862305 GB allocated
7.515625 GB reserved
dict_keys(['index', 'mixture_magnitude', 'mixture_phase', 'source_phase', 'mix_magnitude', 'ideal_binary_mask', 'source_magnitudes'])
0.22296857833862305 GB allocated
7.515625 GB reserved
dict_keys(['index', 'mixture_magnitude', 'mixture_phase', 'source_phase', 'mix_magnitude', 'ideal_binary_mask', 'source_magnitudes'])
0.22211551666259766 GB allocated
7.515625 GB reserved
dict_keys(['index', 'mixture_magnitude', 'mixture_phase', 'source_phase', 'mix_magnitude', 'ideal_binary_mask', 'source_magnitudes'])
0.22296857833862305 GB allocated
7.515625 GB reserved
dict_keys(['index', 'mixture_magnitude', 'mixture_phase', 'source_phase', 'mix_magnitude', 'ideal_binary_mask', 'source_magnitudes'])
0.22296857833862305 GB allocated
7.515625 GB reserved
dict_keys(['index', 'mixture_magnitude', 'mixture_phase', 'source_phase', 'mix_magnitude', 'ideal_binary_mask', 'source_magnitudes'])
0.22296857833862305 GB allocated
7.515625 GB reserved
dict_keys(['index', 'mixture_magnitude', 'mixture_phase', 'source_phase', 'mix_magnitude', 'ideal_binary_mask', 'source_magnitudes'])
0.22296857833862305 GB allocated
7.515625 GB reserved
dict_keys(['index', 'mixture_magnitude', 'mixture_phase', 'source_phase', 'mix_magnitude', 'ideal_binary_mask', 'source_magnitudes'])
0.22296857833862305 GB allocated
7.515625 GB reserved
dict_keys(['index', 'mixture_magnitude', 'mixture_phase', 'source_phase', 'mix_magnitude', 'ideal_binary_mask', 'source_magnitudes'])
0.22296857833862305 GB allocated
7.515625 GB reserved
dict_keys(['index', 'mixture_magnitude', 'mixture_phase', 'source_phase', 'mix_magnitude', 'ideal_binary_mask', 'source_magnitudes'])
0.22296857833862305 GB allocated
7.515625 GB reserved
dict_keys(['index', 'mixture_magnitude', 'mixture_phase', 'source_phase', 'mix_magnitude', 'ideal_binary_mask', 'source_magnitudes'])
0.22296857833862305 GB allocated
7.515625 GB reserved
dict_keys(['index', 'mixture_magnitude', 'mixture_phase', 'source_phase', 'mix_magnitude', 'ideal_binary_mask', 'source_magnitudes'])
0.22296857833862305 GB allocated
7.515625 GB reserved
dict_keys(['index', 'mixture_magnitude', 'mixture_phase', 'source_phase', 'mix_magnitude', 'ideal_binary_mask', 'source_magnitudes'])
0.22296857833862305 GB allocated
7.515625 GB reserved
dict_keys(['index', 'mixture_magnitude', 'mixture_phase', 'source_phase', 'mix_magnitude', 'ideal_binary_mask', 'source_magnitudes'])
0.22296857833862305 GB allocated
7.515625 GB reserved
dict_keys(['index', 'mixture_magnitude', 'mixture_phase', 'source_phase', 'mix_magnitude', 'ideal_binary_mask', 'source_magnitudes'])
0.22296857833862305 GB allocated
7.515625 GB reserved
dict_keys(['index', 'mixture_magnitude', 'mixture_phase', 'source_phase', 'mix_magnitude', 'ideal_binary_mask', 'source_magnitudes'])
0.22296857833862305 GB allocated
7.515625 GB reserved
dict_keys(['index', 'mixture_magnitude', 'mixture_phase', 'source_phase', 'mix_magnitude', 'ideal_binary_mask', 'source_magnitudes'])
0.22296857833862305 GB allocated
7.515625 GB reserved
dict_keys(['index', 'mixture_magnitude', 'mixture_phase', 'source_phase', 'mix_magnitude', 'ideal_binary_mask', 'source_magnitudes'])
0.22296857833862305 GB allocated
7.515625 GB reserved
dict_keys(['index', 'mixture_magnitude', 'mixture_phase', 'source_phase', 'mix_magnitude', 'ideal_binary_mask', 'source_magnitudes'])
0.22296857833862305 GB allocated
7.515625 GB reserved
dict_keys(['index', 'mixture_magnitude', 'mixture_phase', 'source_phase', 'mix_magnitude', 'ideal_binary_mask', 'source_magnitudes'])
0.22296857833862305 GB allocated
7.515625 GB reserved
05/30/2026 02:33:05 PM | engine.py:906 Engine run starting with max_epochs=1.
05/30/2026 02:34:39 PM | engine.py:1010 Epoch[1] Complete. Time taken: 00:01:34.005
dict_keys(['index', 'mixture_magnitude', 'mixture_phase', 'source_phase', 'mix_magnitude', 'ideal_binary_mask', 'source_magnitudes'])
0.22296857833862305 GB allocated
7.515625 GB reserved
dict_keys(['index', 'mixture_magnitude', 'mixture_phase', 'source_phase', 'mix_magnitude', 'ideal_binary_mask', 'source_magnitudes'])
0.22296857833862305 GB allocated
7.515625 GB reserved
dict_keys(['index', 'mixture_magnitude', 'mixture_phase', 'source_phase', 'mix_magnitude', 'ideal_binary_mask', 'source_magnitudes'])
0.22296857833862305 GB allocated
7.515625 GB reserved
dict_keys(['index', 'mixture_magnitude', 'mixture_phase', 'source_phase', 'mix_magnitude', 'ideal_binary_mask', 'source_magnitudes'])
0.22296857833862305 GB allocated
7.515625 GB reserved
dict_keys(['index', 'mixture_magnitude', 'mixture_phase', 'source_phase', 'mix_magnitude', 'ideal_binary_mask', 'source_magnitudes'])
0.22296857833862305 GB allocated
7.515625 GB reserved
dict_keys(['index', 'mixture_magnitude', 'mixture_phase', 'source_phase', 'mix_magnitude', 'ideal_binary_mask', 'source_magnitudes'])
0.22296857833862305 GB allocated
7.515625 GB reserved
dict_keys(['index', 'mixture_magnitude', 'mixture_phase', 'source_phase', 'mix_magnitude', 'ideal_binary_mask', 'source_magnitudes'])
0.22296857833862305 GB allocated
7.515625 GB reserved
dict_keys(['index', 'mixture_magnitude', 'mixture_phase', 'source_phase', 'mix_magnitude', 'ideal_binary_mask', 'source_magnitudes'])
0.22211551666259766 GB allocated
7.515625 GB reserved
dict_keys(['index', 'mixture_magnitude', 'mixture_phase', 'source_phase', 'mix_magnitude', 'ideal_binary_mask', 'source_magnitudes'])
0.22296857833862305 GB allocated
7.515625 GB reserved
dict_keys(['index', 'mixture_magnitude', 'mixture_phase', 'source_phase', 'mix_magnitude', 'ideal_binary_mask', 'source_magnitudes'])
0.22296857833862305 GB allocated
7.515625 GB reserved
dict_keys(['index', 'mixture_magnitude', 'mixture_phase', 'source_phase', 'mix_magnitude', 'ideal_binary_mask', 'source_magnitudes'])
0.22296857833862305 GB allocated
7.515625 GB reserved
dict_keys(['index', 'mixture_magnitude', 'mixture_phase', 'source_phase', 'mix_magnitude', 'ideal_binary_mask', 'source_magnitudes'])
0.22296857833862305 GB allocated
7.515625 GB reserved
dict_keys(['index', 'mixture_magnitude', 'mixture_phase', 'source_phase', 'mix_magnitude', 'ideal_binary_mask', 'source_magnitudes'])
0.22296857833862305 GB allocated
7.515625 GB reserved
dict_keys(['index', 'mixture_magnitude', 'mixture_phase', 'source_phase', 'mix_magnitude', 'ideal_binary_mask', 'source_magnitudes'])
0.22296857833862305 GB allocated
7.515625 GB reserved
dict_keys(['index', 'mixture_magnitude', 'mixture_phase', 'source_phase', 'mix_magnitude', 'ideal_binary_mask', 'source_magnitudes'])
0.22296857833862305 GB allocated
7.515625 GB reserved
dict_keys(['index', 'mixture_magnitude', 'mixture_phase', 'source_phase', 'mix_magnitude', 'ideal_binary_mask', 'source_magnitudes'])
0.22296857833862305 GB allocated
7.515625 GB reserved
dict_keys(['index', 'mixture_magnitude', 'mixture_phase', 'source_phase', 'mix_magnitude', 'ideal_binary_mask', 'source_magnitudes'])
0.22296857833862305 GB allocated
7.515625 GB reserved
dict_keys(['index', 'mixture_magnitude', 'mixture_phase', 'source_phase', 'mix_magnitude', 'ideal_binary_mask', 'source_magnitudes'])
0.22296857833862305 GB allocated
7.515625 GB reserved
dict_keys(['index', 'mixture_magnitude', 'mixture_phase', 'source_phase', 'mix_magnitude', 'ideal_binary_mask', 'source_magnitudes'])
0.22296857833862305 GB allocated
7.515625 GB reserved
dict_keys(['index', 'mixture_magnitude', 'mixture_phase', 'source_phase', 'mix_magnitude', 'ideal_binary_mask', 'source_magnitudes'])
0.22296857833862305 GB allocated
7.515625 GB reserved
dict_keys(['index', 'mixture_magnitude', 'mixture_phase', 'source_phase', 'mix_magnitude', 'ideal_binary_mask', 'source_magnitudes'])
0.22296857833862305 GB allocated
7.515625 GB reserved
dict_keys(['index', 'mixture_magnitude', 'mixture_phase', 'source_phase', 'mix_magnitude', 'ideal_binary_mask', 'source_magnitudes'])
0.22296857833862305 GB allocated
7.515625 GB reserved
dict_keys(['index', 'mixture_magnitude', 'mixture_phase', 'source_phase', 'mix_magnitude', 'ideal_binary_mask', 'source_magnitudes'])
0.22296857833862305 GB allocated
7.515625 GB reserved
dict_keys(['index', 'mixture_magnitude', 'mixture_phase', 'source_phase', 'mix_magnitude', 'ideal_binary_mask', 'source_magnitudes'])
0.22296857833862305 GB allocated
7.515625 GB reserved
dict_keys(['index', 'mixture_magnitude', 'mixture_phase', 'source_phase', 'mix_magnitude', 'ideal_binary_mask', 'source_magnitudes'])
0.22296857833862305 GB allocated
7.515625 GB reserved
dict_keys(['index', 'mixture_magnitude', 'mixture_phase', 'source_phase', 'mix_magnitude', 'ideal_binary_mask', 'source_magnitudes'])
0.22296857833862305 GB allocated
7.515625 GB reserved
dict_keys(['index', 'mixture_magnitude', 'mixture_phase', 'source_phase', 'mix_magnitude', 'ideal_binary_mask', 'source_magnitudes'])
0.22296857833862305 GB allocated
7.515625 GB reserved
dict_keys(['index', 'mixture_magnitude', 'mixture_phase', 'source_phase', 'mix_magnitude', 'ideal_binary_mask', 'source_magnitudes'])
0.22296857833862305 GB allocated
7.515625 GB reserved
dict_keys(['index', 'mixture_magnitude', 'mixture_phase', 'source_phase', 'mix_magnitude', 'ideal_binary_mask', 'source_magnitudes'])
0.22296857833862305 GB allocated
7.515625 GB reserved
dict_keys(['index', 'mixture_magnitude', 'mixture_phase', 'source_phase', 'mix_magnitude', 'ideal_binary_mask', 'source_magnitudes'])
0.22296857833862305 GB allocated
7.515625 GB reserved
dict_keys(['index', 'mixture_magnitude', 'mixture_phase', 'source_phase', 'mix_magnitude', 'ideal_binary_mask', 'source_magnitudes'])
0.22296857833862305 GB allocated
7.515625 GB reserved
dict_keys(['index', 'mixture_magnitude', 'mixture_phase', 'source_phase', 'mix_magnitude', 'ideal_binary_mask', 'source_magnitudes'])
0.22296857833862305 GB allocated
7.515625 GB reserved
dict_keys(['index', 'mixture_magnitude', 'mixture_phase', 'source_phase', 'mix_magnitude', 'ideal_binary_mask', 'source_magnitudes'])
0.22211551666259766 GB allocated
7.515625 GB reserved
dict_keys(['index', 'mixture_magnitude', 'mixture_phase', 'source_phase', 'mix_magnitude', 'ideal_binary_mask', 'source_magnitudes'])
0.22296857833862305 GB allocated
7.515625 GB reserved
dict_keys(['index', 'mixture_magnitude', 'mixture_phase', 'source_phase', 'mix_magnitude', 'ideal_binary_mask', 'source_magnitudes'])
0.22296857833862305 GB allocated
7.515625 GB reserved
dict_keys(['index', 'mixture_magnitude', 'mixture_phase', 'source_phase', 'mix_magnitude', 'ideal_binary_mask', 'source_magnitudes'])
0.22296857833862305 GB allocated
7.515625 GB reserved
dict_keys(['index', 'mixture_magnitude', 'mixture_phase', 'source_phase', 'mix_magnitude', 'ideal_binary_mask', 'source_magnitudes'])
0.22296857833862305 GB allocated
7.515625 GB reserved
dict_keys(['index', 'mixture_magnitude', 'mixture_phase', 'source_phase', 'mix_magnitude', 'ideal_binary_mask', 'source_magnitudes'])
0.22296857833862305 GB allocated
7.515625 GB reserved
dict_keys(['index', 'mixture_magnitude', 'mixture_phase', 'source_phase', 'mix_magnitude', 'ideal_binary_mask', 'source_magnitudes'])
0.22296857833862305 GB allocated
7.515625 GB reserved
dict_keys(['index', 'mixture_magnitude', 'mixture_phase', 'source_phase', 'mix_magnitude', 'ideal_binary_mask', 'source_magnitudes'])
0.22296857833862305 GB allocated
7.515625 GB reserved
dict_keys(['index', 'mixture_magnitude', 'mixture_phase', 'source_phase', 'mix_magnitude', 'ideal_binary_mask', 'source_magnitudes'])
0.22296857833862305 GB allocated
7.515625 GB reserved
dict_keys(['index', 'mixture_magnitude', 'mixture_phase', 'source_phase', 'mix_magnitude', 'ideal_binary_mask', 'source_magnitudes'])
0.22296857833862305 GB allocated
7.515625 GB reserved
dict_keys(['index', 'mixture_magnitude', 'mixture_phase', 'source_phase', 'mix_magnitude', 'ideal_binary_mask', 'source_magnitudes'])
0.22296857833862305 GB allocated
7.515625 GB reserved
dict_keys(['index', 'mixture_magnitude', 'mixture_phase', 'source_phase', 'mix_magnitude', 'ideal_binary_mask', 'source_magnitudes'])
0.22296857833862305 GB allocated
7.515625 GB reserved
dict_keys(['index', 'mixture_magnitude', 'mixture_phase', 'source_phase', 'mix_magnitude', 'ideal_binary_mask', 'source_magnitudes'])
0.22296857833862305 GB allocated
7.515625 GB reserved
dict_keys(['index', 'mixture_magnitude', 'mixture_phase', 'source_phase', 'mix_magnitude', 'ideal_binary_mask', 'source_magnitudes'])
0.22296857833862305 GB allocated
7.515625 GB reserved
dict_keys(['index', 'mixture_magnitude', 'mixture_phase', 'source_phase', 'mix_magnitude', 'ideal_binary_mask', 'source_magnitudes'])
0.22296857833862305 GB allocated
7.515625 GB reserved
dict_keys(['index', 'mixture_magnitude', 'mixture_phase', 'source_phase', 'mix_magnitude', 'ideal_binary_mask', 'source_magnitudes'])
0.22296857833862305 GB allocated
7.515625 GB reserved
dict_keys(['index', 'mixture_magnitude', 'mixture_phase', 'source_phase', 'mix_magnitude', 'ideal_binary_mask', 'source_magnitudes'])
0.22296857833862305 GB allocated
7.515625 GB reserved
dict_keys(['index', 'mixture_magnitude', 'mixture_phase', 'source_phase', 'mix_magnitude', 'ideal_binary_mask', 'source_magnitudes'])
0.22296857833862305 GB allocated
7.515625 GB reserved
dict_keys(['index', 'mixture_magnitude', 'mixture_phase', 'source_phase', 'mix_magnitude', 'ideal_binary_mask', 'source_magnitudes'])
0.22296857833862305 GB allocated
7.515625 GB reserved
dict_keys(['index', 'mixture_magnitude', 'mixture_phase', 'source_phase', 'mix_magnitude', 'ideal_binary_mask', 'source_magnitudes'])
0.22296857833862305 GB allocated
7.515625 GB reserved
dict_keys(['index', 'mixture_magnitude', 'mixture_phase', 'source_phase', 'mix_magnitude', 'ideal_binary_mask', 'source_magnitudes'])
0.22296857833862305 GB allocated
7.515625 GB reserved
dict_keys(['index', 'mixture_magnitude', 'mixture_phase', 'source_phase', 'mix_magnitude', 'ideal_binary_mask', 'source_magnitudes'])
0.22296857833862305 GB allocated
7.515625 GB reserved
dict_keys(['index', 'mixture_magnitude', 'mixture_phase', 'source_phase', 'mix_magnitude', 'ideal_binary_mask', 'source_magnitudes'])
0.22296857833862305 GB allocated
7.515625 GB reserved
dict_keys(['index', 'mixture_magnitude', 'mixture_phase', 'source_phase', 'mix_magnitude', 'ideal_binary_mask', 'source_magnitudes'])
0.22296857833862305 GB allocated
7.515625 GB reserved
dict_keys(['index', 'mixture_magnitude', 'mixture_phase', 'source_phase', 'mix_magnitude', 'ideal_binary_mask', 'source_magnitudes'])
0.22296857833862305 GB allocated
7.515625 GB reserved
dict_keys(['index', 'mixture_magnitude', 'mixture_phase', 'source_phase', 'mix_magnitude', 'ideal_binary_mask', 'source_magnitudes'])
[Validator] Epoch 9 - val_loss: 0.000005
[BEST CHECKPOINT] Guardado/actualizado en: checkpoints\Mis_modelos_v2\experimental\deep_feature_emd checkpoints\4stems\best_checkpoint_3_val_loss=-0.0000.pt
05/30/2026 02:34:39 PM | engine.py:1037 Engine run finished. Time taken: 00:01:34.005
[Epoch 9] train_loss=0.000005 | val_loss=0.000005
05/30/2026 02:34:39 PM | engine.py:1010 Epoch[9] Complete. Time taken: 00:06:18.565
0.22211551666259766 GB allocated
7.515625 GB reserved
dict_keys(['index', 'mixture_magnitude', 'mixture_phase', 'source_phase', 'mix_magnitude', 'ideal_binary_mask', 'source_magnitudes'])
0.22296857833862305 GB allocated
7.515625 GB reserved
dict_keys(['index', 'mixture_magnitude', 'mixture_phase', 'source_phase', 'mix_magnitude', 'ideal_binary_mask', 'source_magnitudes'])
0.22296857833862305 GB allocated
7.515625 GB reserved
dict_keys(['index', 'mixture_magnitude', 'mixture_phase', 'source_phase', 'mix_magnitude', 'ideal_binary_mask', 'source_magnitudes'])
0.22296857833862305 GB allocated
7.515625 GB reserved
dict_keys(['index', 'mixture_magnitude', 'mixture_phase', 'source_phase', 'mix_magnitude', 'ideal_binary_mask', 'source_magnitudes'])
0.22296857833862305 GB allocated
7.515625 GB reserved
dict_keys(['index', 'mixture_magnitude', 'mixture_phase', 'source_phase', 'mix_magnitude', 'ideal_binary_mask', 'source_magnitudes'])
0.22296857833862305 GB allocated
7.515625 GB reserved
dict_keys(['index', 'mixture_magnitude', 'mixture_phase', 'source_phase', 'mix_magnitude', 'ideal_binary_mask', 'source_magnitudes'])
0.22296857833862305 GB allocated
7.515625 GB reserved
dict_keys(['index', 'mixture_magnitude', 'mixture_phase', 'source_phase', 'mix_magnitude', 'ideal_binary_mask', 'source_magnitudes'])
0.22296857833862305 GB allocated
7.515625 GB reserved
dict_keys(['index', 'mixture_magnitude', 'mixture_phase', 'source_phase', 'mix_magnitude', 'ideal_binary_mask', 'source_magnitudes'])
0.22296857833862305 GB allocated
7.515625 GB reserved
dict_keys(['index', 'mixture_magnitude', 'mixture_phase', 'source_phase', 'mix_magnitude', 'ideal_binary_mask', 'source_magnitudes'])
0.22296857833862305 GB allocated
7.515625 GB reserved
dict_keys(['index', 'mixture_magnitude', 'mixture_phase', 'source_phase', 'mix_magnitude', 'ideal_binary_mask', 'source_magnitudes'])
0.22296857833862305 GB allocated
7.515625 GB reserved
dict_keys(['index', 'mixture_magnitude', 'mixture_phase', 'source_phase', 'mix_magnitude', 'ideal_binary_mask', 'source_magnitudes'])
0.22296857833862305 GB allocated
7.515625 GB reserved
dict_keys(['index', 'mixture_magnitude', 'mixture_phase', 'source_phase', 'mix_magnitude', 'ideal_binary_mask', 'source_magnitudes'])
0.22296857833862305 GB allocated
7.515625 GB reserved
dict_keys(['index', 'mixture_magnitude', 'mixture_phase', 'source_phase', 'mix_magnitude', 'ideal_binary_mask', 'source_magnitudes'])
0.22296857833862305 GB allocated
7.515625 GB reserved
dict_keys(['index', 'mixture_magnitude', 'mixture_phase', 'source_phase', 'mix_magnitude', 'ideal_binary_mask', 'source_magnitudes'])
0.22296857833862305 GB allocated
7.515625 GB reserved
dict_keys(['index', 'mixture_magnitude', 'mixture_phase', 'source_phase', 'mix_magnitude', 'ideal_binary_mask', 'source_magnitudes'])
0.22296857833862305 GB allocated
7.515625 GB reserved
dict_keys(['index', 'mixture_magnitude', 'mixture_phase', 'source_phase', 'mix_magnitude', 'ideal_binary_mask', 'source_magnitudes'])
0.22296857833862305 GB allocated
7.515625 GB reserved
dict_keys(['index', 'mixture_magnitude', 'mixture_phase', 'source_phase', 'mix_magnitude', 'ideal_binary_mask', 'source_magnitudes'])
0.22296857833862305 GB allocated
7.515625 GB reserved
dict_keys(['index', 'mixture_magnitude', 'mixture_phase', 'source_phase', 'mix_magnitude', 'ideal_binary_mask', 'source_magnitudes'])
0.22296857833862305 GB allocated
7.515625 GB reserved
dict_keys(['index', 'mixture_magnitude', 'mixture_phase', 'source_phase', 'mix_magnitude', 'ideal_binary_mask', 'source_magnitudes'])
0.22296857833862305 GB allocated
7.515625 GB reserved
dict_keys(['index', 'mixture_magnitude', 'mixture_phase', 'source_phase', 'mix_magnitude', 'ideal_binary_mask', 'source_magnitudes'])
0.22296857833862305 GB allocated
7.515625 GB reserved
dict_keys(['index', 'mixture_magnitude', 'mixture_phase', 'source_phase', 'mix_magnitude', 'ideal_binary_mask', 'source_magnitudes'])
0.22296857833862305 GB allocated
7.515625 GB reserved
dict_keys(['index', 'mixture_magnitude', 'mixture_phase', 'source_phase', 'mix_magnitude', 'ideal_binary_mask', 'source_magnitudes'])
0.22296857833862305 GB allocated
7.515625 GB reserved
dict_keys(['index', 'mixture_magnitude', 'mixture_phase', 'source_phase', 'mix_magnitude', 'ideal_binary_mask', 'source_magnitudes'])
0.22296857833862305 GB allocated
7.515625 GB reserved
dict_keys(['index', 'mixture_magnitude', 'mixture_phase', 'source_phase', 'mix_magnitude', 'ideal_binary_mask', 'source_magnitudes'])
0.22296857833862305 GB allocated
7.515625 GB reserved
dict_keys(['index', 'mixture_magnitude', 'mixture_phase', 'source_phase', 'mix_magnitude', 'ideal_binary_mask', 'source_magnitudes'])
0.22211551666259766 GB allocated
7.515625 GB reserved
dict_keys(['index', 'mixture_magnitude', 'mixture_phase', 'source_phase', 'mix_magnitude', 'ideal_binary_mask', 'source_magnitudes'])
0.22296857833862305 GB allocated
7.515625 GB reserved
dict_keys(['index', 'mixture_magnitude', 'mixture_phase', 'source_phase', 'mix_magnitude', 'ideal_binary_mask', 'source_magnitudes'])
0.22296857833862305 GB allocated
7.515625 GB reserved
dict_keys(['index', 'mixture_magnitude', 'mixture_phase', 'source_phase', 'mix_magnitude', 'ideal_binary_mask', 'source_magnitudes'])
0.22296857833862305 GB allocated
7.515625 GB reserved
dict_keys(['index', 'mixture_magnitude', 'mixture_phase', 'source_phase', 'mix_magnitude', 'ideal_binary_mask', 'source_magnitudes'])
0.22296857833862305 GB allocated
7.515625 GB reserved
dict_keys(['index', 'mixture_magnitude', 'mixture_phase', 'source_phase', 'mix_magnitude', 'ideal_binary_mask', 'source_magnitudes'])
0.22296857833862305 GB allocated
7.515625 GB reserved
dict_keys(['index', 'mixture_magnitude', 'mixture_phase', 'source_phase', 'mix_magnitude', 'ideal_binary_mask', 'source_magnitudes'])
0.22296857833862305 GB allocated
7.515625 GB reserved
dict_keys(['index', 'mixture_magnitude', 'mixture_phase', 'source_phase', 'mix_magnitude', 'ideal_binary_mask', 'source_magnitudes'])
0.22296857833862305 GB allocated
7.515625 GB reserved
dict_keys(['index', 'mixture_magnitude', 'mixture_phase', 'source_phase', 'mix_magnitude', 'ideal_binary_mask', 'source_magnitudes'])
0.22296857833862305 GB allocated
7.515625 GB reserved
dict_keys(['index', 'mixture_magnitude', 'mixture_phase', 'source_phase', 'mix_magnitude', 'ideal_binary_mask', 'source_magnitudes'])
0.22296857833862305 GB allocated
7.515625 GB reserved
dict_keys(['index', 'mixture_magnitude', 'mixture_phase', 'source_phase', 'mix_magnitude', 'ideal_binary_mask', 'source_magnitudes'])
0.22296857833862305 GB allocated
7.515625 GB reserved
dict_keys(['index', 'mixture_magnitude', 'mixture_phase', 'source_phase', 'mix_magnitude', 'ideal_binary_mask', 'source_magnitudes'])
0.22296857833862305 GB allocated
7.515625 GB reserved
dict_keys(['index', 'mixture_magnitude', 'mixture_phase', 'source_phase', 'mix_magnitude', 'ideal_binary_mask', 'source_magnitudes'])
0.22296857833862305 GB allocated
7.515625 GB reserved
dict_keys(['index', 'mixture_magnitude', 'mixture_phase', 'source_phase', 'mix_magnitude', 'ideal_binary_mask', 'source_magnitudes'])
0.22296857833862305 GB allocated
7.515625 GB reserved
dict_keys(['index', 'mixture_magnitude', 'mixture_phase', 'source_phase', 'mix_magnitude', 'ideal_binary_mask', 'source_magnitudes'])
0.22296857833862305 GB allocated
7.515625 GB reserved
dict_keys(['index', 'mixture_magnitude', 'mixture_phase', 'source_phase', 'mix_magnitude', 'ideal_binary_mask', 'source_magnitudes'])
0.22296857833862305 GB allocated
7.515625 GB reserved
dict_keys(['index', 'mixture_magnitude', 'mixture_phase', 'source_phase', 'mix_magnitude', 'ideal_binary_mask', 'source_magnitudes'])
0.22296857833862305 GB allocated
7.515625 GB reserved
dict_keys(['index', 'mixture_magnitude', 'mixture_phase', 'source_phase', 'mix_magnitude', 'ideal_binary_mask', 'source_magnitudes'])
0.22296857833862305 GB allocated
7.515625 GB reserved
05/30/2026 02:39:24 PM | engine.py:906 Engine run starting with max_epochs=1.
05/30/2026 02:40:55 PM | engine.py:1010 Epoch[1] Complete. Time taken: 00:01:30.938
dict_keys(['index', 'mixture_magnitude', 'mixture_phase', 'source_phase', 'mix_magnitude', 'ideal_binary_mask', 'source_magnitudes'])
0.22296857833862305 GB allocated
7.515625 GB reserved
dict_keys(['index', 'mixture_magnitude', 'mixture_phase', 'source_phase', 'mix_magnitude', 'ideal_binary_mask', 'source_magnitudes'])
0.22296857833862305 GB allocated
7.515625 GB reserved
dict_keys(['index', 'mixture_magnitude', 'mixture_phase', 'source_phase', 'mix_magnitude', 'ideal_binary_mask', 'source_magnitudes'])
0.22296857833862305 GB allocated
7.515625 GB reserved
dict_keys(['index', 'mixture_magnitude', 'mixture_phase', 'source_phase', 'mix_magnitude', 'ideal_binary_mask', 'source_magnitudes'])
0.22296857833862305 GB allocated
7.515625 GB reserved
dict_keys(['index', 'mixture_magnitude', 'mixture_phase', 'source_phase', 'mix_magnitude', 'ideal_binary_mask', 'source_magnitudes'])
0.22296857833862305 GB allocated
7.515625 GB reserved
dict_keys(['index', 'mixture_magnitude', 'mixture_phase', 'source_phase', 'mix_magnitude', 'ideal_binary_mask', 'source_magnitudes'])
0.22296857833862305 GB allocated
7.515625 GB reserved
dict_keys(['index', 'mixture_magnitude', 'mixture_phase', 'source_phase', 'mix_magnitude', 'ideal_binary_mask', 'source_magnitudes'])
0.22296857833862305 GB allocated
7.515625 GB reserved
dict_keys(['index', 'mixture_magnitude', 'mixture_phase', 'source_phase', 'mix_magnitude', 'ideal_binary_mask', 'source_magnitudes'])
0.22211551666259766 GB allocated
7.515625 GB reserved
dict_keys(['index', 'mixture_magnitude', 'mixture_phase', 'source_phase', 'mix_magnitude', 'ideal_binary_mask', 'source_magnitudes'])
0.22296857833862305 GB allocated
7.515625 GB reserved
dict_keys(['index', 'mixture_magnitude', 'mixture_phase', 'source_phase', 'mix_magnitude', 'ideal_binary_mask', 'source_magnitudes'])
0.22296857833862305 GB allocated
7.515625 GB reserved
dict_keys(['index', 'mixture_magnitude', 'mixture_phase', 'source_phase', 'mix_magnitude', 'ideal_binary_mask', 'source_magnitudes'])
0.22296857833862305 GB allocated
7.515625 GB reserved
dict_keys(['index', 'mixture_magnitude', 'mixture_phase', 'source_phase', 'mix_magnitude', 'ideal_binary_mask', 'source_magnitudes'])
0.22296857833862305 GB allocated
7.515625 GB reserved
dict_keys(['index', 'mixture_magnitude', 'mixture_phase', 'source_phase', 'mix_magnitude', 'ideal_binary_mask', 'source_magnitudes'])
0.22296857833862305 GB allocated
7.515625 GB reserved
dict_keys(['index', 'mixture_magnitude', 'mixture_phase', 'source_phase', 'mix_magnitude', 'ideal_binary_mask', 'source_magnitudes'])
0.22296857833862305 GB allocated
7.515625 GB reserved
dict_keys(['index', 'mixture_magnitude', 'mixture_phase', 'source_phase', 'mix_magnitude', 'ideal_binary_mask', 'source_magnitudes'])
0.22296857833862305 GB allocated
7.515625 GB reserved
dict_keys(['index', 'mixture_magnitude', 'mixture_phase', 'source_phase', 'mix_magnitude', 'ideal_binary_mask', 'source_magnitudes'])
0.22296857833862305 GB allocated
7.515625 GB reserved
dict_keys(['index', 'mixture_magnitude', 'mixture_phase', 'source_phase', 'mix_magnitude', 'ideal_binary_mask', 'source_magnitudes'])
0.22296857833862305 GB allocated
7.515625 GB reserved
dict_keys(['index', 'mixture_magnitude', 'mixture_phase', 'source_phase', 'mix_magnitude', 'ideal_binary_mask', 'source_magnitudes'])
0.22296857833862305 GB allocated
7.515625 GB reserved
dict_keys(['index', 'mixture_magnitude', 'mixture_phase', 'source_phase', 'mix_magnitude', 'ideal_binary_mask', 'source_magnitudes'])
0.22296857833862305 GB allocated
7.515625 GB reserved
dict_keys(['index', 'mixture_magnitude', 'mixture_phase', 'source_phase', 'mix_magnitude', 'ideal_binary_mask', 'source_magnitudes'])
0.22296857833862305 GB allocated
7.515625 GB reserved
dict_keys(['index', 'mixture_magnitude', 'mixture_phase', 'source_phase', 'mix_magnitude', 'ideal_binary_mask', 'source_magnitudes'])
0.22296857833862305 GB allocated
7.515625 GB reserved
dict_keys(['index', 'mixture_magnitude', 'mixture_phase', 'source_phase', 'mix_magnitude', 'ideal_binary_mask', 'source_magnitudes'])
0.22296857833862305 GB allocated
7.515625 GB reserved
dict_keys(['index', 'mixture_magnitude', 'mixture_phase', 'source_phase', 'mix_magnitude', 'ideal_binary_mask', 'source_magnitudes'])
0.22296857833862305 GB allocated
7.515625 GB reserved
dict_keys(['index', 'mixture_magnitude', 'mixture_phase', 'source_phase', 'mix_magnitude', 'ideal_binary_mask', 'source_magnitudes'])
0.22296857833862305 GB allocated
7.515625 GB reserved
dict_keys(['index', 'mixture_magnitude', 'mixture_phase', 'source_phase', 'mix_magnitude', 'ideal_binary_mask', 'source_magnitudes'])
0.22296857833862305 GB allocated
7.515625 GB reserved
dict_keys(['index', 'mixture_magnitude', 'mixture_phase', 'source_phase', 'mix_magnitude', 'ideal_binary_mask', 'source_magnitudes'])
0.22296857833862305 GB allocated
7.515625 GB reserved
dict_keys(['index', 'mixture_magnitude', 'mixture_phase', 'source_phase', 'mix_magnitude', 'ideal_binary_mask', 'source_magnitudes'])
0.22296857833862305 GB allocated
7.515625 GB reserved
dict_keys(['index', 'mixture_magnitude', 'mixture_phase', 'source_phase', 'mix_magnitude', 'ideal_binary_mask', 'source_magnitudes'])
0.22296857833862305 GB allocated
7.515625 GB reserved
dict_keys(['index', 'mixture_magnitude', 'mixture_phase', 'source_phase', 'mix_magnitude', 'ideal_binary_mask', 'source_magnitudes'])
0.22296857833862305 GB allocated
7.515625 GB reserved
dict_keys(['index', 'mixture_magnitude', 'mixture_phase', 'source_phase', 'mix_magnitude', 'ideal_binary_mask', 'source_magnitudes'])
0.22296857833862305 GB allocated
7.515625 GB reserved
dict_keys(['index', 'mixture_magnitude', 'mixture_phase', 'source_phase', 'mix_magnitude', 'ideal_binary_mask', 'source_magnitudes'])
0.22296857833862305 GB allocated
7.515625 GB reserved
dict_keys(['index', 'mixture_magnitude', 'mixture_phase', 'source_phase', 'mix_magnitude', 'ideal_binary_mask', 'source_magnitudes'])
0.22296857833862305 GB allocated
7.515625 GB reserved
dict_keys(['index', 'mixture_magnitude', 'mixture_phase', 'source_phase', 'mix_magnitude', 'ideal_binary_mask', 'source_magnitudes'])
0.22211551666259766 GB allocated
7.515625 GB reserved
dict_keys(['index', 'mixture_magnitude', 'mixture_phase', 'source_phase', 'mix_magnitude', 'ideal_binary_mask', 'source_magnitudes'])
0.22296857833862305 GB allocated
7.515625 GB reserved
dict_keys(['index', 'mixture_magnitude', 'mixture_phase', 'source_phase', 'mix_magnitude', 'ideal_binary_mask', 'source_magnitudes'])
0.22296857833862305 GB allocated
7.515625 GB reserved
dict_keys(['index', 'mixture_magnitude', 'mixture_phase', 'source_phase', 'mix_magnitude', 'ideal_binary_mask', 'source_magnitudes'])
0.22296857833862305 GB allocated
7.515625 GB reserved
dict_keys(['index', 'mixture_magnitude', 'mixture_phase', 'source_phase', 'mix_magnitude', 'ideal_binary_mask', 'source_magnitudes'])
0.22296857833862305 GB allocated
7.515625 GB reserved
dict_keys(['index', 'mixture_magnitude', 'mixture_phase', 'source_phase', 'mix_magnitude', 'ideal_binary_mask', 'source_magnitudes'])
0.22296857833862305 GB allocated
7.515625 GB reserved
dict_keys(['index', 'mixture_magnitude', 'mixture_phase', 'source_phase', 'mix_magnitude', 'ideal_binary_mask', 'source_magnitudes'])
0.22296857833862305 GB allocated
7.515625 GB reserved
dict_keys(['index', 'mixture_magnitude', 'mixture_phase', 'source_phase', 'mix_magnitude', 'ideal_binary_mask', 'source_magnitudes'])
0.22296857833862305 GB allocated
7.515625 GB reserved
dict_keys(['index', 'mixture_magnitude', 'mixture_phase', 'source_phase', 'mix_magnitude', 'ideal_binary_mask', 'source_magnitudes'])
0.22296857833862305 GB allocated
7.515625 GB reserved
dict_keys(['index', 'mixture_magnitude', 'mixture_phase', 'source_phase', 'mix_magnitude', 'ideal_binary_mask', 'source_magnitudes'])
0.22296857833862305 GB allocated
7.515625 GB reserved
dict_keys(['index', 'mixture_magnitude', 'mixture_phase', 'source_phase', 'mix_magnitude', 'ideal_binary_mask', 'source_magnitudes'])
0.22296857833862305 GB allocated
7.515625 GB reserved
dict_keys(['index', 'mixture_magnitude', 'mixture_phase', 'source_phase', 'mix_magnitude', 'ideal_binary_mask', 'source_magnitudes'])
0.22296857833862305 GB allocated
7.515625 GB reserved
dict_keys(['index', 'mixture_magnitude', 'mixture_phase', 'source_phase', 'mix_magnitude', 'ideal_binary_mask', 'source_magnitudes'])
0.22296857833862305 GB allocated
7.515625 GB reserved
dict_keys(['index', 'mixture_magnitude', 'mixture_phase', 'source_phase', 'mix_magnitude', 'ideal_binary_mask', 'source_magnitudes'])
0.22296857833862305 GB allocated
7.515625 GB reserved
dict_keys(['index', 'mixture_magnitude', 'mixture_phase', 'source_phase', 'mix_magnitude', 'ideal_binary_mask', 'source_magnitudes'])
0.22296857833862305 GB allocated
7.515625 GB reserved
dict_keys(['index', 'mixture_magnitude', 'mixture_phase', 'source_phase', 'mix_magnitude', 'ideal_binary_mask', 'source_magnitudes'])
0.22296857833862305 GB allocated
7.515625 GB reserved
dict_keys(['index', 'mixture_magnitude', 'mixture_phase', 'source_phase', 'mix_magnitude', 'ideal_binary_mask', 'source_magnitudes'])
0.22296857833862305 GB allocated
7.515625 GB reserved
dict_keys(['index', 'mixture_magnitude', 'mixture_phase', 'source_phase', 'mix_magnitude', 'ideal_binary_mask', 'source_magnitudes'])
0.22296857833862305 GB allocated
7.515625 GB reserved
dict_keys(['index', 'mixture_magnitude', 'mixture_phase', 'source_phase', 'mix_magnitude', 'ideal_binary_mask', 'source_magnitudes'])
0.22296857833862305 GB allocated
7.515625 GB reserved
dict_keys(['index', 'mixture_magnitude', 'mixture_phase', 'source_phase', 'mix_magnitude', 'ideal_binary_mask', 'source_magnitudes'])
0.22296857833862305 GB allocated
7.515625 GB reserved
dict_keys(['index', 'mixture_magnitude', 'mixture_phase', 'source_phase', 'mix_magnitude', 'ideal_binary_mask', 'source_magnitudes'])
0.22296857833862305 GB allocated
7.515625 GB reserved
dict_keys(['index', 'mixture_magnitude', 'mixture_phase', 'source_phase', 'mix_magnitude', 'ideal_binary_mask', 'source_magnitudes'])
0.22296857833862305 GB allocated
7.515625 GB reserved
dict_keys(['index', 'mixture_magnitude', 'mixture_phase', 'source_phase', 'mix_magnitude', 'ideal_binary_mask', 'source_magnitudes'])
0.22296857833862305 GB allocated
7.515625 GB reserved
dict_keys(['index', 'mixture_magnitude', 'mixture_phase', 'source_phase', 'mix_magnitude', 'ideal_binary_mask', 'source_magnitudes'])
0.22296857833862305 GB allocated
7.515625 GB reserved
dict_keys(['index', 'mixture_magnitude', 'mixture_phase', 'source_phase', 'mix_magnitude', 'ideal_binary_mask', 'source_magnitudes'])
0.22296857833862305 GB allocated
7.515625 GB reserved
dict_keys(['index', 'mixture_magnitude', 'mixture_phase', 'source_phase', 'mix_magnitude', 'ideal_binary_mask', 'source_magnitudes'])
[Validator] Epoch 10 - val_loss: 0.000005
[BEST CHECKPOINT] Guardado/actualizado en: checkpoints\Mis_modelos_v2\experimental\deep_feature_emd checkpoints\4stems\best_checkpoint_3_val_loss=-0.0000.pt
05/30/2026 02:40:55 PM | engine.py:1037 Engine run finished. Time taken: 00:01:30.939
[Epoch 10] train_loss=0.000005 | val_loss=0.000005
05/30/2026 02:40:55 PM | engine.py:1010 Epoch[10] Complete. Time taken: 00:06:15.767
0.22211551666259766 GB allocated
7.515625 GB reserved
dict_keys(['index', 'mixture_magnitude', 'mixture_phase', 'source_phase', 'mix_magnitude', 'ideal_binary_mask', 'source_magnitudes'])
0.22296857833862305 GB allocated
7.515625 GB reserved
dict_keys(['index', 'mixture_magnitude', 'mixture_phase', 'source_phase', 'mix_magnitude', 'ideal_binary_mask', 'source_magnitudes'])
0.22296857833862305 GB allocated
7.515625 GB reserved
dict_keys(['index', 'mixture_magnitude', 'mixture_phase', 'source_phase', 'mix_magnitude', 'ideal_binary_mask', 'source_magnitudes'])
0.22296857833862305 GB allocated
7.515625 GB reserved
dict_keys(['index', 'mixture_magnitude', 'mixture_phase', 'source_phase', 'mix_magnitude', 'ideal_binary_mask', 'source_magnitudes'])
0.22296857833862305 GB allocated
7.515625 GB reserved
dict_keys(['index', 'mixture_magnitude', 'mixture_phase', 'source_phase', 'mix_magnitude', 'ideal_binary_mask', 'source_magnitudes'])
0.22296857833862305 GB allocated
7.515625 GB reserved
dict_keys(['index', 'mixture_magnitude', 'mixture_phase', 'source_phase', 'mix_magnitude', 'ideal_binary_mask', 'source_magnitudes'])
0.22296857833862305 GB allocated
7.515625 GB reserved
dict_keys(['index', 'mixture_magnitude', 'mixture_phase', 'source_phase', 'mix_magnitude', 'ideal_binary_mask', 'source_magnitudes'])
0.22296857833862305 GB allocated
7.515625 GB reserved
dict_keys(['index', 'mixture_magnitude', 'mixture_phase', 'source_phase', 'mix_magnitude', 'ideal_binary_mask', 'source_magnitudes'])
0.22296857833862305 GB allocated
7.515625 GB reserved
dict_keys(['index', 'mixture_magnitude', 'mixture_phase', 'source_phase', 'mix_magnitude', 'ideal_binary_mask', 'source_magnitudes'])
0.22296857833862305 GB allocated
7.515625 GB reserved
dict_keys(['index', 'mixture_magnitude', 'mixture_phase', 'source_phase', 'mix_magnitude', 'ideal_binary_mask', 'source_magnitudes'])
0.22296857833862305 GB allocated
7.515625 GB reserved
dict_keys(['index', 'mixture_magnitude', 'mixture_phase', 'source_phase', 'mix_magnitude', 'ideal_binary_mask', 'source_magnitudes'])
0.22296857833862305 GB allocated
7.515625 GB reserved
dict_keys(['index', 'mixture_magnitude', 'mixture_phase', 'source_phase', 'mix_magnitude', 'ideal_binary_mask', 'source_magnitudes'])
0.22296857833862305 GB allocated
7.515625 GB reserved
dict_keys(['index', 'mixture_magnitude', 'mixture_phase', 'source_phase', 'mix_magnitude', 'ideal_binary_mask', 'source_magnitudes'])
0.22296857833862305 GB allocated
7.515625 GB reserved
dict_keys(['index', 'mixture_magnitude', 'mixture_phase', 'source_phase', 'mix_magnitude', 'ideal_binary_mask', 'source_magnitudes'])
0.22296857833862305 GB allocated
7.515625 GB reserved
dict_keys(['index', 'mixture_magnitude', 'mixture_phase', 'source_phase', 'mix_magnitude', 'ideal_binary_mask', 'source_magnitudes'])
0.22296857833862305 GB allocated
7.515625 GB reserved
dict_keys(['index', 'mixture_magnitude', 'mixture_phase', 'source_phase', 'mix_magnitude', 'ideal_binary_mask', 'source_magnitudes'])
0.22296857833862305 GB allocated
7.515625 GB reserved
dict_keys(['index', 'mixture_magnitude', 'mixture_phase', 'source_phase', 'mix_magnitude', 'ideal_binary_mask', 'source_magnitudes'])
0.22296857833862305 GB allocated
7.515625 GB reserved
dict_keys(['index', 'mixture_magnitude', 'mixture_phase', 'source_phase', 'mix_magnitude', 'ideal_binary_mask', 'source_magnitudes'])
0.22296857833862305 GB allocated
7.515625 GB reserved
dict_keys(['index', 'mixture_magnitude', 'mixture_phase', 'source_phase', 'mix_magnitude', 'ideal_binary_mask', 'source_magnitudes'])
0.22296857833862305 GB allocated
7.515625 GB reserved
dict_keys(['index', 'mixture_magnitude', 'mixture_phase', 'source_phase', 'mix_magnitude', 'ideal_binary_mask', 'source_magnitudes'])
0.22296857833862305 GB allocated
7.515625 GB reserved
dict_keys(['index', 'mixture_magnitude', 'mixture_phase', 'source_phase', 'mix_magnitude', 'ideal_binary_mask', 'source_magnitudes'])
0.22296857833862305 GB allocated
7.515625 GB reserved
dict_keys(['index', 'mixture_magnitude', 'mixture_phase', 'source_phase', 'mix_magnitude', 'ideal_binary_mask', 'source_magnitudes'])
0.22296857833862305 GB allocated
7.515625 GB reserved
dict_keys(['index', 'mixture_magnitude', 'mixture_phase', 'source_phase', 'mix_magnitude', 'ideal_binary_mask', 'source_magnitudes'])
0.22296857833862305 GB allocated
7.515625 GB reserved
dict_keys(['index', 'mixture_magnitude', 'mixture_phase', 'source_phase', 'mix_magnitude', 'ideal_binary_mask', 'source_magnitudes'])
0.22296857833862305 GB allocated
7.515625 GB reserved
dict_keys(['index', 'mixture_magnitude', 'mixture_phase', 'source_phase', 'mix_magnitude', 'ideal_binary_mask', 'source_magnitudes'])
0.22211551666259766 GB allocated
7.515625 GB reserved
dict_keys(['index', 'mixture_magnitude', 'mixture_phase', 'source_phase', 'mix_magnitude', 'ideal_binary_mask', 'source_magnitudes'])
0.22296857833862305 GB allocated
7.515625 GB reserved
dict_keys(['index', 'mixture_magnitude', 'mixture_phase', 'source_phase', 'mix_magnitude', 'ideal_binary_mask', 'source_magnitudes'])
0.22296857833862305 GB allocated
7.515625 GB reserved
dict_keys(['index', 'mixture_magnitude', 'mixture_phase', 'source_phase', 'mix_magnitude', 'ideal_binary_mask', 'source_magnitudes'])
0.22296857833862305 GB allocated
7.515625 GB reserved
dict_keys(['index', 'mixture_magnitude', 'mixture_phase', 'source_phase', 'mix_magnitude', 'ideal_binary_mask', 'source_magnitudes'])
0.22296857833862305 GB allocated
7.515625 GB reserved
dict_keys(['index', 'mixture_magnitude', 'mixture_phase', 'source_phase', 'mix_magnitude', 'ideal_binary_mask', 'source_magnitudes'])
0.22296857833862305 GB allocated
7.515625 GB reserved
dict_keys(['index', 'mixture_magnitude', 'mixture_phase', 'source_phase', 'mix_magnitude', 'ideal_binary_mask', 'source_magnitudes'])
0.22296857833862305 GB allocated
7.515625 GB reserved
dict_keys(['index', 'mixture_magnitude', 'mixture_phase', 'source_phase', 'mix_magnitude', 'ideal_binary_mask', 'source_magnitudes'])
0.22296857833862305 GB allocated
7.515625 GB reserved
dict_keys(['index', 'mixture_magnitude', 'mixture_phase', 'source_phase', 'mix_magnitude', 'ideal_binary_mask', 'source_magnitudes'])
0.22296857833862305 GB allocated
7.515625 GB reserved
dict_keys(['index', 'mixture_magnitude', 'mixture_phase', 'source_phase', 'mix_magnitude', 'ideal_binary_mask', 'source_magnitudes'])
0.22296857833862305 GB allocated
7.515625 GB reserved
dict_keys(['index', 'mixture_magnitude', 'mixture_phase', 'source_phase', 'mix_magnitude', 'ideal_binary_mask', 'source_magnitudes'])
0.22296857833862305 GB allocated
7.515625 GB reserved
dict_keys(['index', 'mixture_magnitude', 'mixture_phase', 'source_phase', 'mix_magnitude', 'ideal_binary_mask', 'source_magnitudes'])
0.22296857833862305 GB allocated
7.515625 GB reserved
dict_keys(['index', 'mixture_magnitude', 'mixture_phase', 'source_phase', 'mix_magnitude', 'ideal_binary_mask', 'source_magnitudes'])
0.22296857833862305 GB allocated
7.515625 GB reserved
dict_keys(['index', 'mixture_magnitude', 'mixture_phase', 'source_phase', 'mix_magnitude', 'ideal_binary_mask', 'source_magnitudes'])
0.22296857833862305 GB allocated
7.515625 GB reserved
dict_keys(['index', 'mixture_magnitude', 'mixture_phase', 'source_phase', 'mix_magnitude', 'ideal_binary_mask', 'source_magnitudes'])
0.22296857833862305 GB allocated
7.515625 GB reserved
dict_keys(['index', 'mixture_magnitude', 'mixture_phase', 'source_phase', 'mix_magnitude', 'ideal_binary_mask', 'source_magnitudes'])
0.22296857833862305 GB allocated
7.515625 GB reserved
dict_keys(['index', 'mixture_magnitude', 'mixture_phase', 'source_phase', 'mix_magnitude', 'ideal_binary_mask', 'source_magnitudes'])
0.22296857833862305 GB allocated
7.515625 GB reserved
dict_keys(['index', 'mixture_magnitude', 'mixture_phase', 'source_phase', 'mix_magnitude', 'ideal_binary_mask', 'source_magnitudes'])
0.22296857833862305 GB allocated
7.515625 GB reserved
05/30/2026 02:45:37 PM | engine.py:906 Engine run starting with max_epochs=1.
05/30/2026 02:47:08 PM | engine.py:1010 Epoch[1] Complete. Time taken: 00:01:30.778
dict_keys(['index', 'mixture_magnitude', 'mixture_phase', 'source_phase', 'mix_magnitude', 'ideal_binary_mask', 'source_magnitudes'])
0.22296857833862305 GB allocated
7.515625 GB reserved
dict_keys(['index', 'mixture_magnitude', 'mixture_phase', 'source_phase', 'mix_magnitude', 'ideal_binary_mask', 'source_magnitudes'])
0.22296857833862305 GB allocated
7.515625 GB reserved
dict_keys(['index', 'mixture_magnitude', 'mixture_phase', 'source_phase', 'mix_magnitude', 'ideal_binary_mask', 'source_magnitudes'])
0.22296857833862305 GB allocated
7.515625 GB reserved
dict_keys(['index', 'mixture_magnitude', 'mixture_phase', 'source_phase', 'mix_magnitude', 'ideal_binary_mask', 'source_magnitudes'])
0.22296857833862305 GB allocated
7.515625 GB reserved
dict_keys(['index', 'mixture_magnitude', 'mixture_phase', 'source_phase', 'mix_magnitude', 'ideal_binary_mask', 'source_magnitudes'])
0.22296857833862305 GB allocated
7.515625 GB reserved
dict_keys(['index', 'mixture_magnitude', 'mixture_phase', 'source_phase', 'mix_magnitude', 'ideal_binary_mask', 'source_magnitudes'])
0.22296857833862305 GB allocated
7.515625 GB reserved
dict_keys(['index', 'mixture_magnitude', 'mixture_phase', 'source_phase', 'mix_magnitude', 'ideal_binary_mask', 'source_magnitudes'])
0.22296857833862305 GB allocated
7.515625 GB reserved
dict_keys(['index', 'mixture_magnitude', 'mixture_phase', 'source_phase', 'mix_magnitude', 'ideal_binary_mask', 'source_magnitudes'])
0.22211551666259766 GB allocated
7.515625 GB reserved
dict_keys(['index', 'mixture_magnitude', 'mixture_phase', 'source_phase', 'mix_magnitude', 'ideal_binary_mask', 'source_magnitudes'])
0.22296857833862305 GB allocated
7.515625 GB reserved
dict_keys(['index', 'mixture_magnitude', 'mixture_phase', 'source_phase', 'mix_magnitude', 'ideal_binary_mask', 'source_magnitudes'])
0.22296857833862305 GB allocated
7.515625 GB reserved
dict_keys(['index', 'mixture_magnitude', 'mixture_phase', 'source_phase', 'mix_magnitude', 'ideal_binary_mask', 'source_magnitudes'])
0.22296857833862305 GB allocated
7.515625 GB reserved
dict_keys(['index', 'mixture_magnitude', 'mixture_phase', 'source_phase', 'mix_magnitude', 'ideal_binary_mask', 'source_magnitudes'])
0.22296857833862305 GB allocated
7.515625 GB reserved
dict_keys(['index', 'mixture_magnitude', 'mixture_phase', 'source_phase', 'mix_magnitude', 'ideal_binary_mask', 'source_magnitudes'])
0.22296857833862305 GB allocated
7.515625 GB reserved
dict_keys(['index', 'mixture_magnitude', 'mixture_phase', 'source_phase', 'mix_magnitude', 'ideal_binary_mask', 'source_magnitudes'])
0.22296857833862305 GB allocated
7.515625 GB reserved
dict_keys(['index', 'mixture_magnitude', 'mixture_phase', 'source_phase', 'mix_magnitude', 'ideal_binary_mask', 'source_magnitudes'])
0.22296857833862305 GB allocated
7.515625 GB reserved
dict_keys(['index', 'mixture_magnitude', 'mixture_phase', 'source_phase', 'mix_magnitude', 'ideal_binary_mask', 'source_magnitudes'])
0.22296857833862305 GB allocated
7.515625 GB reserved
dict_keys(['index', 'mixture_magnitude', 'mixture_phase', 'source_phase', 'mix_magnitude', 'ideal_binary_mask', 'source_magnitudes'])
0.22296857833862305 GB allocated
7.515625 GB reserved
dict_keys(['index', 'mixture_magnitude', 'mixture_phase', 'source_phase', 'mix_magnitude', 'ideal_binary_mask', 'source_magnitudes'])
0.22296857833862305 GB allocated
7.515625 GB reserved
dict_keys(['index', 'mixture_magnitude', 'mixture_phase', 'source_phase', 'mix_magnitude', 'ideal_binary_mask', 'source_magnitudes'])
0.22296857833862305 GB allocated
7.515625 GB reserved
dict_keys(['index', 'mixture_magnitude', 'mixture_phase', 'source_phase', 'mix_magnitude', 'ideal_binary_mask', 'source_magnitudes'])
0.22296857833862305 GB allocated
7.515625 GB reserved
dict_keys(['index', 'mixture_magnitude', 'mixture_phase', 'source_phase', 'mix_magnitude', 'ideal_binary_mask', 'source_magnitudes'])
0.22296857833862305 GB allocated
7.515625 GB reserved
dict_keys(['index', 'mixture_magnitude', 'mixture_phase', 'source_phase', 'mix_magnitude', 'ideal_binary_mask', 'source_magnitudes'])
0.22296857833862305 GB allocated
7.515625 GB reserved
dict_keys(['index', 'mixture_magnitude', 'mixture_phase', 'source_phase', 'mix_magnitude', 'ideal_binary_mask', 'source_magnitudes'])
0.22296857833862305 GB allocated
7.515625 GB reserved
dict_keys(['index', 'mixture_magnitude', 'mixture_phase', 'source_phase', 'mix_magnitude', 'ideal_binary_mask', 'source_magnitudes'])
0.22296857833862305 GB allocated
7.515625 GB reserved
dict_keys(['index', 'mixture_magnitude', 'mixture_phase', 'source_phase', 'mix_magnitude', 'ideal_binary_mask', 'source_magnitudes'])
0.22296857833862305 GB allocated
7.515625 GB reserved
dict_keys(['index', 'mixture_magnitude', 'mixture_phase', 'source_phase', 'mix_magnitude', 'ideal_binary_mask', 'source_magnitudes'])
0.22296857833862305 GB allocated
7.515625 GB reserved
dict_keys(['index', 'mixture_magnitude', 'mixture_phase', 'source_phase', 'mix_magnitude', 'ideal_binary_mask', 'source_magnitudes'])
0.22296857833862305 GB allocated
7.515625 GB reserved
dict_keys(['index', 'mixture_magnitude', 'mixture_phase', 'source_phase', 'mix_magnitude', 'ideal_binary_mask', 'source_magnitudes'])
0.22296857833862305 GB allocated
7.515625 GB reserved
dict_keys(['index', 'mixture_magnitude', 'mixture_phase', 'source_phase', 'mix_magnitude', 'ideal_binary_mask', 'source_magnitudes'])
0.22296857833862305 GB allocated
7.515625 GB reserved
dict_keys(['index', 'mixture_magnitude', 'mixture_phase', 'source_phase', 'mix_magnitude', 'ideal_binary_mask', 'source_magnitudes'])
0.22296857833862305 GB allocated
7.515625 GB reserved
dict_keys(['index', 'mixture_magnitude', 'mixture_phase', 'source_phase', 'mix_magnitude', 'ideal_binary_mask', 'source_magnitudes'])
0.22296857833862305 GB allocated
7.515625 GB reserved
dict_keys(['index', 'mixture_magnitude', 'mixture_phase', 'source_phase', 'mix_magnitude', 'ideal_binary_mask', 'source_magnitudes'])
0.22296857833862305 GB allocated
7.515625 GB reserved
dict_keys(['index', 'mixture_magnitude', 'mixture_phase', 'source_phase', 'mix_magnitude', 'ideal_binary_mask', 'source_magnitudes'])
0.22211551666259766 GB allocated
7.515625 GB reserved
dict_keys(['index', 'mixture_magnitude', 'mixture_phase', 'source_phase', 'mix_magnitude', 'ideal_binary_mask', 'source_magnitudes'])
0.22296857833862305 GB allocated
7.515625 GB reserved
dict_keys(['index', 'mixture_magnitude', 'mixture_phase', 'source_phase', 'mix_magnitude', 'ideal_binary_mask', 'source_magnitudes'])
0.22296857833862305 GB allocated
7.515625 GB reserved
dict_keys(['index', 'mixture_magnitude', 'mixture_phase', 'source_phase', 'mix_magnitude', 'ideal_binary_mask', 'source_magnitudes'])
0.22296857833862305 GB allocated
7.515625 GB reserved
dict_keys(['index', 'mixture_magnitude', 'mixture_phase', 'source_phase', 'mix_magnitude', 'ideal_binary_mask', 'source_magnitudes'])
0.22296857833862305 GB allocated
7.515625 GB reserved
dict_keys(['index', 'mixture_magnitude', 'mixture_phase', 'source_phase', 'mix_magnitude', 'ideal_binary_mask', 'source_magnitudes'])
0.22296857833862305 GB allocated
7.515625 GB reserved
dict_keys(['index', 'mixture_magnitude', 'mixture_phase', 'source_phase', 'mix_magnitude', 'ideal_binary_mask', 'source_magnitudes'])
0.22296857833862305 GB allocated
7.515625 GB reserved
dict_keys(['index', 'mixture_magnitude', 'mixture_phase', 'source_phase', 'mix_magnitude', 'ideal_binary_mask', 'source_magnitudes'])
0.22296857833862305 GB allocated
7.515625 GB reserved
dict_keys(['index', 'mixture_magnitude', 'mixture_phase', 'source_phase', 'mix_magnitude', 'ideal_binary_mask', 'source_magnitudes'])
0.22296857833862305 GB allocated
7.515625 GB reserved
dict_keys(['index', 'mixture_magnitude', 'mixture_phase', 'source_phase', 'mix_magnitude', 'ideal_binary_mask', 'source_magnitudes'])
0.22296857833862305 GB allocated
7.515625 GB reserved
dict_keys(['index', 'mixture_magnitude', 'mixture_phase', 'source_phase', 'mix_magnitude', 'ideal_binary_mask', 'source_magnitudes'])
0.22296857833862305 GB allocated
7.515625 GB reserved
dict_keys(['index', 'mixture_magnitude', 'mixture_phase', 'source_phase', 'mix_magnitude', 'ideal_binary_mask', 'source_magnitudes'])
0.22296857833862305 GB allocated
7.515625 GB reserved
dict_keys(['index', 'mixture_magnitude', 'mixture_phase', 'source_phase', 'mix_magnitude', 'ideal_binary_mask', 'source_magnitudes'])
0.22296857833862305 GB allocated
7.515625 GB reserved
dict_keys(['index', 'mixture_magnitude', 'mixture_phase', 'source_phase', 'mix_magnitude', 'ideal_binary_mask', 'source_magnitudes'])
0.22296857833862305 GB allocated
7.515625 GB reserved
dict_keys(['index', 'mixture_magnitude', 'mixture_phase', 'source_phase', 'mix_magnitude', 'ideal_binary_mask', 'source_magnitudes'])
0.22296857833862305 GB allocated
7.515625 GB reserved
dict_keys(['index', 'mixture_magnitude', 'mixture_phase', 'source_phase', 'mix_magnitude', 'ideal_binary_mask', 'source_magnitudes'])
0.22296857833862305 GB allocated
7.515625 GB reserved
dict_keys(['index', 'mixture_magnitude', 'mixture_phase', 'source_phase', 'mix_magnitude', 'ideal_binary_mask', 'source_magnitudes'])
0.22296857833862305 GB allocated
7.515625 GB reserved
dict_keys(['index', 'mixture_magnitude', 'mixture_phase', 'source_phase', 'mix_magnitude', 'ideal_binary_mask', 'source_magnitudes'])
0.22296857833862305 GB allocated
7.515625 GB reserved
dict_keys(['index', 'mixture_magnitude', 'mixture_phase', 'source_phase', 'mix_magnitude', 'ideal_binary_mask', 'source_magnitudes'])
0.22296857833862305 GB allocated
7.515625 GB reserved
dict_keys(['index', 'mixture_magnitude', 'mixture_phase', 'source_phase', 'mix_magnitude', 'ideal_binary_mask', 'source_magnitudes'])
0.22296857833862305 GB allocated
7.515625 GB reserved
dict_keys(['index', 'mixture_magnitude', 'mixture_phase', 'source_phase', 'mix_magnitude', 'ideal_binary_mask', 'source_magnitudes'])
0.22296857833862305 GB allocated
7.515625 GB reserved
dict_keys(['index', 'mixture_magnitude', 'mixture_phase', 'source_phase', 'mix_magnitude', 'ideal_binary_mask', 'source_magnitudes'])
0.22296857833862305 GB allocated
7.515625 GB reserved
dict_keys(['index', 'mixture_magnitude', 'mixture_phase', 'source_phase', 'mix_magnitude', 'ideal_binary_mask', 'source_magnitudes'])
0.22296857833862305 GB allocated
7.515625 GB reserved
dict_keys(['index', 'mixture_magnitude', 'mixture_phase', 'source_phase', 'mix_magnitude', 'ideal_binary_mask', 'source_magnitudes'])
0.22296857833862305 GB allocated
7.515625 GB reserved
dict_keys(['index', 'mixture_magnitude', 'mixture_phase', 'source_phase', 'mix_magnitude', 'ideal_binary_mask', 'source_magnitudes'])
0.22296857833862305 GB allocated
7.515625 GB reserved
dict_keys(['index', 'mixture_magnitude', 'mixture_phase', 'source_phase', 'mix_magnitude', 'ideal_binary_mask', 'source_magnitudes'])
[Validator] Epoch 11 - val_loss: 0.000005
[BEST CHECKPOINT] Guardado/actualizado en: checkpoints\Mis_modelos_v2\experimental\deep_feature_emd checkpoints\4stems\best_checkpoint_3_val_loss=-0.0000.pt
05/30/2026 02:47:08 PM | engine.py:1037 Engine run finished. Time taken: 00:01:30.778
[Epoch 11] train_loss=0.000005 | val_loss=0.000005
05/30/2026 02:47:08 PM | engine.py:1010 Epoch[11] Complete. Time taken: 00:06:13.686
0.22211551666259766 GB allocated
7.515625 GB reserved
dict_keys(['index', 'mixture_magnitude', 'mixture_phase', 'source_phase', 'mix_magnitude', 'ideal_binary_mask', 'source_magnitudes'])
0.22296857833862305 GB allocated
7.515625 GB reserved
dict_keys(['index', 'mixture_magnitude', 'mixture_phase', 'source_phase', 'mix_magnitude', 'ideal_binary_mask', 'source_magnitudes'])
0.22296857833862305 GB allocated
7.515625 GB reserved
dict_keys(['index', 'mixture_magnitude', 'mixture_phase', 'source_phase', 'mix_magnitude', 'ideal_binary_mask', 'source_magnitudes'])
0.22296857833862305 GB allocated
7.515625 GB reserved
dict_keys(['index', 'mixture_magnitude', 'mixture_phase', 'source_phase', 'mix_magnitude', 'ideal_binary_mask', 'source_magnitudes'])
0.22296857833862305 GB allocated
7.515625 GB reserved
dict_keys(['index', 'mixture_magnitude', 'mixture_phase', 'source_phase', 'mix_magnitude', 'ideal_binary_mask', 'source_magnitudes'])
0.22296857833862305 GB allocated
7.515625 GB reserved
dict_keys(['index', 'mixture_magnitude', 'mixture_phase', 'source_phase', 'mix_magnitude', 'ideal_binary_mask', 'source_magnitudes'])
0.22296857833862305 GB allocated
7.515625 GB reserved
dict_keys(['index', 'mixture_magnitude', 'mixture_phase', 'source_phase', 'mix_magnitude', 'ideal_binary_mask', 'source_magnitudes'])
0.22296857833862305 GB allocated
7.515625 GB reserved
dict_keys(['index', 'mixture_magnitude', 'mixture_phase', 'source_phase', 'mix_magnitude', 'ideal_binary_mask', 'source_magnitudes'])
0.22296857833862305 GB allocated
7.515625 GB reserved
dict_keys(['index', 'mixture_magnitude', 'mixture_phase', 'source_phase', 'mix_magnitude', 'ideal_binary_mask', 'source_magnitudes'])
0.22296857833862305 GB allocated
7.515625 GB reserved
dict_keys(['index', 'mixture_magnitude', 'mixture_phase', 'source_phase', 'mix_magnitude', 'ideal_binary_mask', 'source_magnitudes'])
0.22296857833862305 GB allocated
7.515625 GB reserved
dict_keys(['index', 'mixture_magnitude', 'mixture_phase', 'source_phase', 'mix_magnitude', 'ideal_binary_mask', 'source_magnitudes'])
0.22296857833862305 GB allocated
7.515625 GB reserved
dict_keys(['index', 'mixture_magnitude', 'mixture_phase', 'source_phase', 'mix_magnitude', 'ideal_binary_mask', 'source_magnitudes'])
0.22296857833862305 GB allocated
7.515625 GB reserved
dict_keys(['index', 'mixture_magnitude', 'mixture_phase', 'source_phase', 'mix_magnitude', 'ideal_binary_mask', 'source_magnitudes'])
0.22296857833862305 GB allocated
7.515625 GB reserved
dict_keys(['index', 'mixture_magnitude', 'mixture_phase', 'source_phase', 'mix_magnitude', 'ideal_binary_mask', 'source_magnitudes'])
0.22296857833862305 GB allocated
7.515625 GB reserved
dict_keys(['index', 'mixture_magnitude', 'mixture_phase', 'source_phase', 'mix_magnitude', 'ideal_binary_mask', 'source_magnitudes'])
0.22296857833862305 GB allocated
7.515625 GB reserved
dict_keys(['index', 'mixture_magnitude', 'mixture_phase', 'source_phase', 'mix_magnitude', 'ideal_binary_mask', 'source_magnitudes'])
0.22296857833862305 GB allocated
7.515625 GB reserved
dict_keys(['index', 'mixture_magnitude', 'mixture_phase', 'source_phase', 'mix_magnitude', 'ideal_binary_mask', 'source_magnitudes'])
0.22296857833862305 GB allocated
7.515625 GB reserved
dict_keys(['index', 'mixture_magnitude', 'mixture_phase', 'source_phase', 'mix_magnitude', 'ideal_binary_mask', 'source_magnitudes'])
0.22296857833862305 GB allocated
7.515625 GB reserved
dict_keys(['index', 'mixture_magnitude', 'mixture_phase', 'source_phase', 'mix_magnitude', 'ideal_binary_mask', 'source_magnitudes'])
0.22296857833862305 GB allocated
7.515625 GB reserved
dict_keys(['index', 'mixture_magnitude', 'mixture_phase', 'source_phase', 'mix_magnitude', 'ideal_binary_mask', 'source_magnitudes'])
0.22296857833862305 GB allocated
7.515625 GB reserved
dict_keys(['index', 'mixture_magnitude', 'mixture_phase', 'source_phase', 'mix_magnitude', 'ideal_binary_mask', 'source_magnitudes'])
0.22296857833862305 GB allocated
7.515625 GB reserved
dict_keys(['index', 'mixture_magnitude', 'mixture_phase', 'source_phase', 'mix_magnitude', 'ideal_binary_mask', 'source_magnitudes'])
0.22296857833862305 GB allocated
7.515625 GB reserved
dict_keys(['index', 'mixture_magnitude', 'mixture_phase', 'source_phase', 'mix_magnitude', 'ideal_binary_mask', 'source_magnitudes'])
0.22296857833862305 GB allocated
7.515625 GB reserved
dict_keys(['index', 'mixture_magnitude', 'mixture_phase', 'source_phase', 'mix_magnitude', 'ideal_binary_mask', 'source_magnitudes'])
0.22296857833862305 GB allocated
7.515625 GB reserved
dict_keys(['index', 'mixture_magnitude', 'mixture_phase', 'source_phase', 'mix_magnitude', 'ideal_binary_mask', 'source_magnitudes'])
0.22211551666259766 GB allocated
7.515625 GB reserved
dict_keys(['index', 'mixture_magnitude', 'mixture_phase', 'source_phase', 'mix_magnitude', 'ideal_binary_mask', 'source_magnitudes'])
0.22296857833862305 GB allocated
7.515625 GB reserved
dict_keys(['index', 'mixture_magnitude', 'mixture_phase', 'source_phase', 'mix_magnitude', 'ideal_binary_mask', 'source_magnitudes'])
0.22296857833862305 GB allocated
7.515625 GB reserved
dict_keys(['index', 'mixture_magnitude', 'mixture_phase', 'source_phase', 'mix_magnitude', 'ideal_binary_mask', 'source_magnitudes'])
0.22296857833862305 GB allocated
7.515625 GB reserved
dict_keys(['index', 'mixture_magnitude', 'mixture_phase', 'source_phase', 'mix_magnitude', 'ideal_binary_mask', 'source_magnitudes'])
0.22296857833862305 GB allocated
7.515625 GB reserved
dict_keys(['index', 'mixture_magnitude', 'mixture_phase', 'source_phase', 'mix_magnitude', 'ideal_binary_mask', 'source_magnitudes'])
0.22296857833862305 GB allocated
7.515625 GB reserved
dict_keys(['index', 'mixture_magnitude', 'mixture_phase', 'source_phase', 'mix_magnitude', 'ideal_binary_mask', 'source_magnitudes'])
0.22296857833862305 GB allocated
7.515625 GB reserved
dict_keys(['index', 'mixture_magnitude', 'mixture_phase', 'source_phase', 'mix_magnitude', 'ideal_binary_mask', 'source_magnitudes'])
0.22296857833862305 GB allocated
7.515625 GB reserved
dict_keys(['index', 'mixture_magnitude', 'mixture_phase', 'source_phase', 'mix_magnitude', 'ideal_binary_mask', 'source_magnitudes'])
0.22296857833862305 GB allocated
7.515625 GB reserved
dict_keys(['index', 'mixture_magnitude', 'mixture_phase', 'source_phase', 'mix_magnitude', 'ideal_binary_mask', 'source_magnitudes'])
0.22296857833862305 GB allocated
7.515625 GB reserved
dict_keys(['index', 'mixture_magnitude', 'mixture_phase', 'source_phase', 'mix_magnitude', 'ideal_binary_mask', 'source_magnitudes'])
0.22296857833862305 GB allocated
7.515625 GB reserved
dict_keys(['index', 'mixture_magnitude', 'mixture_phase', 'source_phase', 'mix_magnitude', 'ideal_binary_mask', 'source_magnitudes'])
0.22296857833862305 GB allocated
7.515625 GB reserved
dict_keys(['index', 'mixture_magnitude', 'mixture_phase', 'source_phase', 'mix_magnitude', 'ideal_binary_mask', 'source_magnitudes'])
0.22296857833862305 GB allocated
7.515625 GB reserved
dict_keys(['index', 'mixture_magnitude', 'mixture_phase', 'source_phase', 'mix_magnitude', 'ideal_binary_mask', 'source_magnitudes'])
0.22296857833862305 GB allocated
7.515625 GB reserved
dict_keys(['index', 'mixture_magnitude', 'mixture_phase', 'source_phase', 'mix_magnitude', 'ideal_binary_mask', 'source_magnitudes'])
0.22296857833862305 GB allocated
7.515625 GB reserved
dict_keys(['index', 'mixture_magnitude', 'mixture_phase', 'source_phase', 'mix_magnitude', 'ideal_binary_mask', 'source_magnitudes'])
0.22296857833862305 GB allocated
7.515625 GB reserved
dict_keys(['index', 'mixture_magnitude', 'mixture_phase', 'source_phase', 'mix_magnitude', 'ideal_binary_mask', 'source_magnitudes'])
0.22296857833862305 GB allocated
7.515625 GB reserved
dict_keys(['index', 'mixture_magnitude', 'mixture_phase', 'source_phase', 'mix_magnitude', 'ideal_binary_mask', 'source_magnitudes'])
0.22296857833862305 GB allocated
7.515625 GB reserved
05/30/2026 02:51:50 PM | engine.py:906 Engine run starting with max_epochs=1.
05/30/2026 02:53:20 PM | engine.py:1010 Epoch[1] Complete. Time taken: 00:01:30.491
dict_keys(['index', 'mixture_magnitude', 'mixture_phase', 'source_phase', 'mix_magnitude', 'ideal_binary_mask', 'source_magnitudes'])
0.22296857833862305 GB allocated
7.515625 GB reserved
dict_keys(['index', 'mixture_magnitude', 'mixture_phase', 'source_phase', 'mix_magnitude', 'ideal_binary_mask', 'source_magnitudes'])
0.22296857833862305 GB allocated
7.515625 GB reserved
dict_keys(['index', 'mixture_magnitude', 'mixture_phase', 'source_phase', 'mix_magnitude', 'ideal_binary_mask', 'source_magnitudes'])
0.22296857833862305 GB allocated
7.515625 GB reserved
dict_keys(['index', 'mixture_magnitude', 'mixture_phase', 'source_phase', 'mix_magnitude', 'ideal_binary_mask', 'source_magnitudes'])
0.22296857833862305 GB allocated
7.515625 GB reserved
dict_keys(['index', 'mixture_magnitude', 'mixture_phase', 'source_phase', 'mix_magnitude', 'ideal_binary_mask', 'source_magnitudes'])
0.22296857833862305 GB allocated
7.515625 GB reserved
dict_keys(['index', 'mixture_magnitude', 'mixture_phase', 'source_phase', 'mix_magnitude', 'ideal_binary_mask', 'source_magnitudes'])
0.22296857833862305 GB allocated
7.515625 GB reserved
dict_keys(['index', 'mixture_magnitude', 'mixture_phase', 'source_phase', 'mix_magnitude', 'ideal_binary_mask', 'source_magnitudes'])
0.22296857833862305 GB allocated
7.515625 GB reserved
dict_keys(['index', 'mixture_magnitude', 'mixture_phase', 'source_phase', 'mix_magnitude', 'ideal_binary_mask', 'source_magnitudes'])
0.22211551666259766 GB allocated
7.515625 GB reserved
dict_keys(['index', 'mixture_magnitude', 'mixture_phase', 'source_phase', 'mix_magnitude', 'ideal_binary_mask', 'source_magnitudes'])
0.22296857833862305 GB allocated
7.515625 GB reserved
dict_keys(['index', 'mixture_magnitude', 'mixture_phase', 'source_phase', 'mix_magnitude', 'ideal_binary_mask', 'source_magnitudes'])
0.22296857833862305 GB allocated
7.515625 GB reserved
dict_keys(['index', 'mixture_magnitude', 'mixture_phase', 'source_phase', 'mix_magnitude', 'ideal_binary_mask', 'source_magnitudes'])
0.22296857833862305 GB allocated
7.515625 GB reserved
dict_keys(['index', 'mixture_magnitude', 'mixture_phase', 'source_phase', 'mix_magnitude', 'ideal_binary_mask', 'source_magnitudes'])
0.22296857833862305 GB allocated
7.515625 GB reserved
dict_keys(['index', 'mixture_magnitude', 'mixture_phase', 'source_phase', 'mix_magnitude', 'ideal_binary_mask', 'source_magnitudes'])
0.22296857833862305 GB allocated
7.515625 GB reserved
dict_keys(['index', 'mixture_magnitude', 'mixture_phase', 'source_phase', 'mix_magnitude', 'ideal_binary_mask', 'source_magnitudes'])
0.22296857833862305 GB allocated
7.515625 GB reserved
dict_keys(['index', 'mixture_magnitude', 'mixture_phase', 'source_phase', 'mix_magnitude', 'ideal_binary_mask', 'source_magnitudes'])
0.22296857833862305 GB allocated
7.515625 GB reserved
dict_keys(['index', 'mixture_magnitude', 'mixture_phase', 'source_phase', 'mix_magnitude', 'ideal_binary_mask', 'source_magnitudes'])
0.22296857833862305 GB allocated
7.515625 GB reserved
dict_keys(['index', 'mixture_magnitude', 'mixture_phase', 'source_phase', 'mix_magnitude', 'ideal_binary_mask', 'source_magnitudes'])
0.22296857833862305 GB allocated
7.515625 GB reserved
dict_keys(['index', 'mixture_magnitude', 'mixture_phase', 'source_phase', 'mix_magnitude', 'ideal_binary_mask', 'source_magnitudes'])
0.22296857833862305 GB allocated
7.515625 GB reserved
dict_keys(['index', 'mixture_magnitude', 'mixture_phase', 'source_phase', 'mix_magnitude', 'ideal_binary_mask', 'source_magnitudes'])
0.22296857833862305 GB allocated
7.515625 GB reserved
dict_keys(['index', 'mixture_magnitude', 'mixture_phase', 'source_phase', 'mix_magnitude', 'ideal_binary_mask', 'source_magnitudes'])
0.22296857833862305 GB allocated
7.515625 GB reserved
dict_keys(['index', 'mixture_magnitude', 'mixture_phase', 'source_phase', 'mix_magnitude', 'ideal_binary_mask', 'source_magnitudes'])
0.22296857833862305 GB allocated
7.515625 GB reserved
dict_keys(['index', 'mixture_magnitude', 'mixture_phase', 'source_phase', 'mix_magnitude', 'ideal_binary_mask', 'source_magnitudes'])
0.22296857833862305 GB allocated
7.515625 GB reserved
dict_keys(['index', 'mixture_magnitude', 'mixture_phase', 'source_phase', 'mix_magnitude', 'ideal_binary_mask', 'source_magnitudes'])
0.22296857833862305 GB allocated
7.515625 GB reserved
dict_keys(['index', 'mixture_magnitude', 'mixture_phase', 'source_phase', 'mix_magnitude', 'ideal_binary_mask', 'source_magnitudes'])
0.22296857833862305 GB allocated
7.515625 GB reserved
dict_keys(['index', 'mixture_magnitude', 'mixture_phase', 'source_phase', 'mix_magnitude', 'ideal_binary_mask', 'source_magnitudes'])
0.22296857833862305 GB allocated
7.515625 GB reserved
dict_keys(['index', 'mixture_magnitude', 'mixture_phase', 'source_phase', 'mix_magnitude', 'ideal_binary_mask', 'source_magnitudes'])
0.22296857833862305 GB allocated
7.515625 GB reserved
dict_keys(['index', 'mixture_magnitude', 'mixture_phase', 'source_phase', 'mix_magnitude', 'ideal_binary_mask', 'source_magnitudes'])
0.22296857833862305 GB allocated
7.515625 GB reserved
dict_keys(['index', 'mixture_magnitude', 'mixture_phase', 'source_phase', 'mix_magnitude', 'ideal_binary_mask', 'source_magnitudes'])
0.22296857833862305 GB allocated
7.515625 GB reserved
dict_keys(['index', 'mixture_magnitude', 'mixture_phase', 'source_phase', 'mix_magnitude', 'ideal_binary_mask', 'source_magnitudes'])
0.22296857833862305 GB allocated
7.515625 GB reserved
dict_keys(['index', 'mixture_magnitude', 'mixture_phase', 'source_phase', 'mix_magnitude', 'ideal_binary_mask', 'source_magnitudes'])
0.22296857833862305 GB allocated
7.515625 GB reserved
dict_keys(['index', 'mixture_magnitude', 'mixture_phase', 'source_phase', 'mix_magnitude', 'ideal_binary_mask', 'source_magnitudes'])
0.22296857833862305 GB allocated
7.515625 GB reserved
dict_keys(['index', 'mixture_magnitude', 'mixture_phase', 'source_phase', 'mix_magnitude', 'ideal_binary_mask', 'source_magnitudes'])
0.22296857833862305 GB allocated
7.515625 GB reserved
dict_keys(['index', 'mixture_magnitude', 'mixture_phase', 'source_phase', 'mix_magnitude', 'ideal_binary_mask', 'source_magnitudes'])
0.22211551666259766 GB allocated
7.515625 GB reserved
dict_keys(['index', 'mixture_magnitude', 'mixture_phase', 'source_phase', 'mix_magnitude', 'ideal_binary_mask', 'source_magnitudes'])
0.22296857833862305 GB allocated
7.515625 GB reserved
dict_keys(['index', 'mixture_magnitude', 'mixture_phase', 'source_phase', 'mix_magnitude', 'ideal_binary_mask', 'source_magnitudes'])
0.22296857833862305 GB allocated
7.515625 GB reserved
dict_keys(['index', 'mixture_magnitude', 'mixture_phase', 'source_phase', 'mix_magnitude', 'ideal_binary_mask', 'source_magnitudes'])
0.22296857833862305 GB allocated
7.515625 GB reserved
dict_keys(['index', 'mixture_magnitude', 'mixture_phase', 'source_phase', 'mix_magnitude', 'ideal_binary_mask', 'source_magnitudes'])
0.22296857833862305 GB allocated
7.515625 GB reserved
dict_keys(['index', 'mixture_magnitude', 'mixture_phase', 'source_phase', 'mix_magnitude', 'ideal_binary_mask', 'source_magnitudes'])
0.22296857833862305 GB allocated
7.515625 GB reserved
dict_keys(['index', 'mixture_magnitude', 'mixture_phase', 'source_phase', 'mix_magnitude', 'ideal_binary_mask', 'source_magnitudes'])
0.22296857833862305 GB allocated
7.515625 GB reserved
dict_keys(['index', 'mixture_magnitude', 'mixture_phase', 'source_phase', 'mix_magnitude', 'ideal_binary_mask', 'source_magnitudes'])
0.22296857833862305 GB allocated
7.515625 GB reserved
dict_keys(['index', 'mixture_magnitude', 'mixture_phase', 'source_phase', 'mix_magnitude', 'ideal_binary_mask', 'source_magnitudes'])
0.22296857833862305 GB allocated
7.515625 GB reserved
dict_keys(['index', 'mixture_magnitude', 'mixture_phase', 'source_phase', 'mix_magnitude', 'ideal_binary_mask', 'source_magnitudes'])
0.22296857833862305 GB allocated
7.515625 GB reserved
dict_keys(['index', 'mixture_magnitude', 'mixture_phase', 'source_phase', 'mix_magnitude', 'ideal_binary_mask', 'source_magnitudes'])
0.22296857833862305 GB allocated
7.515625 GB reserved
dict_keys(['index', 'mixture_magnitude', 'mixture_phase', 'source_phase', 'mix_magnitude', 'ideal_binary_mask', 'source_magnitudes'])
0.22296857833862305 GB allocated
7.515625 GB reserved
dict_keys(['index', 'mixture_magnitude', 'mixture_phase', 'source_phase', 'mix_magnitude', 'ideal_binary_mask', 'source_magnitudes'])
0.22296857833862305 GB allocated
7.515625 GB reserved
dict_keys(['index', 'mixture_magnitude', 'mixture_phase', 'source_phase', 'mix_magnitude', 'ideal_binary_mask', 'source_magnitudes'])
0.22296857833862305 GB allocated
7.515625 GB reserved
dict_keys(['index', 'mixture_magnitude', 'mixture_phase', 'source_phase', 'mix_magnitude', 'ideal_binary_mask', 'source_magnitudes'])
0.22296857833862305 GB allocated
7.515625 GB reserved
dict_keys(['index', 'mixture_magnitude', 'mixture_phase', 'source_phase', 'mix_magnitude', 'ideal_binary_mask', 'source_magnitudes'])
0.22296857833862305 GB allocated
7.515625 GB reserved
dict_keys(['index', 'mixture_magnitude', 'mixture_phase', 'source_phase', 'mix_magnitude', 'ideal_binary_mask', 'source_magnitudes'])
0.22296857833862305 GB allocated
7.515625 GB reserved
dict_keys(['index', 'mixture_magnitude', 'mixture_phase', 'source_phase', 'mix_magnitude', 'ideal_binary_mask', 'source_magnitudes'])
0.22296857833862305 GB allocated
7.515625 GB reserved
dict_keys(['index', 'mixture_magnitude', 'mixture_phase', 'source_phase', 'mix_magnitude', 'ideal_binary_mask', 'source_magnitudes'])
0.22296857833862305 GB allocated
7.515625 GB reserved
dict_keys(['index', 'mixture_magnitude', 'mixture_phase', 'source_phase', 'mix_magnitude', 'ideal_binary_mask', 'source_magnitudes'])
0.22296857833862305 GB allocated
7.515625 GB reserved
dict_keys(['index', 'mixture_magnitude', 'mixture_phase', 'source_phase', 'mix_magnitude', 'ideal_binary_mask', 'source_magnitudes'])
0.22296857833862305 GB allocated
7.515625 GB reserved
dict_keys(['index', 'mixture_magnitude', 'mixture_phase', 'source_phase', 'mix_magnitude', 'ideal_binary_mask', 'source_magnitudes'])
0.22296857833862305 GB allocated
7.515625 GB reserved
dict_keys(['index', 'mixture_magnitude', 'mixture_phase', 'source_phase', 'mix_magnitude', 'ideal_binary_mask', 'source_magnitudes'])
0.22296857833862305 GB allocated
7.515625 GB reserved
dict_keys(['index', 'mixture_magnitude', 'mixture_phase', 'source_phase', 'mix_magnitude', 'ideal_binary_mask', 'source_magnitudes'])
0.22296857833862305 GB allocated
7.515625 GB reserved
dict_keys(['index', 'mixture_magnitude', 'mixture_phase', 'source_phase', 'mix_magnitude', 'ideal_binary_mask', 'source_magnitudes'])
0.22296857833862305 GB allocated
7.515625 GB reserved
dict_keys(['index', 'mixture_magnitude', 'mixture_phase', 'source_phase', 'mix_magnitude', 'ideal_binary_mask', 'source_magnitudes'])
[Validator] Epoch 12 - val_loss: 0.000005
[BEST CHECKPOINT] Guardado/actualizado en: checkpoints\Mis_modelos_v2\experimental\deep_feature_emd checkpoints\4stems\best_checkpoint_3_val_loss=-0.0000.pt
05/30/2026 02:53:20 PM | engine.py:1037 Engine run finished. Time taken: 00:01:30.491
[Epoch 12] train_loss=0.000005 | val_loss=0.000005
05/30/2026 02:53:20 PM | engine.py:1010 Epoch[12] Complete. Time taken: 00:06:11.784
0.22211551666259766 GB allocated
7.515625 GB reserved
dict_keys(['index', 'mixture_magnitude', 'mixture_phase', 'source_phase', 'mix_magnitude', 'ideal_binary_mask', 'source_magnitudes'])
0.22296857833862305 GB allocated
7.515625 GB reserved
dict_keys(['index', 'mixture_magnitude', 'mixture_phase', 'source_phase', 'mix_magnitude', 'ideal_binary_mask', 'source_magnitudes'])
0.22296857833862305 GB allocated
7.515625 GB reserved
dict_keys(['index', 'mixture_magnitude', 'mixture_phase', 'source_phase', 'mix_magnitude', 'ideal_binary_mask', 'source_magnitudes'])
0.22296857833862305 GB allocated
7.515625 GB reserved
dict_keys(['index', 'mixture_magnitude', 'mixture_phase', 'source_phase', 'mix_magnitude', 'ideal_binary_mask', 'source_magnitudes'])
0.22296857833862305 GB allocated
7.515625 GB reserved
dict_keys(['index', 'mixture_magnitude', 'mixture_phase', 'source_phase', 'mix_magnitude', 'ideal_binary_mask', 'source_magnitudes'])
0.22296857833862305 GB allocated
7.515625 GB reserved
dict_keys(['index', 'mixture_magnitude', 'mixture_phase', 'source_phase', 'mix_magnitude', 'ideal_binary_mask', 'source_magnitudes'])
0.22296857833862305 GB allocated
7.515625 GB reserved
dict_keys(['index', 'mixture_magnitude', 'mixture_phase', 'source_phase', 'mix_magnitude', 'ideal_binary_mask', 'source_magnitudes'])
0.22296857833862305 GB allocated
7.515625 GB reserved
dict_keys(['index', 'mixture_magnitude', 'mixture_phase', 'source_phase', 'mix_magnitude', 'ideal_binary_mask', 'source_magnitudes'])
0.22296857833862305 GB allocated
7.515625 GB reserved
dict_keys(['index', 'mixture_magnitude', 'mixture_phase', 'source_phase', 'mix_magnitude', 'ideal_binary_mask', 'source_magnitudes'])
0.22296857833862305 GB allocated
7.515625 GB reserved
dict_keys(['index', 'mixture_magnitude', 'mixture_phase', 'source_phase', 'mix_magnitude', 'ideal_binary_mask', 'source_magnitudes'])
0.22296857833862305 GB allocated
7.515625 GB reserved
dict_keys(['index', 'mixture_magnitude', 'mixture_phase', 'source_phase', 'mix_magnitude', 'ideal_binary_mask', 'source_magnitudes'])
0.22296857833862305 GB allocated
7.515625 GB reserved
dict_keys(['index', 'mixture_magnitude', 'mixture_phase', 'source_phase', 'mix_magnitude', 'ideal_binary_mask', 'source_magnitudes'])
0.22296857833862305 GB allocated
7.515625 GB reserved
dict_keys(['index', 'mixture_magnitude', 'mixture_phase', 'source_phase', 'mix_magnitude', 'ideal_binary_mask', 'source_magnitudes'])
0.22296857833862305 GB allocated
7.515625 GB reserved
dict_keys(['index', 'mixture_magnitude', 'mixture_phase', 'source_phase', 'mix_magnitude', 'ideal_binary_mask', 'source_magnitudes'])
0.22296857833862305 GB allocated
7.515625 GB reserved
dict_keys(['index', 'mixture_magnitude', 'mixture_phase', 'source_phase', 'mix_magnitude', 'ideal_binary_mask', 'source_magnitudes'])
0.22296857833862305 GB allocated
7.515625 GB reserved
dict_keys(['index', 'mixture_magnitude', 'mixture_phase', 'source_phase', 'mix_magnitude', 'ideal_binary_mask', 'source_magnitudes'])
0.22296857833862305 GB allocated
7.515625 GB reserved
dict_keys(['index', 'mixture_magnitude', 'mixture_phase', 'source_phase', 'mix_magnitude', 'ideal_binary_mask', 'source_magnitudes'])
0.22296857833862305 GB allocated
7.515625 GB reserved
dict_keys(['index', 'mixture_magnitude', 'mixture_phase', 'source_phase', 'mix_magnitude', 'ideal_binary_mask', 'source_magnitudes'])
0.22296857833862305 GB allocated
7.515625 GB reserved
dict_keys(['index', 'mixture_magnitude', 'mixture_phase', 'source_phase', 'mix_magnitude', 'ideal_binary_mask', 'source_magnitudes'])
0.22296857833862305 GB allocated
7.515625 GB reserved
dict_keys(['index', 'mixture_magnitude', 'mixture_phase', 'source_phase', 'mix_magnitude', 'ideal_binary_mask', 'source_magnitudes'])
0.22296857833862305 GB allocated
7.515625 GB reserved
dict_keys(['index', 'mixture_magnitude', 'mixture_phase', 'source_phase', 'mix_magnitude', 'ideal_binary_mask', 'source_magnitudes'])
0.22296857833862305 GB allocated
7.515625 GB reserved
dict_keys(['index', 'mixture_magnitude', 'mixture_phase', 'source_phase', 'mix_magnitude', 'ideal_binary_mask', 'source_magnitudes'])
0.22296857833862305 GB allocated
7.515625 GB reserved
dict_keys(['index', 'mixture_magnitude', 'mixture_phase', 'source_phase', 'mix_magnitude', 'ideal_binary_mask', 'source_magnitudes'])
0.22296857833862305 GB allocated
7.515625 GB reserved
dict_keys(['index', 'mixture_magnitude', 'mixture_phase', 'source_phase', 'mix_magnitude', 'ideal_binary_mask', 'source_magnitudes'])
0.22296857833862305 GB allocated
7.515625 GB reserved
dict_keys(['index', 'mixture_magnitude', 'mixture_phase', 'source_phase', 'mix_magnitude', 'ideal_binary_mask', 'source_magnitudes'])
0.22211551666259766 GB allocated
7.515625 GB reserved
dict_keys(['index', 'mixture_magnitude', 'mixture_phase', 'source_phase', 'mix_magnitude', 'ideal_binary_mask', 'source_magnitudes'])
0.22296857833862305 GB allocated
7.515625 GB reserved
dict_keys(['index', 'mixture_magnitude', 'mixture_phase', 'source_phase', 'mix_magnitude', 'ideal_binary_mask', 'source_magnitudes'])
0.22296857833862305 GB allocated
7.515625 GB reserved
dict_keys(['index', 'mixture_magnitude', 'mixture_phase', 'source_phase', 'mix_magnitude', 'ideal_binary_mask', 'source_magnitudes'])
0.22296857833862305 GB allocated
7.515625 GB reserved
dict_keys(['index', 'mixture_magnitude', 'mixture_phase', 'source_phase', 'mix_magnitude', 'ideal_binary_mask', 'source_magnitudes'])
0.22296857833862305 GB allocated
7.515625 GB reserved
dict_keys(['index', 'mixture_magnitude', 'mixture_phase', 'source_phase', 'mix_magnitude', 'ideal_binary_mask', 'source_magnitudes'])
0.22296857833862305 GB allocated
7.515625 GB reserved
dict_keys(['index', 'mixture_magnitude', 'mixture_phase', 'source_phase', 'mix_magnitude', 'ideal_binary_mask', 'source_magnitudes'])
0.22296857833862305 GB allocated
7.515625 GB reserved
dict_keys(['index', 'mixture_magnitude', 'mixture_phase', 'source_phase', 'mix_magnitude', 'ideal_binary_mask', 'source_magnitudes'])
0.22296857833862305 GB allocated
7.515625 GB reserved
dict_keys(['index', 'mixture_magnitude', 'mixture_phase', 'source_phase', 'mix_magnitude', 'ideal_binary_mask', 'source_magnitudes'])
0.22296857833862305 GB allocated
7.515625 GB reserved
dict_keys(['index', 'mixture_magnitude', 'mixture_phase', 'source_phase', 'mix_magnitude', 'ideal_binary_mask', 'source_magnitudes'])
0.22296857833862305 GB allocated
7.515625 GB reserved
dict_keys(['index', 'mixture_magnitude', 'mixture_phase', 'source_phase', 'mix_magnitude', 'ideal_binary_mask', 'source_magnitudes'])
0.22296857833862305 GB allocated
7.515625 GB reserved
dict_keys(['index', 'mixture_magnitude', 'mixture_phase', 'source_phase', 'mix_magnitude', 'ideal_binary_mask', 'source_magnitudes'])
0.22296857833862305 GB allocated
7.515625 GB reserved
dict_keys(['index', 'mixture_magnitude', 'mixture_phase', 'source_phase', 'mix_magnitude', 'ideal_binary_mask', 'source_magnitudes'])
0.22296857833862305 GB allocated
7.515625 GB reserved
dict_keys(['index', 'mixture_magnitude', 'mixture_phase', 'source_phase', 'mix_magnitude', 'ideal_binary_mask', 'source_magnitudes'])
0.22296857833862305 GB allocated
7.515625 GB reserved
dict_keys(['index', 'mixture_magnitude', 'mixture_phase', 'source_phase', 'mix_magnitude', 'ideal_binary_mask', 'source_magnitudes'])
0.22296857833862305 GB allocated
7.515625 GB reserved
dict_keys(['index', 'mixture_magnitude', 'mixture_phase', 'source_phase', 'mix_magnitude', 'ideal_binary_mask', 'source_magnitudes'])
0.22296857833862305 GB allocated
7.515625 GB reserved
dict_keys(['index', 'mixture_magnitude', 'mixture_phase', 'source_phase', 'mix_magnitude', 'ideal_binary_mask', 'source_magnitudes'])
0.22296857833862305 GB allocated
7.515625 GB reserved
dict_keys(['index', 'mixture_magnitude', 'mixture_phase', 'source_phase', 'mix_magnitude', 'ideal_binary_mask', 'source_magnitudes'])
0.22296857833862305 GB allocated
7.515625 GB reserved
05/30/2026 02:58:04 PM | engine.py:906 Engine run starting with max_epochs=1.
05/30/2026 02:59:34 PM | engine.py:1010 Epoch[1] Complete. Time taken: 00:01:29.448
2026-05-30 14:59:34,113 ignite.handlers.early_stopping.EarlyStopping INFO: EarlyStopping: Stop training
05/30/2026 02:59:34 PM | engine.py:648 Terminate signaled. Engine will stop after current iteration is finished.
dict_keys(['index', 'mixture_magnitude', 'mixture_phase', 'source_phase', 'mix_magnitude', 'ideal_binary_mask', 'source_magnitudes'])
0.22296857833862305 GB allocated
7.515625 GB reserved
dict_keys(['index', 'mixture_magnitude', 'mixture_phase', 'source_phase', 'mix_magnitude', 'ideal_binary_mask', 'source_magnitudes'])
0.22296857833862305 GB allocated
7.515625 GB reserved
dict_keys(['index', 'mixture_magnitude', 'mixture_phase', 'source_phase', 'mix_magnitude', 'ideal_binary_mask', 'source_magnitudes'])
0.22296857833862305 GB allocated
7.515625 GB reserved
dict_keys(['index', 'mixture_magnitude', 'mixture_phase', 'source_phase', 'mix_magnitude', 'ideal_binary_mask', 'source_magnitudes'])
0.22296857833862305 GB allocated
7.515625 GB reserved
dict_keys(['index', 'mixture_magnitude', 'mixture_phase', 'source_phase', 'mix_magnitude', 'ideal_binary_mask', 'source_magnitudes'])
0.22296857833862305 GB allocated
7.515625 GB reserved
dict_keys(['index', 'mixture_magnitude', 'mixture_phase', 'source_phase', 'mix_magnitude', 'ideal_binary_mask', 'source_magnitudes'])
0.22296857833862305 GB allocated
7.515625 GB reserved
dict_keys(['index', 'mixture_magnitude', 'mixture_phase', 'source_phase', 'mix_magnitude', 'ideal_binary_mask', 'source_magnitudes'])
0.22296857833862305 GB allocated
7.515625 GB reserved
dict_keys(['index', 'mixture_magnitude', 'mixture_phase', 'source_phase', 'mix_magnitude', 'ideal_binary_mask', 'source_magnitudes'])
0.22211551666259766 GB allocated
7.515625 GB reserved
dict_keys(['index', 'mixture_magnitude', 'mixture_phase', 'source_phase', 'mix_magnitude', 'ideal_binary_mask', 'source_magnitudes'])
0.22296857833862305 GB allocated
7.515625 GB reserved
dict_keys(['index', 'mixture_magnitude', 'mixture_phase', 'source_phase', 'mix_magnitude', 'ideal_binary_mask', 'source_magnitudes'])
0.22296857833862305 GB allocated
7.515625 GB reserved
dict_keys(['index', 'mixture_magnitude', 'mixture_phase', 'source_phase', 'mix_magnitude', 'ideal_binary_mask', 'source_magnitudes'])
0.22296857833862305 GB allocated
7.515625 GB reserved
dict_keys(['index', 'mixture_magnitude', 'mixture_phase', 'source_phase', 'mix_magnitude', 'ideal_binary_mask', 'source_magnitudes'])
0.22296857833862305 GB allocated
7.515625 GB reserved
dict_keys(['index', 'mixture_magnitude', 'mixture_phase', 'source_phase', 'mix_magnitude', 'ideal_binary_mask', 'source_magnitudes'])
0.22296857833862305 GB allocated
7.515625 GB reserved
dict_keys(['index', 'mixture_magnitude', 'mixture_phase', 'source_phase', 'mix_magnitude', 'ideal_binary_mask', 'source_magnitudes'])
0.22296857833862305 GB allocated
7.515625 GB reserved
dict_keys(['index', 'mixture_magnitude', 'mixture_phase', 'source_phase', 'mix_magnitude', 'ideal_binary_mask', 'source_magnitudes'])
0.22296857833862305 GB allocated
7.515625 GB reserved
dict_keys(['index', 'mixture_magnitude', 'mixture_phase', 'source_phase', 'mix_magnitude', 'ideal_binary_mask', 'source_magnitudes'])
0.22296857833862305 GB allocated
7.515625 GB reserved
dict_keys(['index', 'mixture_magnitude', 'mixture_phase', 'source_phase', 'mix_magnitude', 'ideal_binary_mask', 'source_magnitudes'])
0.22296857833862305 GB allocated
7.515625 GB reserved
dict_keys(['index', 'mixture_magnitude', 'mixture_phase', 'source_phase', 'mix_magnitude', 'ideal_binary_mask', 'source_magnitudes'])
0.22296857833862305 GB allocated
7.515625 GB reserved
dict_keys(['index', 'mixture_magnitude', 'mixture_phase', 'source_phase', 'mix_magnitude', 'ideal_binary_mask', 'source_magnitudes'])
0.22296857833862305 GB allocated
7.515625 GB reserved
dict_keys(['index', 'mixture_magnitude', 'mixture_phase', 'source_phase', 'mix_magnitude', 'ideal_binary_mask', 'source_magnitudes'])
0.22296857833862305 GB allocated
7.515625 GB reserved
dict_keys(['index', 'mixture_magnitude', 'mixture_phase', 'source_phase', 'mix_magnitude', 'ideal_binary_mask', 'source_magnitudes'])
0.22296857833862305 GB allocated
7.515625 GB reserved
dict_keys(['index', 'mixture_magnitude', 'mixture_phase', 'source_phase', 'mix_magnitude', 'ideal_binary_mask', 'source_magnitudes'])
0.22296857833862305 GB allocated
7.515625 GB reserved
dict_keys(['index', 'mixture_magnitude', 'mixture_phase', 'source_phase', 'mix_magnitude', 'ideal_binary_mask', 'source_magnitudes'])
0.22296857833862305 GB allocated
7.515625 GB reserved
dict_keys(['index', 'mixture_magnitude', 'mixture_phase', 'source_phase', 'mix_magnitude', 'ideal_binary_mask', 'source_magnitudes'])
0.22296857833862305 GB allocated
7.515625 GB reserved
dict_keys(['index', 'mixture_magnitude', 'mixture_phase', 'source_phase', 'mix_magnitude', 'ideal_binary_mask', 'source_magnitudes'])
0.22296857833862305 GB allocated
7.515625 GB reserved
dict_keys(['index', 'mixture_magnitude', 'mixture_phase', 'source_phase', 'mix_magnitude', 'ideal_binary_mask', 'source_magnitudes'])
0.22296857833862305 GB allocated
7.515625 GB reserved
dict_keys(['index', 'mixture_magnitude', 'mixture_phase', 'source_phase', 'mix_magnitude', 'ideal_binary_mask', 'source_magnitudes'])
0.22296857833862305 GB allocated
7.515625 GB reserved
dict_keys(['index', 'mixture_magnitude', 'mixture_phase', 'source_phase', 'mix_magnitude', 'ideal_binary_mask', 'source_magnitudes'])
0.22296857833862305 GB allocated
7.515625 GB reserved
dict_keys(['index', 'mixture_magnitude', 'mixture_phase', 'source_phase', 'mix_magnitude', 'ideal_binary_mask', 'source_magnitudes'])
0.22296857833862305 GB allocated
7.515625 GB reserved
dict_keys(['index', 'mixture_magnitude', 'mixture_phase', 'source_phase', 'mix_magnitude', 'ideal_binary_mask', 'source_magnitudes'])
0.22296857833862305 GB allocated
7.515625 GB reserved
dict_keys(['index', 'mixture_magnitude', 'mixture_phase', 'source_phase', 'mix_magnitude', 'ideal_binary_mask', 'source_magnitudes'])
0.22296857833862305 GB allocated
7.515625 GB reserved
dict_keys(['index', 'mixture_magnitude', 'mixture_phase', 'source_phase', 'mix_magnitude', 'ideal_binary_mask', 'source_magnitudes'])
0.22296857833862305 GB allocated
7.515625 GB reserved
dict_keys(['index', 'mixture_magnitude', 'mixture_phase', 'source_phase', 'mix_magnitude', 'ideal_binary_mask', 'source_magnitudes'])
0.22211551666259766 GB allocated
7.515625 GB reserved
dict_keys(['index', 'mixture_magnitude', 'mixture_phase', 'source_phase', 'mix_magnitude', 'ideal_binary_mask', 'source_magnitudes'])
0.22296857833862305 GB allocated
7.515625 GB reserved
dict_keys(['index', 'mixture_magnitude', 'mixture_phase', 'source_phase', 'mix_magnitude', 'ideal_binary_mask', 'source_magnitudes'])
0.22296857833862305 GB allocated
7.515625 GB reserved
dict_keys(['index', 'mixture_magnitude', 'mixture_phase', 'source_phase', 'mix_magnitude', 'ideal_binary_mask', 'source_magnitudes'])
0.22296857833862305 GB allocated
7.515625 GB reserved
dict_keys(['index', 'mixture_magnitude', 'mixture_phase', 'source_phase', 'mix_magnitude', 'ideal_binary_mask', 'source_magnitudes'])
0.22296857833862305 GB allocated
7.515625 GB reserved
dict_keys(['index', 'mixture_magnitude', 'mixture_phase', 'source_phase', 'mix_magnitude', 'ideal_binary_mask', 'source_magnitudes'])
0.22296857833862305 GB allocated
7.515625 GB reserved
dict_keys(['index', 'mixture_magnitude', 'mixture_phase', 'source_phase', 'mix_magnitude', 'ideal_binary_mask', 'source_magnitudes'])
0.22296857833862305 GB allocated
7.515625 GB reserved
dict_keys(['index', 'mixture_magnitude', 'mixture_phase', 'source_phase', 'mix_magnitude', 'ideal_binary_mask', 'source_magnitudes'])
0.22296857833862305 GB allocated
7.515625 GB reserved
dict_keys(['index', 'mixture_magnitude', 'mixture_phase', 'source_phase', 'mix_magnitude', 'ideal_binary_mask', 'source_magnitudes'])
0.22296857833862305 GB allocated
7.515625 GB reserved
dict_keys(['index', 'mixture_magnitude', 'mixture_phase', 'source_phase', 'mix_magnitude', 'ideal_binary_mask', 'source_magnitudes'])
0.22296857833862305 GB allocated
7.515625 GB reserved
dict_keys(['index', 'mixture_magnitude', 'mixture_phase', 'source_phase', 'mix_magnitude', 'ideal_binary_mask', 'source_magnitudes'])
0.22296857833862305 GB allocated
7.515625 GB reserved
dict_keys(['index', 'mixture_magnitude', 'mixture_phase', 'source_phase', 'mix_magnitude', 'ideal_binary_mask', 'source_magnitudes'])
0.22296857833862305 GB allocated
7.515625 GB reserved
dict_keys(['index', 'mixture_magnitude', 'mixture_phase', 'source_phase', 'mix_magnitude', 'ideal_binary_mask', 'source_magnitudes'])
0.22296857833862305 GB allocated
7.515625 GB reserved
dict_keys(['index', 'mixture_magnitude', 'mixture_phase', 'source_phase', 'mix_magnitude', 'ideal_binary_mask', 'source_magnitudes'])
0.22296857833862305 GB allocated
7.515625 GB reserved
dict_keys(['index', 'mixture_magnitude', 'mixture_phase', 'source_phase', 'mix_magnitude', 'ideal_binary_mask', 'source_magnitudes'])
0.22296857833862305 GB allocated
7.515625 GB reserved
dict_keys(['index', 'mixture_magnitude', 'mixture_phase', 'source_phase', 'mix_magnitude', 'ideal_binary_mask', 'source_magnitudes'])
0.22296857833862305 GB allocated
7.515625 GB reserved
dict_keys(['index', 'mixture_magnitude', 'mixture_phase', 'source_phase', 'mix_magnitude', 'ideal_binary_mask', 'source_magnitudes'])
0.22296857833862305 GB allocated
7.515625 GB reserved
dict_keys(['index', 'mixture_magnitude', 'mixture_phase', 'source_phase', 'mix_magnitude', 'ideal_binary_mask', 'source_magnitudes'])
0.22296857833862305 GB allocated
7.515625 GB reserved
dict_keys(['index', 'mixture_magnitude', 'mixture_phase', 'source_phase', 'mix_magnitude', 'ideal_binary_mask', 'source_magnitudes'])
0.22296857833862305 GB allocated
7.515625 GB reserved
dict_keys(['index', 'mixture_magnitude', 'mixture_phase', 'source_phase', 'mix_magnitude', 'ideal_binary_mask', 'source_magnitudes'])
0.22296857833862305 GB allocated
7.515625 GB reserved
dict_keys(['index', 'mixture_magnitude', 'mixture_phase', 'source_phase', 'mix_magnitude', 'ideal_binary_mask', 'source_magnitudes'])
0.22296857833862305 GB allocated
7.515625 GB reserved
dict_keys(['index', 'mixture_magnitude', 'mixture_phase', 'source_phase', 'mix_magnitude', 'ideal_binary_mask', 'source_magnitudes'])
0.22296857833862305 GB allocated
7.515625 GB reserved
dict_keys(['index', 'mixture_magnitude', 'mixture_phase', 'source_phase', 'mix_magnitude', 'ideal_binary_mask', 'source_magnitudes'])
0.22296857833862305 GB allocated
7.515625 GB reserved
dict_keys(['index', 'mixture_magnitude', 'mixture_phase', 'source_phase', 'mix_magnitude', 'ideal_binary_mask', 'source_magnitudes'])
0.22296857833862305 GB allocated
7.515625 GB reserved
dict_keys(['index', 'mixture_magnitude', 'mixture_phase', 'source_phase', 'mix_magnitude', 'ideal_binary_mask', 'source_magnitudes'])
0.22296857833862305 GB allocated
7.515625 GB reserved
dict_keys(['index', 'mixture_magnitude', 'mixture_phase', 'source_phase', 'mix_magnitude', 'ideal_binary_mask', 'source_magnitudes'])
[Validator] Epoch 13 - val_loss: 0.000005
[BEST CHECKPOINT] Guardado/actualizado en: checkpoints\Mis_modelos_v2\experimental\deep_feature_emd checkpoints\4stems\best_checkpoint_3_val_loss=-0.0000.pt
05/30/2026 02:59:34 PM | engine.py:1037 Engine run finished. Time taken: 00:01:29.449
[Epoch 13] train_loss=0.000005 | val_loss=0.000005
05/30/2026 02:59:34 PM | engine.py:1037 Engine run finished. Time taken: 01:20:59.651
[LOADING BEST MODEL] Cargando mejor checkpoint desde: checkpoints\Mis_modelos_v2\experimental\deep_feature_emd checkpoints\4stems\best_checkpoint_3_val_loss=-0.0000.pt
C:\Users\rdpuser\TFG_Identificaci-n-de-voces-e-instrumentos-en-una-obra-musical\pipeline\train.py:459: FutureWarning: You are using `torch.load` with `weights_only=False` (the current default value), which uses the default pickle module implicitly. It is possible to construct malicious pickle data which will execute arbitrary code during unpickling (See https://github.com/pytorch/pytorch/blob/main/SECURITY.md#untrusted-models for more details). In a future release, the default value for `weights_only` will be flipped to `True`. This limits the functions that could be executed during unpickling. Arbitrary objects will no longer be allowed to be loaded via this mode unless they are explicitly allowlisted by the user via `torch.serialization.add_safe_globals`. We recommend you start setting `weights_only=True` for any use case where you don't have full control of the loaded file. Please open an issue on GitHub for any issues related to this experimental feature.
  checkpoint = torch.load(best_checkpoint_path, map_location=device)
