C:\Users\rdpuser\miniconda3\envs\tfg_py310\lib\site-packages\ignite\handlers\checkpoint.py:16: DeprecationWarning: `TorchScript` support for functional optimizers is deprecated and will be removed in a future PyTorch release. Consider using the `torch.compile` optimizer instead.
  from torch.distributed.optim import ZeroRedundancyOptimizer
Usando dispositivo: cuda
Using device: cuda | nf=257 | channels=1 | hidden=50 | stems=4 | loss=l1_freq
Batch settings: actual_batch=24 | accum_steps=4 | effective_batch=96
05/20/2026 01:45:09 AM | engine.py:906 Engine run starting with max_epochs=100.
Training model with training mixes in: C:\Users\rdpuser\TFG_Identificaci-n-de-voces-e-instrumentos-en-una-obra-musical\datasets\mix_generation\foreground_train
Validating data with validation mixes in: C:\Users\rdpuser\TFG_Identificaci-n-de-voces-e-instrumentos-en-una-obra-musical\datasets\mix_generation\foreground_valid
[DEBUG] Num de sources: 4
[DEBUG] Pipeline de 4 fuentes
0.7929487228393555 GB allocated
0.8046875 GB reserved
dict_keys(['index', 'mixture_magnitude', 'mixture_phase', 'source_phase', 'mix_magnitude', 'ideal_binary_mask', 'source_magnitudes'])
Batch keys: dict_keys(['index', 'mixture_magnitude', 'mixture_phase', 'source_phase', 'mix_magnitude', 'ideal_binary_mask', 'source_magnitudes'])
mixture_phase shape: torch.Size([32, 257, 1723])
source_phase shape: torch.Size([32, 4, 257, 1723])
source_magnitudes shape: torch.Size([32, 1724, 257, 1, 4])
Estimates stats - mean: 0.0009, std: 0.0037
est shape: torch.Size([32, 1724, 257, 1, 4])
tgt shape: torch.Size([32, 1724, 257, 1, 4])
0.8096718788146973 GB allocated
2.634765625 GB reserved
dict_keys(['index', 'mixture_magnitude', 'mixture_phase', 'source_phase', 'mix_magnitude', 'ideal_binary_mask', 'source_magnitudes'])
0.8096718788146973 GB allocated
2.634765625 GB reserved
dict_keys(['index', 'mixture_magnitude', 'mixture_phase', 'source_phase', 'mix_magnitude', 'ideal_binary_mask', 'source_magnitudes'])
0.8096718788146973 GB allocated
2.634765625 GB reserved
dict_keys(['index', 'mixture_magnitude', 'mixture_phase', 'source_phase', 'mix_magnitude', 'ideal_binary_mask', 'source_magnitudes'])
0.8105249404907227 GB allocated
2.63671875 GB reserved
dict_keys(['index', 'mixture_magnitude', 'mixture_phase', 'source_phase', 'mix_magnitude', 'ideal_binary_mask', 'source_magnitudes'])
0.811378002166748 GB allocated
2.63671875 GB reserved
dict_keys(['index', 'mixture_magnitude', 'mixture_phase', 'source_phase', 'mix_magnitude', 'ideal_binary_mask', 'source_magnitudes'])
0.811378002166748 GB allocated
2.63671875 GB reserved
dict_keys(['index', 'mixture_magnitude', 'mixture_phase', 'source_phase', 'mix_magnitude', 'ideal_binary_mask', 'source_magnitudes'])
0.811378002166748 GB allocated
2.63671875 GB reserved
dict_keys(['index', 'mixture_magnitude', 'mixture_phase', 'source_phase', 'mix_magnitude', 'ideal_binary_mask', 'source_magnitudes'])
0.8105249404907227 GB allocated
2.63671875 GB reserved
dict_keys(['index', 'mixture_magnitude', 'mixture_phase', 'source_phase', 'mix_magnitude', 'ideal_binary_mask', 'source_magnitudes'])
0.811378002166748 GB allocated
2.63671875 GB reserved
dict_keys(['index', 'mixture_magnitude', 'mixture_phase', 'source_phase', 'mix_magnitude', 'ideal_binary_mask', 'source_magnitudes'])
0.811378002166748 GB allocated
2.63671875 GB reserved
dict_keys(['index', 'mixture_magnitude', 'mixture_phase', 'source_phase', 'mix_magnitude', 'ideal_binary_mask', 'source_magnitudes'])
0.811378002166748 GB allocated
2.63671875 GB reserved
dict_keys(['index', 'mixture_magnitude', 'mixture_phase', 'source_phase', 'mix_magnitude', 'ideal_binary_mask', 'source_magnitudes'])
0.8105249404907227 GB allocated
2.63671875 GB reserved
dict_keys(['index', 'mixture_magnitude', 'mixture_phase', 'source_phase', 'mix_magnitude', 'ideal_binary_mask', 'source_magnitudes'])
0.811378002166748 GB allocated
2.63671875 GB reserved
dict_keys(['index', 'mixture_magnitude', 'mixture_phase', 'source_phase', 'mix_magnitude', 'ideal_binary_mask', 'source_magnitudes'])
0.811378002166748 GB allocated
2.63671875 GB reserved
dict_keys(['index', 'mixture_magnitude', 'mixture_phase', 'source_phase', 'mix_magnitude', 'ideal_binary_mask', 'source_magnitudes'])
0.811378002166748 GB allocated
2.63671875 GB reserved
dict_keys(['index', 'mixture_magnitude', 'mixture_phase', 'source_phase', 'mix_magnitude', 'ideal_binary_mask', 'source_magnitudes'])
0.8105249404907227 GB allocated
2.63671875 GB reserved
dict_keys(['index', 'mixture_magnitude', 'mixture_phase', 'source_phase', 'mix_magnitude', 'ideal_binary_mask', 'source_magnitudes'])
0.811378002166748 GB allocated
2.63671875 GB reserved
dict_keys(['index', 'mixture_magnitude', 'mixture_phase', 'source_phase', 'mix_magnitude', 'ideal_binary_mask', 'source_magnitudes'])
0.811378002166748 GB allocated
2.63671875 GB reserved
dict_keys(['index', 'mixture_magnitude', 'mixture_phase', 'source_phase', 'mix_magnitude', 'ideal_binary_mask', 'source_magnitudes'])
0.811378002166748 GB allocated
2.63671875 GB reserved
dict_keys(['index', 'mixture_magnitude', 'mixture_phase', 'source_phase', 'mix_magnitude', 'ideal_binary_mask', 'source_magnitudes'])
0.8105249404907227 GB allocated
2.63671875 GB reserved
dict_keys(['index', 'mixture_magnitude', 'mixture_phase', 'source_phase', 'mix_magnitude', 'ideal_binary_mask', 'source_magnitudes'])
0.811378002166748 GB allocated
2.63671875 GB reserved
dict_keys(['index', 'mixture_magnitude', 'mixture_phase', 'source_phase', 'mix_magnitude', 'ideal_binary_mask', 'source_magnitudes'])
0.811378002166748 GB allocated
2.63671875 GB reserved
dict_keys(['index', 'mixture_magnitude', 'mixture_phase', 'source_phase', 'mix_magnitude', 'ideal_binary_mask', 'source_magnitudes'])
0.811378002166748 GB allocated
2.63671875 GB reserved
dict_keys(['index', 'mixture_magnitude', 'mixture_phase', 'source_phase', 'mix_magnitude', 'ideal_binary_mask', 'source_magnitudes'])
0.8105249404907227 GB allocated
2.63671875 GB reserved
dict_keys(['index', 'mixture_magnitude', 'mixture_phase', 'source_phase', 'mix_magnitude', 'ideal_binary_mask', 'source_magnitudes'])
0.811378002166748 GB allocated
2.63671875 GB reserved
dict_keys(['index', 'mixture_magnitude', 'mixture_phase', 'source_phase', 'mix_magnitude', 'ideal_binary_mask', 'source_magnitudes'])
0.811378002166748 GB allocated
2.63671875 GB reserved
dict_keys(['index', 'mixture_magnitude', 'mixture_phase', 'source_phase', 'mix_magnitude', 'ideal_binary_mask', 'source_magnitudes'])
0.811378002166748 GB allocated
2.63671875 GB reserved
dict_keys(['index', 'mixture_magnitude', 'mixture_phase', 'source_phase', 'mix_magnitude', 'ideal_binary_mask', 'source_magnitudes'])
0.8105249404907227 GB allocated
2.63671875 GB reserved
dict_keys(['index', 'mixture_magnitude', 'mixture_phase', 'source_phase', 'mix_magnitude', 'ideal_binary_mask', 'source_magnitudes'])
0.811378002166748 GB allocated
2.63671875 GB reserved
dict_keys(['index', 'mixture_magnitude', 'mixture_phase', 'source_phase', 'mix_magnitude', 'ideal_binary_mask', 'source_magnitudes'])
0.811378002166748 GB allocated
2.63671875 GB reserved
dict_keys(['index', 'mixture_magnitude', 'mixture_phase', 'source_phase', 'mix_magnitude', 'ideal_binary_mask', 'source_magnitudes'])
0.811378002166748 GB allocated
2.63671875 GB reserved
dict_keys(['index', 'mixture_magnitude', 'mixture_phase', 'source_phase', 'mix_magnitude', 'ideal_binary_mask', 'source_magnitudes'])
0.8105249404907227 GB allocated
2.63671875 GB reserved
dict_keys(['index', 'mixture_magnitude', 'mixture_phase', 'source_phase', 'mix_magnitude', 'ideal_binary_mask', 'source_magnitudes'])
0.811378002166748 GB allocated
2.63671875 GB reserved
dict_keys(['index', 'mixture_magnitude', 'mixture_phase', 'source_phase', 'mix_magnitude', 'ideal_binary_mask', 'source_magnitudes'])
0.811378002166748 GB allocated
2.63671875 GB reserved
dict_keys(['index', 'mixture_magnitude', 'mixture_phase', 'source_phase', 'mix_magnitude', 'ideal_binary_mask', 'source_magnitudes'])
0.811378002166748 GB allocated
2.63671875 GB reserved
dict_keys(['index', 'mixture_magnitude', 'mixture_phase', 'source_phase', 'mix_magnitude', 'ideal_binary_mask', 'source_magnitudes'])
0.8105249404907227 GB allocated
2.63671875 GB reserved
dict_keys(['index', 'mixture_magnitude', 'mixture_phase', 'source_phase', 'mix_magnitude', 'ideal_binary_mask', 'source_magnitudes'])
0.811378002166748 GB allocated
2.63671875 GB reserved
dict_keys(['index', 'mixture_magnitude', 'mixture_phase', 'source_phase', 'mix_magnitude', 'ideal_binary_mask', 'source_magnitudes'])
0.811378002166748 GB allocated
2.63671875 GB reserved
dict_keys(['index', 'mixture_magnitude', 'mixture_phase', 'source_phase', 'mix_magnitude', 'ideal_binary_mask', 'source_magnitudes'])
0.811378002166748 GB allocated
2.63671875 GB reserved
dict_keys(['index', 'mixture_magnitude', 'mixture_phase', 'source_phase', 'mix_magnitude', 'ideal_binary_mask', 'source_magnitudes'])
0.8105249404907227 GB allocated
2.63671875 GB reserved
dict_keys(['index', 'mixture_magnitude', 'mixture_phase', 'source_phase', 'mix_magnitude', 'ideal_binary_mask', 'source_magnitudes'])
0.811378002166748 GB allocated
2.63671875 GB reserved
dict_keys(['index', 'mixture_magnitude', 'mixture_phase', 'source_phase', 'mix_magnitude', 'ideal_binary_mask', 'source_magnitudes'])
0.811378002166748 GB allocated
2.63671875 GB reserved
dict_keys(['index', 'mixture_magnitude', 'mixture_phase', 'source_phase', 'mix_magnitude', 'ideal_binary_mask', 'source_magnitudes'])
0.811378002166748 GB allocated
2.63671875 GB reserved
05/20/2026 02:03:15 AM | engine.py:906 Engine run starting with max_epochs=1.
05/20/2026 02:04:22 AM | engine.py:1010 Epoch[1] Complete. Time taken: 00:01:06.901
dict_keys(['index', 'mixture_magnitude', 'mixture_phase', 'source_phase', 'mix_magnitude', 'ideal_binary_mask', 'source_magnitudes'])
0.8105249404907227 GB allocated
2.63671875 GB reserved
dict_keys(['index', 'mixture_magnitude', 'mixture_phase', 'source_phase', 'mix_magnitude', 'ideal_binary_mask', 'source_magnitudes'])
0.811378002166748 GB allocated
2.63671875 GB reserved
dict_keys(['index', 'mixture_magnitude', 'mixture_phase', 'source_phase', 'mix_magnitude', 'ideal_binary_mask', 'source_magnitudes'])
0.811378002166748 GB allocated
2.63671875 GB reserved
dict_keys(['index', 'mixture_magnitude', 'mixture_phase', 'source_phase', 'mix_magnitude', 'ideal_binary_mask', 'source_magnitudes'])
0.811378002166748 GB allocated
2.63671875 GB reserved
dict_keys(['index', 'mixture_magnitude', 'mixture_phase', 'source_phase', 'mix_magnitude', 'ideal_binary_mask', 'source_magnitudes'])
0.8105249404907227 GB allocated
2.63671875 GB reserved
dict_keys(['index', 'mixture_magnitude', 'mixture_phase', 'source_phase', 'mix_magnitude', 'ideal_binary_mask', 'source_magnitudes'])
0.811378002166748 GB allocated
2.63671875 GB reserved
dict_keys(['index', 'mixture_magnitude', 'mixture_phase', 'source_phase', 'mix_magnitude', 'ideal_binary_mask', 'source_magnitudes'])
0.811378002166748 GB allocated
2.63671875 GB reserved
dict_keys(['index', 'mixture_magnitude', 'mixture_phase', 'source_phase', 'mix_magnitude', 'ideal_binary_mask', 'source_magnitudes'])
0.811378002166748 GB allocated
2.63671875 GB reserved
dict_keys(['index', 'mixture_magnitude', 'mixture_phase', 'source_phase', 'mix_magnitude', 'ideal_binary_mask', 'source_magnitudes'])
0.8105249404907227 GB allocated
2.63671875 GB reserved
dict_keys(['index', 'mixture_magnitude', 'mixture_phase', 'source_phase', 'mix_magnitude', 'ideal_binary_mask', 'source_magnitudes'])
0.811378002166748 GB allocated
2.63671875 GB reserved
dict_keys(['index', 'mixture_magnitude', 'mixture_phase', 'source_phase', 'mix_magnitude', 'ideal_binary_mask', 'source_magnitudes'])
0.811378002166748 GB allocated
2.63671875 GB reserved
dict_keys(['index', 'mixture_magnitude', 'mixture_phase', 'source_phase', 'mix_magnitude', 'ideal_binary_mask', 'source_magnitudes'])
0.811378002166748 GB allocated
2.63671875 GB reserved
dict_keys(['index', 'mixture_magnitude', 'mixture_phase', 'source_phase', 'mix_magnitude', 'ideal_binary_mask', 'source_magnitudes'])
0.8105249404907227 GB allocated
2.63671875 GB reserved
dict_keys(['index', 'mixture_magnitude', 'mixture_phase', 'source_phase', 'mix_magnitude', 'ideal_binary_mask', 'source_magnitudes'])
0.811378002166748 GB allocated
2.63671875 GB reserved
dict_keys(['index', 'mixture_magnitude', 'mixture_phase', 'source_phase', 'mix_magnitude', 'ideal_binary_mask', 'source_magnitudes'])
0.811378002166748 GB allocated
2.63671875 GB reserved
dict_keys(['index', 'mixture_magnitude', 'mixture_phase', 'source_phase', 'mix_magnitude', 'ideal_binary_mask', 'source_magnitudes'])
0.811378002166748 GB allocated
2.63671875 GB reserved
dict_keys(['index', 'mixture_magnitude', 'mixture_phase', 'source_phase', 'mix_magnitude', 'ideal_binary_mask', 'source_magnitudes'])
0.8105249404907227 GB allocated
2.63671875 GB reserved
dict_keys(['index', 'mixture_magnitude', 'mixture_phase', 'source_phase', 'mix_magnitude', 'ideal_binary_mask', 'source_magnitudes'])
0.811378002166748 GB allocated
2.63671875 GB reserved
dict_keys(['index', 'mixture_magnitude', 'mixture_phase', 'source_phase', 'mix_magnitude', 'ideal_binary_mask', 'source_magnitudes'])
0.811378002166748 GB allocated
2.63671875 GB reserved
dict_keys(['index', 'mixture_magnitude', 'mixture_phase', 'source_phase', 'mix_magnitude', 'ideal_binary_mask', 'source_magnitudes'])
0.811378002166748 GB allocated
2.63671875 GB reserved
dict_keys(['index', 'mixture_magnitude', 'mixture_phase', 'source_phase', 'mix_magnitude', 'ideal_binary_mask', 'source_magnitudes'])
0.8105249404907227 GB allocated
2.63671875 GB reserved
dict_keys(['index', 'mixture_magnitude', 'mixture_phase', 'source_phase', 'mix_magnitude', 'ideal_binary_mask', 'source_magnitudes'])
0.811378002166748 GB allocated
2.63671875 GB reserved
dict_keys(['index', 'mixture_magnitude', 'mixture_phase', 'source_phase', 'mix_magnitude', 'ideal_binary_mask', 'source_magnitudes'])
0.811378002166748 GB allocated
2.63671875 GB reserved
dict_keys(['index', 'mixture_magnitude', 'mixture_phase', 'source_phase', 'mix_magnitude', 'ideal_binary_mask', 'source_magnitudes'])
0.811378002166748 GB allocated
2.63671875 GB reserved
dict_keys(['index', 'mixture_magnitude', 'mixture_phase', 'source_phase', 'mix_magnitude', 'ideal_binary_mask', 'source_magnitudes'])
0.8105249404907227 GB allocated
2.63671875 GB reserved
dict_keys(['index', 'mixture_magnitude', 'mixture_phase', 'source_phase', 'mix_magnitude', 'ideal_binary_mask', 'source_magnitudes'])
0.811378002166748 GB allocated
2.63671875 GB reserved
dict_keys(['index', 'mixture_magnitude', 'mixture_phase', 'source_phase', 'mix_magnitude', 'ideal_binary_mask', 'source_magnitudes'])
0.811378002166748 GB allocated
2.63671875 GB reserved
dict_keys(['index', 'mixture_magnitude', 'mixture_phase', 'source_phase', 'mix_magnitude', 'ideal_binary_mask', 'source_magnitudes'])
0.811378002166748 GB allocated
2.63671875 GB reserved
dict_keys(['index', 'mixture_magnitude', 'mixture_phase', 'source_phase', 'mix_magnitude', 'ideal_binary_mask', 'source_magnitudes'])
0.8105249404907227 GB allocated
2.63671875 GB reserved
dict_keys(['index', 'mixture_magnitude', 'mixture_phase', 'source_phase', 'mix_magnitude', 'ideal_binary_mask', 'source_magnitudes'])
0.811378002166748 GB allocated
2.63671875 GB reserved
dict_keys(['index', 'mixture_magnitude', 'mixture_phase', 'source_phase', 'mix_magnitude', 'ideal_binary_mask', 'source_magnitudes'])
0.811378002166748 GB allocated
2.63671875 GB reserved
dict_keys(['index', 'mixture_magnitude', 'mixture_phase', 'source_phase', 'mix_magnitude', 'ideal_binary_mask', 'source_magnitudes'])
0.811378002166748 GB allocated
2.63671875 GB reserved
dict_keys(['index', 'mixture_magnitude', 'mixture_phase', 'source_phase', 'mix_magnitude', 'ideal_binary_mask', 'source_magnitudes'])
0.8105249404907227 GB allocated
2.63671875 GB reserved
dict_keys(['index', 'mixture_magnitude', 'mixture_phase', 'source_phase', 'mix_magnitude', 'ideal_binary_mask', 'source_magnitudes'])
0.811378002166748 GB allocated
2.63671875 GB reserved
dict_keys(['index', 'mixture_magnitude', 'mixture_phase', 'source_phase', 'mix_magnitude', 'ideal_binary_mask', 'source_magnitudes'])
0.811378002166748 GB allocated
2.63671875 GB reserved
dict_keys(['index', 'mixture_magnitude', 'mixture_phase', 'source_phase', 'mix_magnitude', 'ideal_binary_mask', 'source_magnitudes'])
0.811378002166748 GB allocated
2.63671875 GB reserved
dict_keys(['index', 'mixture_magnitude', 'mixture_phase', 'source_phase', 'mix_magnitude', 'ideal_binary_mask', 'source_magnitudes'])
0.8105249404907227 GB allocated
2.63671875 GB reserved
dict_keys(['index', 'mixture_magnitude', 'mixture_phase', 'source_phase', 'mix_magnitude', 'ideal_binary_mask', 'source_magnitudes'])
0.811378002166748 GB allocated
2.63671875 GB reserved
dict_keys(['index', 'mixture_magnitude', 'mixture_phase', 'source_phase', 'mix_magnitude', 'ideal_binary_mask', 'source_magnitudes'])
0.811378002166748 GB allocated
2.63671875 GB reserved
dict_keys(['index', 'mixture_magnitude', 'mixture_phase', 'source_phase', 'mix_magnitude', 'ideal_binary_mask', 'source_magnitudes'])
0.811378002166748 GB allocated
2.63671875 GB reserved
dict_keys(['index', 'mixture_magnitude', 'mixture_phase', 'source_phase', 'mix_magnitude', 'ideal_binary_mask', 'source_magnitudes'])
0.8105249404907227 GB allocated
2.63671875 GB reserved
dict_keys(['index', 'mixture_magnitude', 'mixture_phase', 'source_phase', 'mix_magnitude', 'ideal_binary_mask', 'source_magnitudes'])
0.811378002166748 GB allocated
2.63671875 GB reserved
dict_keys(['index', 'mixture_magnitude', 'mixture_phase', 'source_phase', 'mix_magnitude', 'ideal_binary_mask', 'source_magnitudes'])
0.811378002166748 GB allocated
2.63671875 GB reserved
dict_keys(['index', 'mixture_magnitude', 'mixture_phase', 'source_phase', 'mix_magnitude', 'ideal_binary_mask', 'source_magnitudes'])
0.811378002166748 GB allocated
2.63671875 GB reserved
dict_keys(['index', 'mixture_magnitude', 'mixture_phase', 'source_phase', 'mix_magnitude', 'ideal_binary_mask', 'source_magnitudes'])
0.8105249404907227 GB allocated
2.63671875 GB reserved
dict_keys(['index', 'mixture_magnitude', 'mixture_phase', 'source_phase', 'mix_magnitude', 'ideal_binary_mask', 'source_magnitudes'])
0.811378002166748 GB allocated
2.63671875 GB reserved
dict_keys(['index', 'mixture_magnitude', 'mixture_phase', 'source_phase', 'mix_magnitude', 'ideal_binary_mask', 'source_magnitudes'])
0.811378002166748 GB allocated
2.63671875 GB reserved
dict_keys(['index', 'mixture_magnitude', 'mixture_phase', 'source_phase', 'mix_magnitude', 'ideal_binary_mask', 'source_magnitudes'])
0.811378002166748 GB allocated
2.63671875 GB reserved
dict_keys(['index', 'mixture_magnitude', 'mixture_phase', 'source_phase', 'mix_magnitude', 'ideal_binary_mask', 'source_magnitudes'])
0.8105249404907227 GB allocated
2.63671875 GB reserved
dict_keys(['index', 'mixture_magnitude', 'mixture_phase', 'source_phase', 'mix_magnitude', 'ideal_binary_mask', 'source_magnitudes'])
0.811378002166748 GB allocated
2.63671875 GB reserved
dict_keys(['index', 'mixture_magnitude', 'mixture_phase', 'source_phase', 'mix_magnitude', 'ideal_binary_mask', 'source_magnitudes'])
0.811378002166748 GB allocated
2.63671875 GB reserved
dict_keys(['index', 'mixture_magnitude', 'mixture_phase', 'source_phase', 'mix_magnitude', 'ideal_binary_mask', 'source_magnitudes'])
0.811378002166748 GB allocated
2.63671875 GB reserved
dict_keys(['index', 'mixture_magnitude', 'mixture_phase', 'source_phase', 'mix_magnitude', 'ideal_binary_mask', 'source_magnitudes'])
0.8105249404907227 GB allocated
2.63671875 GB reserved
dict_keys(['index', 'mixture_magnitude', 'mixture_phase', 'source_phase', 'mix_magnitude', 'ideal_binary_mask', 'source_magnitudes'])
0.811378002166748 GB allocated
2.63671875 GB reserved
dict_keys(['index', 'mixture_magnitude', 'mixture_phase', 'source_phase', 'mix_magnitude', 'ideal_binary_mask', 'source_magnitudes'])
0.811378002166748 GB allocated
2.63671875 GB reserved
dict_keys(['index', 'mixture_magnitude', 'mixture_phase', 'source_phase', 'mix_magnitude', 'ideal_binary_mask', 'source_magnitudes'])
0.811378002166748 GB allocated
2.63671875 GB reserved
dict_keys(['index', 'mixture_magnitude', 'mixture_phase', 'source_phase', 'mix_magnitude', 'ideal_binary_mask', 'source_magnitudes'])
[Validator] Epoch 1 - val_loss: 0.000820
[BEST CHECKPOINT] Guardado/actualizado en: checkpoints\Mis_modelos_v2\main\l1_freq checkpoints\4stems\best_checkpoint_1_val_loss=-0.0008.pt
05/20/2026 02:04:22 AM | engine.py:1037 Engine run finished. Time taken: 00:01:06.909
[Epoch 1] train_loss=0.000789 | val_loss=0.000820
05/20/2026 02:04:22 AM | engine.py:1010 Epoch[1] Complete. Time taken: 00:19:12.639
1.0085468292236328 GB allocated
3.275390625 GB reserved
dict_keys(['index', 'mixture_magnitude', 'mixture_phase', 'source_phase', 'mix_magnitude', 'ideal_binary_mask', 'source_magnitudes'])
1.0093998908996582 GB allocated
3.275390625 GB reserved
dict_keys(['index', 'mixture_magnitude', 'mixture_phase', 'source_phase', 'mix_magnitude', 'ideal_binary_mask', 'source_magnitudes'])
1.0093998908996582 GB allocated
3.275390625 GB reserved
dict_keys(['index', 'mixture_magnitude', 'mixture_phase', 'source_phase', 'mix_magnitude', 'ideal_binary_mask', 'source_magnitudes'])
1.0093998908996582 GB allocated
3.275390625 GB reserved
dict_keys(['index', 'mixture_magnitude', 'mixture_phase', 'source_phase', 'mix_magnitude', 'ideal_binary_mask', 'source_magnitudes'])
1.0085468292236328 GB allocated
3.275390625 GB reserved
dict_keys(['index', 'mixture_magnitude', 'mixture_phase', 'source_phase', 'mix_magnitude', 'ideal_binary_mask', 'source_magnitudes'])
1.0093998908996582 GB allocated
3.275390625 GB reserved
dict_keys(['index', 'mixture_magnitude', 'mixture_phase', 'source_phase', 'mix_magnitude', 'ideal_binary_mask', 'source_magnitudes'])
1.0093998908996582 GB allocated
3.275390625 GB reserved
dict_keys(['index', 'mixture_magnitude', 'mixture_phase', 'source_phase', 'mix_magnitude', 'ideal_binary_mask', 'source_magnitudes'])
1.0093998908996582 GB allocated
3.275390625 GB reserved
dict_keys(['index', 'mixture_magnitude', 'mixture_phase', 'source_phase', 'mix_magnitude', 'ideal_binary_mask', 'source_magnitudes'])
1.0085468292236328 GB allocated
3.275390625 GB reserved
dict_keys(['index', 'mixture_magnitude', 'mixture_phase', 'source_phase', 'mix_magnitude', 'ideal_binary_mask', 'source_magnitudes'])
1.0093998908996582 GB allocated
3.275390625 GB reserved
dict_keys(['index', 'mixture_magnitude', 'mixture_phase', 'source_phase', 'mix_magnitude', 'ideal_binary_mask', 'source_magnitudes'])
1.0093998908996582 GB allocated
3.275390625 GB reserved
dict_keys(['index', 'mixture_magnitude', 'mixture_phase', 'source_phase', 'mix_magnitude', 'ideal_binary_mask', 'source_magnitudes'])
1.0093998908996582 GB allocated
3.275390625 GB reserved
dict_keys(['index', 'mixture_magnitude', 'mixture_phase', 'source_phase', 'mix_magnitude', 'ideal_binary_mask', 'source_magnitudes'])
1.0085468292236328 GB allocated
3.275390625 GB reserved
dict_keys(['index', 'mixture_magnitude', 'mixture_phase', 'source_phase', 'mix_magnitude', 'ideal_binary_mask', 'source_magnitudes'])
1.0093998908996582 GB allocated
3.275390625 GB reserved
dict_keys(['index', 'mixture_magnitude', 'mixture_phase', 'source_phase', 'mix_magnitude', 'ideal_binary_mask', 'source_magnitudes'])
1.0093998908996582 GB allocated
3.275390625 GB reserved
dict_keys(['index', 'mixture_magnitude', 'mixture_phase', 'source_phase', 'mix_magnitude', 'ideal_binary_mask', 'source_magnitudes'])
1.0093998908996582 GB allocated
3.275390625 GB reserved
dict_keys(['index', 'mixture_magnitude', 'mixture_phase', 'source_phase', 'mix_magnitude', 'ideal_binary_mask', 'source_magnitudes'])
1.0085468292236328 GB allocated
3.275390625 GB reserved
dict_keys(['index', 'mixture_magnitude', 'mixture_phase', 'source_phase', 'mix_magnitude', 'ideal_binary_mask', 'source_magnitudes'])
1.0093998908996582 GB allocated
3.275390625 GB reserved
dict_keys(['index', 'mixture_magnitude', 'mixture_phase', 'source_phase', 'mix_magnitude', 'ideal_binary_mask', 'source_magnitudes'])
1.0093998908996582 GB allocated
3.275390625 GB reserved
dict_keys(['index', 'mixture_magnitude', 'mixture_phase', 'source_phase', 'mix_magnitude', 'ideal_binary_mask', 'source_magnitudes'])
1.0093998908996582 GB allocated
3.275390625 GB reserved
dict_keys(['index', 'mixture_magnitude', 'mixture_phase', 'source_phase', 'mix_magnitude', 'ideal_binary_mask', 'source_magnitudes'])
1.0085468292236328 GB allocated
3.275390625 GB reserved
dict_keys(['index', 'mixture_magnitude', 'mixture_phase', 'source_phase', 'mix_magnitude', 'ideal_binary_mask', 'source_magnitudes'])
1.0093998908996582 GB allocated
3.275390625 GB reserved
dict_keys(['index', 'mixture_magnitude', 'mixture_phase', 'source_phase', 'mix_magnitude', 'ideal_binary_mask', 'source_magnitudes'])
1.0093998908996582 GB allocated
3.275390625 GB reserved
dict_keys(['index', 'mixture_magnitude', 'mixture_phase', 'source_phase', 'mix_magnitude', 'ideal_binary_mask', 'source_magnitudes'])
1.0093998908996582 GB allocated
3.275390625 GB reserved
dict_keys(['index', 'mixture_magnitude', 'mixture_phase', 'source_phase', 'mix_magnitude', 'ideal_binary_mask', 'source_magnitudes'])
1.0085468292236328 GB allocated
3.275390625 GB reserved
dict_keys(['index', 'mixture_magnitude', 'mixture_phase', 'source_phase', 'mix_magnitude', 'ideal_binary_mask', 'source_magnitudes'])
1.0093998908996582 GB allocated
3.275390625 GB reserved
dict_keys(['index', 'mixture_magnitude', 'mixture_phase', 'source_phase', 'mix_magnitude', 'ideal_binary_mask', 'source_magnitudes'])
1.0093998908996582 GB allocated
3.275390625 GB reserved
dict_keys(['index', 'mixture_magnitude', 'mixture_phase', 'source_phase', 'mix_magnitude', 'ideal_binary_mask', 'source_magnitudes'])
1.0093998908996582 GB allocated
3.275390625 GB reserved
dict_keys(['index', 'mixture_magnitude', 'mixture_phase', 'source_phase', 'mix_magnitude', 'ideal_binary_mask', 'source_magnitudes'])
1.0085468292236328 GB allocated
3.275390625 GB reserved
dict_keys(['index', 'mixture_magnitude', 'mixture_phase', 'source_phase', 'mix_magnitude', 'ideal_binary_mask', 'source_magnitudes'])
1.0093998908996582 GB allocated
3.275390625 GB reserved
dict_keys(['index', 'mixture_magnitude', 'mixture_phase', 'source_phase', 'mix_magnitude', 'ideal_binary_mask', 'source_magnitudes'])
1.0093998908996582 GB allocated
3.275390625 GB reserved
dict_keys(['index', 'mixture_magnitude', 'mixture_phase', 'source_phase', 'mix_magnitude', 'ideal_binary_mask', 'source_magnitudes'])
1.0093998908996582 GB allocated
3.275390625 GB reserved
dict_keys(['index', 'mixture_magnitude', 'mixture_phase', 'source_phase', 'mix_magnitude', 'ideal_binary_mask', 'source_magnitudes'])
1.0085468292236328 GB allocated
3.275390625 GB reserved
dict_keys(['index', 'mixture_magnitude', 'mixture_phase', 'source_phase', 'mix_magnitude', 'ideal_binary_mask', 'source_magnitudes'])
1.0093998908996582 GB allocated
3.275390625 GB reserved
dict_keys(['index', 'mixture_magnitude', 'mixture_phase', 'source_phase', 'mix_magnitude', 'ideal_binary_mask', 'source_magnitudes'])
1.0093998908996582 GB allocated
3.275390625 GB reserved
dict_keys(['index', 'mixture_magnitude', 'mixture_phase', 'source_phase', 'mix_magnitude', 'ideal_binary_mask', 'source_magnitudes'])
1.0093998908996582 GB allocated
3.275390625 GB reserved
dict_keys(['index', 'mixture_magnitude', 'mixture_phase', 'source_phase', 'mix_magnitude', 'ideal_binary_mask', 'source_magnitudes'])
1.0085468292236328 GB allocated
3.275390625 GB reserved
dict_keys(['index', 'mixture_magnitude', 'mixture_phase', 'source_phase', 'mix_magnitude', 'ideal_binary_mask', 'source_magnitudes'])
1.0093998908996582 GB allocated
3.275390625 GB reserved
dict_keys(['index', 'mixture_magnitude', 'mixture_phase', 'source_phase', 'mix_magnitude', 'ideal_binary_mask', 'source_magnitudes'])
1.0093998908996582 GB allocated
3.275390625 GB reserved
dict_keys(['index', 'mixture_magnitude', 'mixture_phase', 'source_phase', 'mix_magnitude', 'ideal_binary_mask', 'source_magnitudes'])
1.0093998908996582 GB allocated
3.275390625 GB reserved
dict_keys(['index', 'mixture_magnitude', 'mixture_phase', 'source_phase', 'mix_magnitude', 'ideal_binary_mask', 'source_magnitudes'])
1.0085468292236328 GB allocated
3.275390625 GB reserved
dict_keys(['index', 'mixture_magnitude', 'mixture_phase', 'source_phase', 'mix_magnitude', 'ideal_binary_mask', 'source_magnitudes'])
1.0093998908996582 GB allocated
3.275390625 GB reserved
dict_keys(['index', 'mixture_magnitude', 'mixture_phase', 'source_phase', 'mix_magnitude', 'ideal_binary_mask', 'source_magnitudes'])
1.0093998908996582 GB allocated
3.275390625 GB reserved
05/20/2026 02:22:34 AM | engine.py:906 Engine run starting with max_epochs=1.
05/20/2026 02:23:42 AM | engine.py:1010 Epoch[1] Complete. Time taken: 00:01:07.919
dict_keys(['index', 'mixture_magnitude', 'mixture_phase', 'source_phase', 'mix_magnitude', 'ideal_binary_mask', 'source_magnitudes'])
1.0093998908996582 GB allocated
3.275390625 GB reserved
dict_keys(['index', 'mixture_magnitude', 'mixture_phase', 'source_phase', 'mix_magnitude', 'ideal_binary_mask', 'source_magnitudes'])
1.0085468292236328 GB allocated
3.275390625 GB reserved
dict_keys(['index', 'mixture_magnitude', 'mixture_phase', 'source_phase', 'mix_magnitude', 'ideal_binary_mask', 'source_magnitudes'])
1.0093998908996582 GB allocated
3.275390625 GB reserved
dict_keys(['index', 'mixture_magnitude', 'mixture_phase', 'source_phase', 'mix_magnitude', 'ideal_binary_mask', 'source_magnitudes'])
1.0093998908996582 GB allocated
3.275390625 GB reserved
dict_keys(['index', 'mixture_magnitude', 'mixture_phase', 'source_phase', 'mix_magnitude', 'ideal_binary_mask', 'source_magnitudes'])
1.0093998908996582 GB allocated
3.275390625 GB reserved
dict_keys(['index', 'mixture_magnitude', 'mixture_phase', 'source_phase', 'mix_magnitude', 'ideal_binary_mask', 'source_magnitudes'])
1.0085468292236328 GB allocated
3.275390625 GB reserved
dict_keys(['index', 'mixture_magnitude', 'mixture_phase', 'source_phase', 'mix_magnitude', 'ideal_binary_mask', 'source_magnitudes'])
1.0093998908996582 GB allocated
3.275390625 GB reserved
dict_keys(['index', 'mixture_magnitude', 'mixture_phase', 'source_phase', 'mix_magnitude', 'ideal_binary_mask', 'source_magnitudes'])
1.0093998908996582 GB allocated
3.275390625 GB reserved
dict_keys(['index', 'mixture_magnitude', 'mixture_phase', 'source_phase', 'mix_magnitude', 'ideal_binary_mask', 'source_magnitudes'])
1.0093998908996582 GB allocated
3.275390625 GB reserved
dict_keys(['index', 'mixture_magnitude', 'mixture_phase', 'source_phase', 'mix_magnitude', 'ideal_binary_mask', 'source_magnitudes'])
1.0085468292236328 GB allocated
3.275390625 GB reserved
dict_keys(['index', 'mixture_magnitude', 'mixture_phase', 'source_phase', 'mix_magnitude', 'ideal_binary_mask', 'source_magnitudes'])
1.0093998908996582 GB allocated
3.275390625 GB reserved
dict_keys(['index', 'mixture_magnitude', 'mixture_phase', 'source_phase', 'mix_magnitude', 'ideal_binary_mask', 'source_magnitudes'])
1.0093998908996582 GB allocated
3.275390625 GB reserved
dict_keys(['index', 'mixture_magnitude', 'mixture_phase', 'source_phase', 'mix_magnitude', 'ideal_binary_mask', 'source_magnitudes'])
1.0093998908996582 GB allocated
3.275390625 GB reserved
dict_keys(['index', 'mixture_magnitude', 'mixture_phase', 'source_phase', 'mix_magnitude', 'ideal_binary_mask', 'source_magnitudes'])
1.0085468292236328 GB allocated
3.275390625 GB reserved
dict_keys(['index', 'mixture_magnitude', 'mixture_phase', 'source_phase', 'mix_magnitude', 'ideal_binary_mask', 'source_magnitudes'])
1.0093998908996582 GB allocated
3.275390625 GB reserved
dict_keys(['index', 'mixture_magnitude', 'mixture_phase', 'source_phase', 'mix_magnitude', 'ideal_binary_mask', 'source_magnitudes'])
1.0093998908996582 GB allocated
3.275390625 GB reserved
dict_keys(['index', 'mixture_magnitude', 'mixture_phase', 'source_phase', 'mix_magnitude', 'ideal_binary_mask', 'source_magnitudes'])
1.0093998908996582 GB allocated
3.275390625 GB reserved
dict_keys(['index', 'mixture_magnitude', 'mixture_phase', 'source_phase', 'mix_magnitude', 'ideal_binary_mask', 'source_magnitudes'])
1.0085468292236328 GB allocated
3.275390625 GB reserved
dict_keys(['index', 'mixture_magnitude', 'mixture_phase', 'source_phase', 'mix_magnitude', 'ideal_binary_mask', 'source_magnitudes'])
1.0093998908996582 GB allocated
3.275390625 GB reserved
dict_keys(['index', 'mixture_magnitude', 'mixture_phase', 'source_phase', 'mix_magnitude', 'ideal_binary_mask', 'source_magnitudes'])
1.0093998908996582 GB allocated
3.275390625 GB reserved
dict_keys(['index', 'mixture_magnitude', 'mixture_phase', 'source_phase', 'mix_magnitude', 'ideal_binary_mask', 'source_magnitudes'])
1.0093998908996582 GB allocated
3.275390625 GB reserved
dict_keys(['index', 'mixture_magnitude', 'mixture_phase', 'source_phase', 'mix_magnitude', 'ideal_binary_mask', 'source_magnitudes'])
1.0085468292236328 GB allocated
3.275390625 GB reserved
dict_keys(['index', 'mixture_magnitude', 'mixture_phase', 'source_phase', 'mix_magnitude', 'ideal_binary_mask', 'source_magnitudes'])
1.0093998908996582 GB allocated
3.275390625 GB reserved
dict_keys(['index', 'mixture_magnitude', 'mixture_phase', 'source_phase', 'mix_magnitude', 'ideal_binary_mask', 'source_magnitudes'])
1.0093998908996582 GB allocated
3.275390625 GB reserved
dict_keys(['index', 'mixture_magnitude', 'mixture_phase', 'source_phase', 'mix_magnitude', 'ideal_binary_mask', 'source_magnitudes'])
1.0093998908996582 GB allocated
3.275390625 GB reserved
dict_keys(['index', 'mixture_magnitude', 'mixture_phase', 'source_phase', 'mix_magnitude', 'ideal_binary_mask', 'source_magnitudes'])
1.0085468292236328 GB allocated
3.275390625 GB reserved
dict_keys(['index', 'mixture_magnitude', 'mixture_phase', 'source_phase', 'mix_magnitude', 'ideal_binary_mask', 'source_magnitudes'])
1.0093998908996582 GB allocated
3.275390625 GB reserved
dict_keys(['index', 'mixture_magnitude', 'mixture_phase', 'source_phase', 'mix_magnitude', 'ideal_binary_mask', 'source_magnitudes'])
1.0093998908996582 GB allocated
3.275390625 GB reserved
dict_keys(['index', 'mixture_magnitude', 'mixture_phase', 'source_phase', 'mix_magnitude', 'ideal_binary_mask', 'source_magnitudes'])
1.0093998908996582 GB allocated
3.275390625 GB reserved
dict_keys(['index', 'mixture_magnitude', 'mixture_phase', 'source_phase', 'mix_magnitude', 'ideal_binary_mask', 'source_magnitudes'])
1.0085468292236328 GB allocated
3.275390625 GB reserved
dict_keys(['index', 'mixture_magnitude', 'mixture_phase', 'source_phase', 'mix_magnitude', 'ideal_binary_mask', 'source_magnitudes'])
1.0093998908996582 GB allocated
3.275390625 GB reserved
dict_keys(['index', 'mixture_magnitude', 'mixture_phase', 'source_phase', 'mix_magnitude', 'ideal_binary_mask', 'source_magnitudes'])
1.0093998908996582 GB allocated
3.275390625 GB reserved
dict_keys(['index', 'mixture_magnitude', 'mixture_phase', 'source_phase', 'mix_magnitude', 'ideal_binary_mask', 'source_magnitudes'])
1.0093998908996582 GB allocated
3.275390625 GB reserved
dict_keys(['index', 'mixture_magnitude', 'mixture_phase', 'source_phase', 'mix_magnitude', 'ideal_binary_mask', 'source_magnitudes'])
1.0085468292236328 GB allocated
3.275390625 GB reserved
dict_keys(['index', 'mixture_magnitude', 'mixture_phase', 'source_phase', 'mix_magnitude', 'ideal_binary_mask', 'source_magnitudes'])
1.0093998908996582 GB allocated
3.275390625 GB reserved
dict_keys(['index', 'mixture_magnitude', 'mixture_phase', 'source_phase', 'mix_magnitude', 'ideal_binary_mask', 'source_magnitudes'])
1.0093998908996582 GB allocated
3.275390625 GB reserved
dict_keys(['index', 'mixture_magnitude', 'mixture_phase', 'source_phase', 'mix_magnitude', 'ideal_binary_mask', 'source_magnitudes'])
1.0093998908996582 GB allocated
3.275390625 GB reserved
dict_keys(['index', 'mixture_magnitude', 'mixture_phase', 'source_phase', 'mix_magnitude', 'ideal_binary_mask', 'source_magnitudes'])
1.0085468292236328 GB allocated
3.275390625 GB reserved
dict_keys(['index', 'mixture_magnitude', 'mixture_phase', 'source_phase', 'mix_magnitude', 'ideal_binary_mask', 'source_magnitudes'])
1.0093998908996582 GB allocated
3.275390625 GB reserved
dict_keys(['index', 'mixture_magnitude', 'mixture_phase', 'source_phase', 'mix_magnitude', 'ideal_binary_mask', 'source_magnitudes'])
1.0093998908996582 GB allocated
3.275390625 GB reserved
dict_keys(['index', 'mixture_magnitude', 'mixture_phase', 'source_phase', 'mix_magnitude', 'ideal_binary_mask', 'source_magnitudes'])
1.0093998908996582 GB allocated
3.275390625 GB reserved
dict_keys(['index', 'mixture_magnitude', 'mixture_phase', 'source_phase', 'mix_magnitude', 'ideal_binary_mask', 'source_magnitudes'])
1.0085468292236328 GB allocated
3.275390625 GB reserved
dict_keys(['index', 'mixture_magnitude', 'mixture_phase', 'source_phase', 'mix_magnitude', 'ideal_binary_mask', 'source_magnitudes'])
1.0093998908996582 GB allocated
3.275390625 GB reserved
dict_keys(['index', 'mixture_magnitude', 'mixture_phase', 'source_phase', 'mix_magnitude', 'ideal_binary_mask', 'source_magnitudes'])
1.0093998908996582 GB allocated
3.275390625 GB reserved
dict_keys(['index', 'mixture_magnitude', 'mixture_phase', 'source_phase', 'mix_magnitude', 'ideal_binary_mask', 'source_magnitudes'])
1.0093998908996582 GB allocated
3.275390625 GB reserved
dict_keys(['index', 'mixture_magnitude', 'mixture_phase', 'source_phase', 'mix_magnitude', 'ideal_binary_mask', 'source_magnitudes'])
1.0085468292236328 GB allocated
3.275390625 GB reserved
dict_keys(['index', 'mixture_magnitude', 'mixture_phase', 'source_phase', 'mix_magnitude', 'ideal_binary_mask', 'source_magnitudes'])
1.0093998908996582 GB allocated
3.275390625 GB reserved
dict_keys(['index', 'mixture_magnitude', 'mixture_phase', 'source_phase', 'mix_magnitude', 'ideal_binary_mask', 'source_magnitudes'])
1.0093998908996582 GB allocated
3.275390625 GB reserved
dict_keys(['index', 'mixture_magnitude', 'mixture_phase', 'source_phase', 'mix_magnitude', 'ideal_binary_mask', 'source_magnitudes'])
1.0093998908996582 GB allocated
3.275390625 GB reserved
dict_keys(['index', 'mixture_magnitude', 'mixture_phase', 'source_phase', 'mix_magnitude', 'ideal_binary_mask', 'source_magnitudes'])
1.0085468292236328 GB allocated
3.275390625 GB reserved
dict_keys(['index', 'mixture_magnitude', 'mixture_phase', 'source_phase', 'mix_magnitude', 'ideal_binary_mask', 'source_magnitudes'])
1.0093998908996582 GB allocated
3.275390625 GB reserved
dict_keys(['index', 'mixture_magnitude', 'mixture_phase', 'source_phase', 'mix_magnitude', 'ideal_binary_mask', 'source_magnitudes'])
1.0093998908996582 GB allocated
3.275390625 GB reserved
dict_keys(['index', 'mixture_magnitude', 'mixture_phase', 'source_phase', 'mix_magnitude', 'ideal_binary_mask', 'source_magnitudes'])
1.0093998908996582 GB allocated
3.275390625 GB reserved
dict_keys(['index', 'mixture_magnitude', 'mixture_phase', 'source_phase', 'mix_magnitude', 'ideal_binary_mask', 'source_magnitudes'])
1.0085468292236328 GB allocated
3.275390625 GB reserved
dict_keys(['index', 'mixture_magnitude', 'mixture_phase', 'source_phase', 'mix_magnitude', 'ideal_binary_mask', 'source_magnitudes'])
1.0093998908996582 GB allocated
3.275390625 GB reserved
dict_keys(['index', 'mixture_magnitude', 'mixture_phase', 'source_phase', 'mix_magnitude', 'ideal_binary_mask', 'source_magnitudes'])
1.0093998908996582 GB allocated
3.275390625 GB reserved
dict_keys(['index', 'mixture_magnitude', 'mixture_phase', 'source_phase', 'mix_magnitude', 'ideal_binary_mask', 'source_magnitudes'])
1.0093998908996582 GB allocated
3.275390625 GB reserved
dict_keys(['index', 'mixture_magnitude', 'mixture_phase', 'source_phase', 'mix_magnitude', 'ideal_binary_mask', 'source_magnitudes'])
[Validator] Epoch 2 - val_loss: 0.000660
[BEST CHECKPOINT] Guardado/actualizado en: checkpoints\Mis_modelos_v2\main\l1_freq checkpoints\4stems\best_checkpoint_2_val_loss=-0.0007.pt
05/20/2026 02:23:42 AM | engine.py:1037 Engine run finished. Time taken: 00:01:07.928
[Epoch 2] train_loss=0.000686 | val_loss=0.000660
05/20/2026 02:23:42 AM | engine.py:1010 Epoch[2] Complete. Time taken: 00:19:20.251
1.0085468292236328 GB allocated
3.275390625 GB reserved
dict_keys(['index', 'mixture_magnitude', 'mixture_phase', 'source_phase', 'mix_magnitude', 'ideal_binary_mask', 'source_magnitudes'])
1.0093998908996582 GB allocated
3.275390625 GB reserved
dict_keys(['index', 'mixture_magnitude', 'mixture_phase', 'source_phase', 'mix_magnitude', 'ideal_binary_mask', 'source_magnitudes'])
1.0093998908996582 GB allocated
3.275390625 GB reserved
dict_keys(['index', 'mixture_magnitude', 'mixture_phase', 'source_phase', 'mix_magnitude', 'ideal_binary_mask', 'source_magnitudes'])
1.0093998908996582 GB allocated
3.275390625 GB reserved
dict_keys(['index', 'mixture_magnitude', 'mixture_phase', 'source_phase', 'mix_magnitude', 'ideal_binary_mask', 'source_magnitudes'])
1.0085468292236328 GB allocated
3.275390625 GB reserved
dict_keys(['index', 'mixture_magnitude', 'mixture_phase', 'source_phase', 'mix_magnitude', 'ideal_binary_mask', 'source_magnitudes'])
1.0093998908996582 GB allocated
3.275390625 GB reserved
dict_keys(['index', 'mixture_magnitude', 'mixture_phase', 'source_phase', 'mix_magnitude', 'ideal_binary_mask', 'source_magnitudes'])
1.0093998908996582 GB allocated
3.275390625 GB reserved
dict_keys(['index', 'mixture_magnitude', 'mixture_phase', 'source_phase', 'mix_magnitude', 'ideal_binary_mask', 'source_magnitudes'])
1.0093998908996582 GB allocated
3.275390625 GB reserved
dict_keys(['index', 'mixture_magnitude', 'mixture_phase', 'source_phase', 'mix_magnitude', 'ideal_binary_mask', 'source_magnitudes'])
1.0085468292236328 GB allocated
3.275390625 GB reserved
dict_keys(['index', 'mixture_magnitude', 'mixture_phase', 'source_phase', 'mix_magnitude', 'ideal_binary_mask', 'source_magnitudes'])
1.0093998908996582 GB allocated
3.275390625 GB reserved
dict_keys(['index', 'mixture_magnitude', 'mixture_phase', 'source_phase', 'mix_magnitude', 'ideal_binary_mask', 'source_magnitudes'])
1.0093998908996582 GB allocated
3.275390625 GB reserved
dict_keys(['index', 'mixture_magnitude', 'mixture_phase', 'source_phase', 'mix_magnitude', 'ideal_binary_mask', 'source_magnitudes'])
1.0093998908996582 GB allocated
3.275390625 GB reserved
dict_keys(['index', 'mixture_magnitude', 'mixture_phase', 'source_phase', 'mix_magnitude', 'ideal_binary_mask', 'source_magnitudes'])
1.0085468292236328 GB allocated
3.275390625 GB reserved
dict_keys(['index', 'mixture_magnitude', 'mixture_phase', 'source_phase', 'mix_magnitude', 'ideal_binary_mask', 'source_magnitudes'])
1.0093998908996582 GB allocated
3.275390625 GB reserved
dict_keys(['index', 'mixture_magnitude', 'mixture_phase', 'source_phase', 'mix_magnitude', 'ideal_binary_mask', 'source_magnitudes'])
1.0093998908996582 GB allocated
3.275390625 GB reserved
dict_keys(['index', 'mixture_magnitude', 'mixture_phase', 'source_phase', 'mix_magnitude', 'ideal_binary_mask', 'source_magnitudes'])
1.0093998908996582 GB allocated
3.275390625 GB reserved
dict_keys(['index', 'mixture_magnitude', 'mixture_phase', 'source_phase', 'mix_magnitude', 'ideal_binary_mask', 'source_magnitudes'])
1.0085468292236328 GB allocated
3.275390625 GB reserved
dict_keys(['index', 'mixture_magnitude', 'mixture_phase', 'source_phase', 'mix_magnitude', 'ideal_binary_mask', 'source_magnitudes'])
1.0093998908996582 GB allocated
3.275390625 GB reserved
dict_keys(['index', 'mixture_magnitude', 'mixture_phase', 'source_phase', 'mix_magnitude', 'ideal_binary_mask', 'source_magnitudes'])
1.0093998908996582 GB allocated
3.275390625 GB reserved
dict_keys(['index', 'mixture_magnitude', 'mixture_phase', 'source_phase', 'mix_magnitude', 'ideal_binary_mask', 'source_magnitudes'])
1.0093998908996582 GB allocated
3.275390625 GB reserved
dict_keys(['index', 'mixture_magnitude', 'mixture_phase', 'source_phase', 'mix_magnitude', 'ideal_binary_mask', 'source_magnitudes'])
1.0085468292236328 GB allocated
3.275390625 GB reserved
dict_keys(['index', 'mixture_magnitude', 'mixture_phase', 'source_phase', 'mix_magnitude', 'ideal_binary_mask', 'source_magnitudes'])
1.0093998908996582 GB allocated
3.275390625 GB reserved
dict_keys(['index', 'mixture_magnitude', 'mixture_phase', 'source_phase', 'mix_magnitude', 'ideal_binary_mask', 'source_magnitudes'])
1.0093998908996582 GB allocated
3.275390625 GB reserved
dict_keys(['index', 'mixture_magnitude', 'mixture_phase', 'source_phase', 'mix_magnitude', 'ideal_binary_mask', 'source_magnitudes'])
1.0093998908996582 GB allocated
3.275390625 GB reserved
dict_keys(['index', 'mixture_magnitude', 'mixture_phase', 'source_phase', 'mix_magnitude', 'ideal_binary_mask', 'source_magnitudes'])
1.0085468292236328 GB allocated
3.275390625 GB reserved
dict_keys(['index', 'mixture_magnitude', 'mixture_phase', 'source_phase', 'mix_magnitude', 'ideal_binary_mask', 'source_magnitudes'])
1.0093998908996582 GB allocated
3.275390625 GB reserved
dict_keys(['index', 'mixture_magnitude', 'mixture_phase', 'source_phase', 'mix_magnitude', 'ideal_binary_mask', 'source_magnitudes'])
1.0093998908996582 GB allocated
3.275390625 GB reserved
dict_keys(['index', 'mixture_magnitude', 'mixture_phase', 'source_phase', 'mix_magnitude', 'ideal_binary_mask', 'source_magnitudes'])
1.0093998908996582 GB allocated
3.275390625 GB reserved
dict_keys(['index', 'mixture_magnitude', 'mixture_phase', 'source_phase', 'mix_magnitude', 'ideal_binary_mask', 'source_magnitudes'])
1.0085468292236328 GB allocated
3.275390625 GB reserved
dict_keys(['index', 'mixture_magnitude', 'mixture_phase', 'source_phase', 'mix_magnitude', 'ideal_binary_mask', 'source_magnitudes'])
1.0093998908996582 GB allocated
3.275390625 GB reserved
dict_keys(['index', 'mixture_magnitude', 'mixture_phase', 'source_phase', 'mix_magnitude', 'ideal_binary_mask', 'source_magnitudes'])
1.0093998908996582 GB allocated
3.275390625 GB reserved
dict_keys(['index', 'mixture_magnitude', 'mixture_phase', 'source_phase', 'mix_magnitude', 'ideal_binary_mask', 'source_magnitudes'])
1.0093998908996582 GB allocated
3.275390625 GB reserved
dict_keys(['index', 'mixture_magnitude', 'mixture_phase', 'source_phase', 'mix_magnitude', 'ideal_binary_mask', 'source_magnitudes'])
1.0085468292236328 GB allocated
3.275390625 GB reserved
dict_keys(['index', 'mixture_magnitude', 'mixture_phase', 'source_phase', 'mix_magnitude', 'ideal_binary_mask', 'source_magnitudes'])
1.0093998908996582 GB allocated
3.275390625 GB reserved
dict_keys(['index', 'mixture_magnitude', 'mixture_phase', 'source_phase', 'mix_magnitude', 'ideal_binary_mask', 'source_magnitudes'])
1.0093998908996582 GB allocated
3.275390625 GB reserved
dict_keys(['index', 'mixture_magnitude', 'mixture_phase', 'source_phase', 'mix_magnitude', 'ideal_binary_mask', 'source_magnitudes'])
1.0093998908996582 GB allocated
3.275390625 GB reserved
dict_keys(['index', 'mixture_magnitude', 'mixture_phase', 'source_phase', 'mix_magnitude', 'ideal_binary_mask', 'source_magnitudes'])
1.0085468292236328 GB allocated
3.275390625 GB reserved
dict_keys(['index', 'mixture_magnitude', 'mixture_phase', 'source_phase', 'mix_magnitude', 'ideal_binary_mask', 'source_magnitudes'])
1.0093998908996582 GB allocated
3.275390625 GB reserved
dict_keys(['index', 'mixture_magnitude', 'mixture_phase', 'source_phase', 'mix_magnitude', 'ideal_binary_mask', 'source_magnitudes'])
1.0093998908996582 GB allocated
3.275390625 GB reserved
dict_keys(['index', 'mixture_magnitude', 'mixture_phase', 'source_phase', 'mix_magnitude', 'ideal_binary_mask', 'source_magnitudes'])
1.0093998908996582 GB allocated
3.275390625 GB reserved
dict_keys(['index', 'mixture_magnitude', 'mixture_phase', 'source_phase', 'mix_magnitude', 'ideal_binary_mask', 'source_magnitudes'])
1.0085468292236328 GB allocated
3.275390625 GB reserved
dict_keys(['index', 'mixture_magnitude', 'mixture_phase', 'source_phase', 'mix_magnitude', 'ideal_binary_mask', 'source_magnitudes'])
1.0093998908996582 GB allocated
3.275390625 GB reserved
dict_keys(['index', 'mixture_magnitude', 'mixture_phase', 'source_phase', 'mix_magnitude', 'ideal_binary_mask', 'source_magnitudes'])
1.0093998908996582 GB allocated
3.275390625 GB reserved
05/20/2026 02:41:49 AM | engine.py:906 Engine run starting with max_epochs=1.
05/20/2026 02:42:56 AM | engine.py:1010 Epoch[1] Complete. Time taken: 00:01:06.577
dict_keys(['index', 'mixture_magnitude', 'mixture_phase', 'source_phase', 'mix_magnitude', 'ideal_binary_mask', 'source_magnitudes'])
1.0093998908996582 GB allocated
3.275390625 GB reserved
dict_keys(['index', 'mixture_magnitude', 'mixture_phase', 'source_phase', 'mix_magnitude', 'ideal_binary_mask', 'source_magnitudes'])
1.0085468292236328 GB allocated
3.275390625 GB reserved
dict_keys(['index', 'mixture_magnitude', 'mixture_phase', 'source_phase', 'mix_magnitude', 'ideal_binary_mask', 'source_magnitudes'])
1.0093998908996582 GB allocated
3.275390625 GB reserved
dict_keys(['index', 'mixture_magnitude', 'mixture_phase', 'source_phase', 'mix_magnitude', 'ideal_binary_mask', 'source_magnitudes'])
1.0093998908996582 GB allocated
3.275390625 GB reserved
dict_keys(['index', 'mixture_magnitude', 'mixture_phase', 'source_phase', 'mix_magnitude', 'ideal_binary_mask', 'source_magnitudes'])
1.0093998908996582 GB allocated
3.275390625 GB reserved
dict_keys(['index', 'mixture_magnitude', 'mixture_phase', 'source_phase', 'mix_magnitude', 'ideal_binary_mask', 'source_magnitudes'])
1.0085468292236328 GB allocated
3.275390625 GB reserved
dict_keys(['index', 'mixture_magnitude', 'mixture_phase', 'source_phase', 'mix_magnitude', 'ideal_binary_mask', 'source_magnitudes'])
1.0093998908996582 GB allocated
3.275390625 GB reserved
dict_keys(['index', 'mixture_magnitude', 'mixture_phase', 'source_phase', 'mix_magnitude', 'ideal_binary_mask', 'source_magnitudes'])
1.0093998908996582 GB allocated
3.275390625 GB reserved
dict_keys(['index', 'mixture_magnitude', 'mixture_phase', 'source_phase', 'mix_magnitude', 'ideal_binary_mask', 'source_magnitudes'])
1.0093998908996582 GB allocated
3.275390625 GB reserved
dict_keys(['index', 'mixture_magnitude', 'mixture_phase', 'source_phase', 'mix_magnitude', 'ideal_binary_mask', 'source_magnitudes'])
1.0085468292236328 GB allocated
3.275390625 GB reserved
dict_keys(['index', 'mixture_magnitude', 'mixture_phase', 'source_phase', 'mix_magnitude', 'ideal_binary_mask', 'source_magnitudes'])
1.0093998908996582 GB allocated
3.275390625 GB reserved
dict_keys(['index', 'mixture_magnitude', 'mixture_phase', 'source_phase', 'mix_magnitude', 'ideal_binary_mask', 'source_magnitudes'])
1.0093998908996582 GB allocated
3.275390625 GB reserved
dict_keys(['index', 'mixture_magnitude', 'mixture_phase', 'source_phase', 'mix_magnitude', 'ideal_binary_mask', 'source_magnitudes'])
1.0093998908996582 GB allocated
3.275390625 GB reserved
dict_keys(['index', 'mixture_magnitude', 'mixture_phase', 'source_phase', 'mix_magnitude', 'ideal_binary_mask', 'source_magnitudes'])
1.0085468292236328 GB allocated
3.275390625 GB reserved
dict_keys(['index', 'mixture_magnitude', 'mixture_phase', 'source_phase', 'mix_magnitude', 'ideal_binary_mask', 'source_magnitudes'])
1.0093998908996582 GB allocated
3.275390625 GB reserved
dict_keys(['index', 'mixture_magnitude', 'mixture_phase', 'source_phase', 'mix_magnitude', 'ideal_binary_mask', 'source_magnitudes'])
1.0093998908996582 GB allocated
3.275390625 GB reserved
dict_keys(['index', 'mixture_magnitude', 'mixture_phase', 'source_phase', 'mix_magnitude', 'ideal_binary_mask', 'source_magnitudes'])
1.0093998908996582 GB allocated
3.275390625 GB reserved
dict_keys(['index', 'mixture_magnitude', 'mixture_phase', 'source_phase', 'mix_magnitude', 'ideal_binary_mask', 'source_magnitudes'])
1.0085468292236328 GB allocated
3.275390625 GB reserved
dict_keys(['index', 'mixture_magnitude', 'mixture_phase', 'source_phase', 'mix_magnitude', 'ideal_binary_mask', 'source_magnitudes'])
1.0093998908996582 GB allocated
3.275390625 GB reserved
dict_keys(['index', 'mixture_magnitude', 'mixture_phase', 'source_phase', 'mix_magnitude', 'ideal_binary_mask', 'source_magnitudes'])
1.0093998908996582 GB allocated
3.275390625 GB reserved
dict_keys(['index', 'mixture_magnitude', 'mixture_phase', 'source_phase', 'mix_magnitude', 'ideal_binary_mask', 'source_magnitudes'])
1.0093998908996582 GB allocated
3.275390625 GB reserved
dict_keys(['index', 'mixture_magnitude', 'mixture_phase', 'source_phase', 'mix_magnitude', 'ideal_binary_mask', 'source_magnitudes'])
1.0085468292236328 GB allocated
3.275390625 GB reserved
dict_keys(['index', 'mixture_magnitude', 'mixture_phase', 'source_phase', 'mix_magnitude', 'ideal_binary_mask', 'source_magnitudes'])
1.0093998908996582 GB allocated
3.275390625 GB reserved
dict_keys(['index', 'mixture_magnitude', 'mixture_phase', 'source_phase', 'mix_magnitude', 'ideal_binary_mask', 'source_magnitudes'])
1.0093998908996582 GB allocated
3.275390625 GB reserved
dict_keys(['index', 'mixture_magnitude', 'mixture_phase', 'source_phase', 'mix_magnitude', 'ideal_binary_mask', 'source_magnitudes'])
1.0093998908996582 GB allocated
3.275390625 GB reserved
dict_keys(['index', 'mixture_magnitude', 'mixture_phase', 'source_phase', 'mix_magnitude', 'ideal_binary_mask', 'source_magnitudes'])
1.0085468292236328 GB allocated
3.275390625 GB reserved
dict_keys(['index', 'mixture_magnitude', 'mixture_phase', 'source_phase', 'mix_magnitude', 'ideal_binary_mask', 'source_magnitudes'])
1.0093998908996582 GB allocated
3.275390625 GB reserved
dict_keys(['index', 'mixture_magnitude', 'mixture_phase', 'source_phase', 'mix_magnitude', 'ideal_binary_mask', 'source_magnitudes'])
1.0093998908996582 GB allocated
3.275390625 GB reserved
dict_keys(['index', 'mixture_magnitude', 'mixture_phase', 'source_phase', 'mix_magnitude', 'ideal_binary_mask', 'source_magnitudes'])
1.0093998908996582 GB allocated
3.275390625 GB reserved
dict_keys(['index', 'mixture_magnitude', 'mixture_phase', 'source_phase', 'mix_magnitude', 'ideal_binary_mask', 'source_magnitudes'])
1.0085468292236328 GB allocated
3.275390625 GB reserved
dict_keys(['index', 'mixture_magnitude', 'mixture_phase', 'source_phase', 'mix_magnitude', 'ideal_binary_mask', 'source_magnitudes'])
1.0093998908996582 GB allocated
3.275390625 GB reserved
dict_keys(['index', 'mixture_magnitude', 'mixture_phase', 'source_phase', 'mix_magnitude', 'ideal_binary_mask', 'source_magnitudes'])
1.0093998908996582 GB allocated
3.275390625 GB reserved
dict_keys(['index', 'mixture_magnitude', 'mixture_phase', 'source_phase', 'mix_magnitude', 'ideal_binary_mask', 'source_magnitudes'])
1.0093998908996582 GB allocated
3.275390625 GB reserved
dict_keys(['index', 'mixture_magnitude', 'mixture_phase', 'source_phase', 'mix_magnitude', 'ideal_binary_mask', 'source_magnitudes'])
1.0085468292236328 GB allocated
3.275390625 GB reserved
dict_keys(['index', 'mixture_magnitude', 'mixture_phase', 'source_phase', 'mix_magnitude', 'ideal_binary_mask', 'source_magnitudes'])
1.0093998908996582 GB allocated
3.275390625 GB reserved
dict_keys(['index', 'mixture_magnitude', 'mixture_phase', 'source_phase', 'mix_magnitude', 'ideal_binary_mask', 'source_magnitudes'])
1.0093998908996582 GB allocated
3.275390625 GB reserved
dict_keys(['index', 'mixture_magnitude', 'mixture_phase', 'source_phase', 'mix_magnitude', 'ideal_binary_mask', 'source_magnitudes'])
1.0093998908996582 GB allocated
3.275390625 GB reserved
dict_keys(['index', 'mixture_magnitude', 'mixture_phase', 'source_phase', 'mix_magnitude', 'ideal_binary_mask', 'source_magnitudes'])
1.0085468292236328 GB allocated
3.275390625 GB reserved
dict_keys(['index', 'mixture_magnitude', 'mixture_phase', 'source_phase', 'mix_magnitude', 'ideal_binary_mask', 'source_magnitudes'])
1.0093998908996582 GB allocated
3.275390625 GB reserved
dict_keys(['index', 'mixture_magnitude', 'mixture_phase', 'source_phase', 'mix_magnitude', 'ideal_binary_mask', 'source_magnitudes'])
1.0093998908996582 GB allocated
3.275390625 GB reserved
dict_keys(['index', 'mixture_magnitude', 'mixture_phase', 'source_phase', 'mix_magnitude', 'ideal_binary_mask', 'source_magnitudes'])
1.0093998908996582 GB allocated
3.275390625 GB reserved
dict_keys(['index', 'mixture_magnitude', 'mixture_phase', 'source_phase', 'mix_magnitude', 'ideal_binary_mask', 'source_magnitudes'])
1.0085468292236328 GB allocated
3.275390625 GB reserved
dict_keys(['index', 'mixture_magnitude', 'mixture_phase', 'source_phase', 'mix_magnitude', 'ideal_binary_mask', 'source_magnitudes'])
1.0093998908996582 GB allocated
3.275390625 GB reserved
dict_keys(['index', 'mixture_magnitude', 'mixture_phase', 'source_phase', 'mix_magnitude', 'ideal_binary_mask', 'source_magnitudes'])
1.0093998908996582 GB allocated
3.275390625 GB reserved
dict_keys(['index', 'mixture_magnitude', 'mixture_phase', 'source_phase', 'mix_magnitude', 'ideal_binary_mask', 'source_magnitudes'])
1.0093998908996582 GB allocated
3.275390625 GB reserved
dict_keys(['index', 'mixture_magnitude', 'mixture_phase', 'source_phase', 'mix_magnitude', 'ideal_binary_mask', 'source_magnitudes'])
1.0085468292236328 GB allocated
3.275390625 GB reserved
dict_keys(['index', 'mixture_magnitude', 'mixture_phase', 'source_phase', 'mix_magnitude', 'ideal_binary_mask', 'source_magnitudes'])
1.0093998908996582 GB allocated
3.275390625 GB reserved
dict_keys(['index', 'mixture_magnitude', 'mixture_phase', 'source_phase', 'mix_magnitude', 'ideal_binary_mask', 'source_magnitudes'])
1.0093998908996582 GB allocated
3.275390625 GB reserved
dict_keys(['index', 'mixture_magnitude', 'mixture_phase', 'source_phase', 'mix_magnitude', 'ideal_binary_mask', 'source_magnitudes'])
1.0093998908996582 GB allocated
3.275390625 GB reserved
dict_keys(['index', 'mixture_magnitude', 'mixture_phase', 'source_phase', 'mix_magnitude', 'ideal_binary_mask', 'source_magnitudes'])
1.0085468292236328 GB allocated
3.275390625 GB reserved
dict_keys(['index', 'mixture_magnitude', 'mixture_phase', 'source_phase', 'mix_magnitude', 'ideal_binary_mask', 'source_magnitudes'])
1.0093998908996582 GB allocated
3.275390625 GB reserved
dict_keys(['index', 'mixture_magnitude', 'mixture_phase', 'source_phase', 'mix_magnitude', 'ideal_binary_mask', 'source_magnitudes'])
1.0093998908996582 GB allocated
3.275390625 GB reserved
dict_keys(['index', 'mixture_magnitude', 'mixture_phase', 'source_phase', 'mix_magnitude', 'ideal_binary_mask', 'source_magnitudes'])
1.0093998908996582 GB allocated
3.275390625 GB reserved
dict_keys(['index', 'mixture_magnitude', 'mixture_phase', 'source_phase', 'mix_magnitude', 'ideal_binary_mask', 'source_magnitudes'])
1.0085468292236328 GB allocated
3.275390625 GB reserved
dict_keys(['index', 'mixture_magnitude', 'mixture_phase', 'source_phase', 'mix_magnitude', 'ideal_binary_mask', 'source_magnitudes'])
1.0093998908996582 GB allocated
3.275390625 GB reserved
dict_keys(['index', 'mixture_magnitude', 'mixture_phase', 'source_phase', 'mix_magnitude', 'ideal_binary_mask', 'source_magnitudes'])
1.0093998908996582 GB allocated
3.275390625 GB reserved
dict_keys(['index', 'mixture_magnitude', 'mixture_phase', 'source_phase', 'mix_magnitude', 'ideal_binary_mask', 'source_magnitudes'])
1.0093998908996582 GB allocated
3.275390625 GB reserved
dict_keys(['index', 'mixture_magnitude', 'mixture_phase', 'source_phase', 'mix_magnitude', 'ideal_binary_mask', 'source_magnitudes'])
[Validator] Epoch 3 - val_loss: 0.000618
[BEST CHECKPOINT] Guardado/actualizado en: checkpoints\Mis_modelos_v2\main\l1_freq checkpoints\4stems\best_checkpoint_3_val_loss=-0.0006.pt
05/20/2026 02:42:56 AM | engine.py:1037 Engine run finished. Time taken: 00:01:06.586
[Epoch 3] train_loss=0.000590 | val_loss=0.000618
05/20/2026 02:42:56 AM | engine.py:1010 Epoch[3] Complete. Time taken: 00:19:13.489
1.0085468292236328 GB allocated
3.275390625 GB reserved
dict_keys(['index', 'mixture_magnitude', 'mixture_phase', 'source_phase', 'mix_magnitude', 'ideal_binary_mask', 'source_magnitudes'])
1.0093998908996582 GB allocated
3.275390625 GB reserved
dict_keys(['index', 'mixture_magnitude', 'mixture_phase', 'source_phase', 'mix_magnitude', 'ideal_binary_mask', 'source_magnitudes'])
1.0093998908996582 GB allocated
3.275390625 GB reserved
dict_keys(['index', 'mixture_magnitude', 'mixture_phase', 'source_phase', 'mix_magnitude', 'ideal_binary_mask', 'source_magnitudes'])
1.0093998908996582 GB allocated
3.275390625 GB reserved
dict_keys(['index', 'mixture_magnitude', 'mixture_phase', 'source_phase', 'mix_magnitude', 'ideal_binary_mask', 'source_magnitudes'])
1.0085468292236328 GB allocated
3.275390625 GB reserved
dict_keys(['index', 'mixture_magnitude', 'mixture_phase', 'source_phase', 'mix_magnitude', 'ideal_binary_mask', 'source_magnitudes'])
1.0093998908996582 GB allocated
3.275390625 GB reserved
dict_keys(['index', 'mixture_magnitude', 'mixture_phase', 'source_phase', 'mix_magnitude', 'ideal_binary_mask', 'source_magnitudes'])
1.0093998908996582 GB allocated
3.275390625 GB reserved
dict_keys(['index', 'mixture_magnitude', 'mixture_phase', 'source_phase', 'mix_magnitude', 'ideal_binary_mask', 'source_magnitudes'])
1.0093998908996582 GB allocated
3.275390625 GB reserved
dict_keys(['index', 'mixture_magnitude', 'mixture_phase', 'source_phase', 'mix_magnitude', 'ideal_binary_mask', 'source_magnitudes'])
1.0085468292236328 GB allocated
3.275390625 GB reserved
dict_keys(['index', 'mixture_magnitude', 'mixture_phase', 'source_phase', 'mix_magnitude', 'ideal_binary_mask', 'source_magnitudes'])
1.0093998908996582 GB allocated
3.275390625 GB reserved
dict_keys(['index', 'mixture_magnitude', 'mixture_phase', 'source_phase', 'mix_magnitude', 'ideal_binary_mask', 'source_magnitudes'])
1.0093998908996582 GB allocated
3.275390625 GB reserved
dict_keys(['index', 'mixture_magnitude', 'mixture_phase', 'source_phase', 'mix_magnitude', 'ideal_binary_mask', 'source_magnitudes'])
1.0093998908996582 GB allocated
3.275390625 GB reserved
dict_keys(['index', 'mixture_magnitude', 'mixture_phase', 'source_phase', 'mix_magnitude', 'ideal_binary_mask', 'source_magnitudes'])
1.0085468292236328 GB allocated
3.275390625 GB reserved
dict_keys(['index', 'mixture_magnitude', 'mixture_phase', 'source_phase', 'mix_magnitude', 'ideal_binary_mask', 'source_magnitudes'])
1.0093998908996582 GB allocated
3.275390625 GB reserved
dict_keys(['index', 'mixture_magnitude', 'mixture_phase', 'source_phase', 'mix_magnitude', 'ideal_binary_mask', 'source_magnitudes'])
1.0093998908996582 GB allocated
3.275390625 GB reserved
dict_keys(['index', 'mixture_magnitude', 'mixture_phase', 'source_phase', 'mix_magnitude', 'ideal_binary_mask', 'source_magnitudes'])
1.0093998908996582 GB allocated
3.275390625 GB reserved
dict_keys(['index', 'mixture_magnitude', 'mixture_phase', 'source_phase', 'mix_magnitude', 'ideal_binary_mask', 'source_magnitudes'])
1.0085468292236328 GB allocated
3.275390625 GB reserved
dict_keys(['index', 'mixture_magnitude', 'mixture_phase', 'source_phase', 'mix_magnitude', 'ideal_binary_mask', 'source_magnitudes'])
1.0093998908996582 GB allocated
3.275390625 GB reserved
dict_keys(['index', 'mixture_magnitude', 'mixture_phase', 'source_phase', 'mix_magnitude', 'ideal_binary_mask', 'source_magnitudes'])
1.0093998908996582 GB allocated
3.275390625 GB reserved
dict_keys(['index', 'mixture_magnitude', 'mixture_phase', 'source_phase', 'mix_magnitude', 'ideal_binary_mask', 'source_magnitudes'])
1.0093998908996582 GB allocated
3.275390625 GB reserved
dict_keys(['index', 'mixture_magnitude', 'mixture_phase', 'source_phase', 'mix_magnitude', 'ideal_binary_mask', 'source_magnitudes'])
1.0085468292236328 GB allocated
3.275390625 GB reserved
dict_keys(['index', 'mixture_magnitude', 'mixture_phase', 'source_phase', 'mix_magnitude', 'ideal_binary_mask', 'source_magnitudes'])
1.0093998908996582 GB allocated
3.275390625 GB reserved
dict_keys(['index', 'mixture_magnitude', 'mixture_phase', 'source_phase', 'mix_magnitude', 'ideal_binary_mask', 'source_magnitudes'])
1.0093998908996582 GB allocated
3.275390625 GB reserved
dict_keys(['index', 'mixture_magnitude', 'mixture_phase', 'source_phase', 'mix_magnitude', 'ideal_binary_mask', 'source_magnitudes'])
1.0093998908996582 GB allocated
3.275390625 GB reserved
dict_keys(['index', 'mixture_magnitude', 'mixture_phase', 'source_phase', 'mix_magnitude', 'ideal_binary_mask', 'source_magnitudes'])
1.0085468292236328 GB allocated
3.275390625 GB reserved
dict_keys(['index', 'mixture_magnitude', 'mixture_phase', 'source_phase', 'mix_magnitude', 'ideal_binary_mask', 'source_magnitudes'])
1.0093998908996582 GB allocated
3.275390625 GB reserved
dict_keys(['index', 'mixture_magnitude', 'mixture_phase', 'source_phase', 'mix_magnitude', 'ideal_binary_mask', 'source_magnitudes'])
1.0093998908996582 GB allocated
3.275390625 GB reserved
dict_keys(['index', 'mixture_magnitude', 'mixture_phase', 'source_phase', 'mix_magnitude', 'ideal_binary_mask', 'source_magnitudes'])
1.0093998908996582 GB allocated
3.275390625 GB reserved
dict_keys(['index', 'mixture_magnitude', 'mixture_phase', 'source_phase', 'mix_magnitude', 'ideal_binary_mask', 'source_magnitudes'])
1.0085468292236328 GB allocated
3.275390625 GB reserved
dict_keys(['index', 'mixture_magnitude', 'mixture_phase', 'source_phase', 'mix_magnitude', 'ideal_binary_mask', 'source_magnitudes'])
1.0093998908996582 GB allocated
3.275390625 GB reserved
dict_keys(['index', 'mixture_magnitude', 'mixture_phase', 'source_phase', 'mix_magnitude', 'ideal_binary_mask', 'source_magnitudes'])
1.0093998908996582 GB allocated
3.275390625 GB reserved
dict_keys(['index', 'mixture_magnitude', 'mixture_phase', 'source_phase', 'mix_magnitude', 'ideal_binary_mask', 'source_magnitudes'])
1.0093998908996582 GB allocated
3.275390625 GB reserved
dict_keys(['index', 'mixture_magnitude', 'mixture_phase', 'source_phase', 'mix_magnitude', 'ideal_binary_mask', 'source_magnitudes'])
1.0085468292236328 GB allocated
3.275390625 GB reserved
dict_keys(['index', 'mixture_magnitude', 'mixture_phase', 'source_phase', 'mix_magnitude', 'ideal_binary_mask', 'source_magnitudes'])
1.0093998908996582 GB allocated
3.275390625 GB reserved
dict_keys(['index', 'mixture_magnitude', 'mixture_phase', 'source_phase', 'mix_magnitude', 'ideal_binary_mask', 'source_magnitudes'])
1.0093998908996582 GB allocated
3.275390625 GB reserved
dict_keys(['index', 'mixture_magnitude', 'mixture_phase', 'source_phase', 'mix_magnitude', 'ideal_binary_mask', 'source_magnitudes'])
1.0093998908996582 GB allocated
3.275390625 GB reserved
dict_keys(['index', 'mixture_magnitude', 'mixture_phase', 'source_phase', 'mix_magnitude', 'ideal_binary_mask', 'source_magnitudes'])
1.0085468292236328 GB allocated
3.275390625 GB reserved
dict_keys(['index', 'mixture_magnitude', 'mixture_phase', 'source_phase', 'mix_magnitude', 'ideal_binary_mask', 'source_magnitudes'])
1.0093998908996582 GB allocated
3.275390625 GB reserved
dict_keys(['index', 'mixture_magnitude', 'mixture_phase', 'source_phase', 'mix_magnitude', 'ideal_binary_mask', 'source_magnitudes'])
1.0093998908996582 GB allocated
3.275390625 GB reserved
dict_keys(['index', 'mixture_magnitude', 'mixture_phase', 'source_phase', 'mix_magnitude', 'ideal_binary_mask', 'source_magnitudes'])
1.0093998908996582 GB allocated
3.275390625 GB reserved
dict_keys(['index', 'mixture_magnitude', 'mixture_phase', 'source_phase', 'mix_magnitude', 'ideal_binary_mask', 'source_magnitudes'])
1.0085468292236328 GB allocated
3.275390625 GB reserved
dict_keys(['index', 'mixture_magnitude', 'mixture_phase', 'source_phase', 'mix_magnitude', 'ideal_binary_mask', 'source_magnitudes'])
1.0093998908996582 GB allocated
3.275390625 GB reserved
dict_keys(['index', 'mixture_magnitude', 'mixture_phase', 'source_phase', 'mix_magnitude', 'ideal_binary_mask', 'source_magnitudes'])
1.0093998908996582 GB allocated
3.275390625 GB reserved
05/20/2026 03:00:57 AM | engine.py:906 Engine run starting with max_epochs=1.
05/20/2026 03:02:03 AM | engine.py:1010 Epoch[1] Complete. Time taken: 00:01:06.651
dict_keys(['index', 'mixture_magnitude', 'mixture_phase', 'source_phase', 'mix_magnitude', 'ideal_binary_mask', 'source_magnitudes'])
1.0093998908996582 GB allocated
3.275390625 GB reserved
dict_keys(['index', 'mixture_magnitude', 'mixture_phase', 'source_phase', 'mix_magnitude', 'ideal_binary_mask', 'source_magnitudes'])
1.0085468292236328 GB allocated
3.275390625 GB reserved
dict_keys(['index', 'mixture_magnitude', 'mixture_phase', 'source_phase', 'mix_magnitude', 'ideal_binary_mask', 'source_magnitudes'])
1.0093998908996582 GB allocated
3.275390625 GB reserved
dict_keys(['index', 'mixture_magnitude', 'mixture_phase', 'source_phase', 'mix_magnitude', 'ideal_binary_mask', 'source_magnitudes'])
1.0093998908996582 GB allocated
3.275390625 GB reserved
dict_keys(['index', 'mixture_magnitude', 'mixture_phase', 'source_phase', 'mix_magnitude', 'ideal_binary_mask', 'source_magnitudes'])
1.0093998908996582 GB allocated
3.275390625 GB reserved
dict_keys(['index', 'mixture_magnitude', 'mixture_phase', 'source_phase', 'mix_magnitude', 'ideal_binary_mask', 'source_magnitudes'])
1.0085468292236328 GB allocated
3.275390625 GB reserved
dict_keys(['index', 'mixture_magnitude', 'mixture_phase', 'source_phase', 'mix_magnitude', 'ideal_binary_mask', 'source_magnitudes'])
1.0093998908996582 GB allocated
3.275390625 GB reserved
dict_keys(['index', 'mixture_magnitude', 'mixture_phase', 'source_phase', 'mix_magnitude', 'ideal_binary_mask', 'source_magnitudes'])
1.0093998908996582 GB allocated
3.275390625 GB reserved
dict_keys(['index', 'mixture_magnitude', 'mixture_phase', 'source_phase', 'mix_magnitude', 'ideal_binary_mask', 'source_magnitudes'])
1.0093998908996582 GB allocated
3.275390625 GB reserved
dict_keys(['index', 'mixture_magnitude', 'mixture_phase', 'source_phase', 'mix_magnitude', 'ideal_binary_mask', 'source_magnitudes'])
1.0085468292236328 GB allocated
3.275390625 GB reserved
dict_keys(['index', 'mixture_magnitude', 'mixture_phase', 'source_phase', 'mix_magnitude', 'ideal_binary_mask', 'source_magnitudes'])
1.0093998908996582 GB allocated
3.275390625 GB reserved
dict_keys(['index', 'mixture_magnitude', 'mixture_phase', 'source_phase', 'mix_magnitude', 'ideal_binary_mask', 'source_magnitudes'])
1.0093998908996582 GB allocated
3.275390625 GB reserved
dict_keys(['index', 'mixture_magnitude', 'mixture_phase', 'source_phase', 'mix_magnitude', 'ideal_binary_mask', 'source_magnitudes'])
1.0093998908996582 GB allocated
3.275390625 GB reserved
dict_keys(['index', 'mixture_magnitude', 'mixture_phase', 'source_phase', 'mix_magnitude', 'ideal_binary_mask', 'source_magnitudes'])
1.0085468292236328 GB allocated
3.275390625 GB reserved
dict_keys(['index', 'mixture_magnitude', 'mixture_phase', 'source_phase', 'mix_magnitude', 'ideal_binary_mask', 'source_magnitudes'])
1.0093998908996582 GB allocated
3.275390625 GB reserved
dict_keys(['index', 'mixture_magnitude', 'mixture_phase', 'source_phase', 'mix_magnitude', 'ideal_binary_mask', 'source_magnitudes'])
1.0093998908996582 GB allocated
3.275390625 GB reserved
dict_keys(['index', 'mixture_magnitude', 'mixture_phase', 'source_phase', 'mix_magnitude', 'ideal_binary_mask', 'source_magnitudes'])
1.0093998908996582 GB allocated
3.275390625 GB reserved
dict_keys(['index', 'mixture_magnitude', 'mixture_phase', 'source_phase', 'mix_magnitude', 'ideal_binary_mask', 'source_magnitudes'])
1.0085468292236328 GB allocated
3.275390625 GB reserved
dict_keys(['index', 'mixture_magnitude', 'mixture_phase', 'source_phase', 'mix_magnitude', 'ideal_binary_mask', 'source_magnitudes'])
1.0093998908996582 GB allocated
3.275390625 GB reserved
dict_keys(['index', 'mixture_magnitude', 'mixture_phase', 'source_phase', 'mix_magnitude', 'ideal_binary_mask', 'source_magnitudes'])
1.0093998908996582 GB allocated
3.275390625 GB reserved
dict_keys(['index', 'mixture_magnitude', 'mixture_phase', 'source_phase', 'mix_magnitude', 'ideal_binary_mask', 'source_magnitudes'])
1.0093998908996582 GB allocated
3.275390625 GB reserved
dict_keys(['index', 'mixture_magnitude', 'mixture_phase', 'source_phase', 'mix_magnitude', 'ideal_binary_mask', 'source_magnitudes'])
1.0085468292236328 GB allocated
3.275390625 GB reserved
dict_keys(['index', 'mixture_magnitude', 'mixture_phase', 'source_phase', 'mix_magnitude', 'ideal_binary_mask', 'source_magnitudes'])
1.0093998908996582 GB allocated
3.275390625 GB reserved
dict_keys(['index', 'mixture_magnitude', 'mixture_phase', 'source_phase', 'mix_magnitude', 'ideal_binary_mask', 'source_magnitudes'])
1.0093998908996582 GB allocated
3.275390625 GB reserved
dict_keys(['index', 'mixture_magnitude', 'mixture_phase', 'source_phase', 'mix_magnitude', 'ideal_binary_mask', 'source_magnitudes'])
1.0093998908996582 GB allocated
3.275390625 GB reserved
dict_keys(['index', 'mixture_magnitude', 'mixture_phase', 'source_phase', 'mix_magnitude', 'ideal_binary_mask', 'source_magnitudes'])
1.0085468292236328 GB allocated
3.275390625 GB reserved
dict_keys(['index', 'mixture_magnitude', 'mixture_phase', 'source_phase', 'mix_magnitude', 'ideal_binary_mask', 'source_magnitudes'])
1.0093998908996582 GB allocated
3.275390625 GB reserved
dict_keys(['index', 'mixture_magnitude', 'mixture_phase', 'source_phase', 'mix_magnitude', 'ideal_binary_mask', 'source_magnitudes'])
1.0093998908996582 GB allocated
3.275390625 GB reserved
dict_keys(['index', 'mixture_magnitude', 'mixture_phase', 'source_phase', 'mix_magnitude', 'ideal_binary_mask', 'source_magnitudes'])
1.0093998908996582 GB allocated
3.275390625 GB reserved
dict_keys(['index', 'mixture_magnitude', 'mixture_phase', 'source_phase', 'mix_magnitude', 'ideal_binary_mask', 'source_magnitudes'])
1.0085468292236328 GB allocated
3.275390625 GB reserved
dict_keys(['index', 'mixture_magnitude', 'mixture_phase', 'source_phase', 'mix_magnitude', 'ideal_binary_mask', 'source_magnitudes'])
1.0093998908996582 GB allocated
3.275390625 GB reserved
dict_keys(['index', 'mixture_magnitude', 'mixture_phase', 'source_phase', 'mix_magnitude', 'ideal_binary_mask', 'source_magnitudes'])
1.0093998908996582 GB allocated
3.275390625 GB reserved
dict_keys(['index', 'mixture_magnitude', 'mixture_phase', 'source_phase', 'mix_magnitude', 'ideal_binary_mask', 'source_magnitudes'])
1.0093998908996582 GB allocated
3.275390625 GB reserved
dict_keys(['index', 'mixture_magnitude', 'mixture_phase', 'source_phase', 'mix_magnitude', 'ideal_binary_mask', 'source_magnitudes'])
1.0085468292236328 GB allocated
3.275390625 GB reserved
dict_keys(['index', 'mixture_magnitude', 'mixture_phase', 'source_phase', 'mix_magnitude', 'ideal_binary_mask', 'source_magnitudes'])
1.0093998908996582 GB allocated
3.275390625 GB reserved
dict_keys(['index', 'mixture_magnitude', 'mixture_phase', 'source_phase', 'mix_magnitude', 'ideal_binary_mask', 'source_magnitudes'])
1.0093998908996582 GB allocated
3.275390625 GB reserved
dict_keys(['index', 'mixture_magnitude', 'mixture_phase', 'source_phase', 'mix_magnitude', 'ideal_binary_mask', 'source_magnitudes'])
1.0093998908996582 GB allocated
3.275390625 GB reserved
dict_keys(['index', 'mixture_magnitude', 'mixture_phase', 'source_phase', 'mix_magnitude', 'ideal_binary_mask', 'source_magnitudes'])
1.0085468292236328 GB allocated
3.275390625 GB reserved
dict_keys(['index', 'mixture_magnitude', 'mixture_phase', 'source_phase', 'mix_magnitude', 'ideal_binary_mask', 'source_magnitudes'])
1.0093998908996582 GB allocated
3.275390625 GB reserved
dict_keys(['index', 'mixture_magnitude', 'mixture_phase', 'source_phase', 'mix_magnitude', 'ideal_binary_mask', 'source_magnitudes'])
1.0093998908996582 GB allocated
3.275390625 GB reserved
dict_keys(['index', 'mixture_magnitude', 'mixture_phase', 'source_phase', 'mix_magnitude', 'ideal_binary_mask', 'source_magnitudes'])
1.0093998908996582 GB allocated
3.275390625 GB reserved
dict_keys(['index', 'mixture_magnitude', 'mixture_phase', 'source_phase', 'mix_magnitude', 'ideal_binary_mask', 'source_magnitudes'])
1.0085468292236328 GB allocated
3.275390625 GB reserved
dict_keys(['index', 'mixture_magnitude', 'mixture_phase', 'source_phase', 'mix_magnitude', 'ideal_binary_mask', 'source_magnitudes'])
1.0093998908996582 GB allocated
3.275390625 GB reserved
dict_keys(['index', 'mixture_magnitude', 'mixture_phase', 'source_phase', 'mix_magnitude', 'ideal_binary_mask', 'source_magnitudes'])
1.0093998908996582 GB allocated
3.275390625 GB reserved
dict_keys(['index', 'mixture_magnitude', 'mixture_phase', 'source_phase', 'mix_magnitude', 'ideal_binary_mask', 'source_magnitudes'])
1.0093998908996582 GB allocated
3.275390625 GB reserved
dict_keys(['index', 'mixture_magnitude', 'mixture_phase', 'source_phase', 'mix_magnitude', 'ideal_binary_mask', 'source_magnitudes'])
1.0085468292236328 GB allocated
3.275390625 GB reserved
dict_keys(['index', 'mixture_magnitude', 'mixture_phase', 'source_phase', 'mix_magnitude', 'ideal_binary_mask', 'source_magnitudes'])
1.0093998908996582 GB allocated
3.275390625 GB reserved
dict_keys(['index', 'mixture_magnitude', 'mixture_phase', 'source_phase', 'mix_magnitude', 'ideal_binary_mask', 'source_magnitudes'])
1.0093998908996582 GB allocated
3.275390625 GB reserved
dict_keys(['index', 'mixture_magnitude', 'mixture_phase', 'source_phase', 'mix_magnitude', 'ideal_binary_mask', 'source_magnitudes'])
1.0093998908996582 GB allocated
3.275390625 GB reserved
dict_keys(['index', 'mixture_magnitude', 'mixture_phase', 'source_phase', 'mix_magnitude', 'ideal_binary_mask', 'source_magnitudes'])
1.0085468292236328 GB allocated
3.275390625 GB reserved
dict_keys(['index', 'mixture_magnitude', 'mixture_phase', 'source_phase', 'mix_magnitude', 'ideal_binary_mask', 'source_magnitudes'])
1.0093998908996582 GB allocated
3.275390625 GB reserved
dict_keys(['index', 'mixture_magnitude', 'mixture_phase', 'source_phase', 'mix_magnitude', 'ideal_binary_mask', 'source_magnitudes'])
1.0093998908996582 GB allocated
3.275390625 GB reserved
dict_keys(['index', 'mixture_magnitude', 'mixture_phase', 'source_phase', 'mix_magnitude', 'ideal_binary_mask', 'source_magnitudes'])
1.0093998908996582 GB allocated
3.275390625 GB reserved
dict_keys(['index', 'mixture_magnitude', 'mixture_phase', 'source_phase', 'mix_magnitude', 'ideal_binary_mask', 'source_magnitudes'])
1.0085468292236328 GB allocated
3.275390625 GB reserved
dict_keys(['index', 'mixture_magnitude', 'mixture_phase', 'source_phase', 'mix_magnitude', 'ideal_binary_mask', 'source_magnitudes'])
1.0093998908996582 GB allocated
3.275390625 GB reserved
dict_keys(['index', 'mixture_magnitude', 'mixture_phase', 'source_phase', 'mix_magnitude', 'ideal_binary_mask', 'source_magnitudes'])
1.0093998908996582 GB allocated
3.275390625 GB reserved
dict_keys(['index', 'mixture_magnitude', 'mixture_phase', 'source_phase', 'mix_magnitude', 'ideal_binary_mask', 'source_magnitudes'])
1.0093998908996582 GB allocated
3.275390625 GB reserved
dict_keys(['index', 'mixture_magnitude', 'mixture_phase', 'source_phase', 'mix_magnitude', 'ideal_binary_mask', 'source_magnitudes'])
[Validator] Epoch 4 - val_loss: 0.000607
[BEST CHECKPOINT] Guardado/actualizado en: checkpoints\Mis_modelos_v2\main\l1_freq checkpoints\4stems\best_checkpoint_4_val_loss=-0.0006.pt
05/20/2026 03:02:03 AM | engine.py:1037 Engine run finished. Time taken: 00:01:06.660
[Epoch 4] train_loss=0.000569 | val_loss=0.000607
05/20/2026 03:02:03 AM | engine.py:1010 Epoch[4] Complete. Time taken: 00:19:07.895
1.0085468292236328 GB allocated
3.275390625 GB reserved
dict_keys(['index', 'mixture_magnitude', 'mixture_phase', 'source_phase', 'mix_magnitude', 'ideal_binary_mask', 'source_magnitudes'])
1.0093998908996582 GB allocated
3.275390625 GB reserved
dict_keys(['index', 'mixture_magnitude', 'mixture_phase', 'source_phase', 'mix_magnitude', 'ideal_binary_mask', 'source_magnitudes'])
1.0093998908996582 GB allocated
3.275390625 GB reserved
dict_keys(['index', 'mixture_magnitude', 'mixture_phase', 'source_phase', 'mix_magnitude', 'ideal_binary_mask', 'source_magnitudes'])
1.0093998908996582 GB allocated
3.275390625 GB reserved
dict_keys(['index', 'mixture_magnitude', 'mixture_phase', 'source_phase', 'mix_magnitude', 'ideal_binary_mask', 'source_magnitudes'])
1.0085468292236328 GB allocated
3.275390625 GB reserved
dict_keys(['index', 'mixture_magnitude', 'mixture_phase', 'source_phase', 'mix_magnitude', 'ideal_binary_mask', 'source_magnitudes'])
1.0093998908996582 GB allocated
3.275390625 GB reserved
dict_keys(['index', 'mixture_magnitude', 'mixture_phase', 'source_phase', 'mix_magnitude', 'ideal_binary_mask', 'source_magnitudes'])
1.0093998908996582 GB allocated
3.275390625 GB reserved
dict_keys(['index', 'mixture_magnitude', 'mixture_phase', 'source_phase', 'mix_magnitude', 'ideal_binary_mask', 'source_magnitudes'])
1.0093998908996582 GB allocated
3.275390625 GB reserved
dict_keys(['index', 'mixture_magnitude', 'mixture_phase', 'source_phase', 'mix_magnitude', 'ideal_binary_mask', 'source_magnitudes'])
1.0085468292236328 GB allocated
3.275390625 GB reserved
dict_keys(['index', 'mixture_magnitude', 'mixture_phase', 'source_phase', 'mix_magnitude', 'ideal_binary_mask', 'source_magnitudes'])
1.0093998908996582 GB allocated
3.275390625 GB reserved
dict_keys(['index', 'mixture_magnitude', 'mixture_phase', 'source_phase', 'mix_magnitude', 'ideal_binary_mask', 'source_magnitudes'])
1.0093998908996582 GB allocated
3.275390625 GB reserved
dict_keys(['index', 'mixture_magnitude', 'mixture_phase', 'source_phase', 'mix_magnitude', 'ideal_binary_mask', 'source_magnitudes'])
1.0093998908996582 GB allocated
3.275390625 GB reserved
dict_keys(['index', 'mixture_magnitude', 'mixture_phase', 'source_phase', 'mix_magnitude', 'ideal_binary_mask', 'source_magnitudes'])
1.0085468292236328 GB allocated
3.275390625 GB reserved
dict_keys(['index', 'mixture_magnitude', 'mixture_phase', 'source_phase', 'mix_magnitude', 'ideal_binary_mask', 'source_magnitudes'])
1.0093998908996582 GB allocated
3.275390625 GB reserved
dict_keys(['index', 'mixture_magnitude', 'mixture_phase', 'source_phase', 'mix_magnitude', 'ideal_binary_mask', 'source_magnitudes'])
1.0093998908996582 GB allocated
3.275390625 GB reserved
dict_keys(['index', 'mixture_magnitude', 'mixture_phase', 'source_phase', 'mix_magnitude', 'ideal_binary_mask', 'source_magnitudes'])
1.0093998908996582 GB allocated
3.275390625 GB reserved
dict_keys(['index', 'mixture_magnitude', 'mixture_phase', 'source_phase', 'mix_magnitude', 'ideal_binary_mask', 'source_magnitudes'])
1.0085468292236328 GB allocated
3.275390625 GB reserved
dict_keys(['index', 'mixture_magnitude', 'mixture_phase', 'source_phase', 'mix_magnitude', 'ideal_binary_mask', 'source_magnitudes'])
1.0093998908996582 GB allocated
3.275390625 GB reserved
dict_keys(['index', 'mixture_magnitude', 'mixture_phase', 'source_phase', 'mix_magnitude', 'ideal_binary_mask', 'source_magnitudes'])
1.0093998908996582 GB allocated
3.275390625 GB reserved
dict_keys(['index', 'mixture_magnitude', 'mixture_phase', 'source_phase', 'mix_magnitude', 'ideal_binary_mask', 'source_magnitudes'])
1.0093998908996582 GB allocated
3.275390625 GB reserved
dict_keys(['index', 'mixture_magnitude', 'mixture_phase', 'source_phase', 'mix_magnitude', 'ideal_binary_mask', 'source_magnitudes'])
1.0085468292236328 GB allocated
3.275390625 GB reserved
dict_keys(['index', 'mixture_magnitude', 'mixture_phase', 'source_phase', 'mix_magnitude', 'ideal_binary_mask', 'source_magnitudes'])
1.0093998908996582 GB allocated
3.275390625 GB reserved
dict_keys(['index', 'mixture_magnitude', 'mixture_phase', 'source_phase', 'mix_magnitude', 'ideal_binary_mask', 'source_magnitudes'])
1.0093998908996582 GB allocated
3.275390625 GB reserved
dict_keys(['index', 'mixture_magnitude', 'mixture_phase', 'source_phase', 'mix_magnitude', 'ideal_binary_mask', 'source_magnitudes'])
1.0093998908996582 GB allocated
3.275390625 GB reserved
dict_keys(['index', 'mixture_magnitude', 'mixture_phase', 'source_phase', 'mix_magnitude', 'ideal_binary_mask', 'source_magnitudes'])
1.0085468292236328 GB allocated
3.275390625 GB reserved
dict_keys(['index', 'mixture_magnitude', 'mixture_phase', 'source_phase', 'mix_magnitude', 'ideal_binary_mask', 'source_magnitudes'])
1.0093998908996582 GB allocated
3.275390625 GB reserved
dict_keys(['index', 'mixture_magnitude', 'mixture_phase', 'source_phase', 'mix_magnitude', 'ideal_binary_mask', 'source_magnitudes'])
1.0093998908996582 GB allocated
3.275390625 GB reserved
dict_keys(['index', 'mixture_magnitude', 'mixture_phase', 'source_phase', 'mix_magnitude', 'ideal_binary_mask', 'source_magnitudes'])
1.0093998908996582 GB allocated
3.275390625 GB reserved
dict_keys(['index', 'mixture_magnitude', 'mixture_phase', 'source_phase', 'mix_magnitude', 'ideal_binary_mask', 'source_magnitudes'])
1.0085468292236328 GB allocated
3.275390625 GB reserved
dict_keys(['index', 'mixture_magnitude', 'mixture_phase', 'source_phase', 'mix_magnitude', 'ideal_binary_mask', 'source_magnitudes'])
1.0093998908996582 GB allocated
3.275390625 GB reserved
dict_keys(['index', 'mixture_magnitude', 'mixture_phase', 'source_phase', 'mix_magnitude', 'ideal_binary_mask', 'source_magnitudes'])
1.0093998908996582 GB allocated
3.275390625 GB reserved
dict_keys(['index', 'mixture_magnitude', 'mixture_phase', 'source_phase', 'mix_magnitude', 'ideal_binary_mask', 'source_magnitudes'])
1.0093998908996582 GB allocated
3.275390625 GB reserved
dict_keys(['index', 'mixture_magnitude', 'mixture_phase', 'source_phase', 'mix_magnitude', 'ideal_binary_mask', 'source_magnitudes'])
1.0085468292236328 GB allocated
3.275390625 GB reserved
dict_keys(['index', 'mixture_magnitude', 'mixture_phase', 'source_phase', 'mix_magnitude', 'ideal_binary_mask', 'source_magnitudes'])
1.0093998908996582 GB allocated
3.275390625 GB reserved
dict_keys(['index', 'mixture_magnitude', 'mixture_phase', 'source_phase', 'mix_magnitude', 'ideal_binary_mask', 'source_magnitudes'])
1.0093998908996582 GB allocated
3.275390625 GB reserved
dict_keys(['index', 'mixture_magnitude', 'mixture_phase', 'source_phase', 'mix_magnitude', 'ideal_binary_mask', 'source_magnitudes'])
1.0093998908996582 GB allocated
3.275390625 GB reserved
dict_keys(['index', 'mixture_magnitude', 'mixture_phase', 'source_phase', 'mix_magnitude', 'ideal_binary_mask', 'source_magnitudes'])
1.0085468292236328 GB allocated
3.275390625 GB reserved
dict_keys(['index', 'mixture_magnitude', 'mixture_phase', 'source_phase', 'mix_magnitude', 'ideal_binary_mask', 'source_magnitudes'])
1.0093998908996582 GB allocated
3.275390625 GB reserved
dict_keys(['index', 'mixture_magnitude', 'mixture_phase', 'source_phase', 'mix_magnitude', 'ideal_binary_mask', 'source_magnitudes'])
1.0093998908996582 GB allocated
3.275390625 GB reserved
dict_keys(['index', 'mixture_magnitude', 'mixture_phase', 'source_phase', 'mix_magnitude', 'ideal_binary_mask', 'source_magnitudes'])
1.0093998908996582 GB allocated
3.275390625 GB reserved
dict_keys(['index', 'mixture_magnitude', 'mixture_phase', 'source_phase', 'mix_magnitude', 'ideal_binary_mask', 'source_magnitudes'])
1.0085468292236328 GB allocated
3.275390625 GB reserved
dict_keys(['index', 'mixture_magnitude', 'mixture_phase', 'source_phase', 'mix_magnitude', 'ideal_binary_mask', 'source_magnitudes'])
1.0093998908996582 GB allocated
3.275390625 GB reserved
dict_keys(['index', 'mixture_magnitude', 'mixture_phase', 'source_phase', 'mix_magnitude', 'ideal_binary_mask', 'source_magnitudes'])
1.0093998908996582 GB allocated
3.275390625 GB reserved
05/20/2026 03:20:18 AM | engine.py:906 Engine run starting with max_epochs=1.
05/20/2026 03:21:25 AM | engine.py:1010 Epoch[1] Complete. Time taken: 00:01:07.736
dict_keys(['index', 'mixture_magnitude', 'mixture_phase', 'source_phase', 'mix_magnitude', 'ideal_binary_mask', 'source_magnitudes'])
1.0093998908996582 GB allocated
3.275390625 GB reserved
dict_keys(['index', 'mixture_magnitude', 'mixture_phase', 'source_phase', 'mix_magnitude', 'ideal_binary_mask', 'source_magnitudes'])
1.0085468292236328 GB allocated
3.275390625 GB reserved
dict_keys(['index', 'mixture_magnitude', 'mixture_phase', 'source_phase', 'mix_magnitude', 'ideal_binary_mask', 'source_magnitudes'])
1.0093998908996582 GB allocated
3.275390625 GB reserved
dict_keys(['index', 'mixture_magnitude', 'mixture_phase', 'source_phase', 'mix_magnitude', 'ideal_binary_mask', 'source_magnitudes'])
1.0093998908996582 GB allocated
3.275390625 GB reserved
dict_keys(['index', 'mixture_magnitude', 'mixture_phase', 'source_phase', 'mix_magnitude', 'ideal_binary_mask', 'source_magnitudes'])
1.0093998908996582 GB allocated
3.275390625 GB reserved
dict_keys(['index', 'mixture_magnitude', 'mixture_phase', 'source_phase', 'mix_magnitude', 'ideal_binary_mask', 'source_magnitudes'])
1.0085468292236328 GB allocated
3.275390625 GB reserved
dict_keys(['index', 'mixture_magnitude', 'mixture_phase', 'source_phase', 'mix_magnitude', 'ideal_binary_mask', 'source_magnitudes'])
1.0093998908996582 GB allocated
3.275390625 GB reserved
dict_keys(['index', 'mixture_magnitude', 'mixture_phase', 'source_phase', 'mix_magnitude', 'ideal_binary_mask', 'source_magnitudes'])
1.0093998908996582 GB allocated
3.275390625 GB reserved
dict_keys(['index', 'mixture_magnitude', 'mixture_phase', 'source_phase', 'mix_magnitude', 'ideal_binary_mask', 'source_magnitudes'])
1.0093998908996582 GB allocated
3.275390625 GB reserved
dict_keys(['index', 'mixture_magnitude', 'mixture_phase', 'source_phase', 'mix_magnitude', 'ideal_binary_mask', 'source_magnitudes'])
1.0085468292236328 GB allocated
3.275390625 GB reserved
dict_keys(['index', 'mixture_magnitude', 'mixture_phase', 'source_phase', 'mix_magnitude', 'ideal_binary_mask', 'source_magnitudes'])
1.0093998908996582 GB allocated
3.275390625 GB reserved
dict_keys(['index', 'mixture_magnitude', 'mixture_phase', 'source_phase', 'mix_magnitude', 'ideal_binary_mask', 'source_magnitudes'])
1.0093998908996582 GB allocated
3.275390625 GB reserved
dict_keys(['index', 'mixture_magnitude', 'mixture_phase', 'source_phase', 'mix_magnitude', 'ideal_binary_mask', 'source_magnitudes'])
1.0093998908996582 GB allocated
3.275390625 GB reserved
dict_keys(['index', 'mixture_magnitude', 'mixture_phase', 'source_phase', 'mix_magnitude', 'ideal_binary_mask', 'source_magnitudes'])
1.0085468292236328 GB allocated
3.275390625 GB reserved
dict_keys(['index', 'mixture_magnitude', 'mixture_phase', 'source_phase', 'mix_magnitude', 'ideal_binary_mask', 'source_magnitudes'])
1.0093998908996582 GB allocated
3.275390625 GB reserved
dict_keys(['index', 'mixture_magnitude', 'mixture_phase', 'source_phase', 'mix_magnitude', 'ideal_binary_mask', 'source_magnitudes'])
1.0093998908996582 GB allocated
3.275390625 GB reserved
dict_keys(['index', 'mixture_magnitude', 'mixture_phase', 'source_phase', 'mix_magnitude', 'ideal_binary_mask', 'source_magnitudes'])
1.0093998908996582 GB allocated
3.275390625 GB reserved
dict_keys(['index', 'mixture_magnitude', 'mixture_phase', 'source_phase', 'mix_magnitude', 'ideal_binary_mask', 'source_magnitudes'])
1.0085468292236328 GB allocated
3.275390625 GB reserved
dict_keys(['index', 'mixture_magnitude', 'mixture_phase', 'source_phase', 'mix_magnitude', 'ideal_binary_mask', 'source_magnitudes'])
1.0093998908996582 GB allocated
3.275390625 GB reserved
dict_keys(['index', 'mixture_magnitude', 'mixture_phase', 'source_phase', 'mix_magnitude', 'ideal_binary_mask', 'source_magnitudes'])
1.0093998908996582 GB allocated
3.275390625 GB reserved
dict_keys(['index', 'mixture_magnitude', 'mixture_phase', 'source_phase', 'mix_magnitude', 'ideal_binary_mask', 'source_magnitudes'])
1.0093998908996582 GB allocated
3.275390625 GB reserved
dict_keys(['index', 'mixture_magnitude', 'mixture_phase', 'source_phase', 'mix_magnitude', 'ideal_binary_mask', 'source_magnitudes'])
1.0085468292236328 GB allocated
3.275390625 GB reserved
dict_keys(['index', 'mixture_magnitude', 'mixture_phase', 'source_phase', 'mix_magnitude', 'ideal_binary_mask', 'source_magnitudes'])
1.0093998908996582 GB allocated
3.275390625 GB reserved
dict_keys(['index', 'mixture_magnitude', 'mixture_phase', 'source_phase', 'mix_magnitude', 'ideal_binary_mask', 'source_magnitudes'])
1.0093998908996582 GB allocated
3.275390625 GB reserved
dict_keys(['index', 'mixture_magnitude', 'mixture_phase', 'source_phase', 'mix_magnitude', 'ideal_binary_mask', 'source_magnitudes'])
1.0093998908996582 GB allocated
3.275390625 GB reserved
dict_keys(['index', 'mixture_magnitude', 'mixture_phase', 'source_phase', 'mix_magnitude', 'ideal_binary_mask', 'source_magnitudes'])
1.0085468292236328 GB allocated
3.275390625 GB reserved
dict_keys(['index', 'mixture_magnitude', 'mixture_phase', 'source_phase', 'mix_magnitude', 'ideal_binary_mask', 'source_magnitudes'])
1.0093998908996582 GB allocated
3.275390625 GB reserved
dict_keys(['index', 'mixture_magnitude', 'mixture_phase', 'source_phase', 'mix_magnitude', 'ideal_binary_mask', 'source_magnitudes'])
1.0093998908996582 GB allocated
3.275390625 GB reserved
dict_keys(['index', 'mixture_magnitude', 'mixture_phase', 'source_phase', 'mix_magnitude', 'ideal_binary_mask', 'source_magnitudes'])
1.0093998908996582 GB allocated
3.275390625 GB reserved
dict_keys(['index', 'mixture_magnitude', 'mixture_phase', 'source_phase', 'mix_magnitude', 'ideal_binary_mask', 'source_magnitudes'])
1.0085468292236328 GB allocated
3.275390625 GB reserved
dict_keys(['index', 'mixture_magnitude', 'mixture_phase', 'source_phase', 'mix_magnitude', 'ideal_binary_mask', 'source_magnitudes'])
1.0093998908996582 GB allocated
3.275390625 GB reserved
dict_keys(['index', 'mixture_magnitude', 'mixture_phase', 'source_phase', 'mix_magnitude', 'ideal_binary_mask', 'source_magnitudes'])
1.0093998908996582 GB allocated
3.275390625 GB reserved
dict_keys(['index', 'mixture_magnitude', 'mixture_phase', 'source_phase', 'mix_magnitude', 'ideal_binary_mask', 'source_magnitudes'])
1.0093998908996582 GB allocated
3.275390625 GB reserved
dict_keys(['index', 'mixture_magnitude', 'mixture_phase', 'source_phase', 'mix_magnitude', 'ideal_binary_mask', 'source_magnitudes'])
1.0085468292236328 GB allocated
3.275390625 GB reserved
dict_keys(['index', 'mixture_magnitude', 'mixture_phase', 'source_phase', 'mix_magnitude', 'ideal_binary_mask', 'source_magnitudes'])
1.0093998908996582 GB allocated
3.275390625 GB reserved
dict_keys(['index', 'mixture_magnitude', 'mixture_phase', 'source_phase', 'mix_magnitude', 'ideal_binary_mask', 'source_magnitudes'])
1.0093998908996582 GB allocated
3.275390625 GB reserved
dict_keys(['index', 'mixture_magnitude', 'mixture_phase', 'source_phase', 'mix_magnitude', 'ideal_binary_mask', 'source_magnitudes'])
1.0093998908996582 GB allocated
3.275390625 GB reserved
dict_keys(['index', 'mixture_magnitude', 'mixture_phase', 'source_phase', 'mix_magnitude', 'ideal_binary_mask', 'source_magnitudes'])
1.0085468292236328 GB allocated
3.275390625 GB reserved
dict_keys(['index', 'mixture_magnitude', 'mixture_phase', 'source_phase', 'mix_magnitude', 'ideal_binary_mask', 'source_magnitudes'])
1.0093998908996582 GB allocated
3.275390625 GB reserved
dict_keys(['index', 'mixture_magnitude', 'mixture_phase', 'source_phase', 'mix_magnitude', 'ideal_binary_mask', 'source_magnitudes'])
1.0093998908996582 GB allocated
3.275390625 GB reserved
dict_keys(['index', 'mixture_magnitude', 'mixture_phase', 'source_phase', 'mix_magnitude', 'ideal_binary_mask', 'source_magnitudes'])
1.0093998908996582 GB allocated
3.275390625 GB reserved
dict_keys(['index', 'mixture_magnitude', 'mixture_phase', 'source_phase', 'mix_magnitude', 'ideal_binary_mask', 'source_magnitudes'])
1.0085468292236328 GB allocated
3.275390625 GB reserved
dict_keys(['index', 'mixture_magnitude', 'mixture_phase', 'source_phase', 'mix_magnitude', 'ideal_binary_mask', 'source_magnitudes'])
1.0093998908996582 GB allocated
3.275390625 GB reserved
dict_keys(['index', 'mixture_magnitude', 'mixture_phase', 'source_phase', 'mix_magnitude', 'ideal_binary_mask', 'source_magnitudes'])
1.0093998908996582 GB allocated
3.275390625 GB reserved
dict_keys(['index', 'mixture_magnitude', 'mixture_phase', 'source_phase', 'mix_magnitude', 'ideal_binary_mask', 'source_magnitudes'])
1.0093998908996582 GB allocated
3.275390625 GB reserved
dict_keys(['index', 'mixture_magnitude', 'mixture_phase', 'source_phase', 'mix_magnitude', 'ideal_binary_mask', 'source_magnitudes'])
1.0085468292236328 GB allocated
3.275390625 GB reserved
dict_keys(['index', 'mixture_magnitude', 'mixture_phase', 'source_phase', 'mix_magnitude', 'ideal_binary_mask', 'source_magnitudes'])
1.0093998908996582 GB allocated
3.275390625 GB reserved
dict_keys(['index', 'mixture_magnitude', 'mixture_phase', 'source_phase', 'mix_magnitude', 'ideal_binary_mask', 'source_magnitudes'])
1.0093998908996582 GB allocated
3.275390625 GB reserved
dict_keys(['index', 'mixture_magnitude', 'mixture_phase', 'source_phase', 'mix_magnitude', 'ideal_binary_mask', 'source_magnitudes'])
1.0093998908996582 GB allocated
3.275390625 GB reserved
dict_keys(['index', 'mixture_magnitude', 'mixture_phase', 'source_phase', 'mix_magnitude', 'ideal_binary_mask', 'source_magnitudes'])
1.0085468292236328 GB allocated
3.275390625 GB reserved
dict_keys(['index', 'mixture_magnitude', 'mixture_phase', 'source_phase', 'mix_magnitude', 'ideal_binary_mask', 'source_magnitudes'])
1.0093998908996582 GB allocated
3.275390625 GB reserved
dict_keys(['index', 'mixture_magnitude', 'mixture_phase', 'source_phase', 'mix_magnitude', 'ideal_binary_mask', 'source_magnitudes'])
1.0093998908996582 GB allocated
3.275390625 GB reserved
dict_keys(['index', 'mixture_magnitude', 'mixture_phase', 'source_phase', 'mix_magnitude', 'ideal_binary_mask', 'source_magnitudes'])
1.0093998908996582 GB allocated
3.275390625 GB reserved
dict_keys(['index', 'mixture_magnitude', 'mixture_phase', 'source_phase', 'mix_magnitude', 'ideal_binary_mask', 'source_magnitudes'])
1.0085468292236328 GB allocated
3.275390625 GB reserved
dict_keys(['index', 'mixture_magnitude', 'mixture_phase', 'source_phase', 'mix_magnitude', 'ideal_binary_mask', 'source_magnitudes'])
1.0093998908996582 GB allocated
3.275390625 GB reserved
dict_keys(['index', 'mixture_magnitude', 'mixture_phase', 'source_phase', 'mix_magnitude', 'ideal_binary_mask', 'source_magnitudes'])
1.0093998908996582 GB allocated
3.275390625 GB reserved
dict_keys(['index', 'mixture_magnitude', 'mixture_phase', 'source_phase', 'mix_magnitude', 'ideal_binary_mask', 'source_magnitudes'])
1.0093998908996582 GB allocated
3.275390625 GB reserved
dict_keys(['index', 'mixture_magnitude', 'mixture_phase', 'source_phase', 'mix_magnitude', 'ideal_binary_mask', 'source_magnitudes'])
[Validator] Epoch 5 - val_loss: 0.000602
[BEST CHECKPOINT] Guardado/actualizado en: checkpoints\Mis_modelos_v2\main\l1_freq checkpoints\4stems\best_checkpoint_5_val_loss=-0.0006.pt
05/20/2026 03:21:25 AM | engine.py:1037 Engine run finished. Time taken: 00:01:07.745
[Epoch 5] train_loss=0.000567 | val_loss=0.000602
05/20/2026 03:21:25 AM | engine.py:1010 Epoch[5] Complete. Time taken: 00:19:21.916
1.0085468292236328 GB allocated
3.275390625 GB reserved
dict_keys(['index', 'mixture_magnitude', 'mixture_phase', 'source_phase', 'mix_magnitude', 'ideal_binary_mask', 'source_magnitudes'])
1.0093998908996582 GB allocated
3.275390625 GB reserved
dict_keys(['index', 'mixture_magnitude', 'mixture_phase', 'source_phase', 'mix_magnitude', 'ideal_binary_mask', 'source_magnitudes'])
1.0093998908996582 GB allocated
3.275390625 GB reserved
dict_keys(['index', 'mixture_magnitude', 'mixture_phase', 'source_phase', 'mix_magnitude', 'ideal_binary_mask', 'source_magnitudes'])
1.0093998908996582 GB allocated
3.275390625 GB reserved
dict_keys(['index', 'mixture_magnitude', 'mixture_phase', 'source_phase', 'mix_magnitude', 'ideal_binary_mask', 'source_magnitudes'])
1.0085468292236328 GB allocated
3.275390625 GB reserved
dict_keys(['index', 'mixture_magnitude', 'mixture_phase', 'source_phase', 'mix_magnitude', 'ideal_binary_mask', 'source_magnitudes'])
1.0093998908996582 GB allocated
3.275390625 GB reserved
dict_keys(['index', 'mixture_magnitude', 'mixture_phase', 'source_phase', 'mix_magnitude', 'ideal_binary_mask', 'source_magnitudes'])
1.0093998908996582 GB allocated
3.275390625 GB reserved
dict_keys(['index', 'mixture_magnitude', 'mixture_phase', 'source_phase', 'mix_magnitude', 'ideal_binary_mask', 'source_magnitudes'])
1.0093998908996582 GB allocated
3.275390625 GB reserved
dict_keys(['index', 'mixture_magnitude', 'mixture_phase', 'source_phase', 'mix_magnitude', 'ideal_binary_mask', 'source_magnitudes'])
1.0085468292236328 GB allocated
3.275390625 GB reserved
dict_keys(['index', 'mixture_magnitude', 'mixture_phase', 'source_phase', 'mix_magnitude', 'ideal_binary_mask', 'source_magnitudes'])
1.0093998908996582 GB allocated
3.275390625 GB reserved
dict_keys(['index', 'mixture_magnitude', 'mixture_phase', 'source_phase', 'mix_magnitude', 'ideal_binary_mask', 'source_magnitudes'])
1.0093998908996582 GB allocated
3.275390625 GB reserved
dict_keys(['index', 'mixture_magnitude', 'mixture_phase', 'source_phase', 'mix_magnitude', 'ideal_binary_mask', 'source_magnitudes'])
1.0093998908996582 GB allocated
3.275390625 GB reserved
dict_keys(['index', 'mixture_magnitude', 'mixture_phase', 'source_phase', 'mix_magnitude', 'ideal_binary_mask', 'source_magnitudes'])
1.0085468292236328 GB allocated
3.275390625 GB reserved
dict_keys(['index', 'mixture_magnitude', 'mixture_phase', 'source_phase', 'mix_magnitude', 'ideal_binary_mask', 'source_magnitudes'])
1.0093998908996582 GB allocated
3.275390625 GB reserved
dict_keys(['index', 'mixture_magnitude', 'mixture_phase', 'source_phase', 'mix_magnitude', 'ideal_binary_mask', 'source_magnitudes'])
1.0093998908996582 GB allocated
3.275390625 GB reserved
dict_keys(['index', 'mixture_magnitude', 'mixture_phase', 'source_phase', 'mix_magnitude', 'ideal_binary_mask', 'source_magnitudes'])
1.0093998908996582 GB allocated
3.275390625 GB reserved
dict_keys(['index', 'mixture_magnitude', 'mixture_phase', 'source_phase', 'mix_magnitude', 'ideal_binary_mask', 'source_magnitudes'])
1.0085468292236328 GB allocated
3.275390625 GB reserved
dict_keys(['index', 'mixture_magnitude', 'mixture_phase', 'source_phase', 'mix_magnitude', 'ideal_binary_mask', 'source_magnitudes'])
1.0093998908996582 GB allocated
3.275390625 GB reserved
dict_keys(['index', 'mixture_magnitude', 'mixture_phase', 'source_phase', 'mix_magnitude', 'ideal_binary_mask', 'source_magnitudes'])
1.0093998908996582 GB allocated
3.275390625 GB reserved
dict_keys(['index', 'mixture_magnitude', 'mixture_phase', 'source_phase', 'mix_magnitude', 'ideal_binary_mask', 'source_magnitudes'])
1.0093998908996582 GB allocated
3.275390625 GB reserved
dict_keys(['index', 'mixture_magnitude', 'mixture_phase', 'source_phase', 'mix_magnitude', 'ideal_binary_mask', 'source_magnitudes'])
1.0085468292236328 GB allocated
3.275390625 GB reserved
dict_keys(['index', 'mixture_magnitude', 'mixture_phase', 'source_phase', 'mix_magnitude', 'ideal_binary_mask', 'source_magnitudes'])
1.0093998908996582 GB allocated
3.275390625 GB reserved
dict_keys(['index', 'mixture_magnitude', 'mixture_phase', 'source_phase', 'mix_magnitude', 'ideal_binary_mask', 'source_magnitudes'])
1.0093998908996582 GB allocated
3.275390625 GB reserved
dict_keys(['index', 'mixture_magnitude', 'mixture_phase', 'source_phase', 'mix_magnitude', 'ideal_binary_mask', 'source_magnitudes'])
1.0093998908996582 GB allocated
3.275390625 GB reserved
dict_keys(['index', 'mixture_magnitude', 'mixture_phase', 'source_phase', 'mix_magnitude', 'ideal_binary_mask', 'source_magnitudes'])
1.0085468292236328 GB allocated
3.275390625 GB reserved
dict_keys(['index', 'mixture_magnitude', 'mixture_phase', 'source_phase', 'mix_magnitude', 'ideal_binary_mask', 'source_magnitudes'])
1.0093998908996582 GB allocated
3.275390625 GB reserved
dict_keys(['index', 'mixture_magnitude', 'mixture_phase', 'source_phase', 'mix_magnitude', 'ideal_binary_mask', 'source_magnitudes'])
1.0093998908996582 GB allocated
3.275390625 GB reserved
dict_keys(['index', 'mixture_magnitude', 'mixture_phase', 'source_phase', 'mix_magnitude', 'ideal_binary_mask', 'source_magnitudes'])
1.0093998908996582 GB allocated
3.275390625 GB reserved
dict_keys(['index', 'mixture_magnitude', 'mixture_phase', 'source_phase', 'mix_magnitude', 'ideal_binary_mask', 'source_magnitudes'])
1.0085468292236328 GB allocated
3.275390625 GB reserved
dict_keys(['index', 'mixture_magnitude', 'mixture_phase', 'source_phase', 'mix_magnitude', 'ideal_binary_mask', 'source_magnitudes'])
1.0093998908996582 GB allocated
3.275390625 GB reserved
dict_keys(['index', 'mixture_magnitude', 'mixture_phase', 'source_phase', 'mix_magnitude', 'ideal_binary_mask', 'source_magnitudes'])
1.0093998908996582 GB allocated
3.275390625 GB reserved
dict_keys(['index', 'mixture_magnitude', 'mixture_phase', 'source_phase', 'mix_magnitude', 'ideal_binary_mask', 'source_magnitudes'])
1.0093998908996582 GB allocated
3.275390625 GB reserved
dict_keys(['index', 'mixture_magnitude', 'mixture_phase', 'source_phase', 'mix_magnitude', 'ideal_binary_mask', 'source_magnitudes'])
1.0085468292236328 GB allocated
3.275390625 GB reserved
dict_keys(['index', 'mixture_magnitude', 'mixture_phase', 'source_phase', 'mix_magnitude', 'ideal_binary_mask', 'source_magnitudes'])
1.0093998908996582 GB allocated
3.275390625 GB reserved
dict_keys(['index', 'mixture_magnitude', 'mixture_phase', 'source_phase', 'mix_magnitude', 'ideal_binary_mask', 'source_magnitudes'])
1.0093998908996582 GB allocated
3.275390625 GB reserved
dict_keys(['index', 'mixture_magnitude', 'mixture_phase', 'source_phase', 'mix_magnitude', 'ideal_binary_mask', 'source_magnitudes'])
1.0093998908996582 GB allocated
3.275390625 GB reserved
dict_keys(['index', 'mixture_magnitude', 'mixture_phase', 'source_phase', 'mix_magnitude', 'ideal_binary_mask', 'source_magnitudes'])
1.0085468292236328 GB allocated
3.275390625 GB reserved
dict_keys(['index', 'mixture_magnitude', 'mixture_phase', 'source_phase', 'mix_magnitude', 'ideal_binary_mask', 'source_magnitudes'])
1.0093998908996582 GB allocated
3.275390625 GB reserved
dict_keys(['index', 'mixture_magnitude', 'mixture_phase', 'source_phase', 'mix_magnitude', 'ideal_binary_mask', 'source_magnitudes'])
1.0093998908996582 GB allocated
3.275390625 GB reserved
dict_keys(['index', 'mixture_magnitude', 'mixture_phase', 'source_phase', 'mix_magnitude', 'ideal_binary_mask', 'source_magnitudes'])
1.0093998908996582 GB allocated
3.275390625 GB reserved
dict_keys(['index', 'mixture_magnitude', 'mixture_phase', 'source_phase', 'mix_magnitude', 'ideal_binary_mask', 'source_magnitudes'])
1.0085468292236328 GB allocated
3.275390625 GB reserved
dict_keys(['index', 'mixture_magnitude', 'mixture_phase', 'source_phase', 'mix_magnitude', 'ideal_binary_mask', 'source_magnitudes'])
1.0093998908996582 GB allocated
3.275390625 GB reserved
dict_keys(['index', 'mixture_magnitude', 'mixture_phase', 'source_phase', 'mix_magnitude', 'ideal_binary_mask', 'source_magnitudes'])
1.0093998908996582 GB allocated
3.275390625 GB reserved
05/20/2026 03:39:33 AM | engine.py:906 Engine run starting with max_epochs=1.
05/20/2026 03:40:40 AM | engine.py:1010 Epoch[1] Complete. Time taken: 00:01:07.220
dict_keys(['index', 'mixture_magnitude', 'mixture_phase', 'source_phase', 'mix_magnitude', 'ideal_binary_mask', 'source_magnitudes'])
1.0093998908996582 GB allocated
3.275390625 GB reserved
dict_keys(['index', 'mixture_magnitude', 'mixture_phase', 'source_phase', 'mix_magnitude', 'ideal_binary_mask', 'source_magnitudes'])
1.0085468292236328 GB allocated
3.275390625 GB reserved
dict_keys(['index', 'mixture_magnitude', 'mixture_phase', 'source_phase', 'mix_magnitude', 'ideal_binary_mask', 'source_magnitudes'])
1.0093998908996582 GB allocated
3.275390625 GB reserved
dict_keys(['index', 'mixture_magnitude', 'mixture_phase', 'source_phase', 'mix_magnitude', 'ideal_binary_mask', 'source_magnitudes'])
1.0093998908996582 GB allocated
3.275390625 GB reserved
dict_keys(['index', 'mixture_magnitude', 'mixture_phase', 'source_phase', 'mix_magnitude', 'ideal_binary_mask', 'source_magnitudes'])
1.0093998908996582 GB allocated
3.275390625 GB reserved
dict_keys(['index', 'mixture_magnitude', 'mixture_phase', 'source_phase', 'mix_magnitude', 'ideal_binary_mask', 'source_magnitudes'])
1.0085468292236328 GB allocated
3.275390625 GB reserved
dict_keys(['index', 'mixture_magnitude', 'mixture_phase', 'source_phase', 'mix_magnitude', 'ideal_binary_mask', 'source_magnitudes'])
1.0093998908996582 GB allocated
3.275390625 GB reserved
dict_keys(['index', 'mixture_magnitude', 'mixture_phase', 'source_phase', 'mix_magnitude', 'ideal_binary_mask', 'source_magnitudes'])
1.0093998908996582 GB allocated
3.275390625 GB reserved
dict_keys(['index', 'mixture_magnitude', 'mixture_phase', 'source_phase', 'mix_magnitude', 'ideal_binary_mask', 'source_magnitudes'])
1.0093998908996582 GB allocated
3.275390625 GB reserved
dict_keys(['index', 'mixture_magnitude', 'mixture_phase', 'source_phase', 'mix_magnitude', 'ideal_binary_mask', 'source_magnitudes'])
1.0085468292236328 GB allocated
3.275390625 GB reserved
dict_keys(['index', 'mixture_magnitude', 'mixture_phase', 'source_phase', 'mix_magnitude', 'ideal_binary_mask', 'source_magnitudes'])
1.0093998908996582 GB allocated
3.275390625 GB reserved
dict_keys(['index', 'mixture_magnitude', 'mixture_phase', 'source_phase', 'mix_magnitude', 'ideal_binary_mask', 'source_magnitudes'])
1.0093998908996582 GB allocated
3.275390625 GB reserved
dict_keys(['index', 'mixture_magnitude', 'mixture_phase', 'source_phase', 'mix_magnitude', 'ideal_binary_mask', 'source_magnitudes'])
1.0093998908996582 GB allocated
3.275390625 GB reserved
dict_keys(['index', 'mixture_magnitude', 'mixture_phase', 'source_phase', 'mix_magnitude', 'ideal_binary_mask', 'source_magnitudes'])
1.0085468292236328 GB allocated
3.275390625 GB reserved
dict_keys(['index', 'mixture_magnitude', 'mixture_phase', 'source_phase', 'mix_magnitude', 'ideal_binary_mask', 'source_magnitudes'])
1.0093998908996582 GB allocated
3.275390625 GB reserved
dict_keys(['index', 'mixture_magnitude', 'mixture_phase', 'source_phase', 'mix_magnitude', 'ideal_binary_mask', 'source_magnitudes'])
1.0093998908996582 GB allocated
3.275390625 GB reserved
dict_keys(['index', 'mixture_magnitude', 'mixture_phase', 'source_phase', 'mix_magnitude', 'ideal_binary_mask', 'source_magnitudes'])
1.0093998908996582 GB allocated
3.275390625 GB reserved
dict_keys(['index', 'mixture_magnitude', 'mixture_phase', 'source_phase', 'mix_magnitude', 'ideal_binary_mask', 'source_magnitudes'])
1.0085468292236328 GB allocated
3.275390625 GB reserved
dict_keys(['index', 'mixture_magnitude', 'mixture_phase', 'source_phase', 'mix_magnitude', 'ideal_binary_mask', 'source_magnitudes'])
1.0093998908996582 GB allocated
3.275390625 GB reserved
dict_keys(['index', 'mixture_magnitude', 'mixture_phase', 'source_phase', 'mix_magnitude', 'ideal_binary_mask', 'source_magnitudes'])
1.0093998908996582 GB allocated
3.275390625 GB reserved
dict_keys(['index', 'mixture_magnitude', 'mixture_phase', 'source_phase', 'mix_magnitude', 'ideal_binary_mask', 'source_magnitudes'])
1.0093998908996582 GB allocated
3.275390625 GB reserved
dict_keys(['index', 'mixture_magnitude', 'mixture_phase', 'source_phase', 'mix_magnitude', 'ideal_binary_mask', 'source_magnitudes'])
1.0085468292236328 GB allocated
3.275390625 GB reserved
dict_keys(['index', 'mixture_magnitude', 'mixture_phase', 'source_phase', 'mix_magnitude', 'ideal_binary_mask', 'source_magnitudes'])
1.0093998908996582 GB allocated
3.275390625 GB reserved
dict_keys(['index', 'mixture_magnitude', 'mixture_phase', 'source_phase', 'mix_magnitude', 'ideal_binary_mask', 'source_magnitudes'])
1.0093998908996582 GB allocated
3.275390625 GB reserved
dict_keys(['index', 'mixture_magnitude', 'mixture_phase', 'source_phase', 'mix_magnitude', 'ideal_binary_mask', 'source_magnitudes'])
1.0093998908996582 GB allocated
3.275390625 GB reserved
dict_keys(['index', 'mixture_magnitude', 'mixture_phase', 'source_phase', 'mix_magnitude', 'ideal_binary_mask', 'source_magnitudes'])
1.0085468292236328 GB allocated
3.275390625 GB reserved
dict_keys(['index', 'mixture_magnitude', 'mixture_phase', 'source_phase', 'mix_magnitude', 'ideal_binary_mask', 'source_magnitudes'])
1.0093998908996582 GB allocated
3.275390625 GB reserved
dict_keys(['index', 'mixture_magnitude', 'mixture_phase', 'source_phase', 'mix_magnitude', 'ideal_binary_mask', 'source_magnitudes'])
1.0093998908996582 GB allocated
3.275390625 GB reserved
dict_keys(['index', 'mixture_magnitude', 'mixture_phase', 'source_phase', 'mix_magnitude', 'ideal_binary_mask', 'source_magnitudes'])
1.0093998908996582 GB allocated
3.275390625 GB reserved
dict_keys(['index', 'mixture_magnitude', 'mixture_phase', 'source_phase', 'mix_magnitude', 'ideal_binary_mask', 'source_magnitudes'])
1.0085468292236328 GB allocated
3.275390625 GB reserved
dict_keys(['index', 'mixture_magnitude', 'mixture_phase', 'source_phase', 'mix_magnitude', 'ideal_binary_mask', 'source_magnitudes'])
1.0093998908996582 GB allocated
3.275390625 GB reserved
dict_keys(['index', 'mixture_magnitude', 'mixture_phase', 'source_phase', 'mix_magnitude', 'ideal_binary_mask', 'source_magnitudes'])
1.0093998908996582 GB allocated
3.275390625 GB reserved
dict_keys(['index', 'mixture_magnitude', 'mixture_phase', 'source_phase', 'mix_magnitude', 'ideal_binary_mask', 'source_magnitudes'])
1.0093998908996582 GB allocated
3.275390625 GB reserved
dict_keys(['index', 'mixture_magnitude', 'mixture_phase', 'source_phase', 'mix_magnitude', 'ideal_binary_mask', 'source_magnitudes'])
1.0085468292236328 GB allocated
3.275390625 GB reserved
dict_keys(['index', 'mixture_magnitude', 'mixture_phase', 'source_phase', 'mix_magnitude', 'ideal_binary_mask', 'source_magnitudes'])
1.0093998908996582 GB allocated
3.275390625 GB reserved
dict_keys(['index', 'mixture_magnitude', 'mixture_phase', 'source_phase', 'mix_magnitude', 'ideal_binary_mask', 'source_magnitudes'])
1.0093998908996582 GB allocated
3.275390625 GB reserved
dict_keys(['index', 'mixture_magnitude', 'mixture_phase', 'source_phase', 'mix_magnitude', 'ideal_binary_mask', 'source_magnitudes'])
1.0093998908996582 GB allocated
3.275390625 GB reserved
dict_keys(['index', 'mixture_magnitude', 'mixture_phase', 'source_phase', 'mix_magnitude', 'ideal_binary_mask', 'source_magnitudes'])
1.0085468292236328 GB allocated
3.275390625 GB reserved
dict_keys(['index', 'mixture_magnitude', 'mixture_phase', 'source_phase', 'mix_magnitude', 'ideal_binary_mask', 'source_magnitudes'])
1.0093998908996582 GB allocated
3.275390625 GB reserved
dict_keys(['index', 'mixture_magnitude', 'mixture_phase', 'source_phase', 'mix_magnitude', 'ideal_binary_mask', 'source_magnitudes'])
1.0093998908996582 GB allocated
3.275390625 GB reserved
dict_keys(['index', 'mixture_magnitude', 'mixture_phase', 'source_phase', 'mix_magnitude', 'ideal_binary_mask', 'source_magnitudes'])
1.0093998908996582 GB allocated
3.275390625 GB reserved
dict_keys(['index', 'mixture_magnitude', 'mixture_phase', 'source_phase', 'mix_magnitude', 'ideal_binary_mask', 'source_magnitudes'])
1.0085468292236328 GB allocated
3.275390625 GB reserved
dict_keys(['index', 'mixture_magnitude', 'mixture_phase', 'source_phase', 'mix_magnitude', 'ideal_binary_mask', 'source_magnitudes'])
1.0093998908996582 GB allocated
3.275390625 GB reserved
dict_keys(['index', 'mixture_magnitude', 'mixture_phase', 'source_phase', 'mix_magnitude', 'ideal_binary_mask', 'source_magnitudes'])
1.0093998908996582 GB allocated
3.275390625 GB reserved
dict_keys(['index', 'mixture_magnitude', 'mixture_phase', 'source_phase', 'mix_magnitude', 'ideal_binary_mask', 'source_magnitudes'])
1.0093998908996582 GB allocated
3.275390625 GB reserved
dict_keys(['index', 'mixture_magnitude', 'mixture_phase', 'source_phase', 'mix_magnitude', 'ideal_binary_mask', 'source_magnitudes'])
1.0085468292236328 GB allocated
3.275390625 GB reserved
dict_keys(['index', 'mixture_magnitude', 'mixture_phase', 'source_phase', 'mix_magnitude', 'ideal_binary_mask', 'source_magnitudes'])
1.0093998908996582 GB allocated
3.275390625 GB reserved
dict_keys(['index', 'mixture_magnitude', 'mixture_phase', 'source_phase', 'mix_magnitude', 'ideal_binary_mask', 'source_magnitudes'])
1.0093998908996582 GB allocated
3.275390625 GB reserved
dict_keys(['index', 'mixture_magnitude', 'mixture_phase', 'source_phase', 'mix_magnitude', 'ideal_binary_mask', 'source_magnitudes'])
1.0093998908996582 GB allocated
3.275390625 GB reserved
dict_keys(['index', 'mixture_magnitude', 'mixture_phase', 'source_phase', 'mix_magnitude', 'ideal_binary_mask', 'source_magnitudes'])
1.0085468292236328 GB allocated
3.275390625 GB reserved
dict_keys(['index', 'mixture_magnitude', 'mixture_phase', 'source_phase', 'mix_magnitude', 'ideal_binary_mask', 'source_magnitudes'])
1.0093998908996582 GB allocated
3.275390625 GB reserved
dict_keys(['index', 'mixture_magnitude', 'mixture_phase', 'source_phase', 'mix_magnitude', 'ideal_binary_mask', 'source_magnitudes'])
1.0093998908996582 GB allocated
3.275390625 GB reserved
dict_keys(['index', 'mixture_magnitude', 'mixture_phase', 'source_phase', 'mix_magnitude', 'ideal_binary_mask', 'source_magnitudes'])
1.0093998908996582 GB allocated
3.275390625 GB reserved
dict_keys(['index', 'mixture_magnitude', 'mixture_phase', 'source_phase', 'mix_magnitude', 'ideal_binary_mask', 'source_magnitudes'])
1.0085468292236328 GB allocated
3.275390625 GB reserved
dict_keys(['index', 'mixture_magnitude', 'mixture_phase', 'source_phase', 'mix_magnitude', 'ideal_binary_mask', 'source_magnitudes'])
1.0093998908996582 GB allocated
3.275390625 GB reserved
dict_keys(['index', 'mixture_magnitude', 'mixture_phase', 'source_phase', 'mix_magnitude', 'ideal_binary_mask', 'source_magnitudes'])
1.0093998908996582 GB allocated
3.275390625 GB reserved
dict_keys(['index', 'mixture_magnitude', 'mixture_phase', 'source_phase', 'mix_magnitude', 'ideal_binary_mask', 'source_magnitudes'])
1.0093998908996582 GB allocated
3.275390625 GB reserved
dict_keys(['index', 'mixture_magnitude', 'mixture_phase', 'source_phase', 'mix_magnitude', 'ideal_binary_mask', 'source_magnitudes'])
[Validator] Epoch 6 - val_loss: 0.000600
[BEST CHECKPOINT] Guardado/actualizado en: checkpoints\Mis_modelos_v2\main\l1_freq checkpoints\4stems\best_checkpoint_6_val_loss=-0.0006.pt
05/20/2026 03:40:40 AM | engine.py:1037 Engine run finished. Time taken: 00:01:07.232
[Epoch 6] train_loss=0.000559 | val_loss=0.000600
05/20/2026 03:40:40 AM | engine.py:1010 Epoch[6] Complete. Time taken: 00:19:14.918
1.0085468292236328 GB allocated
3.275390625 GB reserved
dict_keys(['index', 'mixture_magnitude', 'mixture_phase', 'source_phase', 'mix_magnitude', 'ideal_binary_mask', 'source_magnitudes'])
1.0093998908996582 GB allocated
3.275390625 GB reserved
dict_keys(['index', 'mixture_magnitude', 'mixture_phase', 'source_phase', 'mix_magnitude', 'ideal_binary_mask', 'source_magnitudes'])
1.0093998908996582 GB allocated
3.275390625 GB reserved
dict_keys(['index', 'mixture_magnitude', 'mixture_phase', 'source_phase', 'mix_magnitude', 'ideal_binary_mask', 'source_magnitudes'])
1.0093998908996582 GB allocated
3.275390625 GB reserved
dict_keys(['index', 'mixture_magnitude', 'mixture_phase', 'source_phase', 'mix_magnitude', 'ideal_binary_mask', 'source_magnitudes'])
1.0085468292236328 GB allocated
3.275390625 GB reserved
dict_keys(['index', 'mixture_magnitude', 'mixture_phase', 'source_phase', 'mix_magnitude', 'ideal_binary_mask', 'source_magnitudes'])
1.0093998908996582 GB allocated
3.275390625 GB reserved
dict_keys(['index', 'mixture_magnitude', 'mixture_phase', 'source_phase', 'mix_magnitude', 'ideal_binary_mask', 'source_magnitudes'])
1.0093998908996582 GB allocated
3.275390625 GB reserved
dict_keys(['index', 'mixture_magnitude', 'mixture_phase', 'source_phase', 'mix_magnitude', 'ideal_binary_mask', 'source_magnitudes'])
1.0093998908996582 GB allocated
3.275390625 GB reserved
dict_keys(['index', 'mixture_magnitude', 'mixture_phase', 'source_phase', 'mix_magnitude', 'ideal_binary_mask', 'source_magnitudes'])
1.0085468292236328 GB allocated
3.275390625 GB reserved
dict_keys(['index', 'mixture_magnitude', 'mixture_phase', 'source_phase', 'mix_magnitude', 'ideal_binary_mask', 'source_magnitudes'])
1.0093998908996582 GB allocated
3.275390625 GB reserved
dict_keys(['index', 'mixture_magnitude', 'mixture_phase', 'source_phase', 'mix_magnitude', 'ideal_binary_mask', 'source_magnitudes'])
1.0093998908996582 GB allocated
3.275390625 GB reserved
dict_keys(['index', 'mixture_magnitude', 'mixture_phase', 'source_phase', 'mix_magnitude', 'ideal_binary_mask', 'source_magnitudes'])
1.0093998908996582 GB allocated
3.275390625 GB reserved
dict_keys(['index', 'mixture_magnitude', 'mixture_phase', 'source_phase', 'mix_magnitude', 'ideal_binary_mask', 'source_magnitudes'])
1.0085468292236328 GB allocated
3.275390625 GB reserved
dict_keys(['index', 'mixture_magnitude', 'mixture_phase', 'source_phase', 'mix_magnitude', 'ideal_binary_mask', 'source_magnitudes'])
1.0093998908996582 GB allocated
3.275390625 GB reserved
dict_keys(['index', 'mixture_magnitude', 'mixture_phase', 'source_phase', 'mix_magnitude', 'ideal_binary_mask', 'source_magnitudes'])
1.0093998908996582 GB allocated
3.275390625 GB reserved
dict_keys(['index', 'mixture_magnitude', 'mixture_phase', 'source_phase', 'mix_magnitude', 'ideal_binary_mask', 'source_magnitudes'])
1.0093998908996582 GB allocated
3.275390625 GB reserved
dict_keys(['index', 'mixture_magnitude', 'mixture_phase', 'source_phase', 'mix_magnitude', 'ideal_binary_mask', 'source_magnitudes'])
1.0085468292236328 GB allocated
3.275390625 GB reserved
dict_keys(['index', 'mixture_magnitude', 'mixture_phase', 'source_phase', 'mix_magnitude', 'ideal_binary_mask', 'source_magnitudes'])
1.0093998908996582 GB allocated
3.275390625 GB reserved
dict_keys(['index', 'mixture_magnitude', 'mixture_phase', 'source_phase', 'mix_magnitude', 'ideal_binary_mask', 'source_magnitudes'])
1.0093998908996582 GB allocated
3.275390625 GB reserved
dict_keys(['index', 'mixture_magnitude', 'mixture_phase', 'source_phase', 'mix_magnitude', 'ideal_binary_mask', 'source_magnitudes'])
1.0093998908996582 GB allocated
3.275390625 GB reserved
dict_keys(['index', 'mixture_magnitude', 'mixture_phase', 'source_phase', 'mix_magnitude', 'ideal_binary_mask', 'source_magnitudes'])
1.0085468292236328 GB allocated
3.275390625 GB reserved
dict_keys(['index', 'mixture_magnitude', 'mixture_phase', 'source_phase', 'mix_magnitude', 'ideal_binary_mask', 'source_magnitudes'])
1.0093998908996582 GB allocated
3.275390625 GB reserved
dict_keys(['index', 'mixture_magnitude', 'mixture_phase', 'source_phase', 'mix_magnitude', 'ideal_binary_mask', 'source_magnitudes'])
1.0093998908996582 GB allocated
3.275390625 GB reserved
dict_keys(['index', 'mixture_magnitude', 'mixture_phase', 'source_phase', 'mix_magnitude', 'ideal_binary_mask', 'source_magnitudes'])
1.0093998908996582 GB allocated
3.275390625 GB reserved
dict_keys(['index', 'mixture_magnitude', 'mixture_phase', 'source_phase', 'mix_magnitude', 'ideal_binary_mask', 'source_magnitudes'])
1.0085468292236328 GB allocated
3.275390625 GB reserved
dict_keys(['index', 'mixture_magnitude', 'mixture_phase', 'source_phase', 'mix_magnitude', 'ideal_binary_mask', 'source_magnitudes'])
1.0093998908996582 GB allocated
3.275390625 GB reserved
dict_keys(['index', 'mixture_magnitude', 'mixture_phase', 'source_phase', 'mix_magnitude', 'ideal_binary_mask', 'source_magnitudes'])
1.0093998908996582 GB allocated
3.275390625 GB reserved
dict_keys(['index', 'mixture_magnitude', 'mixture_phase', 'source_phase', 'mix_magnitude', 'ideal_binary_mask', 'source_magnitudes'])
1.0093998908996582 GB allocated
3.275390625 GB reserved
dict_keys(['index', 'mixture_magnitude', 'mixture_phase', 'source_phase', 'mix_magnitude', 'ideal_binary_mask', 'source_magnitudes'])
1.0085468292236328 GB allocated
3.275390625 GB reserved
dict_keys(['index', 'mixture_magnitude', 'mixture_phase', 'source_phase', 'mix_magnitude', 'ideal_binary_mask', 'source_magnitudes'])
1.0093998908996582 GB allocated
3.275390625 GB reserved
dict_keys(['index', 'mixture_magnitude', 'mixture_phase', 'source_phase', 'mix_magnitude', 'ideal_binary_mask', 'source_magnitudes'])
1.0093998908996582 GB allocated
3.275390625 GB reserved
dict_keys(['index', 'mixture_magnitude', 'mixture_phase', 'source_phase', 'mix_magnitude', 'ideal_binary_mask', 'source_magnitudes'])
1.0093998908996582 GB allocated
3.275390625 GB reserved
dict_keys(['index', 'mixture_magnitude', 'mixture_phase', 'source_phase', 'mix_magnitude', 'ideal_binary_mask', 'source_magnitudes'])
1.0085468292236328 GB allocated
3.275390625 GB reserved
dict_keys(['index', 'mixture_magnitude', 'mixture_phase', 'source_phase', 'mix_magnitude', 'ideal_binary_mask', 'source_magnitudes'])
1.0093998908996582 GB allocated
3.275390625 GB reserved
dict_keys(['index', 'mixture_magnitude', 'mixture_phase', 'source_phase', 'mix_magnitude', 'ideal_binary_mask', 'source_magnitudes'])
1.0093998908996582 GB allocated
3.275390625 GB reserved
dict_keys(['index', 'mixture_magnitude', 'mixture_phase', 'source_phase', 'mix_magnitude', 'ideal_binary_mask', 'source_magnitudes'])
1.0093998908996582 GB allocated
3.275390625 GB reserved
dict_keys(['index', 'mixture_magnitude', 'mixture_phase', 'source_phase', 'mix_magnitude', 'ideal_binary_mask', 'source_magnitudes'])
1.0085468292236328 GB allocated
3.275390625 GB reserved
dict_keys(['index', 'mixture_magnitude', 'mixture_phase', 'source_phase', 'mix_magnitude', 'ideal_binary_mask', 'source_magnitudes'])
1.0093998908996582 GB allocated
3.275390625 GB reserved
dict_keys(['index', 'mixture_magnitude', 'mixture_phase', 'source_phase', 'mix_magnitude', 'ideal_binary_mask', 'source_magnitudes'])
1.0093998908996582 GB allocated
3.275390625 GB reserved
dict_keys(['index', 'mixture_magnitude', 'mixture_phase', 'source_phase', 'mix_magnitude', 'ideal_binary_mask', 'source_magnitudes'])
1.0093998908996582 GB allocated
3.275390625 GB reserved
dict_keys(['index', 'mixture_magnitude', 'mixture_phase', 'source_phase', 'mix_magnitude', 'ideal_binary_mask', 'source_magnitudes'])
1.0085468292236328 GB allocated
3.275390625 GB reserved
dict_keys(['index', 'mixture_magnitude', 'mixture_phase', 'source_phase', 'mix_magnitude', 'ideal_binary_mask', 'source_magnitudes'])
1.0093998908996582 GB allocated
3.275390625 GB reserved
dict_keys(['index', 'mixture_magnitude', 'mixture_phase', 'source_phase', 'mix_magnitude', 'ideal_binary_mask', 'source_magnitudes'])
1.0093998908996582 GB allocated
3.275390625 GB reserved
05/20/2026 03:58:44 AM | engine.py:906 Engine run starting with max_epochs=1.
05/20/2026 03:59:51 AM | engine.py:1010 Epoch[1] Complete. Time taken: 00:01:06.658
dict_keys(['index', 'mixture_magnitude', 'mixture_phase', 'source_phase', 'mix_magnitude', 'ideal_binary_mask', 'source_magnitudes'])
1.0093998908996582 GB allocated
3.275390625 GB reserved
dict_keys(['index', 'mixture_magnitude', 'mixture_phase', 'source_phase', 'mix_magnitude', 'ideal_binary_mask', 'source_magnitudes'])
1.0085468292236328 GB allocated
3.275390625 GB reserved
dict_keys(['index', 'mixture_magnitude', 'mixture_phase', 'source_phase', 'mix_magnitude', 'ideal_binary_mask', 'source_magnitudes'])
1.0093998908996582 GB allocated
3.275390625 GB reserved
dict_keys(['index', 'mixture_magnitude', 'mixture_phase', 'source_phase', 'mix_magnitude', 'ideal_binary_mask', 'source_magnitudes'])
1.0093998908996582 GB allocated
3.275390625 GB reserved
dict_keys(['index', 'mixture_magnitude', 'mixture_phase', 'source_phase', 'mix_magnitude', 'ideal_binary_mask', 'source_magnitudes'])
1.0093998908996582 GB allocated
3.275390625 GB reserved
dict_keys(['index', 'mixture_magnitude', 'mixture_phase', 'source_phase', 'mix_magnitude', 'ideal_binary_mask', 'source_magnitudes'])
1.0085468292236328 GB allocated
3.275390625 GB reserved
dict_keys(['index', 'mixture_magnitude', 'mixture_phase', 'source_phase', 'mix_magnitude', 'ideal_binary_mask', 'source_magnitudes'])
1.0093998908996582 GB allocated
3.275390625 GB reserved
dict_keys(['index', 'mixture_magnitude', 'mixture_phase', 'source_phase', 'mix_magnitude', 'ideal_binary_mask', 'source_magnitudes'])
1.0093998908996582 GB allocated
3.275390625 GB reserved
dict_keys(['index', 'mixture_magnitude', 'mixture_phase', 'source_phase', 'mix_magnitude', 'ideal_binary_mask', 'source_magnitudes'])
1.0093998908996582 GB allocated
3.275390625 GB reserved
dict_keys(['index', 'mixture_magnitude', 'mixture_phase', 'source_phase', 'mix_magnitude', 'ideal_binary_mask', 'source_magnitudes'])
1.0085468292236328 GB allocated
3.275390625 GB reserved
dict_keys(['index', 'mixture_magnitude', 'mixture_phase', 'source_phase', 'mix_magnitude', 'ideal_binary_mask', 'source_magnitudes'])
1.0093998908996582 GB allocated
3.275390625 GB reserved
dict_keys(['index', 'mixture_magnitude', 'mixture_phase', 'source_phase', 'mix_magnitude', 'ideal_binary_mask', 'source_magnitudes'])
1.0093998908996582 GB allocated
3.275390625 GB reserved
dict_keys(['index', 'mixture_magnitude', 'mixture_phase', 'source_phase', 'mix_magnitude', 'ideal_binary_mask', 'source_magnitudes'])
1.0093998908996582 GB allocated
3.275390625 GB reserved
dict_keys(['index', 'mixture_magnitude', 'mixture_phase', 'source_phase', 'mix_magnitude', 'ideal_binary_mask', 'source_magnitudes'])
1.0085468292236328 GB allocated
3.275390625 GB reserved
dict_keys(['index', 'mixture_magnitude', 'mixture_phase', 'source_phase', 'mix_magnitude', 'ideal_binary_mask', 'source_magnitudes'])
1.0093998908996582 GB allocated
3.275390625 GB reserved
dict_keys(['index', 'mixture_magnitude', 'mixture_phase', 'source_phase', 'mix_magnitude', 'ideal_binary_mask', 'source_magnitudes'])
1.0093998908996582 GB allocated
3.275390625 GB reserved
dict_keys(['index', 'mixture_magnitude', 'mixture_phase', 'source_phase', 'mix_magnitude', 'ideal_binary_mask', 'source_magnitudes'])
1.0093998908996582 GB allocated
3.275390625 GB reserved
dict_keys(['index', 'mixture_magnitude', 'mixture_phase', 'source_phase', 'mix_magnitude', 'ideal_binary_mask', 'source_magnitudes'])
1.0085468292236328 GB allocated
3.275390625 GB reserved
dict_keys(['index', 'mixture_magnitude', 'mixture_phase', 'source_phase', 'mix_magnitude', 'ideal_binary_mask', 'source_magnitudes'])
1.0093998908996582 GB allocated
3.275390625 GB reserved
dict_keys(['index', 'mixture_magnitude', 'mixture_phase', 'source_phase', 'mix_magnitude', 'ideal_binary_mask', 'source_magnitudes'])
1.0093998908996582 GB allocated
3.275390625 GB reserved
dict_keys(['index', 'mixture_magnitude', 'mixture_phase', 'source_phase', 'mix_magnitude', 'ideal_binary_mask', 'source_magnitudes'])
1.0093998908996582 GB allocated
3.275390625 GB reserved
dict_keys(['index', 'mixture_magnitude', 'mixture_phase', 'source_phase', 'mix_magnitude', 'ideal_binary_mask', 'source_magnitudes'])
1.0085468292236328 GB allocated
3.275390625 GB reserved
dict_keys(['index', 'mixture_magnitude', 'mixture_phase', 'source_phase', 'mix_magnitude', 'ideal_binary_mask', 'source_magnitudes'])
1.0093998908996582 GB allocated
3.275390625 GB reserved
dict_keys(['index', 'mixture_magnitude', 'mixture_phase', 'source_phase', 'mix_magnitude', 'ideal_binary_mask', 'source_magnitudes'])
1.0093998908996582 GB allocated
3.275390625 GB reserved
dict_keys(['index', 'mixture_magnitude', 'mixture_phase', 'source_phase', 'mix_magnitude', 'ideal_binary_mask', 'source_magnitudes'])
1.0093998908996582 GB allocated
3.275390625 GB reserved
dict_keys(['index', 'mixture_magnitude', 'mixture_phase', 'source_phase', 'mix_magnitude', 'ideal_binary_mask', 'source_magnitudes'])
1.0085468292236328 GB allocated
3.275390625 GB reserved
dict_keys(['index', 'mixture_magnitude', 'mixture_phase', 'source_phase', 'mix_magnitude', 'ideal_binary_mask', 'source_magnitudes'])
1.0093998908996582 GB allocated
3.275390625 GB reserved
dict_keys(['index', 'mixture_magnitude', 'mixture_phase', 'source_phase', 'mix_magnitude', 'ideal_binary_mask', 'source_magnitudes'])
1.0093998908996582 GB allocated
3.275390625 GB reserved
dict_keys(['index', 'mixture_magnitude', 'mixture_phase', 'source_phase', 'mix_magnitude', 'ideal_binary_mask', 'source_magnitudes'])
1.0093998908996582 GB allocated
3.275390625 GB reserved
dict_keys(['index', 'mixture_magnitude', 'mixture_phase', 'source_phase', 'mix_magnitude', 'ideal_binary_mask', 'source_magnitudes'])
1.0085468292236328 GB allocated
3.275390625 GB reserved
dict_keys(['index', 'mixture_magnitude', 'mixture_phase', 'source_phase', 'mix_magnitude', 'ideal_binary_mask', 'source_magnitudes'])
1.0093998908996582 GB allocated
3.275390625 GB reserved
dict_keys(['index', 'mixture_magnitude', 'mixture_phase', 'source_phase', 'mix_magnitude', 'ideal_binary_mask', 'source_magnitudes'])
1.0093998908996582 GB allocated
3.275390625 GB reserved
dict_keys(['index', 'mixture_magnitude', 'mixture_phase', 'source_phase', 'mix_magnitude', 'ideal_binary_mask', 'source_magnitudes'])
1.0093998908996582 GB allocated
3.275390625 GB reserved
dict_keys(['index', 'mixture_magnitude', 'mixture_phase', 'source_phase', 'mix_magnitude', 'ideal_binary_mask', 'source_magnitudes'])
1.0085468292236328 GB allocated
3.275390625 GB reserved
dict_keys(['index', 'mixture_magnitude', 'mixture_phase', 'source_phase', 'mix_magnitude', 'ideal_binary_mask', 'source_magnitudes'])
1.0093998908996582 GB allocated
3.275390625 GB reserved
dict_keys(['index', 'mixture_magnitude', 'mixture_phase', 'source_phase', 'mix_magnitude', 'ideal_binary_mask', 'source_magnitudes'])
1.0093998908996582 GB allocated
3.275390625 GB reserved
dict_keys(['index', 'mixture_magnitude', 'mixture_phase', 'source_phase', 'mix_magnitude', 'ideal_binary_mask', 'source_magnitudes'])
1.0093998908996582 GB allocated
3.275390625 GB reserved
dict_keys(['index', 'mixture_magnitude', 'mixture_phase', 'source_phase', 'mix_magnitude', 'ideal_binary_mask', 'source_magnitudes'])
1.0085468292236328 GB allocated
3.275390625 GB reserved
dict_keys(['index', 'mixture_magnitude', 'mixture_phase', 'source_phase', 'mix_magnitude', 'ideal_binary_mask', 'source_magnitudes'])
1.0093998908996582 GB allocated
3.275390625 GB reserved
dict_keys(['index', 'mixture_magnitude', 'mixture_phase', 'source_phase', 'mix_magnitude', 'ideal_binary_mask', 'source_magnitudes'])
1.0093998908996582 GB allocated
3.275390625 GB reserved
dict_keys(['index', 'mixture_magnitude', 'mixture_phase', 'source_phase', 'mix_magnitude', 'ideal_binary_mask', 'source_magnitudes'])
1.0093998908996582 GB allocated
3.275390625 GB reserved
dict_keys(['index', 'mixture_magnitude', 'mixture_phase', 'source_phase', 'mix_magnitude', 'ideal_binary_mask', 'source_magnitudes'])
1.0085468292236328 GB allocated
3.275390625 GB reserved
dict_keys(['index', 'mixture_magnitude', 'mixture_phase', 'source_phase', 'mix_magnitude', 'ideal_binary_mask', 'source_magnitudes'])
1.0093998908996582 GB allocated
3.275390625 GB reserved
dict_keys(['index', 'mixture_magnitude', 'mixture_phase', 'source_phase', 'mix_magnitude', 'ideal_binary_mask', 'source_magnitudes'])
1.0093998908996582 GB allocated
3.275390625 GB reserved
dict_keys(['index', 'mixture_magnitude', 'mixture_phase', 'source_phase', 'mix_magnitude', 'ideal_binary_mask', 'source_magnitudes'])
1.0093998908996582 GB allocated
3.275390625 GB reserved
dict_keys(['index', 'mixture_magnitude', 'mixture_phase', 'source_phase', 'mix_magnitude', 'ideal_binary_mask', 'source_magnitudes'])
1.0085468292236328 GB allocated
3.275390625 GB reserved
dict_keys(['index', 'mixture_magnitude', 'mixture_phase', 'source_phase', 'mix_magnitude', 'ideal_binary_mask', 'source_magnitudes'])
1.0093998908996582 GB allocated
3.275390625 GB reserved
dict_keys(['index', 'mixture_magnitude', 'mixture_phase', 'source_phase', 'mix_magnitude', 'ideal_binary_mask', 'source_magnitudes'])
1.0093998908996582 GB allocated
3.275390625 GB reserved
dict_keys(['index', 'mixture_magnitude', 'mixture_phase', 'source_phase', 'mix_magnitude', 'ideal_binary_mask', 'source_magnitudes'])
1.0093998908996582 GB allocated
3.275390625 GB reserved
dict_keys(['index', 'mixture_magnitude', 'mixture_phase', 'source_phase', 'mix_magnitude', 'ideal_binary_mask', 'source_magnitudes'])
1.0085468292236328 GB allocated
3.275390625 GB reserved
dict_keys(['index', 'mixture_magnitude', 'mixture_phase', 'source_phase', 'mix_magnitude', 'ideal_binary_mask', 'source_magnitudes'])
1.0093998908996582 GB allocated
3.275390625 GB reserved
dict_keys(['index', 'mixture_magnitude', 'mixture_phase', 'source_phase', 'mix_magnitude', 'ideal_binary_mask', 'source_magnitudes'])
1.0093998908996582 GB allocated
3.275390625 GB reserved
dict_keys(['index', 'mixture_magnitude', 'mixture_phase', 'source_phase', 'mix_magnitude', 'ideal_binary_mask', 'source_magnitudes'])
1.0093998908996582 GB allocated
3.275390625 GB reserved
dict_keys(['index', 'mixture_magnitude', 'mixture_phase', 'source_phase', 'mix_magnitude', 'ideal_binary_mask', 'source_magnitudes'])
1.0085468292236328 GB allocated
3.275390625 GB reserved
dict_keys(['index', 'mixture_magnitude', 'mixture_phase', 'source_phase', 'mix_magnitude', 'ideal_binary_mask', 'source_magnitudes'])
1.0093998908996582 GB allocated
3.275390625 GB reserved
dict_keys(['index', 'mixture_magnitude', 'mixture_phase', 'source_phase', 'mix_magnitude', 'ideal_binary_mask', 'source_magnitudes'])
1.0093998908996582 GB allocated
3.275390625 GB reserved
dict_keys(['index', 'mixture_magnitude', 'mixture_phase', 'source_phase', 'mix_magnitude', 'ideal_binary_mask', 'source_magnitudes'])
1.0093998908996582 GB allocated
3.275390625 GB reserved
dict_keys(['index', 'mixture_magnitude', 'mixture_phase', 'source_phase', 'mix_magnitude', 'ideal_binary_mask', 'source_magnitudes'])
[Validator] Epoch 7 - val_loss: 0.000598
[BEST CHECKPOINT] Guardado/actualizado en: checkpoints\Mis_modelos_v2\main\l1_freq checkpoints\4stems\best_checkpoint_7_val_loss=-0.0006.pt
05/20/2026 03:59:51 AM | engine.py:1037 Engine run finished. Time taken: 00:01:06.670
[Epoch 7] train_loss=0.000563 | val_loss=0.000598
05/20/2026 03:59:51 AM | engine.py:1010 Epoch[7] Complete. Time taken: 00:19:10.459
1.0085468292236328 GB allocated
3.275390625 GB reserved
dict_keys(['index', 'mixture_magnitude', 'mixture_phase', 'source_phase', 'mix_magnitude', 'ideal_binary_mask', 'source_magnitudes'])
1.0093998908996582 GB allocated
3.275390625 GB reserved
dict_keys(['index', 'mixture_magnitude', 'mixture_phase', 'source_phase', 'mix_magnitude', 'ideal_binary_mask', 'source_magnitudes'])
1.0093998908996582 GB allocated
3.275390625 GB reserved
dict_keys(['index', 'mixture_magnitude', 'mixture_phase', 'source_phase', 'mix_magnitude', 'ideal_binary_mask', 'source_magnitudes'])
1.0093998908996582 GB allocated
3.275390625 GB reserved
dict_keys(['index', 'mixture_magnitude', 'mixture_phase', 'source_phase', 'mix_magnitude', 'ideal_binary_mask', 'source_magnitudes'])
1.0085468292236328 GB allocated
3.275390625 GB reserved
dict_keys(['index', 'mixture_magnitude', 'mixture_phase', 'source_phase', 'mix_magnitude', 'ideal_binary_mask', 'source_magnitudes'])
1.0093998908996582 GB allocated
3.275390625 GB reserved
dict_keys(['index', 'mixture_magnitude', 'mixture_phase', 'source_phase', 'mix_magnitude', 'ideal_binary_mask', 'source_magnitudes'])
1.0093998908996582 GB allocated
3.275390625 GB reserved
dict_keys(['index', 'mixture_magnitude', 'mixture_phase', 'source_phase', 'mix_magnitude', 'ideal_binary_mask', 'source_magnitudes'])
1.0093998908996582 GB allocated
3.275390625 GB reserved
dict_keys(['index', 'mixture_magnitude', 'mixture_phase', 'source_phase', 'mix_magnitude', 'ideal_binary_mask', 'source_magnitudes'])
1.0085468292236328 GB allocated
3.275390625 GB reserved
dict_keys(['index', 'mixture_magnitude', 'mixture_phase', 'source_phase', 'mix_magnitude', 'ideal_binary_mask', 'source_magnitudes'])
1.0093998908996582 GB allocated
3.275390625 GB reserved
dict_keys(['index', 'mixture_magnitude', 'mixture_phase', 'source_phase', 'mix_magnitude', 'ideal_binary_mask', 'source_magnitudes'])
1.0093998908996582 GB allocated
3.275390625 GB reserved
dict_keys(['index', 'mixture_magnitude', 'mixture_phase', 'source_phase', 'mix_magnitude', 'ideal_binary_mask', 'source_magnitudes'])
1.0093998908996582 GB allocated
3.275390625 GB reserved
dict_keys(['index', 'mixture_magnitude', 'mixture_phase', 'source_phase', 'mix_magnitude', 'ideal_binary_mask', 'source_magnitudes'])
1.0085468292236328 GB allocated
3.275390625 GB reserved
dict_keys(['index', 'mixture_magnitude', 'mixture_phase', 'source_phase', 'mix_magnitude', 'ideal_binary_mask', 'source_magnitudes'])
1.0093998908996582 GB allocated
3.275390625 GB reserved
dict_keys(['index', 'mixture_magnitude', 'mixture_phase', 'source_phase', 'mix_magnitude', 'ideal_binary_mask', 'source_magnitudes'])
1.0093998908996582 GB allocated
3.275390625 GB reserved
dict_keys(['index', 'mixture_magnitude', 'mixture_phase', 'source_phase', 'mix_magnitude', 'ideal_binary_mask', 'source_magnitudes'])
1.0093998908996582 GB allocated
3.275390625 GB reserved
dict_keys(['index', 'mixture_magnitude', 'mixture_phase', 'source_phase', 'mix_magnitude', 'ideal_binary_mask', 'source_magnitudes'])
1.0085468292236328 GB allocated
3.275390625 GB reserved
dict_keys(['index', 'mixture_magnitude', 'mixture_phase', 'source_phase', 'mix_magnitude', 'ideal_binary_mask', 'source_magnitudes'])
1.0093998908996582 GB allocated
3.275390625 GB reserved
dict_keys(['index', 'mixture_magnitude', 'mixture_phase', 'source_phase', 'mix_magnitude', 'ideal_binary_mask', 'source_magnitudes'])
1.0093998908996582 GB allocated
3.275390625 GB reserved
dict_keys(['index', 'mixture_magnitude', 'mixture_phase', 'source_phase', 'mix_magnitude', 'ideal_binary_mask', 'source_magnitudes'])
1.0093998908996582 GB allocated
3.275390625 GB reserved
dict_keys(['index', 'mixture_magnitude', 'mixture_phase', 'source_phase', 'mix_magnitude', 'ideal_binary_mask', 'source_magnitudes'])
1.0085468292236328 GB allocated
3.275390625 GB reserved
dict_keys(['index', 'mixture_magnitude', 'mixture_phase', 'source_phase', 'mix_magnitude', 'ideal_binary_mask', 'source_magnitudes'])
1.0093998908996582 GB allocated
3.275390625 GB reserved
dict_keys(['index', 'mixture_magnitude', 'mixture_phase', 'source_phase', 'mix_magnitude', 'ideal_binary_mask', 'source_magnitudes'])
1.0093998908996582 GB allocated
3.275390625 GB reserved
dict_keys(['index', 'mixture_magnitude', 'mixture_phase', 'source_phase', 'mix_magnitude', 'ideal_binary_mask', 'source_magnitudes'])
1.0093998908996582 GB allocated
3.275390625 GB reserved
dict_keys(['index', 'mixture_magnitude', 'mixture_phase', 'source_phase', 'mix_magnitude', 'ideal_binary_mask', 'source_magnitudes'])
1.0085468292236328 GB allocated
3.275390625 GB reserved
dict_keys(['index', 'mixture_magnitude', 'mixture_phase', 'source_phase', 'mix_magnitude', 'ideal_binary_mask', 'source_magnitudes'])
1.0093998908996582 GB allocated
3.275390625 GB reserved
dict_keys(['index', 'mixture_magnitude', 'mixture_phase', 'source_phase', 'mix_magnitude', 'ideal_binary_mask', 'source_magnitudes'])
1.0093998908996582 GB allocated
3.275390625 GB reserved
dict_keys(['index', 'mixture_magnitude', 'mixture_phase', 'source_phase', 'mix_magnitude', 'ideal_binary_mask', 'source_magnitudes'])
1.0093998908996582 GB allocated
3.275390625 GB reserved
dict_keys(['index', 'mixture_magnitude', 'mixture_phase', 'source_phase', 'mix_magnitude', 'ideal_binary_mask', 'source_magnitudes'])
1.0085468292236328 GB allocated
3.275390625 GB reserved
dict_keys(['index', 'mixture_magnitude', 'mixture_phase', 'source_phase', 'mix_magnitude', 'ideal_binary_mask', 'source_magnitudes'])
1.0093998908996582 GB allocated
3.275390625 GB reserved
dict_keys(['index', 'mixture_magnitude', 'mixture_phase', 'source_phase', 'mix_magnitude', 'ideal_binary_mask', 'source_magnitudes'])
1.0093998908996582 GB allocated
3.275390625 GB reserved
dict_keys(['index', 'mixture_magnitude', 'mixture_phase', 'source_phase', 'mix_magnitude', 'ideal_binary_mask', 'source_magnitudes'])
1.0093998908996582 GB allocated
3.275390625 GB reserved
dict_keys(['index', 'mixture_magnitude', 'mixture_phase', 'source_phase', 'mix_magnitude', 'ideal_binary_mask', 'source_magnitudes'])
1.0085468292236328 GB allocated
3.275390625 GB reserved
dict_keys(['index', 'mixture_magnitude', 'mixture_phase', 'source_phase', 'mix_magnitude', 'ideal_binary_mask', 'source_magnitudes'])
1.0093998908996582 GB allocated
3.275390625 GB reserved
dict_keys(['index', 'mixture_magnitude', 'mixture_phase', 'source_phase', 'mix_magnitude', 'ideal_binary_mask', 'source_magnitudes'])
1.0093998908996582 GB allocated
3.275390625 GB reserved
dict_keys(['index', 'mixture_magnitude', 'mixture_phase', 'source_phase', 'mix_magnitude', 'ideal_binary_mask', 'source_magnitudes'])
1.0093998908996582 GB allocated
3.275390625 GB reserved
dict_keys(['index', 'mixture_magnitude', 'mixture_phase', 'source_phase', 'mix_magnitude', 'ideal_binary_mask', 'source_magnitudes'])
1.0085468292236328 GB allocated
3.275390625 GB reserved
dict_keys(['index', 'mixture_magnitude', 'mixture_phase', 'source_phase', 'mix_magnitude', 'ideal_binary_mask', 'source_magnitudes'])
1.0093998908996582 GB allocated
3.275390625 GB reserved
dict_keys(['index', 'mixture_magnitude', 'mixture_phase', 'source_phase', 'mix_magnitude', 'ideal_binary_mask', 'source_magnitudes'])
1.0093998908996582 GB allocated
3.275390625 GB reserved
dict_keys(['index', 'mixture_magnitude', 'mixture_phase', 'source_phase', 'mix_magnitude', 'ideal_binary_mask', 'source_magnitudes'])
1.0093998908996582 GB allocated
3.275390625 GB reserved
dict_keys(['index', 'mixture_magnitude', 'mixture_phase', 'source_phase', 'mix_magnitude', 'ideal_binary_mask', 'source_magnitudes'])
1.0085468292236328 GB allocated
3.275390625 GB reserved
dict_keys(['index', 'mixture_magnitude', 'mixture_phase', 'source_phase', 'mix_magnitude', 'ideal_binary_mask', 'source_magnitudes'])
1.0093998908996582 GB allocated
3.275390625 GB reserved
dict_keys(['index', 'mixture_magnitude', 'mixture_phase', 'source_phase', 'mix_magnitude', 'ideal_binary_mask', 'source_magnitudes'])
1.0093998908996582 GB allocated
3.275390625 GB reserved
05/20/2026 04:17:55 AM | engine.py:906 Engine run starting with max_epochs=1.
05/20/2026 04:19:03 AM | engine.py:1010 Epoch[1] Complete. Time taken: 00:01:07.689
dict_keys(['index', 'mixture_magnitude', 'mixture_phase', 'source_phase', 'mix_magnitude', 'ideal_binary_mask', 'source_magnitudes'])
1.0093998908996582 GB allocated
3.275390625 GB reserved
dict_keys(['index', 'mixture_magnitude', 'mixture_phase', 'source_phase', 'mix_magnitude', 'ideal_binary_mask', 'source_magnitudes'])
1.0085468292236328 GB allocated
3.275390625 GB reserved
dict_keys(['index', 'mixture_magnitude', 'mixture_phase', 'source_phase', 'mix_magnitude', 'ideal_binary_mask', 'source_magnitudes'])
1.0093998908996582 GB allocated
3.275390625 GB reserved
dict_keys(['index', 'mixture_magnitude', 'mixture_phase', 'source_phase', 'mix_magnitude', 'ideal_binary_mask', 'source_magnitudes'])
1.0093998908996582 GB allocated
3.275390625 GB reserved
dict_keys(['index', 'mixture_magnitude', 'mixture_phase', 'source_phase', 'mix_magnitude', 'ideal_binary_mask', 'source_magnitudes'])
1.0093998908996582 GB allocated
3.275390625 GB reserved
dict_keys(['index', 'mixture_magnitude', 'mixture_phase', 'source_phase', 'mix_magnitude', 'ideal_binary_mask', 'source_magnitudes'])
1.0085468292236328 GB allocated
3.275390625 GB reserved
dict_keys(['index', 'mixture_magnitude', 'mixture_phase', 'source_phase', 'mix_magnitude', 'ideal_binary_mask', 'source_magnitudes'])
1.0093998908996582 GB allocated
3.275390625 GB reserved
dict_keys(['index', 'mixture_magnitude', 'mixture_phase', 'source_phase', 'mix_magnitude', 'ideal_binary_mask', 'source_magnitudes'])
1.0093998908996582 GB allocated
3.275390625 GB reserved
dict_keys(['index', 'mixture_magnitude', 'mixture_phase', 'source_phase', 'mix_magnitude', 'ideal_binary_mask', 'source_magnitudes'])
1.0093998908996582 GB allocated
3.275390625 GB reserved
dict_keys(['index', 'mixture_magnitude', 'mixture_phase', 'source_phase', 'mix_magnitude', 'ideal_binary_mask', 'source_magnitudes'])
1.0085468292236328 GB allocated
3.275390625 GB reserved
dict_keys(['index', 'mixture_magnitude', 'mixture_phase', 'source_phase', 'mix_magnitude', 'ideal_binary_mask', 'source_magnitudes'])
1.0093998908996582 GB allocated
3.275390625 GB reserved
dict_keys(['index', 'mixture_magnitude', 'mixture_phase', 'source_phase', 'mix_magnitude', 'ideal_binary_mask', 'source_magnitudes'])
1.0093998908996582 GB allocated
3.275390625 GB reserved
dict_keys(['index', 'mixture_magnitude', 'mixture_phase', 'source_phase', 'mix_magnitude', 'ideal_binary_mask', 'source_magnitudes'])
1.0093998908996582 GB allocated
3.275390625 GB reserved
dict_keys(['index', 'mixture_magnitude', 'mixture_phase', 'source_phase', 'mix_magnitude', 'ideal_binary_mask', 'source_magnitudes'])
1.0085468292236328 GB allocated
3.275390625 GB reserved
dict_keys(['index', 'mixture_magnitude', 'mixture_phase', 'source_phase', 'mix_magnitude', 'ideal_binary_mask', 'source_magnitudes'])
1.0093998908996582 GB allocated
3.275390625 GB reserved
dict_keys(['index', 'mixture_magnitude', 'mixture_phase', 'source_phase', 'mix_magnitude', 'ideal_binary_mask', 'source_magnitudes'])
1.0093998908996582 GB allocated
3.275390625 GB reserved
dict_keys(['index', 'mixture_magnitude', 'mixture_phase', 'source_phase', 'mix_magnitude', 'ideal_binary_mask', 'source_magnitudes'])
1.0093998908996582 GB allocated
3.275390625 GB reserved
dict_keys(['index', 'mixture_magnitude', 'mixture_phase', 'source_phase', 'mix_magnitude', 'ideal_binary_mask', 'source_magnitudes'])
1.0085468292236328 GB allocated
3.275390625 GB reserved
dict_keys(['index', 'mixture_magnitude', 'mixture_phase', 'source_phase', 'mix_magnitude', 'ideal_binary_mask', 'source_magnitudes'])
1.0093998908996582 GB allocated
3.275390625 GB reserved
dict_keys(['index', 'mixture_magnitude', 'mixture_phase', 'source_phase', 'mix_magnitude', 'ideal_binary_mask', 'source_magnitudes'])
1.0093998908996582 GB allocated
3.275390625 GB reserved
dict_keys(['index', 'mixture_magnitude', 'mixture_phase', 'source_phase', 'mix_magnitude', 'ideal_binary_mask', 'source_magnitudes'])
1.0093998908996582 GB allocated
3.275390625 GB reserved
dict_keys(['index', 'mixture_magnitude', 'mixture_phase', 'source_phase', 'mix_magnitude', 'ideal_binary_mask', 'source_magnitudes'])
1.0085468292236328 GB allocated
3.275390625 GB reserved
dict_keys(['index', 'mixture_magnitude', 'mixture_phase', 'source_phase', 'mix_magnitude', 'ideal_binary_mask', 'source_magnitudes'])
1.0093998908996582 GB allocated
3.275390625 GB reserved
dict_keys(['index', 'mixture_magnitude', 'mixture_phase', 'source_phase', 'mix_magnitude', 'ideal_binary_mask', 'source_magnitudes'])
1.0093998908996582 GB allocated
3.275390625 GB reserved
dict_keys(['index', 'mixture_magnitude', 'mixture_phase', 'source_phase', 'mix_magnitude', 'ideal_binary_mask', 'source_magnitudes'])
1.0093998908996582 GB allocated
3.275390625 GB reserved
dict_keys(['index', 'mixture_magnitude', 'mixture_phase', 'source_phase', 'mix_magnitude', 'ideal_binary_mask', 'source_magnitudes'])
1.0085468292236328 GB allocated
3.275390625 GB reserved
dict_keys(['index', 'mixture_magnitude', 'mixture_phase', 'source_phase', 'mix_magnitude', 'ideal_binary_mask', 'source_magnitudes'])
1.0093998908996582 GB allocated
3.275390625 GB reserved
dict_keys(['index', 'mixture_magnitude', 'mixture_phase', 'source_phase', 'mix_magnitude', 'ideal_binary_mask', 'source_magnitudes'])
1.0093998908996582 GB allocated
3.275390625 GB reserved
dict_keys(['index', 'mixture_magnitude', 'mixture_phase', 'source_phase', 'mix_magnitude', 'ideal_binary_mask', 'source_magnitudes'])
1.0093998908996582 GB allocated
3.275390625 GB reserved
dict_keys(['index', 'mixture_magnitude', 'mixture_phase', 'source_phase', 'mix_magnitude', 'ideal_binary_mask', 'source_magnitudes'])
1.0085468292236328 GB allocated
3.275390625 GB reserved
dict_keys(['index', 'mixture_magnitude', 'mixture_phase', 'source_phase', 'mix_magnitude', 'ideal_binary_mask', 'source_magnitudes'])
1.0093998908996582 GB allocated
3.275390625 GB reserved
dict_keys(['index', 'mixture_magnitude', 'mixture_phase', 'source_phase', 'mix_magnitude', 'ideal_binary_mask', 'source_magnitudes'])
1.0093998908996582 GB allocated
3.275390625 GB reserved
dict_keys(['index', 'mixture_magnitude', 'mixture_phase', 'source_phase', 'mix_magnitude', 'ideal_binary_mask', 'source_magnitudes'])
1.0093998908996582 GB allocated
3.275390625 GB reserved
dict_keys(['index', 'mixture_magnitude', 'mixture_phase', 'source_phase', 'mix_magnitude', 'ideal_binary_mask', 'source_magnitudes'])
1.0085468292236328 GB allocated
3.275390625 GB reserved
dict_keys(['index', 'mixture_magnitude', 'mixture_phase', 'source_phase', 'mix_magnitude', 'ideal_binary_mask', 'source_magnitudes'])
1.0093998908996582 GB allocated
3.275390625 GB reserved
dict_keys(['index', 'mixture_magnitude', 'mixture_phase', 'source_phase', 'mix_magnitude', 'ideal_binary_mask', 'source_magnitudes'])
1.0093998908996582 GB allocated
3.275390625 GB reserved
dict_keys(['index', 'mixture_magnitude', 'mixture_phase', 'source_phase', 'mix_magnitude', 'ideal_binary_mask', 'source_magnitudes'])
1.0093998908996582 GB allocated
3.275390625 GB reserved
dict_keys(['index', 'mixture_magnitude', 'mixture_phase', 'source_phase', 'mix_magnitude', 'ideal_binary_mask', 'source_magnitudes'])
1.0085468292236328 GB allocated
3.275390625 GB reserved
dict_keys(['index', 'mixture_magnitude', 'mixture_phase', 'source_phase', 'mix_magnitude', 'ideal_binary_mask', 'source_magnitudes'])
1.0093998908996582 GB allocated
3.275390625 GB reserved
dict_keys(['index', 'mixture_magnitude', 'mixture_phase', 'source_phase', 'mix_magnitude', 'ideal_binary_mask', 'source_magnitudes'])
1.0093998908996582 GB allocated
3.275390625 GB reserved
dict_keys(['index', 'mixture_magnitude', 'mixture_phase', 'source_phase', 'mix_magnitude', 'ideal_binary_mask', 'source_magnitudes'])
1.0093998908996582 GB allocated
3.275390625 GB reserved
dict_keys(['index', 'mixture_magnitude', 'mixture_phase', 'source_phase', 'mix_magnitude', 'ideal_binary_mask', 'source_magnitudes'])
1.0085468292236328 GB allocated
3.275390625 GB reserved
dict_keys(['index', 'mixture_magnitude', 'mixture_phase', 'source_phase', 'mix_magnitude', 'ideal_binary_mask', 'source_magnitudes'])
1.0093998908996582 GB allocated
3.275390625 GB reserved
dict_keys(['index', 'mixture_magnitude', 'mixture_phase', 'source_phase', 'mix_magnitude', 'ideal_binary_mask', 'source_magnitudes'])
1.0093998908996582 GB allocated
3.275390625 GB reserved
dict_keys(['index', 'mixture_magnitude', 'mixture_phase', 'source_phase', 'mix_magnitude', 'ideal_binary_mask', 'source_magnitudes'])
1.0093998908996582 GB allocated
3.275390625 GB reserved
dict_keys(['index', 'mixture_magnitude', 'mixture_phase', 'source_phase', 'mix_magnitude', 'ideal_binary_mask', 'source_magnitudes'])
1.0085468292236328 GB allocated
3.275390625 GB reserved
dict_keys(['index', 'mixture_magnitude', 'mixture_phase', 'source_phase', 'mix_magnitude', 'ideal_binary_mask', 'source_magnitudes'])
1.0093998908996582 GB allocated
3.275390625 GB reserved
dict_keys(['index', 'mixture_magnitude', 'mixture_phase', 'source_phase', 'mix_magnitude', 'ideal_binary_mask', 'source_magnitudes'])
1.0093998908996582 GB allocated
3.275390625 GB reserved
dict_keys(['index', 'mixture_magnitude', 'mixture_phase', 'source_phase', 'mix_magnitude', 'ideal_binary_mask', 'source_magnitudes'])
1.0093998908996582 GB allocated
3.275390625 GB reserved
dict_keys(['index', 'mixture_magnitude', 'mixture_phase', 'source_phase', 'mix_magnitude', 'ideal_binary_mask', 'source_magnitudes'])
1.0085468292236328 GB allocated
3.275390625 GB reserved
dict_keys(['index', 'mixture_magnitude', 'mixture_phase', 'source_phase', 'mix_magnitude', 'ideal_binary_mask', 'source_magnitudes'])
1.0093998908996582 GB allocated
3.275390625 GB reserved
dict_keys(['index', 'mixture_magnitude', 'mixture_phase', 'source_phase', 'mix_magnitude', 'ideal_binary_mask', 'source_magnitudes'])
1.0093998908996582 GB allocated
3.275390625 GB reserved
dict_keys(['index', 'mixture_magnitude', 'mixture_phase', 'source_phase', 'mix_magnitude', 'ideal_binary_mask', 'source_magnitudes'])
1.0093998908996582 GB allocated
3.275390625 GB reserved
dict_keys(['index', 'mixture_magnitude', 'mixture_phase', 'source_phase', 'mix_magnitude', 'ideal_binary_mask', 'source_magnitudes'])
1.0085468292236328 GB allocated
3.275390625 GB reserved
dict_keys(['index', 'mixture_magnitude', 'mixture_phase', 'source_phase', 'mix_magnitude', 'ideal_binary_mask', 'source_magnitudes'])
1.0093998908996582 GB allocated
3.275390625 GB reserved
dict_keys(['index', 'mixture_magnitude', 'mixture_phase', 'source_phase', 'mix_magnitude', 'ideal_binary_mask', 'source_magnitudes'])
1.0093998908996582 GB allocated
3.275390625 GB reserved
dict_keys(['index', 'mixture_magnitude', 'mixture_phase', 'source_phase', 'mix_magnitude', 'ideal_binary_mask', 'source_magnitudes'])
1.0093998908996582 GB allocated
3.275390625 GB reserved
dict_keys(['index', 'mixture_magnitude', 'mixture_phase', 'source_phase', 'mix_magnitude', 'ideal_binary_mask', 'source_magnitudes'])
[Validator] Epoch 8 - val_loss: 0.000597
[BEST CHECKPOINT] Guardado/actualizado en: checkpoints\Mis_modelos_v2\main\l1_freq checkpoints\4stems\best_checkpoint_8_val_loss=-0.0006.pt
05/20/2026 04:19:03 AM | engine.py:1037 Engine run finished. Time taken: 00:01:07.698
[Epoch 8] train_loss=0.000559 | val_loss=0.000597
05/20/2026 04:19:03 AM | engine.py:1010 Epoch[8] Complete. Time taken: 00:19:11.862
1.0085468292236328 GB allocated
3.275390625 GB reserved
dict_keys(['index', 'mixture_magnitude', 'mixture_phase', 'source_phase', 'mix_magnitude', 'ideal_binary_mask', 'source_magnitudes'])
1.0093998908996582 GB allocated
3.275390625 GB reserved
dict_keys(['index', 'mixture_magnitude', 'mixture_phase', 'source_phase', 'mix_magnitude', 'ideal_binary_mask', 'source_magnitudes'])
1.0093998908996582 GB allocated
3.275390625 GB reserved
dict_keys(['index', 'mixture_magnitude', 'mixture_phase', 'source_phase', 'mix_magnitude', 'ideal_binary_mask', 'source_magnitudes'])
1.0093998908996582 GB allocated
3.275390625 GB reserved
dict_keys(['index', 'mixture_magnitude', 'mixture_phase', 'source_phase', 'mix_magnitude', 'ideal_binary_mask', 'source_magnitudes'])
1.0085468292236328 GB allocated
3.275390625 GB reserved
dict_keys(['index', 'mixture_magnitude', 'mixture_phase', 'source_phase', 'mix_magnitude', 'ideal_binary_mask', 'source_magnitudes'])
1.0093998908996582 GB allocated
3.275390625 GB reserved
dict_keys(['index', 'mixture_magnitude', 'mixture_phase', 'source_phase', 'mix_magnitude', 'ideal_binary_mask', 'source_magnitudes'])
1.0093998908996582 GB allocated
3.275390625 GB reserved
dict_keys(['index', 'mixture_magnitude', 'mixture_phase', 'source_phase', 'mix_magnitude', 'ideal_binary_mask', 'source_magnitudes'])
1.0093998908996582 GB allocated
3.275390625 GB reserved
dict_keys(['index', 'mixture_magnitude', 'mixture_phase', 'source_phase', 'mix_magnitude', 'ideal_binary_mask', 'source_magnitudes'])
1.0085468292236328 GB allocated
3.275390625 GB reserved
dict_keys(['index', 'mixture_magnitude', 'mixture_phase', 'source_phase', 'mix_magnitude', 'ideal_binary_mask', 'source_magnitudes'])
1.0093998908996582 GB allocated
3.275390625 GB reserved
dict_keys(['index', 'mixture_magnitude', 'mixture_phase', 'source_phase', 'mix_magnitude', 'ideal_binary_mask', 'source_magnitudes'])
1.0093998908996582 GB allocated
3.275390625 GB reserved
dict_keys(['index', 'mixture_magnitude', 'mixture_phase', 'source_phase', 'mix_magnitude', 'ideal_binary_mask', 'source_magnitudes'])
1.0093998908996582 GB allocated
3.275390625 GB reserved
dict_keys(['index', 'mixture_magnitude', 'mixture_phase', 'source_phase', 'mix_magnitude', 'ideal_binary_mask', 'source_magnitudes'])
1.0085468292236328 GB allocated
3.275390625 GB reserved
dict_keys(['index', 'mixture_magnitude', 'mixture_phase', 'source_phase', 'mix_magnitude', 'ideal_binary_mask', 'source_magnitudes'])
1.0093998908996582 GB allocated
3.275390625 GB reserved
dict_keys(['index', 'mixture_magnitude', 'mixture_phase', 'source_phase', 'mix_magnitude', 'ideal_binary_mask', 'source_magnitudes'])
1.0093998908996582 GB allocated
3.275390625 GB reserved
dict_keys(['index', 'mixture_magnitude', 'mixture_phase', 'source_phase', 'mix_magnitude', 'ideal_binary_mask', 'source_magnitudes'])
1.0093998908996582 GB allocated
3.275390625 GB reserved
dict_keys(['index', 'mixture_magnitude', 'mixture_phase', 'source_phase', 'mix_magnitude', 'ideal_binary_mask', 'source_magnitudes'])
1.0085468292236328 GB allocated
3.275390625 GB reserved
dict_keys(['index', 'mixture_magnitude', 'mixture_phase', 'source_phase', 'mix_magnitude', 'ideal_binary_mask', 'source_magnitudes'])
1.0093998908996582 GB allocated
3.275390625 GB reserved
dict_keys(['index', 'mixture_magnitude', 'mixture_phase', 'source_phase', 'mix_magnitude', 'ideal_binary_mask', 'source_magnitudes'])
1.0093998908996582 GB allocated
3.275390625 GB reserved
dict_keys(['index', 'mixture_magnitude', 'mixture_phase', 'source_phase', 'mix_magnitude', 'ideal_binary_mask', 'source_magnitudes'])
1.0093998908996582 GB allocated
3.275390625 GB reserved
dict_keys(['index', 'mixture_magnitude', 'mixture_phase', 'source_phase', 'mix_magnitude', 'ideal_binary_mask', 'source_magnitudes'])
1.0085468292236328 GB allocated
3.275390625 GB reserved
dict_keys(['index', 'mixture_magnitude', 'mixture_phase', 'source_phase', 'mix_magnitude', 'ideal_binary_mask', 'source_magnitudes'])
1.0093998908996582 GB allocated
3.275390625 GB reserved
dict_keys(['index', 'mixture_magnitude', 'mixture_phase', 'source_phase', 'mix_magnitude', 'ideal_binary_mask', 'source_magnitudes'])
1.0093998908996582 GB allocated
3.275390625 GB reserved
dict_keys(['index', 'mixture_magnitude', 'mixture_phase', 'source_phase', 'mix_magnitude', 'ideal_binary_mask', 'source_magnitudes'])
1.0093998908996582 GB allocated
3.275390625 GB reserved
dict_keys(['index', 'mixture_magnitude', 'mixture_phase', 'source_phase', 'mix_magnitude', 'ideal_binary_mask', 'source_magnitudes'])
1.0085468292236328 GB allocated
3.275390625 GB reserved
dict_keys(['index', 'mixture_magnitude', 'mixture_phase', 'source_phase', 'mix_magnitude', 'ideal_binary_mask', 'source_magnitudes'])
1.0093998908996582 GB allocated
3.275390625 GB reserved
dict_keys(['index', 'mixture_magnitude', 'mixture_phase', 'source_phase', 'mix_magnitude', 'ideal_binary_mask', 'source_magnitudes'])
1.0093998908996582 GB allocated
3.275390625 GB reserved
dict_keys(['index', 'mixture_magnitude', 'mixture_phase', 'source_phase', 'mix_magnitude', 'ideal_binary_mask', 'source_magnitudes'])
1.0093998908996582 GB allocated
3.275390625 GB reserved
dict_keys(['index', 'mixture_magnitude', 'mixture_phase', 'source_phase', 'mix_magnitude', 'ideal_binary_mask', 'source_magnitudes'])
1.0085468292236328 GB allocated
3.275390625 GB reserved
dict_keys(['index', 'mixture_magnitude', 'mixture_phase', 'source_phase', 'mix_magnitude', 'ideal_binary_mask', 'source_magnitudes'])
1.0093998908996582 GB allocated
3.275390625 GB reserved
dict_keys(['index', 'mixture_magnitude', 'mixture_phase', 'source_phase', 'mix_magnitude', 'ideal_binary_mask', 'source_magnitudes'])
1.0093998908996582 GB allocated
3.275390625 GB reserved
dict_keys(['index', 'mixture_magnitude', 'mixture_phase', 'source_phase', 'mix_magnitude', 'ideal_binary_mask', 'source_magnitudes'])
1.0093998908996582 GB allocated
3.275390625 GB reserved
dict_keys(['index', 'mixture_magnitude', 'mixture_phase', 'source_phase', 'mix_magnitude', 'ideal_binary_mask', 'source_magnitudes'])
1.0085468292236328 GB allocated
3.275390625 GB reserved
dict_keys(['index', 'mixture_magnitude', 'mixture_phase', 'source_phase', 'mix_magnitude', 'ideal_binary_mask', 'source_magnitudes'])
1.0093998908996582 GB allocated
3.275390625 GB reserved
dict_keys(['index', 'mixture_magnitude', 'mixture_phase', 'source_phase', 'mix_magnitude', 'ideal_binary_mask', 'source_magnitudes'])
1.0093998908996582 GB allocated
3.275390625 GB reserved
dict_keys(['index', 'mixture_magnitude', 'mixture_phase', 'source_phase', 'mix_magnitude', 'ideal_binary_mask', 'source_magnitudes'])
1.0093998908996582 GB allocated
3.275390625 GB reserved
dict_keys(['index', 'mixture_magnitude', 'mixture_phase', 'source_phase', 'mix_magnitude', 'ideal_binary_mask', 'source_magnitudes'])
1.0085468292236328 GB allocated
3.275390625 GB reserved
dict_keys(['index', 'mixture_magnitude', 'mixture_phase', 'source_phase', 'mix_magnitude', 'ideal_binary_mask', 'source_magnitudes'])
1.0093998908996582 GB allocated
3.275390625 GB reserved
dict_keys(['index', 'mixture_magnitude', 'mixture_phase', 'source_phase', 'mix_magnitude', 'ideal_binary_mask', 'source_magnitudes'])
1.0093998908996582 GB allocated
3.275390625 GB reserved
dict_keys(['index', 'mixture_magnitude', 'mixture_phase', 'source_phase', 'mix_magnitude', 'ideal_binary_mask', 'source_magnitudes'])
1.0093998908996582 GB allocated
3.275390625 GB reserved
dict_keys(['index', 'mixture_magnitude', 'mixture_phase', 'source_phase', 'mix_magnitude', 'ideal_binary_mask', 'source_magnitudes'])
1.0085468292236328 GB allocated
3.275390625 GB reserved
dict_keys(['index', 'mixture_magnitude', 'mixture_phase', 'source_phase', 'mix_magnitude', 'ideal_binary_mask', 'source_magnitudes'])
1.0093998908996582 GB allocated
3.275390625 GB reserved
dict_keys(['index', 'mixture_magnitude', 'mixture_phase', 'source_phase', 'mix_magnitude', 'ideal_binary_mask', 'source_magnitudes'])
1.0093998908996582 GB allocated
3.275390625 GB reserved
05/20/2026 04:37:08 AM | engine.py:906 Engine run starting with max_epochs=1.
05/20/2026 04:38:16 AM | engine.py:1010 Epoch[1] Complete. Time taken: 00:01:07.921
dict_keys(['index', 'mixture_magnitude', 'mixture_phase', 'source_phase', 'mix_magnitude', 'ideal_binary_mask', 'source_magnitudes'])
1.0093998908996582 GB allocated
3.275390625 GB reserved
dict_keys(['index', 'mixture_magnitude', 'mixture_phase', 'source_phase', 'mix_magnitude', 'ideal_binary_mask', 'source_magnitudes'])
1.0085468292236328 GB allocated
3.275390625 GB reserved
dict_keys(['index', 'mixture_magnitude', 'mixture_phase', 'source_phase', 'mix_magnitude', 'ideal_binary_mask', 'source_magnitudes'])
1.0093998908996582 GB allocated
3.275390625 GB reserved
dict_keys(['index', 'mixture_magnitude', 'mixture_phase', 'source_phase', 'mix_magnitude', 'ideal_binary_mask', 'source_magnitudes'])
1.0093998908996582 GB allocated
3.275390625 GB reserved
dict_keys(['index', 'mixture_magnitude', 'mixture_phase', 'source_phase', 'mix_magnitude', 'ideal_binary_mask', 'source_magnitudes'])
1.0093998908996582 GB allocated
3.275390625 GB reserved
dict_keys(['index', 'mixture_magnitude', 'mixture_phase', 'source_phase', 'mix_magnitude', 'ideal_binary_mask', 'source_magnitudes'])
1.0085468292236328 GB allocated
3.275390625 GB reserved
dict_keys(['index', 'mixture_magnitude', 'mixture_phase', 'source_phase', 'mix_magnitude', 'ideal_binary_mask', 'source_magnitudes'])
1.0093998908996582 GB allocated
3.275390625 GB reserved
dict_keys(['index', 'mixture_magnitude', 'mixture_phase', 'source_phase', 'mix_magnitude', 'ideal_binary_mask', 'source_magnitudes'])
1.0093998908996582 GB allocated
3.275390625 GB reserved
dict_keys(['index', 'mixture_magnitude', 'mixture_phase', 'source_phase', 'mix_magnitude', 'ideal_binary_mask', 'source_magnitudes'])
1.0093998908996582 GB allocated
3.275390625 GB reserved
dict_keys(['index', 'mixture_magnitude', 'mixture_phase', 'source_phase', 'mix_magnitude', 'ideal_binary_mask', 'source_magnitudes'])
1.0085468292236328 GB allocated
3.275390625 GB reserved
dict_keys(['index', 'mixture_magnitude', 'mixture_phase', 'source_phase', 'mix_magnitude', 'ideal_binary_mask', 'source_magnitudes'])
1.0093998908996582 GB allocated
3.275390625 GB reserved
dict_keys(['index', 'mixture_magnitude', 'mixture_phase', 'source_phase', 'mix_magnitude', 'ideal_binary_mask', 'source_magnitudes'])
1.0093998908996582 GB allocated
3.275390625 GB reserved
dict_keys(['index', 'mixture_magnitude', 'mixture_phase', 'source_phase', 'mix_magnitude', 'ideal_binary_mask', 'source_magnitudes'])
1.0093998908996582 GB allocated
3.275390625 GB reserved
dict_keys(['index', 'mixture_magnitude', 'mixture_phase', 'source_phase', 'mix_magnitude', 'ideal_binary_mask', 'source_magnitudes'])
1.0085468292236328 GB allocated
3.275390625 GB reserved
dict_keys(['index', 'mixture_magnitude', 'mixture_phase', 'source_phase', 'mix_magnitude', 'ideal_binary_mask', 'source_magnitudes'])
1.0093998908996582 GB allocated
3.275390625 GB reserved
dict_keys(['index', 'mixture_magnitude', 'mixture_phase', 'source_phase', 'mix_magnitude', 'ideal_binary_mask', 'source_magnitudes'])
1.0093998908996582 GB allocated
3.275390625 GB reserved
dict_keys(['index', 'mixture_magnitude', 'mixture_phase', 'source_phase', 'mix_magnitude', 'ideal_binary_mask', 'source_magnitudes'])
1.0093998908996582 GB allocated
3.275390625 GB reserved
dict_keys(['index', 'mixture_magnitude', 'mixture_phase', 'source_phase', 'mix_magnitude', 'ideal_binary_mask', 'source_magnitudes'])
1.0085468292236328 GB allocated
3.275390625 GB reserved
dict_keys(['index', 'mixture_magnitude', 'mixture_phase', 'source_phase', 'mix_magnitude', 'ideal_binary_mask', 'source_magnitudes'])
1.0093998908996582 GB allocated
3.275390625 GB reserved
dict_keys(['index', 'mixture_magnitude', 'mixture_phase', 'source_phase', 'mix_magnitude', 'ideal_binary_mask', 'source_magnitudes'])
1.0093998908996582 GB allocated
3.275390625 GB reserved
dict_keys(['index', 'mixture_magnitude', 'mixture_phase', 'source_phase', 'mix_magnitude', 'ideal_binary_mask', 'source_magnitudes'])
1.0093998908996582 GB allocated
3.275390625 GB reserved
dict_keys(['index', 'mixture_magnitude', 'mixture_phase', 'source_phase', 'mix_magnitude', 'ideal_binary_mask', 'source_magnitudes'])
1.0085468292236328 GB allocated
3.275390625 GB reserved
dict_keys(['index', 'mixture_magnitude', 'mixture_phase', 'source_phase', 'mix_magnitude', 'ideal_binary_mask', 'source_magnitudes'])
1.0093998908996582 GB allocated
3.275390625 GB reserved
dict_keys(['index', 'mixture_magnitude', 'mixture_phase', 'source_phase', 'mix_magnitude', 'ideal_binary_mask', 'source_magnitudes'])
1.0093998908996582 GB allocated
3.275390625 GB reserved
dict_keys(['index', 'mixture_magnitude', 'mixture_phase', 'source_phase', 'mix_magnitude', 'ideal_binary_mask', 'source_magnitudes'])
1.0093998908996582 GB allocated
3.275390625 GB reserved
dict_keys(['index', 'mixture_magnitude', 'mixture_phase', 'source_phase', 'mix_magnitude', 'ideal_binary_mask', 'source_magnitudes'])
1.0085468292236328 GB allocated
3.275390625 GB reserved
dict_keys(['index', 'mixture_magnitude', 'mixture_phase', 'source_phase', 'mix_magnitude', 'ideal_binary_mask', 'source_magnitudes'])
1.0093998908996582 GB allocated
3.275390625 GB reserved
dict_keys(['index', 'mixture_magnitude', 'mixture_phase', 'source_phase', 'mix_magnitude', 'ideal_binary_mask', 'source_magnitudes'])
1.0093998908996582 GB allocated
3.275390625 GB reserved
dict_keys(['index', 'mixture_magnitude', 'mixture_phase', 'source_phase', 'mix_magnitude', 'ideal_binary_mask', 'source_magnitudes'])
1.0093998908996582 GB allocated
3.275390625 GB reserved
dict_keys(['index', 'mixture_magnitude', 'mixture_phase', 'source_phase', 'mix_magnitude', 'ideal_binary_mask', 'source_magnitudes'])
1.0085468292236328 GB allocated
3.275390625 GB reserved
dict_keys(['index', 'mixture_magnitude', 'mixture_phase', 'source_phase', 'mix_magnitude', 'ideal_binary_mask', 'source_magnitudes'])
1.0093998908996582 GB allocated
3.275390625 GB reserved
dict_keys(['index', 'mixture_magnitude', 'mixture_phase', 'source_phase', 'mix_magnitude', 'ideal_binary_mask', 'source_magnitudes'])
1.0093998908996582 GB allocated
3.275390625 GB reserved
dict_keys(['index', 'mixture_magnitude', 'mixture_phase', 'source_phase', 'mix_magnitude', 'ideal_binary_mask', 'source_magnitudes'])
1.0093998908996582 GB allocated
3.275390625 GB reserved
dict_keys(['index', 'mixture_magnitude', 'mixture_phase', 'source_phase', 'mix_magnitude', 'ideal_binary_mask', 'source_magnitudes'])
1.0085468292236328 GB allocated
3.275390625 GB reserved
dict_keys(['index', 'mixture_magnitude', 'mixture_phase', 'source_phase', 'mix_magnitude', 'ideal_binary_mask', 'source_magnitudes'])
1.0093998908996582 GB allocated
3.275390625 GB reserved
dict_keys(['index', 'mixture_magnitude', 'mixture_phase', 'source_phase', 'mix_magnitude', 'ideal_binary_mask', 'source_magnitudes'])
1.0093998908996582 GB allocated
3.275390625 GB reserved
dict_keys(['index', 'mixture_magnitude', 'mixture_phase', 'source_phase', 'mix_magnitude', 'ideal_binary_mask', 'source_magnitudes'])
1.0093998908996582 GB allocated
3.275390625 GB reserved
dict_keys(['index', 'mixture_magnitude', 'mixture_phase', 'source_phase', 'mix_magnitude', 'ideal_binary_mask', 'source_magnitudes'])
1.0085468292236328 GB allocated
3.275390625 GB reserved
dict_keys(['index', 'mixture_magnitude', 'mixture_phase', 'source_phase', 'mix_magnitude', 'ideal_binary_mask', 'source_magnitudes'])
1.0093998908996582 GB allocated
3.275390625 GB reserved
dict_keys(['index', 'mixture_magnitude', 'mixture_phase', 'source_phase', 'mix_magnitude', 'ideal_binary_mask', 'source_magnitudes'])
1.0093998908996582 GB allocated
3.275390625 GB reserved
dict_keys(['index', 'mixture_magnitude', 'mixture_phase', 'source_phase', 'mix_magnitude', 'ideal_binary_mask', 'source_magnitudes'])
1.0093998908996582 GB allocated
3.275390625 GB reserved
dict_keys(['index', 'mixture_magnitude', 'mixture_phase', 'source_phase', 'mix_magnitude', 'ideal_binary_mask', 'source_magnitudes'])
1.0085468292236328 GB allocated
3.275390625 GB reserved
dict_keys(['index', 'mixture_magnitude', 'mixture_phase', 'source_phase', 'mix_magnitude', 'ideal_binary_mask', 'source_magnitudes'])
1.0093998908996582 GB allocated
3.275390625 GB reserved
dict_keys(['index', 'mixture_magnitude', 'mixture_phase', 'source_phase', 'mix_magnitude', 'ideal_binary_mask', 'source_magnitudes'])
1.0093998908996582 GB allocated
3.275390625 GB reserved
dict_keys(['index', 'mixture_magnitude', 'mixture_phase', 'source_phase', 'mix_magnitude', 'ideal_binary_mask', 'source_magnitudes'])
1.0093998908996582 GB allocated
3.275390625 GB reserved
dict_keys(['index', 'mixture_magnitude', 'mixture_phase', 'source_phase', 'mix_magnitude', 'ideal_binary_mask', 'source_magnitudes'])
1.0085468292236328 GB allocated
3.275390625 GB reserved
dict_keys(['index', 'mixture_magnitude', 'mixture_phase', 'source_phase', 'mix_magnitude', 'ideal_binary_mask', 'source_magnitudes'])
1.0093998908996582 GB allocated
3.275390625 GB reserved
dict_keys(['index', 'mixture_magnitude', 'mixture_phase', 'source_phase', 'mix_magnitude', 'ideal_binary_mask', 'source_magnitudes'])
1.0093998908996582 GB allocated
3.275390625 GB reserved
dict_keys(['index', 'mixture_magnitude', 'mixture_phase', 'source_phase', 'mix_magnitude', 'ideal_binary_mask', 'source_magnitudes'])
1.0093998908996582 GB allocated
3.275390625 GB reserved
dict_keys(['index', 'mixture_magnitude', 'mixture_phase', 'source_phase', 'mix_magnitude', 'ideal_binary_mask', 'source_magnitudes'])
1.0085468292236328 GB allocated
3.275390625 GB reserved
dict_keys(['index', 'mixture_magnitude', 'mixture_phase', 'source_phase', 'mix_magnitude', 'ideal_binary_mask', 'source_magnitudes'])
1.0093998908996582 GB allocated
3.275390625 GB reserved
dict_keys(['index', 'mixture_magnitude', 'mixture_phase', 'source_phase', 'mix_magnitude', 'ideal_binary_mask', 'source_magnitudes'])
1.0093998908996582 GB allocated
3.275390625 GB reserved
dict_keys(['index', 'mixture_magnitude', 'mixture_phase', 'source_phase', 'mix_magnitude', 'ideal_binary_mask', 'source_magnitudes'])
1.0093998908996582 GB allocated
3.275390625 GB reserved
dict_keys(['index', 'mixture_magnitude', 'mixture_phase', 'source_phase', 'mix_magnitude', 'ideal_binary_mask', 'source_magnitudes'])
1.0085468292236328 GB allocated
3.275390625 GB reserved
dict_keys(['index', 'mixture_magnitude', 'mixture_phase', 'source_phase', 'mix_magnitude', 'ideal_binary_mask', 'source_magnitudes'])
1.0093998908996582 GB allocated
3.275390625 GB reserved
dict_keys(['index', 'mixture_magnitude', 'mixture_phase', 'source_phase', 'mix_magnitude', 'ideal_binary_mask', 'source_magnitudes'])
1.0093998908996582 GB allocated
3.275390625 GB reserved
dict_keys(['index', 'mixture_magnitude', 'mixture_phase', 'source_phase', 'mix_magnitude', 'ideal_binary_mask', 'source_magnitudes'])
1.0093998908996582 GB allocated
3.275390625 GB reserved
dict_keys(['index', 'mixture_magnitude', 'mixture_phase', 'source_phase', 'mix_magnitude', 'ideal_binary_mask', 'source_magnitudes'])
[Validator] Epoch 9 - val_loss: 0.000595
[BEST CHECKPOINT] Guardado/actualizado en: checkpoints\Mis_modelos_v2\main\l1_freq checkpoints\4stems\best_checkpoint_9_val_loss=-0.0006.pt
05/20/2026 04:38:16 AM | engine.py:1037 Engine run finished. Time taken: 00:01:07.930
[Epoch 9] train_loss=0.000558 | val_loss=0.000595
05/20/2026 04:38:16 AM | engine.py:1010 Epoch[9] Complete. Time taken: 00:19:13.660
1.0085468292236328 GB allocated
3.275390625 GB reserved
dict_keys(['index', 'mixture_magnitude', 'mixture_phase', 'source_phase', 'mix_magnitude', 'ideal_binary_mask', 'source_magnitudes'])
1.0093998908996582 GB allocated
3.275390625 GB reserved
dict_keys(['index', 'mixture_magnitude', 'mixture_phase', 'source_phase', 'mix_magnitude', 'ideal_binary_mask', 'source_magnitudes'])
1.0093998908996582 GB allocated
3.275390625 GB reserved
dict_keys(['index', 'mixture_magnitude', 'mixture_phase', 'source_phase', 'mix_magnitude', 'ideal_binary_mask', 'source_magnitudes'])
1.0093998908996582 GB allocated
3.275390625 GB reserved
dict_keys(['index', 'mixture_magnitude', 'mixture_phase', 'source_phase', 'mix_magnitude', 'ideal_binary_mask', 'source_magnitudes'])
1.0085468292236328 GB allocated
3.275390625 GB reserved
dict_keys(['index', 'mixture_magnitude', 'mixture_phase', 'source_phase', 'mix_magnitude', 'ideal_binary_mask', 'source_magnitudes'])
1.0093998908996582 GB allocated
3.275390625 GB reserved
dict_keys(['index', 'mixture_magnitude', 'mixture_phase', 'source_phase', 'mix_magnitude', 'ideal_binary_mask', 'source_magnitudes'])
1.0093998908996582 GB allocated
3.275390625 GB reserved
dict_keys(['index', 'mixture_magnitude', 'mixture_phase', 'source_phase', 'mix_magnitude', 'ideal_binary_mask', 'source_magnitudes'])
1.0093998908996582 GB allocated
3.275390625 GB reserved
dict_keys(['index', 'mixture_magnitude', 'mixture_phase', 'source_phase', 'mix_magnitude', 'ideal_binary_mask', 'source_magnitudes'])
1.0085468292236328 GB allocated
3.275390625 GB reserved
dict_keys(['index', 'mixture_magnitude', 'mixture_phase', 'source_phase', 'mix_magnitude', 'ideal_binary_mask', 'source_magnitudes'])
1.0093998908996582 GB allocated
3.275390625 GB reserved
dict_keys(['index', 'mixture_magnitude', 'mixture_phase', 'source_phase', 'mix_magnitude', 'ideal_binary_mask', 'source_magnitudes'])
1.0093998908996582 GB allocated
3.275390625 GB reserved
dict_keys(['index', 'mixture_magnitude', 'mixture_phase', 'source_phase', 'mix_magnitude', 'ideal_binary_mask', 'source_magnitudes'])
1.0093998908996582 GB allocated
3.275390625 GB reserved
dict_keys(['index', 'mixture_magnitude', 'mixture_phase', 'source_phase', 'mix_magnitude', 'ideal_binary_mask', 'source_magnitudes'])
1.0085468292236328 GB allocated
3.275390625 GB reserved
dict_keys(['index', 'mixture_magnitude', 'mixture_phase', 'source_phase', 'mix_magnitude', 'ideal_binary_mask', 'source_magnitudes'])
1.0093998908996582 GB allocated
3.275390625 GB reserved
dict_keys(['index', 'mixture_magnitude', 'mixture_phase', 'source_phase', 'mix_magnitude', 'ideal_binary_mask', 'source_magnitudes'])
1.0093998908996582 GB allocated
3.275390625 GB reserved
dict_keys(['index', 'mixture_magnitude', 'mixture_phase', 'source_phase', 'mix_magnitude', 'ideal_binary_mask', 'source_magnitudes'])
1.0093998908996582 GB allocated
3.275390625 GB reserved
dict_keys(['index', 'mixture_magnitude', 'mixture_phase', 'source_phase', 'mix_magnitude', 'ideal_binary_mask', 'source_magnitudes'])
1.0085468292236328 GB allocated
3.275390625 GB reserved
dict_keys(['index', 'mixture_magnitude', 'mixture_phase', 'source_phase', 'mix_magnitude', 'ideal_binary_mask', 'source_magnitudes'])
1.0093998908996582 GB allocated
3.275390625 GB reserved
dict_keys(['index', 'mixture_magnitude', 'mixture_phase', 'source_phase', 'mix_magnitude', 'ideal_binary_mask', 'source_magnitudes'])
1.0093998908996582 GB allocated
3.275390625 GB reserved
dict_keys(['index', 'mixture_magnitude', 'mixture_phase', 'source_phase', 'mix_magnitude', 'ideal_binary_mask', 'source_magnitudes'])
1.0093998908996582 GB allocated
3.275390625 GB reserved
dict_keys(['index', 'mixture_magnitude', 'mixture_phase', 'source_phase', 'mix_magnitude', 'ideal_binary_mask', 'source_magnitudes'])
1.0085468292236328 GB allocated
3.275390625 GB reserved
dict_keys(['index', 'mixture_magnitude', 'mixture_phase', 'source_phase', 'mix_magnitude', 'ideal_binary_mask', 'source_magnitudes'])
1.0093998908996582 GB allocated
3.275390625 GB reserved
dict_keys(['index', 'mixture_magnitude', 'mixture_phase', 'source_phase', 'mix_magnitude', 'ideal_binary_mask', 'source_magnitudes'])
1.0093998908996582 GB allocated
3.275390625 GB reserved
dict_keys(['index', 'mixture_magnitude', 'mixture_phase', 'source_phase', 'mix_magnitude', 'ideal_binary_mask', 'source_magnitudes'])
1.0093998908996582 GB allocated
3.275390625 GB reserved
dict_keys(['index', 'mixture_magnitude', 'mixture_phase', 'source_phase', 'mix_magnitude', 'ideal_binary_mask', 'source_magnitudes'])
1.0085468292236328 GB allocated
3.275390625 GB reserved
dict_keys(['index', 'mixture_magnitude', 'mixture_phase', 'source_phase', 'mix_magnitude', 'ideal_binary_mask', 'source_magnitudes'])
1.0093998908996582 GB allocated
3.275390625 GB reserved
dict_keys(['index', 'mixture_magnitude', 'mixture_phase', 'source_phase', 'mix_magnitude', 'ideal_binary_mask', 'source_magnitudes'])
1.0093998908996582 GB allocated
3.275390625 GB reserved
dict_keys(['index', 'mixture_magnitude', 'mixture_phase', 'source_phase', 'mix_magnitude', 'ideal_binary_mask', 'source_magnitudes'])
1.0093998908996582 GB allocated
3.275390625 GB reserved
dict_keys(['index', 'mixture_magnitude', 'mixture_phase', 'source_phase', 'mix_magnitude', 'ideal_binary_mask', 'source_magnitudes'])
1.0085468292236328 GB allocated
3.275390625 GB reserved
dict_keys(['index', 'mixture_magnitude', 'mixture_phase', 'source_phase', 'mix_magnitude', 'ideal_binary_mask', 'source_magnitudes'])
1.0093998908996582 GB allocated
3.275390625 GB reserved
dict_keys(['index', 'mixture_magnitude', 'mixture_phase', 'source_phase', 'mix_magnitude', 'ideal_binary_mask', 'source_magnitudes'])
1.0093998908996582 GB allocated
3.275390625 GB reserved
dict_keys(['index', 'mixture_magnitude', 'mixture_phase', 'source_phase', 'mix_magnitude', 'ideal_binary_mask', 'source_magnitudes'])
1.0093998908996582 GB allocated
3.275390625 GB reserved
dict_keys(['index', 'mixture_magnitude', 'mixture_phase', 'source_phase', 'mix_magnitude', 'ideal_binary_mask', 'source_magnitudes'])
1.0085468292236328 GB allocated
3.275390625 GB reserved
dict_keys(['index', 'mixture_magnitude', 'mixture_phase', 'source_phase', 'mix_magnitude', 'ideal_binary_mask', 'source_magnitudes'])
1.0093998908996582 GB allocated
3.275390625 GB reserved
dict_keys(['index', 'mixture_magnitude', 'mixture_phase', 'source_phase', 'mix_magnitude', 'ideal_binary_mask', 'source_magnitudes'])
1.0093998908996582 GB allocated
3.275390625 GB reserved
dict_keys(['index', 'mixture_magnitude', 'mixture_phase', 'source_phase', 'mix_magnitude', 'ideal_binary_mask', 'source_magnitudes'])
1.0093998908996582 GB allocated
3.275390625 GB reserved
dict_keys(['index', 'mixture_magnitude', 'mixture_phase', 'source_phase', 'mix_magnitude', 'ideal_binary_mask', 'source_magnitudes'])
1.0085468292236328 GB allocated
3.275390625 GB reserved
dict_keys(['index', 'mixture_magnitude', 'mixture_phase', 'source_phase', 'mix_magnitude', 'ideal_binary_mask', 'source_magnitudes'])
1.0093998908996582 GB allocated
3.275390625 GB reserved
dict_keys(['index', 'mixture_magnitude', 'mixture_phase', 'source_phase', 'mix_magnitude', 'ideal_binary_mask', 'source_magnitudes'])
1.0093998908996582 GB allocated
3.275390625 GB reserved
dict_keys(['index', 'mixture_magnitude', 'mixture_phase', 'source_phase', 'mix_magnitude', 'ideal_binary_mask', 'source_magnitudes'])
1.0093998908996582 GB allocated
3.275390625 GB reserved
dict_keys(['index', 'mixture_magnitude', 'mixture_phase', 'source_phase', 'mix_magnitude', 'ideal_binary_mask', 'source_magnitudes'])
1.0085468292236328 GB allocated
3.275390625 GB reserved
dict_keys(['index', 'mixture_magnitude', 'mixture_phase', 'source_phase', 'mix_magnitude', 'ideal_binary_mask', 'source_magnitudes'])
1.0093998908996582 GB allocated
3.275390625 GB reserved
dict_keys(['index', 'mixture_magnitude', 'mixture_phase', 'source_phase', 'mix_magnitude', 'ideal_binary_mask', 'source_magnitudes'])
1.0093998908996582 GB allocated
3.275390625 GB reserved
05/20/2026 04:56:28 AM | engine.py:906 Engine run starting with max_epochs=1.
05/20/2026 04:57:35 AM | engine.py:1010 Epoch[1] Complete. Time taken: 00:01:06.859
dict_keys(['index', 'mixture_magnitude', 'mixture_phase', 'source_phase', 'mix_magnitude', 'ideal_binary_mask', 'source_magnitudes'])
1.0093998908996582 GB allocated
3.275390625 GB reserved
dict_keys(['index', 'mixture_magnitude', 'mixture_phase', 'source_phase', 'mix_magnitude', 'ideal_binary_mask', 'source_magnitudes'])
1.0085468292236328 GB allocated
3.275390625 GB reserved
dict_keys(['index', 'mixture_magnitude', 'mixture_phase', 'source_phase', 'mix_magnitude', 'ideal_binary_mask', 'source_magnitudes'])
1.0093998908996582 GB allocated
3.275390625 GB reserved
dict_keys(['index', 'mixture_magnitude', 'mixture_phase', 'source_phase', 'mix_magnitude', 'ideal_binary_mask', 'source_magnitudes'])
1.0093998908996582 GB allocated
3.275390625 GB reserved
dict_keys(['index', 'mixture_magnitude', 'mixture_phase', 'source_phase', 'mix_magnitude', 'ideal_binary_mask', 'source_magnitudes'])
1.0093998908996582 GB allocated
3.275390625 GB reserved
dict_keys(['index', 'mixture_magnitude', 'mixture_phase', 'source_phase', 'mix_magnitude', 'ideal_binary_mask', 'source_magnitudes'])
1.0085468292236328 GB allocated
3.275390625 GB reserved
dict_keys(['index', 'mixture_magnitude', 'mixture_phase', 'source_phase', 'mix_magnitude', 'ideal_binary_mask', 'source_magnitudes'])
1.0093998908996582 GB allocated
3.275390625 GB reserved
dict_keys(['index', 'mixture_magnitude', 'mixture_phase', 'source_phase', 'mix_magnitude', 'ideal_binary_mask', 'source_magnitudes'])
1.0093998908996582 GB allocated
3.275390625 GB reserved
dict_keys(['index', 'mixture_magnitude', 'mixture_phase', 'source_phase', 'mix_magnitude', 'ideal_binary_mask', 'source_magnitudes'])
1.0093998908996582 GB allocated
3.275390625 GB reserved
dict_keys(['index', 'mixture_magnitude', 'mixture_phase', 'source_phase', 'mix_magnitude', 'ideal_binary_mask', 'source_magnitudes'])
1.0085468292236328 GB allocated
3.275390625 GB reserved
dict_keys(['index', 'mixture_magnitude', 'mixture_phase', 'source_phase', 'mix_magnitude', 'ideal_binary_mask', 'source_magnitudes'])
1.0093998908996582 GB allocated
3.275390625 GB reserved
dict_keys(['index', 'mixture_magnitude', 'mixture_phase', 'source_phase', 'mix_magnitude', 'ideal_binary_mask', 'source_magnitudes'])
1.0093998908996582 GB allocated
3.275390625 GB reserved
dict_keys(['index', 'mixture_magnitude', 'mixture_phase', 'source_phase', 'mix_magnitude', 'ideal_binary_mask', 'source_magnitudes'])
1.0093998908996582 GB allocated
3.275390625 GB reserved
dict_keys(['index', 'mixture_magnitude', 'mixture_phase', 'source_phase', 'mix_magnitude', 'ideal_binary_mask', 'source_magnitudes'])
1.0085468292236328 GB allocated
3.275390625 GB reserved
dict_keys(['index', 'mixture_magnitude', 'mixture_phase', 'source_phase', 'mix_magnitude', 'ideal_binary_mask', 'source_magnitudes'])
1.0093998908996582 GB allocated
3.275390625 GB reserved
dict_keys(['index', 'mixture_magnitude', 'mixture_phase', 'source_phase', 'mix_magnitude', 'ideal_binary_mask', 'source_magnitudes'])
1.0093998908996582 GB allocated
3.275390625 GB reserved
dict_keys(['index', 'mixture_magnitude', 'mixture_phase', 'source_phase', 'mix_magnitude', 'ideal_binary_mask', 'source_magnitudes'])
1.0093998908996582 GB allocated
3.275390625 GB reserved
dict_keys(['index', 'mixture_magnitude', 'mixture_phase', 'source_phase', 'mix_magnitude', 'ideal_binary_mask', 'source_magnitudes'])
1.0085468292236328 GB allocated
3.275390625 GB reserved
dict_keys(['index', 'mixture_magnitude', 'mixture_phase', 'source_phase', 'mix_magnitude', 'ideal_binary_mask', 'source_magnitudes'])
1.0093998908996582 GB allocated
3.275390625 GB reserved
dict_keys(['index', 'mixture_magnitude', 'mixture_phase', 'source_phase', 'mix_magnitude', 'ideal_binary_mask', 'source_magnitudes'])
1.0093998908996582 GB allocated
3.275390625 GB reserved
dict_keys(['index', 'mixture_magnitude', 'mixture_phase', 'source_phase', 'mix_magnitude', 'ideal_binary_mask', 'source_magnitudes'])
1.0093998908996582 GB allocated
3.275390625 GB reserved
dict_keys(['index', 'mixture_magnitude', 'mixture_phase', 'source_phase', 'mix_magnitude', 'ideal_binary_mask', 'source_magnitudes'])
1.0085468292236328 GB allocated
3.275390625 GB reserved
dict_keys(['index', 'mixture_magnitude', 'mixture_phase', 'source_phase', 'mix_magnitude', 'ideal_binary_mask', 'source_magnitudes'])
1.0093998908996582 GB allocated
3.275390625 GB reserved
dict_keys(['index', 'mixture_magnitude', 'mixture_phase', 'source_phase', 'mix_magnitude', 'ideal_binary_mask', 'source_magnitudes'])
1.0093998908996582 GB allocated
3.275390625 GB reserved
dict_keys(['index', 'mixture_magnitude', 'mixture_phase', 'source_phase', 'mix_magnitude', 'ideal_binary_mask', 'source_magnitudes'])
1.0093998908996582 GB allocated
3.275390625 GB reserved
dict_keys(['index', 'mixture_magnitude', 'mixture_phase', 'source_phase', 'mix_magnitude', 'ideal_binary_mask', 'source_magnitudes'])
1.0085468292236328 GB allocated
3.275390625 GB reserved
dict_keys(['index', 'mixture_magnitude', 'mixture_phase', 'source_phase', 'mix_magnitude', 'ideal_binary_mask', 'source_magnitudes'])
1.0093998908996582 GB allocated
3.275390625 GB reserved
dict_keys(['index', 'mixture_magnitude', 'mixture_phase', 'source_phase', 'mix_magnitude', 'ideal_binary_mask', 'source_magnitudes'])
1.0093998908996582 GB allocated
3.275390625 GB reserved
dict_keys(['index', 'mixture_magnitude', 'mixture_phase', 'source_phase', 'mix_magnitude', 'ideal_binary_mask', 'source_magnitudes'])
1.0093998908996582 GB allocated
3.275390625 GB reserved
dict_keys(['index', 'mixture_magnitude', 'mixture_phase', 'source_phase', 'mix_magnitude', 'ideal_binary_mask', 'source_magnitudes'])
1.0085468292236328 GB allocated
3.275390625 GB reserved
dict_keys(['index', 'mixture_magnitude', 'mixture_phase', 'source_phase', 'mix_magnitude', 'ideal_binary_mask', 'source_magnitudes'])
1.0093998908996582 GB allocated
3.275390625 GB reserved
dict_keys(['index', 'mixture_magnitude', 'mixture_phase', 'source_phase', 'mix_magnitude', 'ideal_binary_mask', 'source_magnitudes'])
1.0093998908996582 GB allocated
3.275390625 GB reserved
dict_keys(['index', 'mixture_magnitude', 'mixture_phase', 'source_phase', 'mix_magnitude', 'ideal_binary_mask', 'source_magnitudes'])
1.0093998908996582 GB allocated
3.275390625 GB reserved
dict_keys(['index', 'mixture_magnitude', 'mixture_phase', 'source_phase', 'mix_magnitude', 'ideal_binary_mask', 'source_magnitudes'])
1.0085468292236328 GB allocated
3.275390625 GB reserved
dict_keys(['index', 'mixture_magnitude', 'mixture_phase', 'source_phase', 'mix_magnitude', 'ideal_binary_mask', 'source_magnitudes'])
1.0093998908996582 GB allocated
3.275390625 GB reserved
dict_keys(['index', 'mixture_magnitude', 'mixture_phase', 'source_phase', 'mix_magnitude', 'ideal_binary_mask', 'source_magnitudes'])
1.0093998908996582 GB allocated
3.275390625 GB reserved
dict_keys(['index', 'mixture_magnitude', 'mixture_phase', 'source_phase', 'mix_magnitude', 'ideal_binary_mask', 'source_magnitudes'])
1.0093998908996582 GB allocated
3.275390625 GB reserved
dict_keys(['index', 'mixture_magnitude', 'mixture_phase', 'source_phase', 'mix_magnitude', 'ideal_binary_mask', 'source_magnitudes'])
1.0085468292236328 GB allocated
3.275390625 GB reserved
dict_keys(['index', 'mixture_magnitude', 'mixture_phase', 'source_phase', 'mix_magnitude', 'ideal_binary_mask', 'source_magnitudes'])
1.0093998908996582 GB allocated
3.275390625 GB reserved
dict_keys(['index', 'mixture_magnitude', 'mixture_phase', 'source_phase', 'mix_magnitude', 'ideal_binary_mask', 'source_magnitudes'])
1.0093998908996582 GB allocated
3.275390625 GB reserved
dict_keys(['index', 'mixture_magnitude', 'mixture_phase', 'source_phase', 'mix_magnitude', 'ideal_binary_mask', 'source_magnitudes'])
1.0093998908996582 GB allocated
3.275390625 GB reserved
dict_keys(['index', 'mixture_magnitude', 'mixture_phase', 'source_phase', 'mix_magnitude', 'ideal_binary_mask', 'source_magnitudes'])
1.0085468292236328 GB allocated
3.275390625 GB reserved
dict_keys(['index', 'mixture_magnitude', 'mixture_phase', 'source_phase', 'mix_magnitude', 'ideal_binary_mask', 'source_magnitudes'])
1.0093998908996582 GB allocated
3.275390625 GB reserved
dict_keys(['index', 'mixture_magnitude', 'mixture_phase', 'source_phase', 'mix_magnitude', 'ideal_binary_mask', 'source_magnitudes'])
1.0093998908996582 GB allocated
3.275390625 GB reserved
dict_keys(['index', 'mixture_magnitude', 'mixture_phase', 'source_phase', 'mix_magnitude', 'ideal_binary_mask', 'source_magnitudes'])
1.0093998908996582 GB allocated
3.275390625 GB reserved
dict_keys(['index', 'mixture_magnitude', 'mixture_phase', 'source_phase', 'mix_magnitude', 'ideal_binary_mask', 'source_magnitudes'])
1.0085468292236328 GB allocated
3.275390625 GB reserved
dict_keys(['index', 'mixture_magnitude', 'mixture_phase', 'source_phase', 'mix_magnitude', 'ideal_binary_mask', 'source_magnitudes'])
1.0093998908996582 GB allocated
3.275390625 GB reserved
dict_keys(['index', 'mixture_magnitude', 'mixture_phase', 'source_phase', 'mix_magnitude', 'ideal_binary_mask', 'source_magnitudes'])
1.0093998908996582 GB allocated
3.275390625 GB reserved
dict_keys(['index', 'mixture_magnitude', 'mixture_phase', 'source_phase', 'mix_magnitude', 'ideal_binary_mask', 'source_magnitudes'])
1.0093998908996582 GB allocated
3.275390625 GB reserved
dict_keys(['index', 'mixture_magnitude', 'mixture_phase', 'source_phase', 'mix_magnitude', 'ideal_binary_mask', 'source_magnitudes'])
1.0085468292236328 GB allocated
3.275390625 GB reserved
dict_keys(['index', 'mixture_magnitude', 'mixture_phase', 'source_phase', 'mix_magnitude', 'ideal_binary_mask', 'source_magnitudes'])
1.0093998908996582 GB allocated
3.275390625 GB reserved
dict_keys(['index', 'mixture_magnitude', 'mixture_phase', 'source_phase', 'mix_magnitude', 'ideal_binary_mask', 'source_magnitudes'])
1.0093998908996582 GB allocated
3.275390625 GB reserved
dict_keys(['index', 'mixture_magnitude', 'mixture_phase', 'source_phase', 'mix_magnitude', 'ideal_binary_mask', 'source_magnitudes'])
1.0093998908996582 GB allocated
3.275390625 GB reserved
dict_keys(['index', 'mixture_magnitude', 'mixture_phase', 'source_phase', 'mix_magnitude', 'ideal_binary_mask', 'source_magnitudes'])
1.0085468292236328 GB allocated
3.275390625 GB reserved
dict_keys(['index', 'mixture_magnitude', 'mixture_phase', 'source_phase', 'mix_magnitude', 'ideal_binary_mask', 'source_magnitudes'])
1.0093998908996582 GB allocated
3.275390625 GB reserved
dict_keys(['index', 'mixture_magnitude', 'mixture_phase', 'source_phase', 'mix_magnitude', 'ideal_binary_mask', 'source_magnitudes'])
1.0093998908996582 GB allocated
3.275390625 GB reserved
dict_keys(['index', 'mixture_magnitude', 'mixture_phase', 'source_phase', 'mix_magnitude', 'ideal_binary_mask', 'source_magnitudes'])
1.0093998908996582 GB allocated
3.275390625 GB reserved
dict_keys(['index', 'mixture_magnitude', 'mixture_phase', 'source_phase', 'mix_magnitude', 'ideal_binary_mask', 'source_magnitudes'])
[Validator] Epoch 10 - val_loss: 0.000599
[BEST CHECKPOINT] Guardado/actualizado en: checkpoints\Mis_modelos_v2\main\l1_freq checkpoints\4stems\best_checkpoint_9_val_loss=-0.0006.pt
05/20/2026 04:57:35 AM | engine.py:1037 Engine run finished. Time taken: 00:01:06.860
[Epoch 10] train_loss=0.000557 | val_loss=0.000599
05/20/2026 04:57:35 AM | engine.py:1010 Epoch[10] Complete. Time taken: 00:19:18.758
1.0085468292236328 GB allocated
3.275390625 GB reserved
dict_keys(['index', 'mixture_magnitude', 'mixture_phase', 'source_phase', 'mix_magnitude', 'ideal_binary_mask', 'source_magnitudes'])
1.0093998908996582 GB allocated
3.275390625 GB reserved
dict_keys(['index', 'mixture_magnitude', 'mixture_phase', 'source_phase', 'mix_magnitude', 'ideal_binary_mask', 'source_magnitudes'])
1.0093998908996582 GB allocated
3.275390625 GB reserved
dict_keys(['index', 'mixture_magnitude', 'mixture_phase', 'source_phase', 'mix_magnitude', 'ideal_binary_mask', 'source_magnitudes'])
1.0093998908996582 GB allocated
3.275390625 GB reserved
dict_keys(['index', 'mixture_magnitude', 'mixture_phase', 'source_phase', 'mix_magnitude', 'ideal_binary_mask', 'source_magnitudes'])
1.0085468292236328 GB allocated
3.275390625 GB reserved
dict_keys(['index', 'mixture_magnitude', 'mixture_phase', 'source_phase', 'mix_magnitude', 'ideal_binary_mask', 'source_magnitudes'])
1.0093998908996582 GB allocated
3.275390625 GB reserved
dict_keys(['index', 'mixture_magnitude', 'mixture_phase', 'source_phase', 'mix_magnitude', 'ideal_binary_mask', 'source_magnitudes'])
1.0093998908996582 GB allocated
3.275390625 GB reserved
dict_keys(['index', 'mixture_magnitude', 'mixture_phase', 'source_phase', 'mix_magnitude', 'ideal_binary_mask', 'source_magnitudes'])
1.0093998908996582 GB allocated
3.275390625 GB reserved
dict_keys(['index', 'mixture_magnitude', 'mixture_phase', 'source_phase', 'mix_magnitude', 'ideal_binary_mask', 'source_magnitudes'])
1.0085468292236328 GB allocated
3.275390625 GB reserved
dict_keys(['index', 'mixture_magnitude', 'mixture_phase', 'source_phase', 'mix_magnitude', 'ideal_binary_mask', 'source_magnitudes'])
1.0093998908996582 GB allocated
3.275390625 GB reserved
dict_keys(['index', 'mixture_magnitude', 'mixture_phase', 'source_phase', 'mix_magnitude', 'ideal_binary_mask', 'source_magnitudes'])
1.0093998908996582 GB allocated
3.275390625 GB reserved
dict_keys(['index', 'mixture_magnitude', 'mixture_phase', 'source_phase', 'mix_magnitude', 'ideal_binary_mask', 'source_magnitudes'])
1.0093998908996582 GB allocated
3.275390625 GB reserved
dict_keys(['index', 'mixture_magnitude', 'mixture_phase', 'source_phase', 'mix_magnitude', 'ideal_binary_mask', 'source_magnitudes'])
1.0085468292236328 GB allocated
3.275390625 GB reserved
dict_keys(['index', 'mixture_magnitude', 'mixture_phase', 'source_phase', 'mix_magnitude', 'ideal_binary_mask', 'source_magnitudes'])
1.0093998908996582 GB allocated
3.275390625 GB reserved
dict_keys(['index', 'mixture_magnitude', 'mixture_phase', 'source_phase', 'mix_magnitude', 'ideal_binary_mask', 'source_magnitudes'])
1.0093998908996582 GB allocated
3.275390625 GB reserved
dict_keys(['index', 'mixture_magnitude', 'mixture_phase', 'source_phase', 'mix_magnitude', 'ideal_binary_mask', 'source_magnitudes'])
1.0093998908996582 GB allocated
3.275390625 GB reserved
dict_keys(['index', 'mixture_magnitude', 'mixture_phase', 'source_phase', 'mix_magnitude', 'ideal_binary_mask', 'source_magnitudes'])
1.0085468292236328 GB allocated
3.275390625 GB reserved
dict_keys(['index', 'mixture_magnitude', 'mixture_phase', 'source_phase', 'mix_magnitude', 'ideal_binary_mask', 'source_magnitudes'])
1.0093998908996582 GB allocated
3.275390625 GB reserved
dict_keys(['index', 'mixture_magnitude', 'mixture_phase', 'source_phase', 'mix_magnitude', 'ideal_binary_mask', 'source_magnitudes'])
1.0093998908996582 GB allocated
3.275390625 GB reserved
dict_keys(['index', 'mixture_magnitude', 'mixture_phase', 'source_phase', 'mix_magnitude', 'ideal_binary_mask', 'source_magnitudes'])
1.0093998908996582 GB allocated
3.275390625 GB reserved
dict_keys(['index', 'mixture_magnitude', 'mixture_phase', 'source_phase', 'mix_magnitude', 'ideal_binary_mask', 'source_magnitudes'])
1.0085468292236328 GB allocated
3.275390625 GB reserved
dict_keys(['index', 'mixture_magnitude', 'mixture_phase', 'source_phase', 'mix_magnitude', 'ideal_binary_mask', 'source_magnitudes'])
1.0093998908996582 GB allocated
3.275390625 GB reserved
dict_keys(['index', 'mixture_magnitude', 'mixture_phase', 'source_phase', 'mix_magnitude', 'ideal_binary_mask', 'source_magnitudes'])
1.0093998908996582 GB allocated
3.275390625 GB reserved
dict_keys(['index', 'mixture_magnitude', 'mixture_phase', 'source_phase', 'mix_magnitude', 'ideal_binary_mask', 'source_magnitudes'])
1.0093998908996582 GB allocated
3.275390625 GB reserved
dict_keys(['index', 'mixture_magnitude', 'mixture_phase', 'source_phase', 'mix_magnitude', 'ideal_binary_mask', 'source_magnitudes'])
1.0085468292236328 GB allocated
3.275390625 GB reserved
dict_keys(['index', 'mixture_magnitude', 'mixture_phase', 'source_phase', 'mix_magnitude', 'ideal_binary_mask', 'source_magnitudes'])
1.0093998908996582 GB allocated
3.275390625 GB reserved
dict_keys(['index', 'mixture_magnitude', 'mixture_phase', 'source_phase', 'mix_magnitude', 'ideal_binary_mask', 'source_magnitudes'])
1.0093998908996582 GB allocated
3.275390625 GB reserved
dict_keys(['index', 'mixture_magnitude', 'mixture_phase', 'source_phase', 'mix_magnitude', 'ideal_binary_mask', 'source_magnitudes'])
1.0093998908996582 GB allocated
3.275390625 GB reserved
dict_keys(['index', 'mixture_magnitude', 'mixture_phase', 'source_phase', 'mix_magnitude', 'ideal_binary_mask', 'source_magnitudes'])
1.0085468292236328 GB allocated
3.275390625 GB reserved
dict_keys(['index', 'mixture_magnitude', 'mixture_phase', 'source_phase', 'mix_magnitude', 'ideal_binary_mask', 'source_magnitudes'])
1.0093998908996582 GB allocated
3.275390625 GB reserved
dict_keys(['index', 'mixture_magnitude', 'mixture_phase', 'source_phase', 'mix_magnitude', 'ideal_binary_mask', 'source_magnitudes'])
1.0093998908996582 GB allocated
3.275390625 GB reserved
dict_keys(['index', 'mixture_magnitude', 'mixture_phase', 'source_phase', 'mix_magnitude', 'ideal_binary_mask', 'source_magnitudes'])
1.0093998908996582 GB allocated
3.275390625 GB reserved
dict_keys(['index', 'mixture_magnitude', 'mixture_phase', 'source_phase', 'mix_magnitude', 'ideal_binary_mask', 'source_magnitudes'])
1.0085468292236328 GB allocated
3.275390625 GB reserved
dict_keys(['index', 'mixture_magnitude', 'mixture_phase', 'source_phase', 'mix_magnitude', 'ideal_binary_mask', 'source_magnitudes'])
1.0093998908996582 GB allocated
3.275390625 GB reserved
dict_keys(['index', 'mixture_magnitude', 'mixture_phase', 'source_phase', 'mix_magnitude', 'ideal_binary_mask', 'source_magnitudes'])
1.0093998908996582 GB allocated
3.275390625 GB reserved
dict_keys(['index', 'mixture_magnitude', 'mixture_phase', 'source_phase', 'mix_magnitude', 'ideal_binary_mask', 'source_magnitudes'])
1.0093998908996582 GB allocated
3.275390625 GB reserved
dict_keys(['index', 'mixture_magnitude', 'mixture_phase', 'source_phase', 'mix_magnitude', 'ideal_binary_mask', 'source_magnitudes'])
1.0085468292236328 GB allocated
3.275390625 GB reserved
dict_keys(['index', 'mixture_magnitude', 'mixture_phase', 'source_phase', 'mix_magnitude', 'ideal_binary_mask', 'source_magnitudes'])
1.0093998908996582 GB allocated
3.275390625 GB reserved
dict_keys(['index', 'mixture_magnitude', 'mixture_phase', 'source_phase', 'mix_magnitude', 'ideal_binary_mask', 'source_magnitudes'])
1.0093998908996582 GB allocated
3.275390625 GB reserved
dict_keys(['index', 'mixture_magnitude', 'mixture_phase', 'source_phase', 'mix_magnitude', 'ideal_binary_mask', 'source_magnitudes'])
1.0093998908996582 GB allocated
3.275390625 GB reserved
dict_keys(['index', 'mixture_magnitude', 'mixture_phase', 'source_phase', 'mix_magnitude', 'ideal_binary_mask', 'source_magnitudes'])
1.0085468292236328 GB allocated
3.275390625 GB reserved
dict_keys(['index', 'mixture_magnitude', 'mixture_phase', 'source_phase', 'mix_magnitude', 'ideal_binary_mask', 'source_magnitudes'])
1.0093998908996582 GB allocated
3.275390625 GB reserved
dict_keys(['index', 'mixture_magnitude', 'mixture_phase', 'source_phase', 'mix_magnitude', 'ideal_binary_mask', 'source_magnitudes'])
1.0093998908996582 GB allocated
3.275390625 GB reserved
05/20/2026 05:15:38 AM | engine.py:906 Engine run starting with max_epochs=1.
05/20/2026 05:16:43 AM | engine.py:1010 Epoch[1] Complete. Time taken: 00:01:05.652
dict_keys(['index', 'mixture_magnitude', 'mixture_phase', 'source_phase', 'mix_magnitude', 'ideal_binary_mask', 'source_magnitudes'])
1.0093998908996582 GB allocated
3.275390625 GB reserved
dict_keys(['index', 'mixture_magnitude', 'mixture_phase', 'source_phase', 'mix_magnitude', 'ideal_binary_mask', 'source_magnitudes'])
1.0085468292236328 GB allocated
3.275390625 GB reserved
dict_keys(['index', 'mixture_magnitude', 'mixture_phase', 'source_phase', 'mix_magnitude', 'ideal_binary_mask', 'source_magnitudes'])
1.0093998908996582 GB allocated
3.275390625 GB reserved
dict_keys(['index', 'mixture_magnitude', 'mixture_phase', 'source_phase', 'mix_magnitude', 'ideal_binary_mask', 'source_magnitudes'])
1.0093998908996582 GB allocated
3.275390625 GB reserved
dict_keys(['index', 'mixture_magnitude', 'mixture_phase', 'source_phase', 'mix_magnitude', 'ideal_binary_mask', 'source_magnitudes'])
1.0093998908996582 GB allocated
3.275390625 GB reserved
dict_keys(['index', 'mixture_magnitude', 'mixture_phase', 'source_phase', 'mix_magnitude', 'ideal_binary_mask', 'source_magnitudes'])
1.0085468292236328 GB allocated
3.275390625 GB reserved
dict_keys(['index', 'mixture_magnitude', 'mixture_phase', 'source_phase', 'mix_magnitude', 'ideal_binary_mask', 'source_magnitudes'])
1.0093998908996582 GB allocated
3.275390625 GB reserved
dict_keys(['index', 'mixture_magnitude', 'mixture_phase', 'source_phase', 'mix_magnitude', 'ideal_binary_mask', 'source_magnitudes'])
1.0093998908996582 GB allocated
3.275390625 GB reserved
dict_keys(['index', 'mixture_magnitude', 'mixture_phase', 'source_phase', 'mix_magnitude', 'ideal_binary_mask', 'source_magnitudes'])
1.0093998908996582 GB allocated
3.275390625 GB reserved
dict_keys(['index', 'mixture_magnitude', 'mixture_phase', 'source_phase', 'mix_magnitude', 'ideal_binary_mask', 'source_magnitudes'])
1.0085468292236328 GB allocated
3.275390625 GB reserved
dict_keys(['index', 'mixture_magnitude', 'mixture_phase', 'source_phase', 'mix_magnitude', 'ideal_binary_mask', 'source_magnitudes'])
1.0093998908996582 GB allocated
3.275390625 GB reserved
dict_keys(['index', 'mixture_magnitude', 'mixture_phase', 'source_phase', 'mix_magnitude', 'ideal_binary_mask', 'source_magnitudes'])
1.0093998908996582 GB allocated
3.275390625 GB reserved
dict_keys(['index', 'mixture_magnitude', 'mixture_phase', 'source_phase', 'mix_magnitude', 'ideal_binary_mask', 'source_magnitudes'])
1.0093998908996582 GB allocated
3.275390625 GB reserved
dict_keys(['index', 'mixture_magnitude', 'mixture_phase', 'source_phase', 'mix_magnitude', 'ideal_binary_mask', 'source_magnitudes'])
1.0085468292236328 GB allocated
3.275390625 GB reserved
dict_keys(['index', 'mixture_magnitude', 'mixture_phase', 'source_phase', 'mix_magnitude', 'ideal_binary_mask', 'source_magnitudes'])
1.0093998908996582 GB allocated
3.275390625 GB reserved
dict_keys(['index', 'mixture_magnitude', 'mixture_phase', 'source_phase', 'mix_magnitude', 'ideal_binary_mask', 'source_magnitudes'])
1.0093998908996582 GB allocated
3.275390625 GB reserved
dict_keys(['index', 'mixture_magnitude', 'mixture_phase', 'source_phase', 'mix_magnitude', 'ideal_binary_mask', 'source_magnitudes'])
1.0093998908996582 GB allocated
3.275390625 GB reserved
dict_keys(['index', 'mixture_magnitude', 'mixture_phase', 'source_phase', 'mix_magnitude', 'ideal_binary_mask', 'source_magnitudes'])
1.0085468292236328 GB allocated
3.275390625 GB reserved
dict_keys(['index', 'mixture_magnitude', 'mixture_phase', 'source_phase', 'mix_magnitude', 'ideal_binary_mask', 'source_magnitudes'])
1.0093998908996582 GB allocated
3.275390625 GB reserved
dict_keys(['index', 'mixture_magnitude', 'mixture_phase', 'source_phase', 'mix_magnitude', 'ideal_binary_mask', 'source_magnitudes'])
1.0093998908996582 GB allocated
3.275390625 GB reserved
dict_keys(['index', 'mixture_magnitude', 'mixture_phase', 'source_phase', 'mix_magnitude', 'ideal_binary_mask', 'source_magnitudes'])
1.0093998908996582 GB allocated
3.275390625 GB reserved
dict_keys(['index', 'mixture_magnitude', 'mixture_phase', 'source_phase', 'mix_magnitude', 'ideal_binary_mask', 'source_magnitudes'])
1.0085468292236328 GB allocated
3.275390625 GB reserved
dict_keys(['index', 'mixture_magnitude', 'mixture_phase', 'source_phase', 'mix_magnitude', 'ideal_binary_mask', 'source_magnitudes'])
1.0093998908996582 GB allocated
3.275390625 GB reserved
dict_keys(['index', 'mixture_magnitude', 'mixture_phase', 'source_phase', 'mix_magnitude', 'ideal_binary_mask', 'source_magnitudes'])
1.0093998908996582 GB allocated
3.275390625 GB reserved
dict_keys(['index', 'mixture_magnitude', 'mixture_phase', 'source_phase', 'mix_magnitude', 'ideal_binary_mask', 'source_magnitudes'])
1.0093998908996582 GB allocated
3.275390625 GB reserved
dict_keys(['index', 'mixture_magnitude', 'mixture_phase', 'source_phase', 'mix_magnitude', 'ideal_binary_mask', 'source_magnitudes'])
1.0085468292236328 GB allocated
3.275390625 GB reserved
dict_keys(['index', 'mixture_magnitude', 'mixture_phase', 'source_phase', 'mix_magnitude', 'ideal_binary_mask', 'source_magnitudes'])
1.0093998908996582 GB allocated
3.275390625 GB reserved
dict_keys(['index', 'mixture_magnitude', 'mixture_phase', 'source_phase', 'mix_magnitude', 'ideal_binary_mask', 'source_magnitudes'])
1.0093998908996582 GB allocated
3.275390625 GB reserved
dict_keys(['index', 'mixture_magnitude', 'mixture_phase', 'source_phase', 'mix_magnitude', 'ideal_binary_mask', 'source_magnitudes'])
1.0093998908996582 GB allocated
3.275390625 GB reserved
dict_keys(['index', 'mixture_magnitude', 'mixture_phase', 'source_phase', 'mix_magnitude', 'ideal_binary_mask', 'source_magnitudes'])
1.0085468292236328 GB allocated
3.275390625 GB reserved
dict_keys(['index', 'mixture_magnitude', 'mixture_phase', 'source_phase', 'mix_magnitude', 'ideal_binary_mask', 'source_magnitudes'])
1.0093998908996582 GB allocated
3.275390625 GB reserved
dict_keys(['index', 'mixture_magnitude', 'mixture_phase', 'source_phase', 'mix_magnitude', 'ideal_binary_mask', 'source_magnitudes'])
1.0093998908996582 GB allocated
3.275390625 GB reserved
dict_keys(['index', 'mixture_magnitude', 'mixture_phase', 'source_phase', 'mix_magnitude', 'ideal_binary_mask', 'source_magnitudes'])
1.0093998908996582 GB allocated
3.275390625 GB reserved
dict_keys(['index', 'mixture_magnitude', 'mixture_phase', 'source_phase', 'mix_magnitude', 'ideal_binary_mask', 'source_magnitudes'])
1.0085468292236328 GB allocated
3.275390625 GB reserved
dict_keys(['index', 'mixture_magnitude', 'mixture_phase', 'source_phase', 'mix_magnitude', 'ideal_binary_mask', 'source_magnitudes'])
1.0093998908996582 GB allocated
3.275390625 GB reserved
dict_keys(['index', 'mixture_magnitude', 'mixture_phase', 'source_phase', 'mix_magnitude', 'ideal_binary_mask', 'source_magnitudes'])
1.0093998908996582 GB allocated
3.275390625 GB reserved
dict_keys(['index', 'mixture_magnitude', 'mixture_phase', 'source_phase', 'mix_magnitude', 'ideal_binary_mask', 'source_magnitudes'])
1.0093998908996582 GB allocated
3.275390625 GB reserved
dict_keys(['index', 'mixture_magnitude', 'mixture_phase', 'source_phase', 'mix_magnitude', 'ideal_binary_mask', 'source_magnitudes'])
1.0085468292236328 GB allocated
3.275390625 GB reserved
dict_keys(['index', 'mixture_magnitude', 'mixture_phase', 'source_phase', 'mix_magnitude', 'ideal_binary_mask', 'source_magnitudes'])
1.0093998908996582 GB allocated
3.275390625 GB reserved
dict_keys(['index', 'mixture_magnitude', 'mixture_phase', 'source_phase', 'mix_magnitude', 'ideal_binary_mask', 'source_magnitudes'])
1.0093998908996582 GB allocated
3.275390625 GB reserved
dict_keys(['index', 'mixture_magnitude', 'mixture_phase', 'source_phase', 'mix_magnitude', 'ideal_binary_mask', 'source_magnitudes'])
1.0093998908996582 GB allocated
3.275390625 GB reserved
dict_keys(['index', 'mixture_magnitude', 'mixture_phase', 'source_phase', 'mix_magnitude', 'ideal_binary_mask', 'source_magnitudes'])
1.0085468292236328 GB allocated
3.275390625 GB reserved
dict_keys(['index', 'mixture_magnitude', 'mixture_phase', 'source_phase', 'mix_magnitude', 'ideal_binary_mask', 'source_magnitudes'])
1.0093998908996582 GB allocated
3.275390625 GB reserved
dict_keys(['index', 'mixture_magnitude', 'mixture_phase', 'source_phase', 'mix_magnitude', 'ideal_binary_mask', 'source_magnitudes'])
1.0093998908996582 GB allocated
3.275390625 GB reserved
dict_keys(['index', 'mixture_magnitude', 'mixture_phase', 'source_phase', 'mix_magnitude', 'ideal_binary_mask', 'source_magnitudes'])
1.0093998908996582 GB allocated
3.275390625 GB reserved
dict_keys(['index', 'mixture_magnitude', 'mixture_phase', 'source_phase', 'mix_magnitude', 'ideal_binary_mask', 'source_magnitudes'])
1.0085468292236328 GB allocated
3.275390625 GB reserved
dict_keys(['index', 'mixture_magnitude', 'mixture_phase', 'source_phase', 'mix_magnitude', 'ideal_binary_mask', 'source_magnitudes'])
1.0093998908996582 GB allocated
3.275390625 GB reserved
dict_keys(['index', 'mixture_magnitude', 'mixture_phase', 'source_phase', 'mix_magnitude', 'ideal_binary_mask', 'source_magnitudes'])
1.0093998908996582 GB allocated
3.275390625 GB reserved
dict_keys(['index', 'mixture_magnitude', 'mixture_phase', 'source_phase', 'mix_magnitude', 'ideal_binary_mask', 'source_magnitudes'])
1.0093998908996582 GB allocated
3.275390625 GB reserved
dict_keys(['index', 'mixture_magnitude', 'mixture_phase', 'source_phase', 'mix_magnitude', 'ideal_binary_mask', 'source_magnitudes'])
1.0085468292236328 GB allocated
3.275390625 GB reserved
dict_keys(['index', 'mixture_magnitude', 'mixture_phase', 'source_phase', 'mix_magnitude', 'ideal_binary_mask', 'source_magnitudes'])
1.0093998908996582 GB allocated
3.275390625 GB reserved
dict_keys(['index', 'mixture_magnitude', 'mixture_phase', 'source_phase', 'mix_magnitude', 'ideal_binary_mask', 'source_magnitudes'])
1.0093998908996582 GB allocated
3.275390625 GB reserved
dict_keys(['index', 'mixture_magnitude', 'mixture_phase', 'source_phase', 'mix_magnitude', 'ideal_binary_mask', 'source_magnitudes'])
1.0093998908996582 GB allocated
3.275390625 GB reserved
dict_keys(['index', 'mixture_magnitude', 'mixture_phase', 'source_phase', 'mix_magnitude', 'ideal_binary_mask', 'source_magnitudes'])
1.0085468292236328 GB allocated
3.275390625 GB reserved
dict_keys(['index', 'mixture_magnitude', 'mixture_phase', 'source_phase', 'mix_magnitude', 'ideal_binary_mask', 'source_magnitudes'])
1.0093998908996582 GB allocated
3.275390625 GB reserved
dict_keys(['index', 'mixture_magnitude', 'mixture_phase', 'source_phase', 'mix_magnitude', 'ideal_binary_mask', 'source_magnitudes'])
1.0093998908996582 GB allocated
3.275390625 GB reserved
dict_keys(['index', 'mixture_magnitude', 'mixture_phase', 'source_phase', 'mix_magnitude', 'ideal_binary_mask', 'source_magnitudes'])
1.0093998908996582 GB allocated
3.275390625 GB reserved
dict_keys(['index', 'mixture_magnitude', 'mixture_phase', 'source_phase', 'mix_magnitude', 'ideal_binary_mask', 'source_magnitudes'])
[Validator] Epoch 11 - val_loss: 0.000596
[BEST CHECKPOINT] Guardado/actualizado en: checkpoints\Mis_modelos_v2\main\l1_freq checkpoints\4stems\best_checkpoint_9_val_loss=-0.0006.pt
05/20/2026 05:16:43 AM | engine.py:1037 Engine run finished. Time taken: 00:01:05.652
[Epoch 11] train_loss=0.000557 | val_loss=0.000596
05/20/2026 05:16:43 AM | engine.py:1010 Epoch[11] Complete. Time taken: 00:19:08.429
1.0085468292236328 GB allocated
3.275390625 GB reserved
dict_keys(['index', 'mixture_magnitude', 'mixture_phase', 'source_phase', 'mix_magnitude', 'ideal_binary_mask', 'source_magnitudes'])
1.0093998908996582 GB allocated
3.275390625 GB reserved
dict_keys(['index', 'mixture_magnitude', 'mixture_phase', 'source_phase', 'mix_magnitude', 'ideal_binary_mask', 'source_magnitudes'])
1.0093998908996582 GB allocated
3.275390625 GB reserved
dict_keys(['index', 'mixture_magnitude', 'mixture_phase', 'source_phase', 'mix_magnitude', 'ideal_binary_mask', 'source_magnitudes'])
1.0093998908996582 GB allocated
3.275390625 GB reserved
dict_keys(['index', 'mixture_magnitude', 'mixture_phase', 'source_phase', 'mix_magnitude', 'ideal_binary_mask', 'source_magnitudes'])
1.0085468292236328 GB allocated
3.275390625 GB reserved
dict_keys(['index', 'mixture_magnitude', 'mixture_phase', 'source_phase', 'mix_magnitude', 'ideal_binary_mask', 'source_magnitudes'])
1.0093998908996582 GB allocated
3.275390625 GB reserved
dict_keys(['index', 'mixture_magnitude', 'mixture_phase', 'source_phase', 'mix_magnitude', 'ideal_binary_mask', 'source_magnitudes'])
1.0093998908996582 GB allocated
3.275390625 GB reserved
dict_keys(['index', 'mixture_magnitude', 'mixture_phase', 'source_phase', 'mix_magnitude', 'ideal_binary_mask', 'source_magnitudes'])
1.0093998908996582 GB allocated
3.275390625 GB reserved
dict_keys(['index', 'mixture_magnitude', 'mixture_phase', 'source_phase', 'mix_magnitude', 'ideal_binary_mask', 'source_magnitudes'])
1.0085468292236328 GB allocated
3.275390625 GB reserved
dict_keys(['index', 'mixture_magnitude', 'mixture_phase', 'source_phase', 'mix_magnitude', 'ideal_binary_mask', 'source_magnitudes'])
1.0093998908996582 GB allocated
3.275390625 GB reserved
dict_keys(['index', 'mixture_magnitude', 'mixture_phase', 'source_phase', 'mix_magnitude', 'ideal_binary_mask', 'source_magnitudes'])
1.0093998908996582 GB allocated
3.275390625 GB reserved
dict_keys(['index', 'mixture_magnitude', 'mixture_phase', 'source_phase', 'mix_magnitude', 'ideal_binary_mask', 'source_magnitudes'])
1.0093998908996582 GB allocated
3.275390625 GB reserved
dict_keys(['index', 'mixture_magnitude', 'mixture_phase', 'source_phase', 'mix_magnitude', 'ideal_binary_mask', 'source_magnitudes'])
1.0085468292236328 GB allocated
3.275390625 GB reserved
dict_keys(['index', 'mixture_magnitude', 'mixture_phase', 'source_phase', 'mix_magnitude', 'ideal_binary_mask', 'source_magnitudes'])
1.0093998908996582 GB allocated
3.275390625 GB reserved
dict_keys(['index', 'mixture_magnitude', 'mixture_phase', 'source_phase', 'mix_magnitude', 'ideal_binary_mask', 'source_magnitudes'])
1.0093998908996582 GB allocated
3.275390625 GB reserved
dict_keys(['index', 'mixture_magnitude', 'mixture_phase', 'source_phase', 'mix_magnitude', 'ideal_binary_mask', 'source_magnitudes'])
1.0093998908996582 GB allocated
3.275390625 GB reserved
dict_keys(['index', 'mixture_magnitude', 'mixture_phase', 'source_phase', 'mix_magnitude', 'ideal_binary_mask', 'source_magnitudes'])
1.0085468292236328 GB allocated
3.275390625 GB reserved
dict_keys(['index', 'mixture_magnitude', 'mixture_phase', 'source_phase', 'mix_magnitude', 'ideal_binary_mask', 'source_magnitudes'])
1.0093998908996582 GB allocated
3.275390625 GB reserved
dict_keys(['index', 'mixture_magnitude', 'mixture_phase', 'source_phase', 'mix_magnitude', 'ideal_binary_mask', 'source_magnitudes'])
1.0093998908996582 GB allocated
3.275390625 GB reserved
dict_keys(['index', 'mixture_magnitude', 'mixture_phase', 'source_phase', 'mix_magnitude', 'ideal_binary_mask', 'source_magnitudes'])
1.0093998908996582 GB allocated
3.275390625 GB reserved
dict_keys(['index', 'mixture_magnitude', 'mixture_phase', 'source_phase', 'mix_magnitude', 'ideal_binary_mask', 'source_magnitudes'])
1.0085468292236328 GB allocated
3.275390625 GB reserved
dict_keys(['index', 'mixture_magnitude', 'mixture_phase', 'source_phase', 'mix_magnitude', 'ideal_binary_mask', 'source_magnitudes'])
1.0093998908996582 GB allocated
3.275390625 GB reserved
dict_keys(['index', 'mixture_magnitude', 'mixture_phase', 'source_phase', 'mix_magnitude', 'ideal_binary_mask', 'source_magnitudes'])
1.0093998908996582 GB allocated
3.275390625 GB reserved
dict_keys(['index', 'mixture_magnitude', 'mixture_phase', 'source_phase', 'mix_magnitude', 'ideal_binary_mask', 'source_magnitudes'])
1.0093998908996582 GB allocated
3.275390625 GB reserved
dict_keys(['index', 'mixture_magnitude', 'mixture_phase', 'source_phase', 'mix_magnitude', 'ideal_binary_mask', 'source_magnitudes'])
1.0085468292236328 GB allocated
3.275390625 GB reserved
dict_keys(['index', 'mixture_magnitude', 'mixture_phase', 'source_phase', 'mix_magnitude', 'ideal_binary_mask', 'source_magnitudes'])
1.0093998908996582 GB allocated
3.275390625 GB reserved
dict_keys(['index', 'mixture_magnitude', 'mixture_phase', 'source_phase', 'mix_magnitude', 'ideal_binary_mask', 'source_magnitudes'])
1.0093998908996582 GB allocated
3.275390625 GB reserved
dict_keys(['index', 'mixture_magnitude', 'mixture_phase', 'source_phase', 'mix_magnitude', 'ideal_binary_mask', 'source_magnitudes'])
1.0093998908996582 GB allocated
3.275390625 GB reserved
dict_keys(['index', 'mixture_magnitude', 'mixture_phase', 'source_phase', 'mix_magnitude', 'ideal_binary_mask', 'source_magnitudes'])
1.0085468292236328 GB allocated
3.275390625 GB reserved
dict_keys(['index', 'mixture_magnitude', 'mixture_phase', 'source_phase', 'mix_magnitude', 'ideal_binary_mask', 'source_magnitudes'])
1.0093998908996582 GB allocated
3.275390625 GB reserved
dict_keys(['index', 'mixture_magnitude', 'mixture_phase', 'source_phase', 'mix_magnitude', 'ideal_binary_mask', 'source_magnitudes'])
1.0093998908996582 GB allocated
3.275390625 GB reserved
dict_keys(['index', 'mixture_magnitude', 'mixture_phase', 'source_phase', 'mix_magnitude', 'ideal_binary_mask', 'source_magnitudes'])
1.0093998908996582 GB allocated
3.275390625 GB reserved
dict_keys(['index', 'mixture_magnitude', 'mixture_phase', 'source_phase', 'mix_magnitude', 'ideal_binary_mask', 'source_magnitudes'])
1.0085468292236328 GB allocated
3.275390625 GB reserved
dict_keys(['index', 'mixture_magnitude', 'mixture_phase', 'source_phase', 'mix_magnitude', 'ideal_binary_mask', 'source_magnitudes'])
1.0093998908996582 GB allocated
3.275390625 GB reserved
dict_keys(['index', 'mixture_magnitude', 'mixture_phase', 'source_phase', 'mix_magnitude', 'ideal_binary_mask', 'source_magnitudes'])
1.0093998908996582 GB allocated
3.275390625 GB reserved
dict_keys(['index', 'mixture_magnitude', 'mixture_phase', 'source_phase', 'mix_magnitude', 'ideal_binary_mask', 'source_magnitudes'])
1.0093998908996582 GB allocated
3.275390625 GB reserved
dict_keys(['index', 'mixture_magnitude', 'mixture_phase', 'source_phase', 'mix_magnitude', 'ideal_binary_mask', 'source_magnitudes'])
1.0085468292236328 GB allocated
3.275390625 GB reserved
dict_keys(['index', 'mixture_magnitude', 'mixture_phase', 'source_phase', 'mix_magnitude', 'ideal_binary_mask', 'source_magnitudes'])
1.0093998908996582 GB allocated
3.275390625 GB reserved
dict_keys(['index', 'mixture_magnitude', 'mixture_phase', 'source_phase', 'mix_magnitude', 'ideal_binary_mask', 'source_magnitudes'])
1.0093998908996582 GB allocated
3.275390625 GB reserved
dict_keys(['index', 'mixture_magnitude', 'mixture_phase', 'source_phase', 'mix_magnitude', 'ideal_binary_mask', 'source_magnitudes'])
1.0093998908996582 GB allocated
3.275390625 GB reserved
dict_keys(['index', 'mixture_magnitude', 'mixture_phase', 'source_phase', 'mix_magnitude', 'ideal_binary_mask', 'source_magnitudes'])
1.0085468292236328 GB allocated
3.275390625 GB reserved
dict_keys(['index', 'mixture_magnitude', 'mixture_phase', 'source_phase', 'mix_magnitude', 'ideal_binary_mask', 'source_magnitudes'])
1.0093998908996582 GB allocated
3.275390625 GB reserved
dict_keys(['index', 'mixture_magnitude', 'mixture_phase', 'source_phase', 'mix_magnitude', 'ideal_binary_mask', 'source_magnitudes'])
1.0093998908996582 GB allocated
3.275390625 GB reserved
05/20/2026 05:34:47 AM | engine.py:906 Engine run starting with max_epochs=1.
05/20/2026 05:35:54 AM | engine.py:1010 Epoch[1] Complete. Time taken: 00:01:06.867
dict_keys(['index', 'mixture_magnitude', 'mixture_phase', 'source_phase', 'mix_magnitude', 'ideal_binary_mask', 'source_magnitudes'])
1.0093998908996582 GB allocated
3.275390625 GB reserved
dict_keys(['index', 'mixture_magnitude', 'mixture_phase', 'source_phase', 'mix_magnitude', 'ideal_binary_mask', 'source_magnitudes'])
1.0085468292236328 GB allocated
3.275390625 GB reserved
dict_keys(['index', 'mixture_magnitude', 'mixture_phase', 'source_phase', 'mix_magnitude', 'ideal_binary_mask', 'source_magnitudes'])
1.0093998908996582 GB allocated
3.275390625 GB reserved
dict_keys(['index', 'mixture_magnitude', 'mixture_phase', 'source_phase', 'mix_magnitude', 'ideal_binary_mask', 'source_magnitudes'])
1.0093998908996582 GB allocated
3.275390625 GB reserved
dict_keys(['index', 'mixture_magnitude', 'mixture_phase', 'source_phase', 'mix_magnitude', 'ideal_binary_mask', 'source_magnitudes'])
1.0093998908996582 GB allocated
3.275390625 GB reserved
dict_keys(['index', 'mixture_magnitude', 'mixture_phase', 'source_phase', 'mix_magnitude', 'ideal_binary_mask', 'source_magnitudes'])
1.0085468292236328 GB allocated
3.275390625 GB reserved
dict_keys(['index', 'mixture_magnitude', 'mixture_phase', 'source_phase', 'mix_magnitude', 'ideal_binary_mask', 'source_magnitudes'])
1.0093998908996582 GB allocated
3.275390625 GB reserved
dict_keys(['index', 'mixture_magnitude', 'mixture_phase', 'source_phase', 'mix_magnitude', 'ideal_binary_mask', 'source_magnitudes'])
1.0093998908996582 GB allocated
3.275390625 GB reserved
dict_keys(['index', 'mixture_magnitude', 'mixture_phase', 'source_phase', 'mix_magnitude', 'ideal_binary_mask', 'source_magnitudes'])
1.0093998908996582 GB allocated
3.275390625 GB reserved
dict_keys(['index', 'mixture_magnitude', 'mixture_phase', 'source_phase', 'mix_magnitude', 'ideal_binary_mask', 'source_magnitudes'])
1.0085468292236328 GB allocated
3.275390625 GB reserved
dict_keys(['index', 'mixture_magnitude', 'mixture_phase', 'source_phase', 'mix_magnitude', 'ideal_binary_mask', 'source_magnitudes'])
1.0093998908996582 GB allocated
3.275390625 GB reserved
dict_keys(['index', 'mixture_magnitude', 'mixture_phase', 'source_phase', 'mix_magnitude', 'ideal_binary_mask', 'source_magnitudes'])
1.0093998908996582 GB allocated
3.275390625 GB reserved
dict_keys(['index', 'mixture_magnitude', 'mixture_phase', 'source_phase', 'mix_magnitude', 'ideal_binary_mask', 'source_magnitudes'])
1.0093998908996582 GB allocated
3.275390625 GB reserved
dict_keys(['index', 'mixture_magnitude', 'mixture_phase', 'source_phase', 'mix_magnitude', 'ideal_binary_mask', 'source_magnitudes'])
1.0085468292236328 GB allocated
3.275390625 GB reserved
dict_keys(['index', 'mixture_magnitude', 'mixture_phase', 'source_phase', 'mix_magnitude', 'ideal_binary_mask', 'source_magnitudes'])
1.0093998908996582 GB allocated
3.275390625 GB reserved
dict_keys(['index', 'mixture_magnitude', 'mixture_phase', 'source_phase', 'mix_magnitude', 'ideal_binary_mask', 'source_magnitudes'])
1.0093998908996582 GB allocated
3.275390625 GB reserved
dict_keys(['index', 'mixture_magnitude', 'mixture_phase', 'source_phase', 'mix_magnitude', 'ideal_binary_mask', 'source_magnitudes'])
1.0093998908996582 GB allocated
3.275390625 GB reserved
dict_keys(['index', 'mixture_magnitude', 'mixture_phase', 'source_phase', 'mix_magnitude', 'ideal_binary_mask', 'source_magnitudes'])
1.0085468292236328 GB allocated
3.275390625 GB reserved
dict_keys(['index', 'mixture_magnitude', 'mixture_phase', 'source_phase', 'mix_magnitude', 'ideal_binary_mask', 'source_magnitudes'])
1.0093998908996582 GB allocated
3.275390625 GB reserved
dict_keys(['index', 'mixture_magnitude', 'mixture_phase', 'source_phase', 'mix_magnitude', 'ideal_binary_mask', 'source_magnitudes'])
1.0093998908996582 GB allocated
3.275390625 GB reserved
dict_keys(['index', 'mixture_magnitude', 'mixture_phase', 'source_phase', 'mix_magnitude', 'ideal_binary_mask', 'source_magnitudes'])
1.0093998908996582 GB allocated
3.275390625 GB reserved
dict_keys(['index', 'mixture_magnitude', 'mixture_phase', 'source_phase', 'mix_magnitude', 'ideal_binary_mask', 'source_magnitudes'])
1.0085468292236328 GB allocated
3.275390625 GB reserved
dict_keys(['index', 'mixture_magnitude', 'mixture_phase', 'source_phase', 'mix_magnitude', 'ideal_binary_mask', 'source_magnitudes'])
1.0093998908996582 GB allocated
3.275390625 GB reserved
dict_keys(['index', 'mixture_magnitude', 'mixture_phase', 'source_phase', 'mix_magnitude', 'ideal_binary_mask', 'source_magnitudes'])
1.0093998908996582 GB allocated
3.275390625 GB reserved
dict_keys(['index', 'mixture_magnitude', 'mixture_phase', 'source_phase', 'mix_magnitude', 'ideal_binary_mask', 'source_magnitudes'])
1.0093998908996582 GB allocated
3.275390625 GB reserved
dict_keys(['index', 'mixture_magnitude', 'mixture_phase', 'source_phase', 'mix_magnitude', 'ideal_binary_mask', 'source_magnitudes'])
1.0085468292236328 GB allocated
3.275390625 GB reserved
dict_keys(['index', 'mixture_magnitude', 'mixture_phase', 'source_phase', 'mix_magnitude', 'ideal_binary_mask', 'source_magnitudes'])
1.0093998908996582 GB allocated
3.275390625 GB reserved
dict_keys(['index', 'mixture_magnitude', 'mixture_phase', 'source_phase', 'mix_magnitude', 'ideal_binary_mask', 'source_magnitudes'])
1.0093998908996582 GB allocated
3.275390625 GB reserved
dict_keys(['index', 'mixture_magnitude', 'mixture_phase', 'source_phase', 'mix_magnitude', 'ideal_binary_mask', 'source_magnitudes'])
1.0093998908996582 GB allocated
3.275390625 GB reserved
dict_keys(['index', 'mixture_magnitude', 'mixture_phase', 'source_phase', 'mix_magnitude', 'ideal_binary_mask', 'source_magnitudes'])
1.0085468292236328 GB allocated
3.275390625 GB reserved
dict_keys(['index', 'mixture_magnitude', 'mixture_phase', 'source_phase', 'mix_magnitude', 'ideal_binary_mask', 'source_magnitudes'])
1.0093998908996582 GB allocated
3.275390625 GB reserved
dict_keys(['index', 'mixture_magnitude', 'mixture_phase', 'source_phase', 'mix_magnitude', 'ideal_binary_mask', 'source_magnitudes'])
1.0093998908996582 GB allocated
3.275390625 GB reserved
dict_keys(['index', 'mixture_magnitude', 'mixture_phase', 'source_phase', 'mix_magnitude', 'ideal_binary_mask', 'source_magnitudes'])
1.0093998908996582 GB allocated
3.275390625 GB reserved
dict_keys(['index', 'mixture_magnitude', 'mixture_phase', 'source_phase', 'mix_magnitude', 'ideal_binary_mask', 'source_magnitudes'])
1.0085468292236328 GB allocated
3.275390625 GB reserved
dict_keys(['index', 'mixture_magnitude', 'mixture_phase', 'source_phase', 'mix_magnitude', 'ideal_binary_mask', 'source_magnitudes'])
1.0093998908996582 GB allocated
3.275390625 GB reserved
dict_keys(['index', 'mixture_magnitude', 'mixture_phase', 'source_phase', 'mix_magnitude', 'ideal_binary_mask', 'source_magnitudes'])
1.0093998908996582 GB allocated
3.275390625 GB reserved
dict_keys(['index', 'mixture_magnitude', 'mixture_phase', 'source_phase', 'mix_magnitude', 'ideal_binary_mask', 'source_magnitudes'])
1.0093998908996582 GB allocated
3.275390625 GB reserved
dict_keys(['index', 'mixture_magnitude', 'mixture_phase', 'source_phase', 'mix_magnitude', 'ideal_binary_mask', 'source_magnitudes'])
1.0085468292236328 GB allocated
3.275390625 GB reserved
dict_keys(['index', 'mixture_magnitude', 'mixture_phase', 'source_phase', 'mix_magnitude', 'ideal_binary_mask', 'source_magnitudes'])
1.0093998908996582 GB allocated
3.275390625 GB reserved
dict_keys(['index', 'mixture_magnitude', 'mixture_phase', 'source_phase', 'mix_magnitude', 'ideal_binary_mask', 'source_magnitudes'])
1.0093998908996582 GB allocated
3.275390625 GB reserved
dict_keys(['index', 'mixture_magnitude', 'mixture_phase', 'source_phase', 'mix_magnitude', 'ideal_binary_mask', 'source_magnitudes'])
1.0093998908996582 GB allocated
3.275390625 GB reserved
dict_keys(['index', 'mixture_magnitude', 'mixture_phase', 'source_phase', 'mix_magnitude', 'ideal_binary_mask', 'source_magnitudes'])
1.0085468292236328 GB allocated
3.275390625 GB reserved
dict_keys(['index', 'mixture_magnitude', 'mixture_phase', 'source_phase', 'mix_magnitude', 'ideal_binary_mask', 'source_magnitudes'])
1.0093998908996582 GB allocated
3.275390625 GB reserved
dict_keys(['index', 'mixture_magnitude', 'mixture_phase', 'source_phase', 'mix_magnitude', 'ideal_binary_mask', 'source_magnitudes'])
1.0093998908996582 GB allocated
3.275390625 GB reserved
dict_keys(['index', 'mixture_magnitude', 'mixture_phase', 'source_phase', 'mix_magnitude', 'ideal_binary_mask', 'source_magnitudes'])
1.0093998908996582 GB allocated
3.275390625 GB reserved
dict_keys(['index', 'mixture_magnitude', 'mixture_phase', 'source_phase', 'mix_magnitude', 'ideal_binary_mask', 'source_magnitudes'])
1.0085468292236328 GB allocated
3.275390625 GB reserved
dict_keys(['index', 'mixture_magnitude', 'mixture_phase', 'source_phase', 'mix_magnitude', 'ideal_binary_mask', 'source_magnitudes'])
1.0093998908996582 GB allocated
3.275390625 GB reserved
dict_keys(['index', 'mixture_magnitude', 'mixture_phase', 'source_phase', 'mix_magnitude', 'ideal_binary_mask', 'source_magnitudes'])
1.0093998908996582 GB allocated
3.275390625 GB reserved
dict_keys(['index', 'mixture_magnitude', 'mixture_phase', 'source_phase', 'mix_magnitude', 'ideal_binary_mask', 'source_magnitudes'])
1.0093998908996582 GB allocated
3.275390625 GB reserved
dict_keys(['index', 'mixture_magnitude', 'mixture_phase', 'source_phase', 'mix_magnitude', 'ideal_binary_mask', 'source_magnitudes'])
1.0085468292236328 GB allocated
3.275390625 GB reserved
dict_keys(['index', 'mixture_magnitude', 'mixture_phase', 'source_phase', 'mix_magnitude', 'ideal_binary_mask', 'source_magnitudes'])
1.0093998908996582 GB allocated
3.275390625 GB reserved
dict_keys(['index', 'mixture_magnitude', 'mixture_phase', 'source_phase', 'mix_magnitude', 'ideal_binary_mask', 'source_magnitudes'])
1.0093998908996582 GB allocated
3.275390625 GB reserved
dict_keys(['index', 'mixture_magnitude', 'mixture_phase', 'source_phase', 'mix_magnitude', 'ideal_binary_mask', 'source_magnitudes'])
1.0093998908996582 GB allocated
3.275390625 GB reserved
dict_keys(['index', 'mixture_magnitude', 'mixture_phase', 'source_phase', 'mix_magnitude', 'ideal_binary_mask', 'source_magnitudes'])
1.0085468292236328 GB allocated
3.275390625 GB reserved
dict_keys(['index', 'mixture_magnitude', 'mixture_phase', 'source_phase', 'mix_magnitude', 'ideal_binary_mask', 'source_magnitudes'])
1.0093998908996582 GB allocated
3.275390625 GB reserved
dict_keys(['index', 'mixture_magnitude', 'mixture_phase', 'source_phase', 'mix_magnitude', 'ideal_binary_mask', 'source_magnitudes'])
1.0093998908996582 GB allocated
3.275390625 GB reserved
dict_keys(['index', 'mixture_magnitude', 'mixture_phase', 'source_phase', 'mix_magnitude', 'ideal_binary_mask', 'source_magnitudes'])
1.0093998908996582 GB allocated
3.275390625 GB reserved
dict_keys(['index', 'mixture_magnitude', 'mixture_phase', 'source_phase', 'mix_magnitude', 'ideal_binary_mask', 'source_magnitudes'])
[Validator] Epoch 12 - val_loss: 0.000596
[BEST CHECKPOINT] Guardado/actualizado en: checkpoints\Mis_modelos_v2\main\l1_freq checkpoints\4stems\best_checkpoint_9_val_loss=-0.0006.pt
05/20/2026 05:35:54 AM | engine.py:1037 Engine run finished. Time taken: 00:01:06.867
[Epoch 12] train_loss=0.000560 | val_loss=0.000596
05/20/2026 05:35:54 AM | engine.py:1010 Epoch[12] Complete. Time taken: 00:19:10.414
1.0085468292236328 GB allocated
3.275390625 GB reserved
dict_keys(['index', 'mixture_magnitude', 'mixture_phase', 'source_phase', 'mix_magnitude', 'ideal_binary_mask', 'source_magnitudes'])
1.0093998908996582 GB allocated
3.275390625 GB reserved
dict_keys(['index', 'mixture_magnitude', 'mixture_phase', 'source_phase', 'mix_magnitude', 'ideal_binary_mask', 'source_magnitudes'])
1.0093998908996582 GB allocated
3.275390625 GB reserved
dict_keys(['index', 'mixture_magnitude', 'mixture_phase', 'source_phase', 'mix_magnitude', 'ideal_binary_mask', 'source_magnitudes'])
1.0093998908996582 GB allocated
3.275390625 GB reserved
dict_keys(['index', 'mixture_magnitude', 'mixture_phase', 'source_phase', 'mix_magnitude', 'ideal_binary_mask', 'source_magnitudes'])
1.0085468292236328 GB allocated
3.275390625 GB reserved
dict_keys(['index', 'mixture_magnitude', 'mixture_phase', 'source_phase', 'mix_magnitude', 'ideal_binary_mask', 'source_magnitudes'])
1.0093998908996582 GB allocated
3.275390625 GB reserved
dict_keys(['index', 'mixture_magnitude', 'mixture_phase', 'source_phase', 'mix_magnitude', 'ideal_binary_mask', 'source_magnitudes'])
1.0093998908996582 GB allocated
3.275390625 GB reserved
dict_keys(['index', 'mixture_magnitude', 'mixture_phase', 'source_phase', 'mix_magnitude', 'ideal_binary_mask', 'source_magnitudes'])
1.0093998908996582 GB allocated
3.275390625 GB reserved
dict_keys(['index', 'mixture_magnitude', 'mixture_phase', 'source_phase', 'mix_magnitude', 'ideal_binary_mask', 'source_magnitudes'])
1.0085468292236328 GB allocated
3.275390625 GB reserved
dict_keys(['index', 'mixture_magnitude', 'mixture_phase', 'source_phase', 'mix_magnitude', 'ideal_binary_mask', 'source_magnitudes'])
1.0093998908996582 GB allocated
3.275390625 GB reserved
dict_keys(['index', 'mixture_magnitude', 'mixture_phase', 'source_phase', 'mix_magnitude', 'ideal_binary_mask', 'source_magnitudes'])
1.0093998908996582 GB allocated
3.275390625 GB reserved
dict_keys(['index', 'mixture_magnitude', 'mixture_phase', 'source_phase', 'mix_magnitude', 'ideal_binary_mask', 'source_magnitudes'])
1.0093998908996582 GB allocated
3.275390625 GB reserved
dict_keys(['index', 'mixture_magnitude', 'mixture_phase', 'source_phase', 'mix_magnitude', 'ideal_binary_mask', 'source_magnitudes'])
1.0085468292236328 GB allocated
3.275390625 GB reserved
dict_keys(['index', 'mixture_magnitude', 'mixture_phase', 'source_phase', 'mix_magnitude', 'ideal_binary_mask', 'source_magnitudes'])
1.0093998908996582 GB allocated
3.275390625 GB reserved
dict_keys(['index', 'mixture_magnitude', 'mixture_phase', 'source_phase', 'mix_magnitude', 'ideal_binary_mask', 'source_magnitudes'])
1.0093998908996582 GB allocated
3.275390625 GB reserved
dict_keys(['index', 'mixture_magnitude', 'mixture_phase', 'source_phase', 'mix_magnitude', 'ideal_binary_mask', 'source_magnitudes'])
1.0093998908996582 GB allocated
3.275390625 GB reserved
dict_keys(['index', 'mixture_magnitude', 'mixture_phase', 'source_phase', 'mix_magnitude', 'ideal_binary_mask', 'source_magnitudes'])
1.0085468292236328 GB allocated
3.275390625 GB reserved
dict_keys(['index', 'mixture_magnitude', 'mixture_phase', 'source_phase', 'mix_magnitude', 'ideal_binary_mask', 'source_magnitudes'])
1.0093998908996582 GB allocated
3.275390625 GB reserved
dict_keys(['index', 'mixture_magnitude', 'mixture_phase', 'source_phase', 'mix_magnitude', 'ideal_binary_mask', 'source_magnitudes'])
1.0093998908996582 GB allocated
3.275390625 GB reserved
dict_keys(['index', 'mixture_magnitude', 'mixture_phase', 'source_phase', 'mix_magnitude', 'ideal_binary_mask', 'source_magnitudes'])
1.0093998908996582 GB allocated
3.275390625 GB reserved
dict_keys(['index', 'mixture_magnitude', 'mixture_phase', 'source_phase', 'mix_magnitude', 'ideal_binary_mask', 'source_magnitudes'])
1.0085468292236328 GB allocated
3.275390625 GB reserved
dict_keys(['index', 'mixture_magnitude', 'mixture_phase', 'source_phase', 'mix_magnitude', 'ideal_binary_mask', 'source_magnitudes'])
1.0093998908996582 GB allocated
3.275390625 GB reserved
dict_keys(['index', 'mixture_magnitude', 'mixture_phase', 'source_phase', 'mix_magnitude', 'ideal_binary_mask', 'source_magnitudes'])
1.0093998908996582 GB allocated
3.275390625 GB reserved
dict_keys(['index', 'mixture_magnitude', 'mixture_phase', 'source_phase', 'mix_magnitude', 'ideal_binary_mask', 'source_magnitudes'])
1.0093998908996582 GB allocated
3.275390625 GB reserved
dict_keys(['index', 'mixture_magnitude', 'mixture_phase', 'source_phase', 'mix_magnitude', 'ideal_binary_mask', 'source_magnitudes'])
1.0085468292236328 GB allocated
3.275390625 GB reserved
dict_keys(['index', 'mixture_magnitude', 'mixture_phase', 'source_phase', 'mix_magnitude', 'ideal_binary_mask', 'source_magnitudes'])
1.0093998908996582 GB allocated
3.275390625 GB reserved
dict_keys(['index', 'mixture_magnitude', 'mixture_phase', 'source_phase', 'mix_magnitude', 'ideal_binary_mask', 'source_magnitudes'])
1.0093998908996582 GB allocated
3.275390625 GB reserved
dict_keys(['index', 'mixture_magnitude', 'mixture_phase', 'source_phase', 'mix_magnitude', 'ideal_binary_mask', 'source_magnitudes'])
1.0093998908996582 GB allocated
3.275390625 GB reserved
dict_keys(['index', 'mixture_magnitude', 'mixture_phase', 'source_phase', 'mix_magnitude', 'ideal_binary_mask', 'source_magnitudes'])
1.0085468292236328 GB allocated
3.275390625 GB reserved
dict_keys(['index', 'mixture_magnitude', 'mixture_phase', 'source_phase', 'mix_magnitude', 'ideal_binary_mask', 'source_magnitudes'])
1.0093998908996582 GB allocated
3.275390625 GB reserved
dict_keys(['index', 'mixture_magnitude', 'mixture_phase', 'source_phase', 'mix_magnitude', 'ideal_binary_mask', 'source_magnitudes'])
1.0093998908996582 GB allocated
3.275390625 GB reserved
dict_keys(['index', 'mixture_magnitude', 'mixture_phase', 'source_phase', 'mix_magnitude', 'ideal_binary_mask', 'source_magnitudes'])
1.0093998908996582 GB allocated
3.275390625 GB reserved
dict_keys(['index', 'mixture_magnitude', 'mixture_phase', 'source_phase', 'mix_magnitude', 'ideal_binary_mask', 'source_magnitudes'])
1.0085468292236328 GB allocated
3.275390625 GB reserved
dict_keys(['index', 'mixture_magnitude', 'mixture_phase', 'source_phase', 'mix_magnitude', 'ideal_binary_mask', 'source_magnitudes'])
1.0093998908996582 GB allocated
3.275390625 GB reserved
dict_keys(['index', 'mixture_magnitude', 'mixture_phase', 'source_phase', 'mix_magnitude', 'ideal_binary_mask', 'source_magnitudes'])
1.0093998908996582 GB allocated
3.275390625 GB reserved
dict_keys(['index', 'mixture_magnitude', 'mixture_phase', 'source_phase', 'mix_magnitude', 'ideal_binary_mask', 'source_magnitudes'])
1.0093998908996582 GB allocated
3.275390625 GB reserved
dict_keys(['index', 'mixture_magnitude', 'mixture_phase', 'source_phase', 'mix_magnitude', 'ideal_binary_mask', 'source_magnitudes'])
1.0085468292236328 GB allocated
3.275390625 GB reserved
dict_keys(['index', 'mixture_magnitude', 'mixture_phase', 'source_phase', 'mix_magnitude', 'ideal_binary_mask', 'source_magnitudes'])
1.0093998908996582 GB allocated
3.275390625 GB reserved
dict_keys(['index', 'mixture_magnitude', 'mixture_phase', 'source_phase', 'mix_magnitude', 'ideal_binary_mask', 'source_magnitudes'])
1.0093998908996582 GB allocated
3.275390625 GB reserved
dict_keys(['index', 'mixture_magnitude', 'mixture_phase', 'source_phase', 'mix_magnitude', 'ideal_binary_mask', 'source_magnitudes'])
1.0093998908996582 GB allocated
3.275390625 GB reserved
dict_keys(['index', 'mixture_magnitude', 'mixture_phase', 'source_phase', 'mix_magnitude', 'ideal_binary_mask', 'source_magnitudes'])
1.0085468292236328 GB allocated
3.275390625 GB reserved
dict_keys(['index', 'mixture_magnitude', 'mixture_phase', 'source_phase', 'mix_magnitude', 'ideal_binary_mask', 'source_magnitudes'])
1.0093998908996582 GB allocated
3.275390625 GB reserved
dict_keys(['index', 'mixture_magnitude', 'mixture_phase', 'source_phase', 'mix_magnitude', 'ideal_binary_mask', 'source_magnitudes'])
1.0093998908996582 GB allocated
3.275390625 GB reserved
05/20/2026 05:54:10 AM | engine.py:906 Engine run starting with max_epochs=1.
05/20/2026 05:55:18 AM | engine.py:1010 Epoch[1] Complete. Time taken: 00:01:07.116
dict_keys(['index', 'mixture_magnitude', 'mixture_phase', 'source_phase', 'mix_magnitude', 'ideal_binary_mask', 'source_magnitudes'])
1.0093998908996582 GB allocated
3.275390625 GB reserved
dict_keys(['index', 'mixture_magnitude', 'mixture_phase', 'source_phase', 'mix_magnitude', 'ideal_binary_mask', 'source_magnitudes'])
1.0085468292236328 GB allocated
3.275390625 GB reserved
dict_keys(['index', 'mixture_magnitude', 'mixture_phase', 'source_phase', 'mix_magnitude', 'ideal_binary_mask', 'source_magnitudes'])
1.0093998908996582 GB allocated
3.275390625 GB reserved
dict_keys(['index', 'mixture_magnitude', 'mixture_phase', 'source_phase', 'mix_magnitude', 'ideal_binary_mask', 'source_magnitudes'])
1.0093998908996582 GB allocated
3.275390625 GB reserved
dict_keys(['index', 'mixture_magnitude', 'mixture_phase', 'source_phase', 'mix_magnitude', 'ideal_binary_mask', 'source_magnitudes'])
1.0093998908996582 GB allocated
3.275390625 GB reserved
dict_keys(['index', 'mixture_magnitude', 'mixture_phase', 'source_phase', 'mix_magnitude', 'ideal_binary_mask', 'source_magnitudes'])
1.0085468292236328 GB allocated
3.275390625 GB reserved
dict_keys(['index', 'mixture_magnitude', 'mixture_phase', 'source_phase', 'mix_magnitude', 'ideal_binary_mask', 'source_magnitudes'])
1.0093998908996582 GB allocated
3.275390625 GB reserved
dict_keys(['index', 'mixture_magnitude', 'mixture_phase', 'source_phase', 'mix_magnitude', 'ideal_binary_mask', 'source_magnitudes'])
1.0093998908996582 GB allocated
3.275390625 GB reserved
dict_keys(['index', 'mixture_magnitude', 'mixture_phase', 'source_phase', 'mix_magnitude', 'ideal_binary_mask', 'source_magnitudes'])
1.0093998908996582 GB allocated
3.275390625 GB reserved
dict_keys(['index', 'mixture_magnitude', 'mixture_phase', 'source_phase', 'mix_magnitude', 'ideal_binary_mask', 'source_magnitudes'])
1.0085468292236328 GB allocated
3.275390625 GB reserved
dict_keys(['index', 'mixture_magnitude', 'mixture_phase', 'source_phase', 'mix_magnitude', 'ideal_binary_mask', 'source_magnitudes'])
1.0093998908996582 GB allocated
3.275390625 GB reserved
dict_keys(['index', 'mixture_magnitude', 'mixture_phase', 'source_phase', 'mix_magnitude', 'ideal_binary_mask', 'source_magnitudes'])
1.0093998908996582 GB allocated
3.275390625 GB reserved
dict_keys(['index', 'mixture_magnitude', 'mixture_phase', 'source_phase', 'mix_magnitude', 'ideal_binary_mask', 'source_magnitudes'])
1.0093998908996582 GB allocated
3.275390625 GB reserved
dict_keys(['index', 'mixture_magnitude', 'mixture_phase', 'source_phase', 'mix_magnitude', 'ideal_binary_mask', 'source_magnitudes'])
1.0085468292236328 GB allocated
3.275390625 GB reserved
dict_keys(['index', 'mixture_magnitude', 'mixture_phase', 'source_phase', 'mix_magnitude', 'ideal_binary_mask', 'source_magnitudes'])
1.0093998908996582 GB allocated
3.275390625 GB reserved
dict_keys(['index', 'mixture_magnitude', 'mixture_phase', 'source_phase', 'mix_magnitude', 'ideal_binary_mask', 'source_magnitudes'])
1.0093998908996582 GB allocated
3.275390625 GB reserved
dict_keys(['index', 'mixture_magnitude', 'mixture_phase', 'source_phase', 'mix_magnitude', 'ideal_binary_mask', 'source_magnitudes'])
1.0093998908996582 GB allocated
3.275390625 GB reserved
dict_keys(['index', 'mixture_magnitude', 'mixture_phase', 'source_phase', 'mix_magnitude', 'ideal_binary_mask', 'source_magnitudes'])
1.0085468292236328 GB allocated
3.275390625 GB reserved
dict_keys(['index', 'mixture_magnitude', 'mixture_phase', 'source_phase', 'mix_magnitude', 'ideal_binary_mask', 'source_magnitudes'])
1.0093998908996582 GB allocated
3.275390625 GB reserved
dict_keys(['index', 'mixture_magnitude', 'mixture_phase', 'source_phase', 'mix_magnitude', 'ideal_binary_mask', 'source_magnitudes'])
1.0093998908996582 GB allocated
3.275390625 GB reserved
dict_keys(['index', 'mixture_magnitude', 'mixture_phase', 'source_phase', 'mix_magnitude', 'ideal_binary_mask', 'source_magnitudes'])
1.0093998908996582 GB allocated
3.275390625 GB reserved
dict_keys(['index', 'mixture_magnitude', 'mixture_phase', 'source_phase', 'mix_magnitude', 'ideal_binary_mask', 'source_magnitudes'])
1.0085468292236328 GB allocated
3.275390625 GB reserved
dict_keys(['index', 'mixture_magnitude', 'mixture_phase', 'source_phase', 'mix_magnitude', 'ideal_binary_mask', 'source_magnitudes'])
1.0093998908996582 GB allocated
3.275390625 GB reserved
dict_keys(['index', 'mixture_magnitude', 'mixture_phase', 'source_phase', 'mix_magnitude', 'ideal_binary_mask', 'source_magnitudes'])
1.0093998908996582 GB allocated
3.275390625 GB reserved
dict_keys(['index', 'mixture_magnitude', 'mixture_phase', 'source_phase', 'mix_magnitude', 'ideal_binary_mask', 'source_magnitudes'])
1.0093998908996582 GB allocated
3.275390625 GB reserved
dict_keys(['index', 'mixture_magnitude', 'mixture_phase', 'source_phase', 'mix_magnitude', 'ideal_binary_mask', 'source_magnitudes'])
1.0085468292236328 GB allocated
3.275390625 GB reserved
dict_keys(['index', 'mixture_magnitude', 'mixture_phase', 'source_phase', 'mix_magnitude', 'ideal_binary_mask', 'source_magnitudes'])
1.0093998908996582 GB allocated
3.275390625 GB reserved
dict_keys(['index', 'mixture_magnitude', 'mixture_phase', 'source_phase', 'mix_magnitude', 'ideal_binary_mask', 'source_magnitudes'])
1.0093998908996582 GB allocated
3.275390625 GB reserved
dict_keys(['index', 'mixture_magnitude', 'mixture_phase', 'source_phase', 'mix_magnitude', 'ideal_binary_mask', 'source_magnitudes'])
1.0093998908996582 GB allocated
3.275390625 GB reserved
dict_keys(['index', 'mixture_magnitude', 'mixture_phase', 'source_phase', 'mix_magnitude', 'ideal_binary_mask', 'source_magnitudes'])
1.0085468292236328 GB allocated
3.275390625 GB reserved
dict_keys(['index', 'mixture_magnitude', 'mixture_phase', 'source_phase', 'mix_magnitude', 'ideal_binary_mask', 'source_magnitudes'])
1.0093998908996582 GB allocated
3.275390625 GB reserved
dict_keys(['index', 'mixture_magnitude', 'mixture_phase', 'source_phase', 'mix_magnitude', 'ideal_binary_mask', 'source_magnitudes'])
1.0093998908996582 GB allocated
3.275390625 GB reserved
dict_keys(['index', 'mixture_magnitude', 'mixture_phase', 'source_phase', 'mix_magnitude', 'ideal_binary_mask', 'source_magnitudes'])
1.0093998908996582 GB allocated
3.275390625 GB reserved
dict_keys(['index', 'mixture_magnitude', 'mixture_phase', 'source_phase', 'mix_magnitude', 'ideal_binary_mask', 'source_magnitudes'])
1.0085468292236328 GB allocated
3.275390625 GB reserved
dict_keys(['index', 'mixture_magnitude', 'mixture_phase', 'source_phase', 'mix_magnitude', 'ideal_binary_mask', 'source_magnitudes'])
1.0093998908996582 GB allocated
3.275390625 GB reserved
dict_keys(['index', 'mixture_magnitude', 'mixture_phase', 'source_phase', 'mix_magnitude', 'ideal_binary_mask', 'source_magnitudes'])
1.0093998908996582 GB allocated
3.275390625 GB reserved
dict_keys(['index', 'mixture_magnitude', 'mixture_phase', 'source_phase', 'mix_magnitude', 'ideal_binary_mask', 'source_magnitudes'])
1.0093998908996582 GB allocated
3.275390625 GB reserved
dict_keys(['index', 'mixture_magnitude', 'mixture_phase', 'source_phase', 'mix_magnitude', 'ideal_binary_mask', 'source_magnitudes'])
1.0085468292236328 GB allocated
3.275390625 GB reserved
dict_keys(['index', 'mixture_magnitude', 'mixture_phase', 'source_phase', 'mix_magnitude', 'ideal_binary_mask', 'source_magnitudes'])
1.0093998908996582 GB allocated
3.275390625 GB reserved
dict_keys(['index', 'mixture_magnitude', 'mixture_phase', 'source_phase', 'mix_magnitude', 'ideal_binary_mask', 'source_magnitudes'])
1.0093998908996582 GB allocated
3.275390625 GB reserved
dict_keys(['index', 'mixture_magnitude', 'mixture_phase', 'source_phase', 'mix_magnitude', 'ideal_binary_mask', 'source_magnitudes'])
1.0093998908996582 GB allocated
3.275390625 GB reserved
dict_keys(['index', 'mixture_magnitude', 'mixture_phase', 'source_phase', 'mix_magnitude', 'ideal_binary_mask', 'source_magnitudes'])
1.0085468292236328 GB allocated
3.275390625 GB reserved
dict_keys(['index', 'mixture_magnitude', 'mixture_phase', 'source_phase', 'mix_magnitude', 'ideal_binary_mask', 'source_magnitudes'])
1.0093998908996582 GB allocated
3.275390625 GB reserved
dict_keys(['index', 'mixture_magnitude', 'mixture_phase', 'source_phase', 'mix_magnitude', 'ideal_binary_mask', 'source_magnitudes'])
1.0093998908996582 GB allocated
3.275390625 GB reserved
dict_keys(['index', 'mixture_magnitude', 'mixture_phase', 'source_phase', 'mix_magnitude', 'ideal_binary_mask', 'source_magnitudes'])
1.0093998908996582 GB allocated
3.275390625 GB reserved
dict_keys(['index', 'mixture_magnitude', 'mixture_phase', 'source_phase', 'mix_magnitude', 'ideal_binary_mask', 'source_magnitudes'])
1.0085468292236328 GB allocated
3.275390625 GB reserved
dict_keys(['index', 'mixture_magnitude', 'mixture_phase', 'source_phase', 'mix_magnitude', 'ideal_binary_mask', 'source_magnitudes'])
1.0093998908996582 GB allocated
3.275390625 GB reserved
dict_keys(['index', 'mixture_magnitude', 'mixture_phase', 'source_phase', 'mix_magnitude', 'ideal_binary_mask', 'source_magnitudes'])
1.0093998908996582 GB allocated
3.275390625 GB reserved
dict_keys(['index', 'mixture_magnitude', 'mixture_phase', 'source_phase', 'mix_magnitude', 'ideal_binary_mask', 'source_magnitudes'])
1.0093998908996582 GB allocated
3.275390625 GB reserved
dict_keys(['index', 'mixture_magnitude', 'mixture_phase', 'source_phase', 'mix_magnitude', 'ideal_binary_mask', 'source_magnitudes'])
1.0085468292236328 GB allocated
3.275390625 GB reserved
dict_keys(['index', 'mixture_magnitude', 'mixture_phase', 'source_phase', 'mix_magnitude', 'ideal_binary_mask', 'source_magnitudes'])
1.0093998908996582 GB allocated
3.275390625 GB reserved
dict_keys(['index', 'mixture_magnitude', 'mixture_phase', 'source_phase', 'mix_magnitude', 'ideal_binary_mask', 'source_magnitudes'])
1.0093998908996582 GB allocated
3.275390625 GB reserved
dict_keys(['index', 'mixture_magnitude', 'mixture_phase', 'source_phase', 'mix_magnitude', 'ideal_binary_mask', 'source_magnitudes'])
1.0093998908996582 GB allocated
3.275390625 GB reserved
dict_keys(['index', 'mixture_magnitude', 'mixture_phase', 'source_phase', 'mix_magnitude', 'ideal_binary_mask', 'source_magnitudes'])
1.0085468292236328 GB allocated
3.275390625 GB reserved
dict_keys(['index', 'mixture_magnitude', 'mixture_phase', 'source_phase', 'mix_magnitude', 'ideal_binary_mask', 'source_magnitudes'])
1.0093998908996582 GB allocated
3.275390625 GB reserved
dict_keys(['index', 'mixture_magnitude', 'mixture_phase', 'source_phase', 'mix_magnitude', 'ideal_binary_mask', 'source_magnitudes'])
1.0093998908996582 GB allocated
3.275390625 GB reserved
dict_keys(['index', 'mixture_magnitude', 'mixture_phase', 'source_phase', 'mix_magnitude', 'ideal_binary_mask', 'source_magnitudes'])
1.0093998908996582 GB allocated
3.275390625 GB reserved
dict_keys(['index', 'mixture_magnitude', 'mixture_phase', 'source_phase', 'mix_magnitude', 'ideal_binary_mask', 'source_magnitudes'])
[Validator] Epoch 13 - val_loss: 0.000594
[BEST CHECKPOINT] Guardado/actualizado en: checkpoints\Mis_modelos_v2\main\l1_freq checkpoints\4stems\best_checkpoint_13_val_loss=-0.0006.pt
05/20/2026 05:55:18 AM | engine.py:1037 Engine run finished. Time taken: 00:01:07.126
[Epoch 13] train_loss=0.000561 | val_loss=0.000594
05/20/2026 05:55:18 AM | engine.py:1010 Epoch[13] Complete. Time taken: 00:19:23.689
1.0085468292236328 GB allocated
3.275390625 GB reserved
dict_keys(['index', 'mixture_magnitude', 'mixture_phase', 'source_phase', 'mix_magnitude', 'ideal_binary_mask', 'source_magnitudes'])
1.0093998908996582 GB allocated
3.275390625 GB reserved
dict_keys(['index', 'mixture_magnitude', 'mixture_phase', 'source_phase', 'mix_magnitude', 'ideal_binary_mask', 'source_magnitudes'])
1.0093998908996582 GB allocated
3.275390625 GB reserved
dict_keys(['index', 'mixture_magnitude', 'mixture_phase', 'source_phase', 'mix_magnitude', 'ideal_binary_mask', 'source_magnitudes'])
1.0093998908996582 GB allocated
3.275390625 GB reserved
dict_keys(['index', 'mixture_magnitude', 'mixture_phase', 'source_phase', 'mix_magnitude', 'ideal_binary_mask', 'source_magnitudes'])
1.0085468292236328 GB allocated
3.275390625 GB reserved
dict_keys(['index', 'mixture_magnitude', 'mixture_phase', 'source_phase', 'mix_magnitude', 'ideal_binary_mask', 'source_magnitudes'])
1.0093998908996582 GB allocated
3.275390625 GB reserved
dict_keys(['index', 'mixture_magnitude', 'mixture_phase', 'source_phase', 'mix_magnitude', 'ideal_binary_mask', 'source_magnitudes'])
1.0093998908996582 GB allocated
3.275390625 GB reserved
dict_keys(['index', 'mixture_magnitude', 'mixture_phase', 'source_phase', 'mix_magnitude', 'ideal_binary_mask', 'source_magnitudes'])
1.0093998908996582 GB allocated
3.275390625 GB reserved
dict_keys(['index', 'mixture_magnitude', 'mixture_phase', 'source_phase', 'mix_magnitude', 'ideal_binary_mask', 'source_magnitudes'])
1.0085468292236328 GB allocated
3.275390625 GB reserved
dict_keys(['index', 'mixture_magnitude', 'mixture_phase', 'source_phase', 'mix_magnitude', 'ideal_binary_mask', 'source_magnitudes'])
1.0093998908996582 GB allocated
3.275390625 GB reserved
dict_keys(['index', 'mixture_magnitude', 'mixture_phase', 'source_phase', 'mix_magnitude', 'ideal_binary_mask', 'source_magnitudes'])
1.0093998908996582 GB allocated
3.275390625 GB reserved
dict_keys(['index', 'mixture_magnitude', 'mixture_phase', 'source_phase', 'mix_magnitude', 'ideal_binary_mask', 'source_magnitudes'])
1.0093998908996582 GB allocated
3.275390625 GB reserved
dict_keys(['index', 'mixture_magnitude', 'mixture_phase', 'source_phase', 'mix_magnitude', 'ideal_binary_mask', 'source_magnitudes'])
1.0085468292236328 GB allocated
3.275390625 GB reserved
dict_keys(['index', 'mixture_magnitude', 'mixture_phase', 'source_phase', 'mix_magnitude', 'ideal_binary_mask', 'source_magnitudes'])
1.0093998908996582 GB allocated
3.275390625 GB reserved
dict_keys(['index', 'mixture_magnitude', 'mixture_phase', 'source_phase', 'mix_magnitude', 'ideal_binary_mask', 'source_magnitudes'])
1.0093998908996582 GB allocated
3.275390625 GB reserved
dict_keys(['index', 'mixture_magnitude', 'mixture_phase', 'source_phase', 'mix_magnitude', 'ideal_binary_mask', 'source_magnitudes'])
1.0093998908996582 GB allocated
3.275390625 GB reserved
dict_keys(['index', 'mixture_magnitude', 'mixture_phase', 'source_phase', 'mix_magnitude', 'ideal_binary_mask', 'source_magnitudes'])
1.0085468292236328 GB allocated
3.275390625 GB reserved
dict_keys(['index', 'mixture_magnitude', 'mixture_phase', 'source_phase', 'mix_magnitude', 'ideal_binary_mask', 'source_magnitudes'])
1.0093998908996582 GB allocated
3.275390625 GB reserved
dict_keys(['index', 'mixture_magnitude', 'mixture_phase', 'source_phase', 'mix_magnitude', 'ideal_binary_mask', 'source_magnitudes'])
1.0093998908996582 GB allocated
3.275390625 GB reserved
dict_keys(['index', 'mixture_magnitude', 'mixture_phase', 'source_phase', 'mix_magnitude', 'ideal_binary_mask', 'source_magnitudes'])
1.0093998908996582 GB allocated
3.275390625 GB reserved
dict_keys(['index', 'mixture_magnitude', 'mixture_phase', 'source_phase', 'mix_magnitude', 'ideal_binary_mask', 'source_magnitudes'])
1.0085468292236328 GB allocated
3.275390625 GB reserved
dict_keys(['index', 'mixture_magnitude', 'mixture_phase', 'source_phase', 'mix_magnitude', 'ideal_binary_mask', 'source_magnitudes'])
1.0093998908996582 GB allocated
3.275390625 GB reserved
dict_keys(['index', 'mixture_magnitude', 'mixture_phase', 'source_phase', 'mix_magnitude', 'ideal_binary_mask', 'source_magnitudes'])
1.0093998908996582 GB allocated
3.275390625 GB reserved
dict_keys(['index', 'mixture_magnitude', 'mixture_phase', 'source_phase', 'mix_magnitude', 'ideal_binary_mask', 'source_magnitudes'])
1.0093998908996582 GB allocated
3.275390625 GB reserved
dict_keys(['index', 'mixture_magnitude', 'mixture_phase', 'source_phase', 'mix_magnitude', 'ideal_binary_mask', 'source_magnitudes'])
1.0085468292236328 GB allocated
3.275390625 GB reserved
dict_keys(['index', 'mixture_magnitude', 'mixture_phase', 'source_phase', 'mix_magnitude', 'ideal_binary_mask', 'source_magnitudes'])
1.0093998908996582 GB allocated
3.275390625 GB reserved
dict_keys(['index', 'mixture_magnitude', 'mixture_phase', 'source_phase', 'mix_magnitude', 'ideal_binary_mask', 'source_magnitudes'])
1.0093998908996582 GB allocated
3.275390625 GB reserved
dict_keys(['index', 'mixture_magnitude', 'mixture_phase', 'source_phase', 'mix_magnitude', 'ideal_binary_mask', 'source_magnitudes'])
1.0093998908996582 GB allocated
3.275390625 GB reserved
dict_keys(['index', 'mixture_magnitude', 'mixture_phase', 'source_phase', 'mix_magnitude', 'ideal_binary_mask', 'source_magnitudes'])
1.0085468292236328 GB allocated
3.275390625 GB reserved
dict_keys(['index', 'mixture_magnitude', 'mixture_phase', 'source_phase', 'mix_magnitude', 'ideal_binary_mask', 'source_magnitudes'])
1.0093998908996582 GB allocated
3.275390625 GB reserved
dict_keys(['index', 'mixture_magnitude', 'mixture_phase', 'source_phase', 'mix_magnitude', 'ideal_binary_mask', 'source_magnitudes'])
1.0093998908996582 GB allocated
3.275390625 GB reserved
dict_keys(['index', 'mixture_magnitude', 'mixture_phase', 'source_phase', 'mix_magnitude', 'ideal_binary_mask', 'source_magnitudes'])
1.0093998908996582 GB allocated
3.275390625 GB reserved
dict_keys(['index', 'mixture_magnitude', 'mixture_phase', 'source_phase', 'mix_magnitude', 'ideal_binary_mask', 'source_magnitudes'])
1.0085468292236328 GB allocated
3.275390625 GB reserved
dict_keys(['index', 'mixture_magnitude', 'mixture_phase', 'source_phase', 'mix_magnitude', 'ideal_binary_mask', 'source_magnitudes'])
1.0093998908996582 GB allocated
3.275390625 GB reserved
dict_keys(['index', 'mixture_magnitude', 'mixture_phase', 'source_phase', 'mix_magnitude', 'ideal_binary_mask', 'source_magnitudes'])
1.0093998908996582 GB allocated
3.275390625 GB reserved
dict_keys(['index', 'mixture_magnitude', 'mixture_phase', 'source_phase', 'mix_magnitude', 'ideal_binary_mask', 'source_magnitudes'])
1.0093998908996582 GB allocated
3.275390625 GB reserved
dict_keys(['index', 'mixture_magnitude', 'mixture_phase', 'source_phase', 'mix_magnitude', 'ideal_binary_mask', 'source_magnitudes'])
1.0085468292236328 GB allocated
3.275390625 GB reserved
dict_keys(['index', 'mixture_magnitude', 'mixture_phase', 'source_phase', 'mix_magnitude', 'ideal_binary_mask', 'source_magnitudes'])
1.0093998908996582 GB allocated
3.275390625 GB reserved
dict_keys(['index', 'mixture_magnitude', 'mixture_phase', 'source_phase', 'mix_magnitude', 'ideal_binary_mask', 'source_magnitudes'])
1.0093998908996582 GB allocated
3.275390625 GB reserved
dict_keys(['index', 'mixture_magnitude', 'mixture_phase', 'source_phase', 'mix_magnitude', 'ideal_binary_mask', 'source_magnitudes'])
1.0093998908996582 GB allocated
3.275390625 GB reserved
dict_keys(['index', 'mixture_magnitude', 'mixture_phase', 'source_phase', 'mix_magnitude', 'ideal_binary_mask', 'source_magnitudes'])
1.0085468292236328 GB allocated
3.275390625 GB reserved
dict_keys(['index', 'mixture_magnitude', 'mixture_phase', 'source_phase', 'mix_magnitude', 'ideal_binary_mask', 'source_magnitudes'])
1.0093998908996582 GB allocated
3.275390625 GB reserved
dict_keys(['index', 'mixture_magnitude', 'mixture_phase', 'source_phase', 'mix_magnitude', 'ideal_binary_mask', 'source_magnitudes'])
1.0093998908996582 GB allocated
3.275390625 GB reserved
05/20/2026 06:13:17 AM | engine.py:906 Engine run starting with max_epochs=1.
05/20/2026 06:14:23 AM | engine.py:1010 Epoch[1] Complete. Time taken: 00:01:06.853
dict_keys(['index', 'mixture_magnitude', 'mixture_phase', 'source_phase', 'mix_magnitude', 'ideal_binary_mask', 'source_magnitudes'])
1.0093998908996582 GB allocated
3.275390625 GB reserved
dict_keys(['index', 'mixture_magnitude', 'mixture_phase', 'source_phase', 'mix_magnitude', 'ideal_binary_mask', 'source_magnitudes'])
1.0085468292236328 GB allocated
3.275390625 GB reserved
dict_keys(['index', 'mixture_magnitude', 'mixture_phase', 'source_phase', 'mix_magnitude', 'ideal_binary_mask', 'source_magnitudes'])
1.0093998908996582 GB allocated
3.275390625 GB reserved
dict_keys(['index', 'mixture_magnitude', 'mixture_phase', 'source_phase', 'mix_magnitude', 'ideal_binary_mask', 'source_magnitudes'])
1.0093998908996582 GB allocated
3.275390625 GB reserved
dict_keys(['index', 'mixture_magnitude', 'mixture_phase', 'source_phase', 'mix_magnitude', 'ideal_binary_mask', 'source_magnitudes'])
1.0093998908996582 GB allocated
3.275390625 GB reserved
dict_keys(['index', 'mixture_magnitude', 'mixture_phase', 'source_phase', 'mix_magnitude', 'ideal_binary_mask', 'source_magnitudes'])
1.0085468292236328 GB allocated
3.275390625 GB reserved
dict_keys(['index', 'mixture_magnitude', 'mixture_phase', 'source_phase', 'mix_magnitude', 'ideal_binary_mask', 'source_magnitudes'])
1.0093998908996582 GB allocated
3.275390625 GB reserved
dict_keys(['index', 'mixture_magnitude', 'mixture_phase', 'source_phase', 'mix_magnitude', 'ideal_binary_mask', 'source_magnitudes'])
1.0093998908996582 GB allocated
3.275390625 GB reserved
dict_keys(['index', 'mixture_magnitude', 'mixture_phase', 'source_phase', 'mix_magnitude', 'ideal_binary_mask', 'source_magnitudes'])
1.0093998908996582 GB allocated
3.275390625 GB reserved
dict_keys(['index', 'mixture_magnitude', 'mixture_phase', 'source_phase', 'mix_magnitude', 'ideal_binary_mask', 'source_magnitudes'])
1.0085468292236328 GB allocated
3.275390625 GB reserved
dict_keys(['index', 'mixture_magnitude', 'mixture_phase', 'source_phase', 'mix_magnitude', 'ideal_binary_mask', 'source_magnitudes'])
1.0093998908996582 GB allocated
3.275390625 GB reserved
dict_keys(['index', 'mixture_magnitude', 'mixture_phase', 'source_phase', 'mix_magnitude', 'ideal_binary_mask', 'source_magnitudes'])
1.0093998908996582 GB allocated
3.275390625 GB reserved
dict_keys(['index', 'mixture_magnitude', 'mixture_phase', 'source_phase', 'mix_magnitude', 'ideal_binary_mask', 'source_magnitudes'])
1.0093998908996582 GB allocated
3.275390625 GB reserved
dict_keys(['index', 'mixture_magnitude', 'mixture_phase', 'source_phase', 'mix_magnitude', 'ideal_binary_mask', 'source_magnitudes'])
1.0085468292236328 GB allocated
3.275390625 GB reserved
dict_keys(['index', 'mixture_magnitude', 'mixture_phase', 'source_phase', 'mix_magnitude', 'ideal_binary_mask', 'source_magnitudes'])
1.0093998908996582 GB allocated
3.275390625 GB reserved
dict_keys(['index', 'mixture_magnitude', 'mixture_phase', 'source_phase', 'mix_magnitude', 'ideal_binary_mask', 'source_magnitudes'])
1.0093998908996582 GB allocated
3.275390625 GB reserved
dict_keys(['index', 'mixture_magnitude', 'mixture_phase', 'source_phase', 'mix_magnitude', 'ideal_binary_mask', 'source_magnitudes'])
1.0093998908996582 GB allocated
3.275390625 GB reserved
dict_keys(['index', 'mixture_magnitude', 'mixture_phase', 'source_phase', 'mix_magnitude', 'ideal_binary_mask', 'source_magnitudes'])
1.0085468292236328 GB allocated
3.275390625 GB reserved
dict_keys(['index', 'mixture_magnitude', 'mixture_phase', 'source_phase', 'mix_magnitude', 'ideal_binary_mask', 'source_magnitudes'])
1.0093998908996582 GB allocated
3.275390625 GB reserved
dict_keys(['index', 'mixture_magnitude', 'mixture_phase', 'source_phase', 'mix_magnitude', 'ideal_binary_mask', 'source_magnitudes'])
1.0093998908996582 GB allocated
3.275390625 GB reserved
dict_keys(['index', 'mixture_magnitude', 'mixture_phase', 'source_phase', 'mix_magnitude', 'ideal_binary_mask', 'source_magnitudes'])
1.0093998908996582 GB allocated
3.275390625 GB reserved
dict_keys(['index', 'mixture_magnitude', 'mixture_phase', 'source_phase', 'mix_magnitude', 'ideal_binary_mask', 'source_magnitudes'])
1.0085468292236328 GB allocated
3.275390625 GB reserved
dict_keys(['index', 'mixture_magnitude', 'mixture_phase', 'source_phase', 'mix_magnitude', 'ideal_binary_mask', 'source_magnitudes'])
1.0093998908996582 GB allocated
3.275390625 GB reserved
dict_keys(['index', 'mixture_magnitude', 'mixture_phase', 'source_phase', 'mix_magnitude', 'ideal_binary_mask', 'source_magnitudes'])
1.0093998908996582 GB allocated
3.275390625 GB reserved
dict_keys(['index', 'mixture_magnitude', 'mixture_phase', 'source_phase', 'mix_magnitude', 'ideal_binary_mask', 'source_magnitudes'])
1.0093998908996582 GB allocated
3.275390625 GB reserved
dict_keys(['index', 'mixture_magnitude', 'mixture_phase', 'source_phase', 'mix_magnitude', 'ideal_binary_mask', 'source_magnitudes'])
1.0085468292236328 GB allocated
3.275390625 GB reserved
dict_keys(['index', 'mixture_magnitude', 'mixture_phase', 'source_phase', 'mix_magnitude', 'ideal_binary_mask', 'source_magnitudes'])
1.0093998908996582 GB allocated
3.275390625 GB reserved
dict_keys(['index', 'mixture_magnitude', 'mixture_phase', 'source_phase', 'mix_magnitude', 'ideal_binary_mask', 'source_magnitudes'])
1.0093998908996582 GB allocated
3.275390625 GB reserved
dict_keys(['index', 'mixture_magnitude', 'mixture_phase', 'source_phase', 'mix_magnitude', 'ideal_binary_mask', 'source_magnitudes'])
1.0093998908996582 GB allocated
3.275390625 GB reserved
dict_keys(['index', 'mixture_magnitude', 'mixture_phase', 'source_phase', 'mix_magnitude', 'ideal_binary_mask', 'source_magnitudes'])
1.0085468292236328 GB allocated
3.275390625 GB reserved
dict_keys(['index', 'mixture_magnitude', 'mixture_phase', 'source_phase', 'mix_magnitude', 'ideal_binary_mask', 'source_magnitudes'])
1.0093998908996582 GB allocated
3.275390625 GB reserved
dict_keys(['index', 'mixture_magnitude', 'mixture_phase', 'source_phase', 'mix_magnitude', 'ideal_binary_mask', 'source_magnitudes'])
1.0093998908996582 GB allocated
3.275390625 GB reserved
dict_keys(['index', 'mixture_magnitude', 'mixture_phase', 'source_phase', 'mix_magnitude', 'ideal_binary_mask', 'source_magnitudes'])
1.0093998908996582 GB allocated
3.275390625 GB reserved
dict_keys(['index', 'mixture_magnitude', 'mixture_phase', 'source_phase', 'mix_magnitude', 'ideal_binary_mask', 'source_magnitudes'])
1.0085468292236328 GB allocated
3.275390625 GB reserved
dict_keys(['index', 'mixture_magnitude', 'mixture_phase', 'source_phase', 'mix_magnitude', 'ideal_binary_mask', 'source_magnitudes'])
1.0093998908996582 GB allocated
3.275390625 GB reserved
dict_keys(['index', 'mixture_magnitude', 'mixture_phase', 'source_phase', 'mix_magnitude', 'ideal_binary_mask', 'source_magnitudes'])
1.0093998908996582 GB allocated
3.275390625 GB reserved
dict_keys(['index', 'mixture_magnitude', 'mixture_phase', 'source_phase', 'mix_magnitude', 'ideal_binary_mask', 'source_magnitudes'])
1.0093998908996582 GB allocated
3.275390625 GB reserved
dict_keys(['index', 'mixture_magnitude', 'mixture_phase', 'source_phase', 'mix_magnitude', 'ideal_binary_mask', 'source_magnitudes'])
1.0085468292236328 GB allocated
3.275390625 GB reserved
dict_keys(['index', 'mixture_magnitude', 'mixture_phase', 'source_phase', 'mix_magnitude', 'ideal_binary_mask', 'source_magnitudes'])
1.0093998908996582 GB allocated
3.275390625 GB reserved
dict_keys(['index', 'mixture_magnitude', 'mixture_phase', 'source_phase', 'mix_magnitude', 'ideal_binary_mask', 'source_magnitudes'])
1.0093998908996582 GB allocated
3.275390625 GB reserved
dict_keys(['index', 'mixture_magnitude', 'mixture_phase', 'source_phase', 'mix_magnitude', 'ideal_binary_mask', 'source_magnitudes'])
1.0093998908996582 GB allocated
3.275390625 GB reserved
dict_keys(['index', 'mixture_magnitude', 'mixture_phase', 'source_phase', 'mix_magnitude', 'ideal_binary_mask', 'source_magnitudes'])
1.0085468292236328 GB allocated
3.275390625 GB reserved
dict_keys(['index', 'mixture_magnitude', 'mixture_phase', 'source_phase', 'mix_magnitude', 'ideal_binary_mask', 'source_magnitudes'])
1.0093998908996582 GB allocated
3.275390625 GB reserved
dict_keys(['index', 'mixture_magnitude', 'mixture_phase', 'source_phase', 'mix_magnitude', 'ideal_binary_mask', 'source_magnitudes'])
1.0093998908996582 GB allocated
3.275390625 GB reserved
dict_keys(['index', 'mixture_magnitude', 'mixture_phase', 'source_phase', 'mix_magnitude', 'ideal_binary_mask', 'source_magnitudes'])
1.0093998908996582 GB allocated
3.275390625 GB reserved
dict_keys(['index', 'mixture_magnitude', 'mixture_phase', 'source_phase', 'mix_magnitude', 'ideal_binary_mask', 'source_magnitudes'])
1.0085468292236328 GB allocated
3.275390625 GB reserved
dict_keys(['index', 'mixture_magnitude', 'mixture_phase', 'source_phase', 'mix_magnitude', 'ideal_binary_mask', 'source_magnitudes'])
1.0093998908996582 GB allocated
3.275390625 GB reserved
dict_keys(['index', 'mixture_magnitude', 'mixture_phase', 'source_phase', 'mix_magnitude', 'ideal_binary_mask', 'source_magnitudes'])
1.0093998908996582 GB allocated
3.275390625 GB reserved
dict_keys(['index', 'mixture_magnitude', 'mixture_phase', 'source_phase', 'mix_magnitude', 'ideal_binary_mask', 'source_magnitudes'])
1.0093998908996582 GB allocated
3.275390625 GB reserved
dict_keys(['index', 'mixture_magnitude', 'mixture_phase', 'source_phase', 'mix_magnitude', 'ideal_binary_mask', 'source_magnitudes'])
1.0085468292236328 GB allocated
3.275390625 GB reserved
dict_keys(['index', 'mixture_magnitude', 'mixture_phase', 'source_phase', 'mix_magnitude', 'ideal_binary_mask', 'source_magnitudes'])
1.0093998908996582 GB allocated
3.275390625 GB reserved
dict_keys(['index', 'mixture_magnitude', 'mixture_phase', 'source_phase', 'mix_magnitude', 'ideal_binary_mask', 'source_magnitudes'])
1.0093998908996582 GB allocated
3.275390625 GB reserved
dict_keys(['index', 'mixture_magnitude', 'mixture_phase', 'source_phase', 'mix_magnitude', 'ideal_binary_mask', 'source_magnitudes'])
1.0093998908996582 GB allocated
3.275390625 GB reserved
dict_keys(['index', 'mixture_magnitude', 'mixture_phase', 'source_phase', 'mix_magnitude', 'ideal_binary_mask', 'source_magnitudes'])
1.0085468292236328 GB allocated
3.275390625 GB reserved
dict_keys(['index', 'mixture_magnitude', 'mixture_phase', 'source_phase', 'mix_magnitude', 'ideal_binary_mask', 'source_magnitudes'])
1.0093998908996582 GB allocated
3.275390625 GB reserved
dict_keys(['index', 'mixture_magnitude', 'mixture_phase', 'source_phase', 'mix_magnitude', 'ideal_binary_mask', 'source_magnitudes'])
1.0093998908996582 GB allocated
3.275390625 GB reserved
dict_keys(['index', 'mixture_magnitude', 'mixture_phase', 'source_phase', 'mix_magnitude', 'ideal_binary_mask', 'source_magnitudes'])
1.0093998908996582 GB allocated
3.275390625 GB reserved
dict_keys(['index', 'mixture_magnitude', 'mixture_phase', 'source_phase', 'mix_magnitude', 'ideal_binary_mask', 'source_magnitudes'])
[Validator] Epoch 14 - val_loss: 0.000595
[BEST CHECKPOINT] Guardado/actualizado en: checkpoints\Mis_modelos_v2\main\l1_freq checkpoints\4stems\best_checkpoint_13_val_loss=-0.0006.pt
05/20/2026 06:14:23 AM | engine.py:1037 Engine run finished. Time taken: 00:01:06.853
[Epoch 14] train_loss=0.000554 | val_loss=0.000595
05/20/2026 06:14:23 AM | engine.py:1010 Epoch[14] Complete. Time taken: 00:19:05.779
1.0085468292236328 GB allocated
3.275390625 GB reserved
dict_keys(['index', 'mixture_magnitude', 'mixture_phase', 'source_phase', 'mix_magnitude', 'ideal_binary_mask', 'source_magnitudes'])
1.0093998908996582 GB allocated
3.275390625 GB reserved
dict_keys(['index', 'mixture_magnitude', 'mixture_phase', 'source_phase', 'mix_magnitude', 'ideal_binary_mask', 'source_magnitudes'])
1.0093998908996582 GB allocated
3.275390625 GB reserved
dict_keys(['index', 'mixture_magnitude', 'mixture_phase', 'source_phase', 'mix_magnitude', 'ideal_binary_mask', 'source_magnitudes'])
1.0093998908996582 GB allocated
3.275390625 GB reserved
dict_keys(['index', 'mixture_magnitude', 'mixture_phase', 'source_phase', 'mix_magnitude', 'ideal_binary_mask', 'source_magnitudes'])
1.0085468292236328 GB allocated
3.275390625 GB reserved
dict_keys(['index', 'mixture_magnitude', 'mixture_phase', 'source_phase', 'mix_magnitude', 'ideal_binary_mask', 'source_magnitudes'])
1.0093998908996582 GB allocated
3.275390625 GB reserved
dict_keys(['index', 'mixture_magnitude', 'mixture_phase', 'source_phase', 'mix_magnitude', 'ideal_binary_mask', 'source_magnitudes'])
1.0093998908996582 GB allocated
3.275390625 GB reserved
dict_keys(['index', 'mixture_magnitude', 'mixture_phase', 'source_phase', 'mix_magnitude', 'ideal_binary_mask', 'source_magnitudes'])
1.0093998908996582 GB allocated
3.275390625 GB reserved
dict_keys(['index', 'mixture_magnitude', 'mixture_phase', 'source_phase', 'mix_magnitude', 'ideal_binary_mask', 'source_magnitudes'])
1.0085468292236328 GB allocated
3.275390625 GB reserved
dict_keys(['index', 'mixture_magnitude', 'mixture_phase', 'source_phase', 'mix_magnitude', 'ideal_binary_mask', 'source_magnitudes'])
1.0093998908996582 GB allocated
3.275390625 GB reserved
dict_keys(['index', 'mixture_magnitude', 'mixture_phase', 'source_phase', 'mix_magnitude', 'ideal_binary_mask', 'source_magnitudes'])
1.0093998908996582 GB allocated
3.275390625 GB reserved
dict_keys(['index', 'mixture_magnitude', 'mixture_phase', 'source_phase', 'mix_magnitude', 'ideal_binary_mask', 'source_magnitudes'])
1.0093998908996582 GB allocated
3.275390625 GB reserved
dict_keys(['index', 'mixture_magnitude', 'mixture_phase', 'source_phase', 'mix_magnitude', 'ideal_binary_mask', 'source_magnitudes'])
1.0085468292236328 GB allocated
3.275390625 GB reserved
dict_keys(['index', 'mixture_magnitude', 'mixture_phase', 'source_phase', 'mix_magnitude', 'ideal_binary_mask', 'source_magnitudes'])
1.0093998908996582 GB allocated
3.275390625 GB reserved
dict_keys(['index', 'mixture_magnitude', 'mixture_phase', 'source_phase', 'mix_magnitude', 'ideal_binary_mask', 'source_magnitudes'])
1.0093998908996582 GB allocated
3.275390625 GB reserved
dict_keys(['index', 'mixture_magnitude', 'mixture_phase', 'source_phase', 'mix_magnitude', 'ideal_binary_mask', 'source_magnitudes'])
1.0093998908996582 GB allocated
3.275390625 GB reserved
dict_keys(['index', 'mixture_magnitude', 'mixture_phase', 'source_phase', 'mix_magnitude', 'ideal_binary_mask', 'source_magnitudes'])
1.0085468292236328 GB allocated
3.275390625 GB reserved
dict_keys(['index', 'mixture_magnitude', 'mixture_phase', 'source_phase', 'mix_magnitude', 'ideal_binary_mask', 'source_magnitudes'])
1.0093998908996582 GB allocated
3.275390625 GB reserved
dict_keys(['index', 'mixture_magnitude', 'mixture_phase', 'source_phase', 'mix_magnitude', 'ideal_binary_mask', 'source_magnitudes'])
1.0093998908996582 GB allocated
3.275390625 GB reserved
dict_keys(['index', 'mixture_magnitude', 'mixture_phase', 'source_phase', 'mix_magnitude', 'ideal_binary_mask', 'source_magnitudes'])
1.0093998908996582 GB allocated
3.275390625 GB reserved
dict_keys(['index', 'mixture_magnitude', 'mixture_phase', 'source_phase', 'mix_magnitude', 'ideal_binary_mask', 'source_magnitudes'])
1.0085468292236328 GB allocated
3.275390625 GB reserved
dict_keys(['index', 'mixture_magnitude', 'mixture_phase', 'source_phase', 'mix_magnitude', 'ideal_binary_mask', 'source_magnitudes'])
1.0093998908996582 GB allocated
3.275390625 GB reserved
dict_keys(['index', 'mixture_magnitude', 'mixture_phase', 'source_phase', 'mix_magnitude', 'ideal_binary_mask', 'source_magnitudes'])
1.0093998908996582 GB allocated
3.275390625 GB reserved
dict_keys(['index', 'mixture_magnitude', 'mixture_phase', 'source_phase', 'mix_magnitude', 'ideal_binary_mask', 'source_magnitudes'])
1.0093998908996582 GB allocated
3.275390625 GB reserved
dict_keys(['index', 'mixture_magnitude', 'mixture_phase', 'source_phase', 'mix_magnitude', 'ideal_binary_mask', 'source_magnitudes'])
1.0085468292236328 GB allocated
3.275390625 GB reserved
dict_keys(['index', 'mixture_magnitude', 'mixture_phase', 'source_phase', 'mix_magnitude', 'ideal_binary_mask', 'source_magnitudes'])
1.0093998908996582 GB allocated
3.275390625 GB reserved
dict_keys(['index', 'mixture_magnitude', 'mixture_phase', 'source_phase', 'mix_magnitude', 'ideal_binary_mask', 'source_magnitudes'])
1.0093998908996582 GB allocated
3.275390625 GB reserved
dict_keys(['index', 'mixture_magnitude', 'mixture_phase', 'source_phase', 'mix_magnitude', 'ideal_binary_mask', 'source_magnitudes'])
1.0093998908996582 GB allocated
3.275390625 GB reserved
dict_keys(['index', 'mixture_magnitude', 'mixture_phase', 'source_phase', 'mix_magnitude', 'ideal_binary_mask', 'source_magnitudes'])
1.0085468292236328 GB allocated
3.275390625 GB reserved
dict_keys(['index', 'mixture_magnitude', 'mixture_phase', 'source_phase', 'mix_magnitude', 'ideal_binary_mask', 'source_magnitudes'])
1.0093998908996582 GB allocated
3.275390625 GB reserved
dict_keys(['index', 'mixture_magnitude', 'mixture_phase', 'source_phase', 'mix_magnitude', 'ideal_binary_mask', 'source_magnitudes'])
1.0093998908996582 GB allocated
3.275390625 GB reserved
dict_keys(['index', 'mixture_magnitude', 'mixture_phase', 'source_phase', 'mix_magnitude', 'ideal_binary_mask', 'source_magnitudes'])
1.0093998908996582 GB allocated
3.275390625 GB reserved
dict_keys(['index', 'mixture_magnitude', 'mixture_phase', 'source_phase', 'mix_magnitude', 'ideal_binary_mask', 'source_magnitudes'])
1.0085468292236328 GB allocated
3.275390625 GB reserved
dict_keys(['index', 'mixture_magnitude', 'mixture_phase', 'source_phase', 'mix_magnitude', 'ideal_binary_mask', 'source_magnitudes'])
1.0093998908996582 GB allocated
3.275390625 GB reserved
dict_keys(['index', 'mixture_magnitude', 'mixture_phase', 'source_phase', 'mix_magnitude', 'ideal_binary_mask', 'source_magnitudes'])
1.0093998908996582 GB allocated
3.275390625 GB reserved
dict_keys(['index', 'mixture_magnitude', 'mixture_phase', 'source_phase', 'mix_magnitude', 'ideal_binary_mask', 'source_magnitudes'])
1.0093998908996582 GB allocated
3.275390625 GB reserved
dict_keys(['index', 'mixture_magnitude', 'mixture_phase', 'source_phase', 'mix_magnitude', 'ideal_binary_mask', 'source_magnitudes'])
1.0085468292236328 GB allocated
3.275390625 GB reserved
dict_keys(['index', 'mixture_magnitude', 'mixture_phase', 'source_phase', 'mix_magnitude', 'ideal_binary_mask', 'source_magnitudes'])
1.0093998908996582 GB allocated
3.275390625 GB reserved
dict_keys(['index', 'mixture_magnitude', 'mixture_phase', 'source_phase', 'mix_magnitude', 'ideal_binary_mask', 'source_magnitudes'])
1.0093998908996582 GB allocated
3.275390625 GB reserved
dict_keys(['index', 'mixture_magnitude', 'mixture_phase', 'source_phase', 'mix_magnitude', 'ideal_binary_mask', 'source_magnitudes'])
1.0093998908996582 GB allocated
3.275390625 GB reserved
dict_keys(['index', 'mixture_magnitude', 'mixture_phase', 'source_phase', 'mix_magnitude', 'ideal_binary_mask', 'source_magnitudes'])
1.0085468292236328 GB allocated
3.275390625 GB reserved
dict_keys(['index', 'mixture_magnitude', 'mixture_phase', 'source_phase', 'mix_magnitude', 'ideal_binary_mask', 'source_magnitudes'])
1.0093998908996582 GB allocated
3.275390625 GB reserved
dict_keys(['index', 'mixture_magnitude', 'mixture_phase', 'source_phase', 'mix_magnitude', 'ideal_binary_mask', 'source_magnitudes'])
1.0093998908996582 GB allocated
3.275390625 GB reserved
05/20/2026 06:32:32 AM | engine.py:906 Engine run starting with max_epochs=1.
05/20/2026 06:33:39 AM | engine.py:1010 Epoch[1] Complete. Time taken: 00:01:06.964
dict_keys(['index', 'mixture_magnitude', 'mixture_phase', 'source_phase', 'mix_magnitude', 'ideal_binary_mask', 'source_magnitudes'])
1.0093998908996582 GB allocated
3.275390625 GB reserved
dict_keys(['index', 'mixture_magnitude', 'mixture_phase', 'source_phase', 'mix_magnitude', 'ideal_binary_mask', 'source_magnitudes'])
1.0085468292236328 GB allocated
3.275390625 GB reserved
dict_keys(['index', 'mixture_magnitude', 'mixture_phase', 'source_phase', 'mix_magnitude', 'ideal_binary_mask', 'source_magnitudes'])
1.0093998908996582 GB allocated
3.275390625 GB reserved
dict_keys(['index', 'mixture_magnitude', 'mixture_phase', 'source_phase', 'mix_magnitude', 'ideal_binary_mask', 'source_magnitudes'])
1.0093998908996582 GB allocated
3.275390625 GB reserved
dict_keys(['index', 'mixture_magnitude', 'mixture_phase', 'source_phase', 'mix_magnitude', 'ideal_binary_mask', 'source_magnitudes'])
1.0093998908996582 GB allocated
3.275390625 GB reserved
dict_keys(['index', 'mixture_magnitude', 'mixture_phase', 'source_phase', 'mix_magnitude', 'ideal_binary_mask', 'source_magnitudes'])
1.0085468292236328 GB allocated
3.275390625 GB reserved
dict_keys(['index', 'mixture_magnitude', 'mixture_phase', 'source_phase', 'mix_magnitude', 'ideal_binary_mask', 'source_magnitudes'])
1.0093998908996582 GB allocated
3.275390625 GB reserved
dict_keys(['index', 'mixture_magnitude', 'mixture_phase', 'source_phase', 'mix_magnitude', 'ideal_binary_mask', 'source_magnitudes'])
1.0093998908996582 GB allocated
3.275390625 GB reserved
dict_keys(['index', 'mixture_magnitude', 'mixture_phase', 'source_phase', 'mix_magnitude', 'ideal_binary_mask', 'source_magnitudes'])
1.0093998908996582 GB allocated
3.275390625 GB reserved
dict_keys(['index', 'mixture_magnitude', 'mixture_phase', 'source_phase', 'mix_magnitude', 'ideal_binary_mask', 'source_magnitudes'])
1.0085468292236328 GB allocated
3.275390625 GB reserved
dict_keys(['index', 'mixture_magnitude', 'mixture_phase', 'source_phase', 'mix_magnitude', 'ideal_binary_mask', 'source_magnitudes'])
1.0093998908996582 GB allocated
3.275390625 GB reserved
dict_keys(['index', 'mixture_magnitude', 'mixture_phase', 'source_phase', 'mix_magnitude', 'ideal_binary_mask', 'source_magnitudes'])
1.0093998908996582 GB allocated
3.275390625 GB reserved
dict_keys(['index', 'mixture_magnitude', 'mixture_phase', 'source_phase', 'mix_magnitude', 'ideal_binary_mask', 'source_magnitudes'])
1.0093998908996582 GB allocated
3.275390625 GB reserved
dict_keys(['index', 'mixture_magnitude', 'mixture_phase', 'source_phase', 'mix_magnitude', 'ideal_binary_mask', 'source_magnitudes'])
1.0085468292236328 GB allocated
3.275390625 GB reserved
dict_keys(['index', 'mixture_magnitude', 'mixture_phase', 'source_phase', 'mix_magnitude', 'ideal_binary_mask', 'source_magnitudes'])
1.0093998908996582 GB allocated
3.275390625 GB reserved
dict_keys(['index', 'mixture_magnitude', 'mixture_phase', 'source_phase', 'mix_magnitude', 'ideal_binary_mask', 'source_magnitudes'])
1.0093998908996582 GB allocated
3.275390625 GB reserved
dict_keys(['index', 'mixture_magnitude', 'mixture_phase', 'source_phase', 'mix_magnitude', 'ideal_binary_mask', 'source_magnitudes'])
1.0093998908996582 GB allocated
3.275390625 GB reserved
dict_keys(['index', 'mixture_magnitude', 'mixture_phase', 'source_phase', 'mix_magnitude', 'ideal_binary_mask', 'source_magnitudes'])
1.0085468292236328 GB allocated
3.275390625 GB reserved
dict_keys(['index', 'mixture_magnitude', 'mixture_phase', 'source_phase', 'mix_magnitude', 'ideal_binary_mask', 'source_magnitudes'])
1.0093998908996582 GB allocated
3.275390625 GB reserved
dict_keys(['index', 'mixture_magnitude', 'mixture_phase', 'source_phase', 'mix_magnitude', 'ideal_binary_mask', 'source_magnitudes'])
1.0093998908996582 GB allocated
3.275390625 GB reserved
dict_keys(['index', 'mixture_magnitude', 'mixture_phase', 'source_phase', 'mix_magnitude', 'ideal_binary_mask', 'source_magnitudes'])
1.0093998908996582 GB allocated
3.275390625 GB reserved
dict_keys(['index', 'mixture_magnitude', 'mixture_phase', 'source_phase', 'mix_magnitude', 'ideal_binary_mask', 'source_magnitudes'])
1.0085468292236328 GB allocated
3.275390625 GB reserved
dict_keys(['index', 'mixture_magnitude', 'mixture_phase', 'source_phase', 'mix_magnitude', 'ideal_binary_mask', 'source_magnitudes'])
1.0093998908996582 GB allocated
3.275390625 GB reserved
dict_keys(['index', 'mixture_magnitude', 'mixture_phase', 'source_phase', 'mix_magnitude', 'ideal_binary_mask', 'source_magnitudes'])
1.0093998908996582 GB allocated
3.275390625 GB reserved
dict_keys(['index', 'mixture_magnitude', 'mixture_phase', 'source_phase', 'mix_magnitude', 'ideal_binary_mask', 'source_magnitudes'])
1.0093998908996582 GB allocated
3.275390625 GB reserved
dict_keys(['index', 'mixture_magnitude', 'mixture_phase', 'source_phase', 'mix_magnitude', 'ideal_binary_mask', 'source_magnitudes'])
1.0085468292236328 GB allocated
3.275390625 GB reserved
dict_keys(['index', 'mixture_magnitude', 'mixture_phase', 'source_phase', 'mix_magnitude', 'ideal_binary_mask', 'source_magnitudes'])
1.0093998908996582 GB allocated
3.275390625 GB reserved
dict_keys(['index', 'mixture_magnitude', 'mixture_phase', 'source_phase', 'mix_magnitude', 'ideal_binary_mask', 'source_magnitudes'])
1.0093998908996582 GB allocated
3.275390625 GB reserved
dict_keys(['index', 'mixture_magnitude', 'mixture_phase', 'source_phase', 'mix_magnitude', 'ideal_binary_mask', 'source_magnitudes'])
1.0093998908996582 GB allocated
3.275390625 GB reserved
dict_keys(['index', 'mixture_magnitude', 'mixture_phase', 'source_phase', 'mix_magnitude', 'ideal_binary_mask', 'source_magnitudes'])
1.0085468292236328 GB allocated
3.275390625 GB reserved
dict_keys(['index', 'mixture_magnitude', 'mixture_phase', 'source_phase', 'mix_magnitude', 'ideal_binary_mask', 'source_magnitudes'])
1.0093998908996582 GB allocated
3.275390625 GB reserved
dict_keys(['index', 'mixture_magnitude', 'mixture_phase', 'source_phase', 'mix_magnitude', 'ideal_binary_mask', 'source_magnitudes'])
1.0093998908996582 GB allocated
3.275390625 GB reserved
dict_keys(['index', 'mixture_magnitude', 'mixture_phase', 'source_phase', 'mix_magnitude', 'ideal_binary_mask', 'source_magnitudes'])
1.0093998908996582 GB allocated
3.275390625 GB reserved
dict_keys(['index', 'mixture_magnitude', 'mixture_phase', 'source_phase', 'mix_magnitude', 'ideal_binary_mask', 'source_magnitudes'])
1.0085468292236328 GB allocated
3.275390625 GB reserved
dict_keys(['index', 'mixture_magnitude', 'mixture_phase', 'source_phase', 'mix_magnitude', 'ideal_binary_mask', 'source_magnitudes'])
1.0093998908996582 GB allocated
3.275390625 GB reserved
dict_keys(['index', 'mixture_magnitude', 'mixture_phase', 'source_phase', 'mix_magnitude', 'ideal_binary_mask', 'source_magnitudes'])
1.0093998908996582 GB allocated
3.275390625 GB reserved
dict_keys(['index', 'mixture_magnitude', 'mixture_phase', 'source_phase', 'mix_magnitude', 'ideal_binary_mask', 'source_magnitudes'])
1.0093998908996582 GB allocated
3.275390625 GB reserved
dict_keys(['index', 'mixture_magnitude', 'mixture_phase', 'source_phase', 'mix_magnitude', 'ideal_binary_mask', 'source_magnitudes'])
1.0085468292236328 GB allocated
3.275390625 GB reserved
dict_keys(['index', 'mixture_magnitude', 'mixture_phase', 'source_phase', 'mix_magnitude', 'ideal_binary_mask', 'source_magnitudes'])
1.0093998908996582 GB allocated
3.275390625 GB reserved
dict_keys(['index', 'mixture_magnitude', 'mixture_phase', 'source_phase', 'mix_magnitude', 'ideal_binary_mask', 'source_magnitudes'])
1.0093998908996582 GB allocated
3.275390625 GB reserved
dict_keys(['index', 'mixture_magnitude', 'mixture_phase', 'source_phase', 'mix_magnitude', 'ideal_binary_mask', 'source_magnitudes'])
1.0093998908996582 GB allocated
3.275390625 GB reserved
dict_keys(['index', 'mixture_magnitude', 'mixture_phase', 'source_phase', 'mix_magnitude', 'ideal_binary_mask', 'source_magnitudes'])
1.0085468292236328 GB allocated
3.275390625 GB reserved
dict_keys(['index', 'mixture_magnitude', 'mixture_phase', 'source_phase', 'mix_magnitude', 'ideal_binary_mask', 'source_magnitudes'])
1.0093998908996582 GB allocated
3.275390625 GB reserved
dict_keys(['index', 'mixture_magnitude', 'mixture_phase', 'source_phase', 'mix_magnitude', 'ideal_binary_mask', 'source_magnitudes'])
1.0093998908996582 GB allocated
3.275390625 GB reserved
dict_keys(['index', 'mixture_magnitude', 'mixture_phase', 'source_phase', 'mix_magnitude', 'ideal_binary_mask', 'source_magnitudes'])
1.0093998908996582 GB allocated
3.275390625 GB reserved
dict_keys(['index', 'mixture_magnitude', 'mixture_phase', 'source_phase', 'mix_magnitude', 'ideal_binary_mask', 'source_magnitudes'])
1.0085468292236328 GB allocated
3.275390625 GB reserved
dict_keys(['index', 'mixture_magnitude', 'mixture_phase', 'source_phase', 'mix_magnitude', 'ideal_binary_mask', 'source_magnitudes'])
1.0093998908996582 GB allocated
3.275390625 GB reserved
dict_keys(['index', 'mixture_magnitude', 'mixture_phase', 'source_phase', 'mix_magnitude', 'ideal_binary_mask', 'source_magnitudes'])
1.0093998908996582 GB allocated
3.275390625 GB reserved
dict_keys(['index', 'mixture_magnitude', 'mixture_phase', 'source_phase', 'mix_magnitude', 'ideal_binary_mask', 'source_magnitudes'])
1.0093998908996582 GB allocated
3.275390625 GB reserved
dict_keys(['index', 'mixture_magnitude', 'mixture_phase', 'source_phase', 'mix_magnitude', 'ideal_binary_mask', 'source_magnitudes'])
1.0085468292236328 GB allocated
3.275390625 GB reserved
dict_keys(['index', 'mixture_magnitude', 'mixture_phase', 'source_phase', 'mix_magnitude', 'ideal_binary_mask', 'source_magnitudes'])
1.0093998908996582 GB allocated
3.275390625 GB reserved
dict_keys(['index', 'mixture_magnitude', 'mixture_phase', 'source_phase', 'mix_magnitude', 'ideal_binary_mask', 'source_magnitudes'])
1.0093998908996582 GB allocated
3.275390625 GB reserved
dict_keys(['index', 'mixture_magnitude', 'mixture_phase', 'source_phase', 'mix_magnitude', 'ideal_binary_mask', 'source_magnitudes'])
1.0093998908996582 GB allocated
3.275390625 GB reserved
dict_keys(['index', 'mixture_magnitude', 'mixture_phase', 'source_phase', 'mix_magnitude', 'ideal_binary_mask', 'source_magnitudes'])
1.0085468292236328 GB allocated
3.275390625 GB reserved
dict_keys(['index', 'mixture_magnitude', 'mixture_phase', 'source_phase', 'mix_magnitude', 'ideal_binary_mask', 'source_magnitudes'])
1.0093998908996582 GB allocated
3.275390625 GB reserved
dict_keys(['index', 'mixture_magnitude', 'mixture_phase', 'source_phase', 'mix_magnitude', 'ideal_binary_mask', 'source_magnitudes'])
1.0093998908996582 GB allocated
3.275390625 GB reserved
dict_keys(['index', 'mixture_magnitude', 'mixture_phase', 'source_phase', 'mix_magnitude', 'ideal_binary_mask', 'source_magnitudes'])
1.0093998908996582 GB allocated
3.275390625 GB reserved
dict_keys(['index', 'mixture_magnitude', 'mixture_phase', 'source_phase', 'mix_magnitude', 'ideal_binary_mask', 'source_magnitudes'])
[Validator] Epoch 15 - val_loss: 0.000595
[BEST CHECKPOINT] Guardado/actualizado en: checkpoints\Mis_modelos_v2\main\l1_freq checkpoints\4stems\best_checkpoint_13_val_loss=-0.0006.pt
05/20/2026 06:33:39 AM | engine.py:1037 Engine run finished. Time taken: 00:01:06.965
[Epoch 15] train_loss=0.000551 | val_loss=0.000595
05/20/2026 06:33:39 AM | engine.py:1010 Epoch[15] Complete. Time taken: 00:19:15.716
1.0085468292236328 GB allocated
3.275390625 GB reserved
dict_keys(['index', 'mixture_magnitude', 'mixture_phase', 'source_phase', 'mix_magnitude', 'ideal_binary_mask', 'source_magnitudes'])
1.0093998908996582 GB allocated
3.275390625 GB reserved
dict_keys(['index', 'mixture_magnitude', 'mixture_phase', 'source_phase', 'mix_magnitude', 'ideal_binary_mask', 'source_magnitudes'])
1.0093998908996582 GB allocated
3.275390625 GB reserved
dict_keys(['index', 'mixture_magnitude', 'mixture_phase', 'source_phase', 'mix_magnitude', 'ideal_binary_mask', 'source_magnitudes'])
1.0093998908996582 GB allocated
3.275390625 GB reserved
dict_keys(['index', 'mixture_magnitude', 'mixture_phase', 'source_phase', 'mix_magnitude', 'ideal_binary_mask', 'source_magnitudes'])
1.0085468292236328 GB allocated
3.275390625 GB reserved
dict_keys(['index', 'mixture_magnitude', 'mixture_phase', 'source_phase', 'mix_magnitude', 'ideal_binary_mask', 'source_magnitudes'])
1.0093998908996582 GB allocated
3.275390625 GB reserved
dict_keys(['index', 'mixture_magnitude', 'mixture_phase', 'source_phase', 'mix_magnitude', 'ideal_binary_mask', 'source_magnitudes'])
1.0093998908996582 GB allocated
3.275390625 GB reserved
dict_keys(['index', 'mixture_magnitude', 'mixture_phase', 'source_phase', 'mix_magnitude', 'ideal_binary_mask', 'source_magnitudes'])
1.0093998908996582 GB allocated
3.275390625 GB reserved
dict_keys(['index', 'mixture_magnitude', 'mixture_phase', 'source_phase', 'mix_magnitude', 'ideal_binary_mask', 'source_magnitudes'])
1.0085468292236328 GB allocated
3.275390625 GB reserved
dict_keys(['index', 'mixture_magnitude', 'mixture_phase', 'source_phase', 'mix_magnitude', 'ideal_binary_mask', 'source_magnitudes'])
1.0093998908996582 GB allocated
3.275390625 GB reserved
dict_keys(['index', 'mixture_magnitude', 'mixture_phase', 'source_phase', 'mix_magnitude', 'ideal_binary_mask', 'source_magnitudes'])
1.0093998908996582 GB allocated
3.275390625 GB reserved
dict_keys(['index', 'mixture_magnitude', 'mixture_phase', 'source_phase', 'mix_magnitude', 'ideal_binary_mask', 'source_magnitudes'])
1.0093998908996582 GB allocated
3.275390625 GB reserved
dict_keys(['index', 'mixture_magnitude', 'mixture_phase', 'source_phase', 'mix_magnitude', 'ideal_binary_mask', 'source_magnitudes'])
1.0085468292236328 GB allocated
3.275390625 GB reserved
dict_keys(['index', 'mixture_magnitude', 'mixture_phase', 'source_phase', 'mix_magnitude', 'ideal_binary_mask', 'source_magnitudes'])
1.0093998908996582 GB allocated
3.275390625 GB reserved
dict_keys(['index', 'mixture_magnitude', 'mixture_phase', 'source_phase', 'mix_magnitude', 'ideal_binary_mask', 'source_magnitudes'])
1.0093998908996582 GB allocated
3.275390625 GB reserved
dict_keys(['index', 'mixture_magnitude', 'mixture_phase', 'source_phase', 'mix_magnitude', 'ideal_binary_mask', 'source_magnitudes'])
1.0093998908996582 GB allocated
3.275390625 GB reserved
dict_keys(['index', 'mixture_magnitude', 'mixture_phase', 'source_phase', 'mix_magnitude', 'ideal_binary_mask', 'source_magnitudes'])
1.0085468292236328 GB allocated
3.275390625 GB reserved
dict_keys(['index', 'mixture_magnitude', 'mixture_phase', 'source_phase', 'mix_magnitude', 'ideal_binary_mask', 'source_magnitudes'])
1.0093998908996582 GB allocated
3.275390625 GB reserved
dict_keys(['index', 'mixture_magnitude', 'mixture_phase', 'source_phase', 'mix_magnitude', 'ideal_binary_mask', 'source_magnitudes'])
1.0093998908996582 GB allocated
3.275390625 GB reserved
dict_keys(['index', 'mixture_magnitude', 'mixture_phase', 'source_phase', 'mix_magnitude', 'ideal_binary_mask', 'source_magnitudes'])
1.0093998908996582 GB allocated
3.275390625 GB reserved
dict_keys(['index', 'mixture_magnitude', 'mixture_phase', 'source_phase', 'mix_magnitude', 'ideal_binary_mask', 'source_magnitudes'])
1.0085468292236328 GB allocated
3.275390625 GB reserved
dict_keys(['index', 'mixture_magnitude', 'mixture_phase', 'source_phase', 'mix_magnitude', 'ideal_binary_mask', 'source_magnitudes'])
1.0093998908996582 GB allocated
3.275390625 GB reserved
dict_keys(['index', 'mixture_magnitude', 'mixture_phase', 'source_phase', 'mix_magnitude', 'ideal_binary_mask', 'source_magnitudes'])
1.0093998908996582 GB allocated
3.275390625 GB reserved
dict_keys(['index', 'mixture_magnitude', 'mixture_phase', 'source_phase', 'mix_magnitude', 'ideal_binary_mask', 'source_magnitudes'])
1.0093998908996582 GB allocated
3.275390625 GB reserved
dict_keys(['index', 'mixture_magnitude', 'mixture_phase', 'source_phase', 'mix_magnitude', 'ideal_binary_mask', 'source_magnitudes'])
1.0085468292236328 GB allocated
3.275390625 GB reserved
dict_keys(['index', 'mixture_magnitude', 'mixture_phase', 'source_phase', 'mix_magnitude', 'ideal_binary_mask', 'source_magnitudes'])
1.0093998908996582 GB allocated
3.275390625 GB reserved
dict_keys(['index', 'mixture_magnitude', 'mixture_phase', 'source_phase', 'mix_magnitude', 'ideal_binary_mask', 'source_magnitudes'])
1.0093998908996582 GB allocated
3.275390625 GB reserved
dict_keys(['index', 'mixture_magnitude', 'mixture_phase', 'source_phase', 'mix_magnitude', 'ideal_binary_mask', 'source_magnitudes'])
1.0093998908996582 GB allocated
3.275390625 GB reserved
dict_keys(['index', 'mixture_magnitude', 'mixture_phase', 'source_phase', 'mix_magnitude', 'ideal_binary_mask', 'source_magnitudes'])
1.0085468292236328 GB allocated
3.275390625 GB reserved
dict_keys(['index', 'mixture_magnitude', 'mixture_phase', 'source_phase', 'mix_magnitude', 'ideal_binary_mask', 'source_magnitudes'])
1.0093998908996582 GB allocated
3.275390625 GB reserved
dict_keys(['index', 'mixture_magnitude', 'mixture_phase', 'source_phase', 'mix_magnitude', 'ideal_binary_mask', 'source_magnitudes'])
1.0093998908996582 GB allocated
3.275390625 GB reserved
dict_keys(['index', 'mixture_magnitude', 'mixture_phase', 'source_phase', 'mix_magnitude', 'ideal_binary_mask', 'source_magnitudes'])
1.0093998908996582 GB allocated
3.275390625 GB reserved
dict_keys(['index', 'mixture_magnitude', 'mixture_phase', 'source_phase', 'mix_magnitude', 'ideal_binary_mask', 'source_magnitudes'])
1.0085468292236328 GB allocated
3.275390625 GB reserved
dict_keys(['index', 'mixture_magnitude', 'mixture_phase', 'source_phase', 'mix_magnitude', 'ideal_binary_mask', 'source_magnitudes'])
1.0093998908996582 GB allocated
3.275390625 GB reserved
dict_keys(['index', 'mixture_magnitude', 'mixture_phase', 'source_phase', 'mix_magnitude', 'ideal_binary_mask', 'source_magnitudes'])
1.0093998908996582 GB allocated
3.275390625 GB reserved
dict_keys(['index', 'mixture_magnitude', 'mixture_phase', 'source_phase', 'mix_magnitude', 'ideal_binary_mask', 'source_magnitudes'])
1.0093998908996582 GB allocated
3.275390625 GB reserved
dict_keys(['index', 'mixture_magnitude', 'mixture_phase', 'source_phase', 'mix_magnitude', 'ideal_binary_mask', 'source_magnitudes'])
1.0085468292236328 GB allocated
3.275390625 GB reserved
dict_keys(['index', 'mixture_magnitude', 'mixture_phase', 'source_phase', 'mix_magnitude', 'ideal_binary_mask', 'source_magnitudes'])
1.0093998908996582 GB allocated
3.275390625 GB reserved
dict_keys(['index', 'mixture_magnitude', 'mixture_phase', 'source_phase', 'mix_magnitude', 'ideal_binary_mask', 'source_magnitudes'])
1.0093998908996582 GB allocated
3.275390625 GB reserved
dict_keys(['index', 'mixture_magnitude', 'mixture_phase', 'source_phase', 'mix_magnitude', 'ideal_binary_mask', 'source_magnitudes'])
1.0093998908996582 GB allocated
3.275390625 GB reserved
dict_keys(['index', 'mixture_magnitude', 'mixture_phase', 'source_phase', 'mix_magnitude', 'ideal_binary_mask', 'source_magnitudes'])
1.0085468292236328 GB allocated
3.275390625 GB reserved
dict_keys(['index', 'mixture_magnitude', 'mixture_phase', 'source_phase', 'mix_magnitude', 'ideal_binary_mask', 'source_magnitudes'])
1.0093998908996582 GB allocated
3.275390625 GB reserved
dict_keys(['index', 'mixture_magnitude', 'mixture_phase', 'source_phase', 'mix_magnitude', 'ideal_binary_mask', 'source_magnitudes'])
1.0093998908996582 GB allocated
3.275390625 GB reserved
05/20/2026 06:51:46 AM | engine.py:906 Engine run starting with max_epochs=1.
05/20/2026 06:52:54 AM | engine.py:1010 Epoch[1] Complete. Time taken: 00:01:07.795
dict_keys(['index', 'mixture_magnitude', 'mixture_phase', 'source_phase', 'mix_magnitude', 'ideal_binary_mask', 'source_magnitudes'])
1.0093998908996582 GB allocated
3.275390625 GB reserved
dict_keys(['index', 'mixture_magnitude', 'mixture_phase', 'source_phase', 'mix_magnitude', 'ideal_binary_mask', 'source_magnitudes'])
1.0085468292236328 GB allocated
3.275390625 GB reserved
dict_keys(['index', 'mixture_magnitude', 'mixture_phase', 'source_phase', 'mix_magnitude', 'ideal_binary_mask', 'source_magnitudes'])
1.0093998908996582 GB allocated
3.275390625 GB reserved
dict_keys(['index', 'mixture_magnitude', 'mixture_phase', 'source_phase', 'mix_magnitude', 'ideal_binary_mask', 'source_magnitudes'])
1.0093998908996582 GB allocated
3.275390625 GB reserved
dict_keys(['index', 'mixture_magnitude', 'mixture_phase', 'source_phase', 'mix_magnitude', 'ideal_binary_mask', 'source_magnitudes'])
1.0093998908996582 GB allocated
3.275390625 GB reserved
dict_keys(['index', 'mixture_magnitude', 'mixture_phase', 'source_phase', 'mix_magnitude', 'ideal_binary_mask', 'source_magnitudes'])
1.0085468292236328 GB allocated
3.275390625 GB reserved
dict_keys(['index', 'mixture_magnitude', 'mixture_phase', 'source_phase', 'mix_magnitude', 'ideal_binary_mask', 'source_magnitudes'])
1.0093998908996582 GB allocated
3.275390625 GB reserved
dict_keys(['index', 'mixture_magnitude', 'mixture_phase', 'source_phase', 'mix_magnitude', 'ideal_binary_mask', 'source_magnitudes'])
1.0093998908996582 GB allocated
3.275390625 GB reserved
dict_keys(['index', 'mixture_magnitude', 'mixture_phase', 'source_phase', 'mix_magnitude', 'ideal_binary_mask', 'source_magnitudes'])
1.0093998908996582 GB allocated
3.275390625 GB reserved
dict_keys(['index', 'mixture_magnitude', 'mixture_phase', 'source_phase', 'mix_magnitude', 'ideal_binary_mask', 'source_magnitudes'])
1.0085468292236328 GB allocated
3.275390625 GB reserved
dict_keys(['index', 'mixture_magnitude', 'mixture_phase', 'source_phase', 'mix_magnitude', 'ideal_binary_mask', 'source_magnitudes'])
1.0093998908996582 GB allocated
3.275390625 GB reserved
dict_keys(['index', 'mixture_magnitude', 'mixture_phase', 'source_phase', 'mix_magnitude', 'ideal_binary_mask', 'source_magnitudes'])
1.0093998908996582 GB allocated
3.275390625 GB reserved
dict_keys(['index', 'mixture_magnitude', 'mixture_phase', 'source_phase', 'mix_magnitude', 'ideal_binary_mask', 'source_magnitudes'])
1.0093998908996582 GB allocated
3.275390625 GB reserved
dict_keys(['index', 'mixture_magnitude', 'mixture_phase', 'source_phase', 'mix_magnitude', 'ideal_binary_mask', 'source_magnitudes'])
1.0085468292236328 GB allocated
3.275390625 GB reserved
dict_keys(['index', 'mixture_magnitude', 'mixture_phase', 'source_phase', 'mix_magnitude', 'ideal_binary_mask', 'source_magnitudes'])
1.0093998908996582 GB allocated
3.275390625 GB reserved
dict_keys(['index', 'mixture_magnitude', 'mixture_phase', 'source_phase', 'mix_magnitude', 'ideal_binary_mask', 'source_magnitudes'])
1.0093998908996582 GB allocated
3.275390625 GB reserved
dict_keys(['index', 'mixture_magnitude', 'mixture_phase', 'source_phase', 'mix_magnitude', 'ideal_binary_mask', 'source_magnitudes'])
1.0093998908996582 GB allocated
3.275390625 GB reserved
dict_keys(['index', 'mixture_magnitude', 'mixture_phase', 'source_phase', 'mix_magnitude', 'ideal_binary_mask', 'source_magnitudes'])
1.0085468292236328 GB allocated
3.275390625 GB reserved
dict_keys(['index', 'mixture_magnitude', 'mixture_phase', 'source_phase', 'mix_magnitude', 'ideal_binary_mask', 'source_magnitudes'])
1.0093998908996582 GB allocated
3.275390625 GB reserved
dict_keys(['index', 'mixture_magnitude', 'mixture_phase', 'source_phase', 'mix_magnitude', 'ideal_binary_mask', 'source_magnitudes'])
1.0093998908996582 GB allocated
3.275390625 GB reserved
dict_keys(['index', 'mixture_magnitude', 'mixture_phase', 'source_phase', 'mix_magnitude', 'ideal_binary_mask', 'source_magnitudes'])
1.0093998908996582 GB allocated
3.275390625 GB reserved
dict_keys(['index', 'mixture_magnitude', 'mixture_phase', 'source_phase', 'mix_magnitude', 'ideal_binary_mask', 'source_magnitudes'])
1.0085468292236328 GB allocated
3.275390625 GB reserved
dict_keys(['index', 'mixture_magnitude', 'mixture_phase', 'source_phase', 'mix_magnitude', 'ideal_binary_mask', 'source_magnitudes'])
1.0093998908996582 GB allocated
3.275390625 GB reserved
dict_keys(['index', 'mixture_magnitude', 'mixture_phase', 'source_phase', 'mix_magnitude', 'ideal_binary_mask', 'source_magnitudes'])
1.0093998908996582 GB allocated
3.275390625 GB reserved
dict_keys(['index', 'mixture_magnitude', 'mixture_phase', 'source_phase', 'mix_magnitude', 'ideal_binary_mask', 'source_magnitudes'])
1.0093998908996582 GB allocated
3.275390625 GB reserved
dict_keys(['index', 'mixture_magnitude', 'mixture_phase', 'source_phase', 'mix_magnitude', 'ideal_binary_mask', 'source_magnitudes'])
1.0085468292236328 GB allocated
3.275390625 GB reserved
dict_keys(['index', 'mixture_magnitude', 'mixture_phase', 'source_phase', 'mix_magnitude', 'ideal_binary_mask', 'source_magnitudes'])
1.0093998908996582 GB allocated
3.275390625 GB reserved
dict_keys(['index', 'mixture_magnitude', 'mixture_phase', 'source_phase', 'mix_magnitude', 'ideal_binary_mask', 'source_magnitudes'])
1.0093998908996582 GB allocated
3.275390625 GB reserved
dict_keys(['index', 'mixture_magnitude', 'mixture_phase', 'source_phase', 'mix_magnitude', 'ideal_binary_mask', 'source_magnitudes'])
1.0093998908996582 GB allocated
3.275390625 GB reserved
dict_keys(['index', 'mixture_magnitude', 'mixture_phase', 'source_phase', 'mix_magnitude', 'ideal_binary_mask', 'source_magnitudes'])
1.0085468292236328 GB allocated
3.275390625 GB reserved
dict_keys(['index', 'mixture_magnitude', 'mixture_phase', 'source_phase', 'mix_magnitude', 'ideal_binary_mask', 'source_magnitudes'])
1.0093998908996582 GB allocated
3.275390625 GB reserved
dict_keys(['index', 'mixture_magnitude', 'mixture_phase', 'source_phase', 'mix_magnitude', 'ideal_binary_mask', 'source_magnitudes'])
1.0093998908996582 GB allocated
3.275390625 GB reserved
dict_keys(['index', 'mixture_magnitude', 'mixture_phase', 'source_phase', 'mix_magnitude', 'ideal_binary_mask', 'source_magnitudes'])
1.0093998908996582 GB allocated
3.275390625 GB reserved
dict_keys(['index', 'mixture_magnitude', 'mixture_phase', 'source_phase', 'mix_magnitude', 'ideal_binary_mask', 'source_magnitudes'])
1.0085468292236328 GB allocated
3.275390625 GB reserved
dict_keys(['index', 'mixture_magnitude', 'mixture_phase', 'source_phase', 'mix_magnitude', 'ideal_binary_mask', 'source_magnitudes'])
1.0093998908996582 GB allocated
3.275390625 GB reserved
dict_keys(['index', 'mixture_magnitude', 'mixture_phase', 'source_phase', 'mix_magnitude', 'ideal_binary_mask', 'source_magnitudes'])
1.0093998908996582 GB allocated
3.275390625 GB reserved
dict_keys(['index', 'mixture_magnitude', 'mixture_phase', 'source_phase', 'mix_magnitude', 'ideal_binary_mask', 'source_magnitudes'])
1.0093998908996582 GB allocated
3.275390625 GB reserved
dict_keys(['index', 'mixture_magnitude', 'mixture_phase', 'source_phase', 'mix_magnitude', 'ideal_binary_mask', 'source_magnitudes'])
1.0085468292236328 GB allocated
3.275390625 GB reserved
dict_keys(['index', 'mixture_magnitude', 'mixture_phase', 'source_phase', 'mix_magnitude', 'ideal_binary_mask', 'source_magnitudes'])
1.0093998908996582 GB allocated
3.275390625 GB reserved
dict_keys(['index', 'mixture_magnitude', 'mixture_phase', 'source_phase', 'mix_magnitude', 'ideal_binary_mask', 'source_magnitudes'])
1.0093998908996582 GB allocated
3.275390625 GB reserved
dict_keys(['index', 'mixture_magnitude', 'mixture_phase', 'source_phase', 'mix_magnitude', 'ideal_binary_mask', 'source_magnitudes'])
1.0093998908996582 GB allocated
3.275390625 GB reserved
dict_keys(['index', 'mixture_magnitude', 'mixture_phase', 'source_phase', 'mix_magnitude', 'ideal_binary_mask', 'source_magnitudes'])
1.0085468292236328 GB allocated
3.275390625 GB reserved
dict_keys(['index', 'mixture_magnitude', 'mixture_phase', 'source_phase', 'mix_magnitude', 'ideal_binary_mask', 'source_magnitudes'])
1.0093998908996582 GB allocated
3.275390625 GB reserved
dict_keys(['index', 'mixture_magnitude', 'mixture_phase', 'source_phase', 'mix_magnitude', 'ideal_binary_mask', 'source_magnitudes'])
1.0093998908996582 GB allocated
3.275390625 GB reserved
dict_keys(['index', 'mixture_magnitude', 'mixture_phase', 'source_phase', 'mix_magnitude', 'ideal_binary_mask', 'source_magnitudes'])
1.0093998908996582 GB allocated
3.275390625 GB reserved
dict_keys(['index', 'mixture_magnitude', 'mixture_phase', 'source_phase', 'mix_magnitude', 'ideal_binary_mask', 'source_magnitudes'])
1.0085468292236328 GB allocated
3.275390625 GB reserved
dict_keys(['index', 'mixture_magnitude', 'mixture_phase', 'source_phase', 'mix_magnitude', 'ideal_binary_mask', 'source_magnitudes'])
1.0093998908996582 GB allocated
3.275390625 GB reserved
dict_keys(['index', 'mixture_magnitude', 'mixture_phase', 'source_phase', 'mix_magnitude', 'ideal_binary_mask', 'source_magnitudes'])
1.0093998908996582 GB allocated
3.275390625 GB reserved
dict_keys(['index', 'mixture_magnitude', 'mixture_phase', 'source_phase', 'mix_magnitude', 'ideal_binary_mask', 'source_magnitudes'])
1.0093998908996582 GB allocated
3.275390625 GB reserved
dict_keys(['index', 'mixture_magnitude', 'mixture_phase', 'source_phase', 'mix_magnitude', 'ideal_binary_mask', 'source_magnitudes'])
1.0085468292236328 GB allocated
3.275390625 GB reserved
dict_keys(['index', 'mixture_magnitude', 'mixture_phase', 'source_phase', 'mix_magnitude', 'ideal_binary_mask', 'source_magnitudes'])
1.0093998908996582 GB allocated
3.275390625 GB reserved
dict_keys(['index', 'mixture_magnitude', 'mixture_phase', 'source_phase', 'mix_magnitude', 'ideal_binary_mask', 'source_magnitudes'])
1.0093998908996582 GB allocated
3.275390625 GB reserved
dict_keys(['index', 'mixture_magnitude', 'mixture_phase', 'source_phase', 'mix_magnitude', 'ideal_binary_mask', 'source_magnitudes'])
1.0093998908996582 GB allocated
3.275390625 GB reserved
dict_keys(['index', 'mixture_magnitude', 'mixture_phase', 'source_phase', 'mix_magnitude', 'ideal_binary_mask', 'source_magnitudes'])
1.0085468292236328 GB allocated
3.275390625 GB reserved
dict_keys(['index', 'mixture_magnitude', 'mixture_phase', 'source_phase', 'mix_magnitude', 'ideal_binary_mask', 'source_magnitudes'])
1.0093998908996582 GB allocated
3.275390625 GB reserved
dict_keys(['index', 'mixture_magnitude', 'mixture_phase', 'source_phase', 'mix_magnitude', 'ideal_binary_mask', 'source_magnitudes'])
1.0093998908996582 GB allocated
3.275390625 GB reserved
dict_keys(['index', 'mixture_magnitude', 'mixture_phase', 'source_phase', 'mix_magnitude', 'ideal_binary_mask', 'source_magnitudes'])
1.0093998908996582 GB allocated
3.275390625 GB reserved
dict_keys(['index', 'mixture_magnitude', 'mixture_phase', 'source_phase', 'mix_magnitude', 'ideal_binary_mask', 'source_magnitudes'])
[Validator] Epoch 16 - val_loss: 0.000595
[BEST CHECKPOINT] Guardado/actualizado en: checkpoints\Mis_modelos_v2\main\l1_freq checkpoints\4stems\best_checkpoint_13_val_loss=-0.0006.pt
05/20/2026 06:52:54 AM | engine.py:1037 Engine run finished. Time taken: 00:01:07.795
[Epoch 16] train_loss=0.000556 | val_loss=0.000595
05/20/2026 06:52:54 AM | engine.py:1010 Epoch[16] Complete. Time taken: 00:19:14.860
1.0085468292236328 GB allocated
3.275390625 GB reserved
dict_keys(['index', 'mixture_magnitude', 'mixture_phase', 'source_phase', 'mix_magnitude', 'ideal_binary_mask', 'source_magnitudes'])
1.0093998908996582 GB allocated
3.275390625 GB reserved
dict_keys(['index', 'mixture_magnitude', 'mixture_phase', 'source_phase', 'mix_magnitude', 'ideal_binary_mask', 'source_magnitudes'])
1.0093998908996582 GB allocated
3.275390625 GB reserved
dict_keys(['index', 'mixture_magnitude', 'mixture_phase', 'source_phase', 'mix_magnitude', 'ideal_binary_mask', 'source_magnitudes'])
1.0093998908996582 GB allocated
3.275390625 GB reserved
dict_keys(['index', 'mixture_magnitude', 'mixture_phase', 'source_phase', 'mix_magnitude', 'ideal_binary_mask', 'source_magnitudes'])
1.0085468292236328 GB allocated
3.275390625 GB reserved
dict_keys(['index', 'mixture_magnitude', 'mixture_phase', 'source_phase', 'mix_magnitude', 'ideal_binary_mask', 'source_magnitudes'])
1.0093998908996582 GB allocated
3.275390625 GB reserved
dict_keys(['index', 'mixture_magnitude', 'mixture_phase', 'source_phase', 'mix_magnitude', 'ideal_binary_mask', 'source_magnitudes'])
1.0093998908996582 GB allocated
3.275390625 GB reserved
dict_keys(['index', 'mixture_magnitude', 'mixture_phase', 'source_phase', 'mix_magnitude', 'ideal_binary_mask', 'source_magnitudes'])
1.0093998908996582 GB allocated
3.275390625 GB reserved
dict_keys(['index', 'mixture_magnitude', 'mixture_phase', 'source_phase', 'mix_magnitude', 'ideal_binary_mask', 'source_magnitudes'])
1.0085468292236328 GB allocated
3.275390625 GB reserved
dict_keys(['index', 'mixture_magnitude', 'mixture_phase', 'source_phase', 'mix_magnitude', 'ideal_binary_mask', 'source_magnitudes'])
1.0093998908996582 GB allocated
3.275390625 GB reserved
dict_keys(['index', 'mixture_magnitude', 'mixture_phase', 'source_phase', 'mix_magnitude', 'ideal_binary_mask', 'source_magnitudes'])
1.0093998908996582 GB allocated
3.275390625 GB reserved
dict_keys(['index', 'mixture_magnitude', 'mixture_phase', 'source_phase', 'mix_magnitude', 'ideal_binary_mask', 'source_magnitudes'])
1.0093998908996582 GB allocated
3.275390625 GB reserved
dict_keys(['index', 'mixture_magnitude', 'mixture_phase', 'source_phase', 'mix_magnitude', 'ideal_binary_mask', 'source_magnitudes'])
1.0085468292236328 GB allocated
3.275390625 GB reserved
dict_keys(['index', 'mixture_magnitude', 'mixture_phase', 'source_phase', 'mix_magnitude', 'ideal_binary_mask', 'source_magnitudes'])
1.0093998908996582 GB allocated
3.275390625 GB reserved
dict_keys(['index', 'mixture_magnitude', 'mixture_phase', 'source_phase', 'mix_magnitude', 'ideal_binary_mask', 'source_magnitudes'])
1.0093998908996582 GB allocated
3.275390625 GB reserved
dict_keys(['index', 'mixture_magnitude', 'mixture_phase', 'source_phase', 'mix_magnitude', 'ideal_binary_mask', 'source_magnitudes'])
1.0093998908996582 GB allocated
3.275390625 GB reserved
dict_keys(['index', 'mixture_magnitude', 'mixture_phase', 'source_phase', 'mix_magnitude', 'ideal_binary_mask', 'source_magnitudes'])
1.0085468292236328 GB allocated
3.275390625 GB reserved
dict_keys(['index', 'mixture_magnitude', 'mixture_phase', 'source_phase', 'mix_magnitude', 'ideal_binary_mask', 'source_magnitudes'])
1.0093998908996582 GB allocated
3.275390625 GB reserved
dict_keys(['index', 'mixture_magnitude', 'mixture_phase', 'source_phase', 'mix_magnitude', 'ideal_binary_mask', 'source_magnitudes'])
1.0093998908996582 GB allocated
3.275390625 GB reserved
dict_keys(['index', 'mixture_magnitude', 'mixture_phase', 'source_phase', 'mix_magnitude', 'ideal_binary_mask', 'source_magnitudes'])
1.0093998908996582 GB allocated
3.275390625 GB reserved
dict_keys(['index', 'mixture_magnitude', 'mixture_phase', 'source_phase', 'mix_magnitude', 'ideal_binary_mask', 'source_magnitudes'])
1.0085468292236328 GB allocated
3.275390625 GB reserved
dict_keys(['index', 'mixture_magnitude', 'mixture_phase', 'source_phase', 'mix_magnitude', 'ideal_binary_mask', 'source_magnitudes'])
1.0093998908996582 GB allocated
3.275390625 GB reserved
dict_keys(['index', 'mixture_magnitude', 'mixture_phase', 'source_phase', 'mix_magnitude', 'ideal_binary_mask', 'source_magnitudes'])
1.0093998908996582 GB allocated
3.275390625 GB reserved
dict_keys(['index', 'mixture_magnitude', 'mixture_phase', 'source_phase', 'mix_magnitude', 'ideal_binary_mask', 'source_magnitudes'])
1.0093998908996582 GB allocated
3.275390625 GB reserved
dict_keys(['index', 'mixture_magnitude', 'mixture_phase', 'source_phase', 'mix_magnitude', 'ideal_binary_mask', 'source_magnitudes'])
1.0085468292236328 GB allocated
3.275390625 GB reserved
dict_keys(['index', 'mixture_magnitude', 'mixture_phase', 'source_phase', 'mix_magnitude', 'ideal_binary_mask', 'source_magnitudes'])
1.0093998908996582 GB allocated
3.275390625 GB reserved
dict_keys(['index', 'mixture_magnitude', 'mixture_phase', 'source_phase', 'mix_magnitude', 'ideal_binary_mask', 'source_magnitudes'])
1.0093998908996582 GB allocated
3.275390625 GB reserved
dict_keys(['index', 'mixture_magnitude', 'mixture_phase', 'source_phase', 'mix_magnitude', 'ideal_binary_mask', 'source_magnitudes'])
1.0093998908996582 GB allocated
3.275390625 GB reserved
dict_keys(['index', 'mixture_magnitude', 'mixture_phase', 'source_phase', 'mix_magnitude', 'ideal_binary_mask', 'source_magnitudes'])
1.0085468292236328 GB allocated
3.275390625 GB reserved
dict_keys(['index', 'mixture_magnitude', 'mixture_phase', 'source_phase', 'mix_magnitude', 'ideal_binary_mask', 'source_magnitudes'])
1.0093998908996582 GB allocated
3.275390625 GB reserved
dict_keys(['index', 'mixture_magnitude', 'mixture_phase', 'source_phase', 'mix_magnitude', 'ideal_binary_mask', 'source_magnitudes'])
1.0093998908996582 GB allocated
3.275390625 GB reserved
dict_keys(['index', 'mixture_magnitude', 'mixture_phase', 'source_phase', 'mix_magnitude', 'ideal_binary_mask', 'source_magnitudes'])
1.0093998908996582 GB allocated
3.275390625 GB reserved
dict_keys(['index', 'mixture_magnitude', 'mixture_phase', 'source_phase', 'mix_magnitude', 'ideal_binary_mask', 'source_magnitudes'])
1.0085468292236328 GB allocated
3.275390625 GB reserved
dict_keys(['index', 'mixture_magnitude', 'mixture_phase', 'source_phase', 'mix_magnitude', 'ideal_binary_mask', 'source_magnitudes'])
1.0093998908996582 GB allocated
3.275390625 GB reserved
dict_keys(['index', 'mixture_magnitude', 'mixture_phase', 'source_phase', 'mix_magnitude', 'ideal_binary_mask', 'source_magnitudes'])
1.0093998908996582 GB allocated
3.275390625 GB reserved
dict_keys(['index', 'mixture_magnitude', 'mixture_phase', 'source_phase', 'mix_magnitude', 'ideal_binary_mask', 'source_magnitudes'])
1.0093998908996582 GB allocated
3.275390625 GB reserved
dict_keys(['index', 'mixture_magnitude', 'mixture_phase', 'source_phase', 'mix_magnitude', 'ideal_binary_mask', 'source_magnitudes'])
1.0085468292236328 GB allocated
3.275390625 GB reserved
dict_keys(['index', 'mixture_magnitude', 'mixture_phase', 'source_phase', 'mix_magnitude', 'ideal_binary_mask', 'source_magnitudes'])
1.0093998908996582 GB allocated
3.275390625 GB reserved
dict_keys(['index', 'mixture_magnitude', 'mixture_phase', 'source_phase', 'mix_magnitude', 'ideal_binary_mask', 'source_magnitudes'])
1.0093998908996582 GB allocated
3.275390625 GB reserved
dict_keys(['index', 'mixture_magnitude', 'mixture_phase', 'source_phase', 'mix_magnitude', 'ideal_binary_mask', 'source_magnitudes'])
1.0093998908996582 GB allocated
3.275390625 GB reserved
dict_keys(['index', 'mixture_magnitude', 'mixture_phase', 'source_phase', 'mix_magnitude', 'ideal_binary_mask', 'source_magnitudes'])
1.0085468292236328 GB allocated
3.275390625 GB reserved
dict_keys(['index', 'mixture_magnitude', 'mixture_phase', 'source_phase', 'mix_magnitude', 'ideal_binary_mask', 'source_magnitudes'])
1.0093998908996582 GB allocated
3.275390625 GB reserved
dict_keys(['index', 'mixture_magnitude', 'mixture_phase', 'source_phase', 'mix_magnitude', 'ideal_binary_mask', 'source_magnitudes'])
1.0093998908996582 GB allocated
3.275390625 GB reserved
05/20/2026 07:11:01 AM | engine.py:906 Engine run starting with max_epochs=1.
05/20/2026 07:12:09 AM | engine.py:1010 Epoch[1] Complete. Time taken: 00:01:07.670
dict_keys(['index', 'mixture_magnitude', 'mixture_phase', 'source_phase', 'mix_magnitude', 'ideal_binary_mask', 'source_magnitudes'])
1.0093998908996582 GB allocated
3.275390625 GB reserved
dict_keys(['index', 'mixture_magnitude', 'mixture_phase', 'source_phase', 'mix_magnitude', 'ideal_binary_mask', 'source_magnitudes'])
1.0085468292236328 GB allocated
3.275390625 GB reserved
dict_keys(['index', 'mixture_magnitude', 'mixture_phase', 'source_phase', 'mix_magnitude', 'ideal_binary_mask', 'source_magnitudes'])
1.0093998908996582 GB allocated
3.275390625 GB reserved
dict_keys(['index', 'mixture_magnitude', 'mixture_phase', 'source_phase', 'mix_magnitude', 'ideal_binary_mask', 'source_magnitudes'])
1.0093998908996582 GB allocated
3.275390625 GB reserved
dict_keys(['index', 'mixture_magnitude', 'mixture_phase', 'source_phase', 'mix_magnitude', 'ideal_binary_mask', 'source_magnitudes'])
1.0093998908996582 GB allocated
3.275390625 GB reserved
dict_keys(['index', 'mixture_magnitude', 'mixture_phase', 'source_phase', 'mix_magnitude', 'ideal_binary_mask', 'source_magnitudes'])
1.0085468292236328 GB allocated
3.275390625 GB reserved
dict_keys(['index', 'mixture_magnitude', 'mixture_phase', 'source_phase', 'mix_magnitude', 'ideal_binary_mask', 'source_magnitudes'])
1.0093998908996582 GB allocated
3.275390625 GB reserved
dict_keys(['index', 'mixture_magnitude', 'mixture_phase', 'source_phase', 'mix_magnitude', 'ideal_binary_mask', 'source_magnitudes'])
1.0093998908996582 GB allocated
3.275390625 GB reserved
dict_keys(['index', 'mixture_magnitude', 'mixture_phase', 'source_phase', 'mix_magnitude', 'ideal_binary_mask', 'source_magnitudes'])
1.0093998908996582 GB allocated
3.275390625 GB reserved
dict_keys(['index', 'mixture_magnitude', 'mixture_phase', 'source_phase', 'mix_magnitude', 'ideal_binary_mask', 'source_magnitudes'])
1.0085468292236328 GB allocated
3.275390625 GB reserved
dict_keys(['index', 'mixture_magnitude', 'mixture_phase', 'source_phase', 'mix_magnitude', 'ideal_binary_mask', 'source_magnitudes'])
1.0093998908996582 GB allocated
3.275390625 GB reserved
dict_keys(['index', 'mixture_magnitude', 'mixture_phase', 'source_phase', 'mix_magnitude', 'ideal_binary_mask', 'source_magnitudes'])
1.0093998908996582 GB allocated
3.275390625 GB reserved
dict_keys(['index', 'mixture_magnitude', 'mixture_phase', 'source_phase', 'mix_magnitude', 'ideal_binary_mask', 'source_magnitudes'])
1.0093998908996582 GB allocated
3.275390625 GB reserved
dict_keys(['index', 'mixture_magnitude', 'mixture_phase', 'source_phase', 'mix_magnitude', 'ideal_binary_mask', 'source_magnitudes'])
1.0085468292236328 GB allocated
3.275390625 GB reserved
dict_keys(['index', 'mixture_magnitude', 'mixture_phase', 'source_phase', 'mix_magnitude', 'ideal_binary_mask', 'source_magnitudes'])
1.0093998908996582 GB allocated
3.275390625 GB reserved
dict_keys(['index', 'mixture_magnitude', 'mixture_phase', 'source_phase', 'mix_magnitude', 'ideal_binary_mask', 'source_magnitudes'])
1.0093998908996582 GB allocated
3.275390625 GB reserved
dict_keys(['index', 'mixture_magnitude', 'mixture_phase', 'source_phase', 'mix_magnitude', 'ideal_binary_mask', 'source_magnitudes'])
1.0093998908996582 GB allocated
3.275390625 GB reserved
dict_keys(['index', 'mixture_magnitude', 'mixture_phase', 'source_phase', 'mix_magnitude', 'ideal_binary_mask', 'source_magnitudes'])
1.0085468292236328 GB allocated
3.275390625 GB reserved
dict_keys(['index', 'mixture_magnitude', 'mixture_phase', 'source_phase', 'mix_magnitude', 'ideal_binary_mask', 'source_magnitudes'])
1.0093998908996582 GB allocated
3.275390625 GB reserved
dict_keys(['index', 'mixture_magnitude', 'mixture_phase', 'source_phase', 'mix_magnitude', 'ideal_binary_mask', 'source_magnitudes'])
1.0093998908996582 GB allocated
3.275390625 GB reserved
dict_keys(['index', 'mixture_magnitude', 'mixture_phase', 'source_phase', 'mix_magnitude', 'ideal_binary_mask', 'source_magnitudes'])
1.0093998908996582 GB allocated
3.275390625 GB reserved
dict_keys(['index', 'mixture_magnitude', 'mixture_phase', 'source_phase', 'mix_magnitude', 'ideal_binary_mask', 'source_magnitudes'])
1.0085468292236328 GB allocated
3.275390625 GB reserved
dict_keys(['index', 'mixture_magnitude', 'mixture_phase', 'source_phase', 'mix_magnitude', 'ideal_binary_mask', 'source_magnitudes'])
1.0093998908996582 GB allocated
3.275390625 GB reserved
dict_keys(['index', 'mixture_magnitude', 'mixture_phase', 'source_phase', 'mix_magnitude', 'ideal_binary_mask', 'source_magnitudes'])
1.0093998908996582 GB allocated
3.275390625 GB reserved
dict_keys(['index', 'mixture_magnitude', 'mixture_phase', 'source_phase', 'mix_magnitude', 'ideal_binary_mask', 'source_magnitudes'])
1.0093998908996582 GB allocated
3.275390625 GB reserved
dict_keys(['index', 'mixture_magnitude', 'mixture_phase', 'source_phase', 'mix_magnitude', 'ideal_binary_mask', 'source_magnitudes'])
1.0085468292236328 GB allocated
3.275390625 GB reserved
dict_keys(['index', 'mixture_magnitude', 'mixture_phase', 'source_phase', 'mix_magnitude', 'ideal_binary_mask', 'source_magnitudes'])
1.0093998908996582 GB allocated
3.275390625 GB reserved
dict_keys(['index', 'mixture_magnitude', 'mixture_phase', 'source_phase', 'mix_magnitude', 'ideal_binary_mask', 'source_magnitudes'])
1.0093998908996582 GB allocated
3.275390625 GB reserved
dict_keys(['index', 'mixture_magnitude', 'mixture_phase', 'source_phase', 'mix_magnitude', 'ideal_binary_mask', 'source_magnitudes'])
1.0093998908996582 GB allocated
3.275390625 GB reserved
dict_keys(['index', 'mixture_magnitude', 'mixture_phase', 'source_phase', 'mix_magnitude', 'ideal_binary_mask', 'source_magnitudes'])
1.0085468292236328 GB allocated
3.275390625 GB reserved
dict_keys(['index', 'mixture_magnitude', 'mixture_phase', 'source_phase', 'mix_magnitude', 'ideal_binary_mask', 'source_magnitudes'])
1.0093998908996582 GB allocated
3.275390625 GB reserved
dict_keys(['index', 'mixture_magnitude', 'mixture_phase', 'source_phase', 'mix_magnitude', 'ideal_binary_mask', 'source_magnitudes'])
1.0093998908996582 GB allocated
3.275390625 GB reserved
dict_keys(['index', 'mixture_magnitude', 'mixture_phase', 'source_phase', 'mix_magnitude', 'ideal_binary_mask', 'source_magnitudes'])
1.0093998908996582 GB allocated
3.275390625 GB reserved
dict_keys(['index', 'mixture_magnitude', 'mixture_phase', 'source_phase', 'mix_magnitude', 'ideal_binary_mask', 'source_magnitudes'])
1.0085468292236328 GB allocated
3.275390625 GB reserved
dict_keys(['index', 'mixture_magnitude', 'mixture_phase', 'source_phase', 'mix_magnitude', 'ideal_binary_mask', 'source_magnitudes'])
1.0093998908996582 GB allocated
3.275390625 GB reserved
dict_keys(['index', 'mixture_magnitude', 'mixture_phase', 'source_phase', 'mix_magnitude', 'ideal_binary_mask', 'source_magnitudes'])
1.0093998908996582 GB allocated
3.275390625 GB reserved
dict_keys(['index', 'mixture_magnitude', 'mixture_phase', 'source_phase', 'mix_magnitude', 'ideal_binary_mask', 'source_magnitudes'])
1.0093998908996582 GB allocated
3.275390625 GB reserved
dict_keys(['index', 'mixture_magnitude', 'mixture_phase', 'source_phase', 'mix_magnitude', 'ideal_binary_mask', 'source_magnitudes'])
1.0085468292236328 GB allocated
3.275390625 GB reserved
dict_keys(['index', 'mixture_magnitude', 'mixture_phase', 'source_phase', 'mix_magnitude', 'ideal_binary_mask', 'source_magnitudes'])
1.0093998908996582 GB allocated
3.275390625 GB reserved
dict_keys(['index', 'mixture_magnitude', 'mixture_phase', 'source_phase', 'mix_magnitude', 'ideal_binary_mask', 'source_magnitudes'])
1.0093998908996582 GB allocated
3.275390625 GB reserved
dict_keys(['index', 'mixture_magnitude', 'mixture_phase', 'source_phase', 'mix_magnitude', 'ideal_binary_mask', 'source_magnitudes'])
1.0093998908996582 GB allocated
3.275390625 GB reserved
dict_keys(['index', 'mixture_magnitude', 'mixture_phase', 'source_phase', 'mix_magnitude', 'ideal_binary_mask', 'source_magnitudes'])
1.0085468292236328 GB allocated
3.275390625 GB reserved
dict_keys(['index', 'mixture_magnitude', 'mixture_phase', 'source_phase', 'mix_magnitude', 'ideal_binary_mask', 'source_magnitudes'])
1.0093998908996582 GB allocated
3.275390625 GB reserved
dict_keys(['index', 'mixture_magnitude', 'mixture_phase', 'source_phase', 'mix_magnitude', 'ideal_binary_mask', 'source_magnitudes'])
1.0093998908996582 GB allocated
3.275390625 GB reserved
dict_keys(['index', 'mixture_magnitude', 'mixture_phase', 'source_phase', 'mix_magnitude', 'ideal_binary_mask', 'source_magnitudes'])
1.0093998908996582 GB allocated
3.275390625 GB reserved
dict_keys(['index', 'mixture_magnitude', 'mixture_phase', 'source_phase', 'mix_magnitude', 'ideal_binary_mask', 'source_magnitudes'])
1.0085468292236328 GB allocated
3.275390625 GB reserved
dict_keys(['index', 'mixture_magnitude', 'mixture_phase', 'source_phase', 'mix_magnitude', 'ideal_binary_mask', 'source_magnitudes'])
1.0093998908996582 GB allocated
3.275390625 GB reserved
dict_keys(['index', 'mixture_magnitude', 'mixture_phase', 'source_phase', 'mix_magnitude', 'ideal_binary_mask', 'source_magnitudes'])
1.0093998908996582 GB allocated
3.275390625 GB reserved
dict_keys(['index', 'mixture_magnitude', 'mixture_phase', 'source_phase', 'mix_magnitude', 'ideal_binary_mask', 'source_magnitudes'])
1.0093998908996582 GB allocated
3.275390625 GB reserved
dict_keys(['index', 'mixture_magnitude', 'mixture_phase', 'source_phase', 'mix_magnitude', 'ideal_binary_mask', 'source_magnitudes'])
1.0085468292236328 GB allocated
3.275390625 GB reserved
dict_keys(['index', 'mixture_magnitude', 'mixture_phase', 'source_phase', 'mix_magnitude', 'ideal_binary_mask', 'source_magnitudes'])
1.0093998908996582 GB allocated
3.275390625 GB reserved
dict_keys(['index', 'mixture_magnitude', 'mixture_phase', 'source_phase', 'mix_magnitude', 'ideal_binary_mask', 'source_magnitudes'])
1.0093998908996582 GB allocated
3.275390625 GB reserved
dict_keys(['index', 'mixture_magnitude', 'mixture_phase', 'source_phase', 'mix_magnitude', 'ideal_binary_mask', 'source_magnitudes'])
1.0093998908996582 GB allocated
3.275390625 GB reserved
dict_keys(['index', 'mixture_magnitude', 'mixture_phase', 'source_phase', 'mix_magnitude', 'ideal_binary_mask', 'source_magnitudes'])
1.0085468292236328 GB allocated
3.275390625 GB reserved
dict_keys(['index', 'mixture_magnitude', 'mixture_phase', 'source_phase', 'mix_magnitude', 'ideal_binary_mask', 'source_magnitudes'])
1.0093998908996582 GB allocated
3.275390625 GB reserved
dict_keys(['index', 'mixture_magnitude', 'mixture_phase', 'source_phase', 'mix_magnitude', 'ideal_binary_mask', 'source_magnitudes'])
1.0093998908996582 GB allocated
3.275390625 GB reserved
dict_keys(['index', 'mixture_magnitude', 'mixture_phase', 'source_phase', 'mix_magnitude', 'ideal_binary_mask', 'source_magnitudes'])
1.0093998908996582 GB allocated
3.275390625 GB reserved
dict_keys(['index', 'mixture_magnitude', 'mixture_phase', 'source_phase', 'mix_magnitude', 'ideal_binary_mask', 'source_magnitudes'])
[Validator] Epoch 17 - val_loss: 0.000598
[BEST CHECKPOINT] Guardado/actualizado en: checkpoints\Mis_modelos_v2\main\l1_freq checkpoints\4stems\best_checkpoint_13_val_loss=-0.0006.pt
05/20/2026 07:12:09 AM | engine.py:1037 Engine run finished. Time taken: 00:01:07.670
[Epoch 17] train_loss=0.000555 | val_loss=0.000598
05/20/2026 07:12:09 AM | engine.py:1010 Epoch[17] Complete. Time taken: 00:19:14.904
1.0085468292236328 GB allocated
3.275390625 GB reserved
dict_keys(['index', 'mixture_magnitude', 'mixture_phase', 'source_phase', 'mix_magnitude', 'ideal_binary_mask', 'source_magnitudes'])
1.0093998908996582 GB allocated
3.275390625 GB reserved
dict_keys(['index', 'mixture_magnitude', 'mixture_phase', 'source_phase', 'mix_magnitude', 'ideal_binary_mask', 'source_magnitudes'])
1.0093998908996582 GB allocated
3.275390625 GB reserved
dict_keys(['index', 'mixture_magnitude', 'mixture_phase', 'source_phase', 'mix_magnitude', 'ideal_binary_mask', 'source_magnitudes'])
1.0093998908996582 GB allocated
3.275390625 GB reserved
dict_keys(['index', 'mixture_magnitude', 'mixture_phase', 'source_phase', 'mix_magnitude', 'ideal_binary_mask', 'source_magnitudes'])
1.0085468292236328 GB allocated
3.275390625 GB reserved
dict_keys(['index', 'mixture_magnitude', 'mixture_phase', 'source_phase', 'mix_magnitude', 'ideal_binary_mask', 'source_magnitudes'])
1.0093998908996582 GB allocated
3.275390625 GB reserved
dict_keys(['index', 'mixture_magnitude', 'mixture_phase', 'source_phase', 'mix_magnitude', 'ideal_binary_mask', 'source_magnitudes'])
1.0093998908996582 GB allocated
3.275390625 GB reserved
dict_keys(['index', 'mixture_magnitude', 'mixture_phase', 'source_phase', 'mix_magnitude', 'ideal_binary_mask', 'source_magnitudes'])
1.0093998908996582 GB allocated
3.275390625 GB reserved
dict_keys(['index', 'mixture_magnitude', 'mixture_phase', 'source_phase', 'mix_magnitude', 'ideal_binary_mask', 'source_magnitudes'])
1.0085468292236328 GB allocated
3.275390625 GB reserved
dict_keys(['index', 'mixture_magnitude', 'mixture_phase', 'source_phase', 'mix_magnitude', 'ideal_binary_mask', 'source_magnitudes'])
1.0093998908996582 GB allocated
3.275390625 GB reserved
dict_keys(['index', 'mixture_magnitude', 'mixture_phase', 'source_phase', 'mix_magnitude', 'ideal_binary_mask', 'source_magnitudes'])
1.0093998908996582 GB allocated
3.275390625 GB reserved
dict_keys(['index', 'mixture_magnitude', 'mixture_phase', 'source_phase', 'mix_magnitude', 'ideal_binary_mask', 'source_magnitudes'])
1.0093998908996582 GB allocated
3.275390625 GB reserved
dict_keys(['index', 'mixture_magnitude', 'mixture_phase', 'source_phase', 'mix_magnitude', 'ideal_binary_mask', 'source_magnitudes'])
1.0085468292236328 GB allocated
3.275390625 GB reserved
dict_keys(['index', 'mixture_magnitude', 'mixture_phase', 'source_phase', 'mix_magnitude', 'ideal_binary_mask', 'source_magnitudes'])
1.0093998908996582 GB allocated
3.275390625 GB reserved
dict_keys(['index', 'mixture_magnitude', 'mixture_phase', 'source_phase', 'mix_magnitude', 'ideal_binary_mask', 'source_magnitudes'])
1.0093998908996582 GB allocated
3.275390625 GB reserved
dict_keys(['index', 'mixture_magnitude', 'mixture_phase', 'source_phase', 'mix_magnitude', 'ideal_binary_mask', 'source_magnitudes'])
1.0093998908996582 GB allocated
3.275390625 GB reserved
dict_keys(['index', 'mixture_magnitude', 'mixture_phase', 'source_phase', 'mix_magnitude', 'ideal_binary_mask', 'source_magnitudes'])
1.0085468292236328 GB allocated
3.275390625 GB reserved
dict_keys(['index', 'mixture_magnitude', 'mixture_phase', 'source_phase', 'mix_magnitude', 'ideal_binary_mask', 'source_magnitudes'])
1.0093998908996582 GB allocated
3.275390625 GB reserved
dict_keys(['index', 'mixture_magnitude', 'mixture_phase', 'source_phase', 'mix_magnitude', 'ideal_binary_mask', 'source_magnitudes'])
1.0093998908996582 GB allocated
3.275390625 GB reserved
dict_keys(['index', 'mixture_magnitude', 'mixture_phase', 'source_phase', 'mix_magnitude', 'ideal_binary_mask', 'source_magnitudes'])
1.0093998908996582 GB allocated
3.275390625 GB reserved
dict_keys(['index', 'mixture_magnitude', 'mixture_phase', 'source_phase', 'mix_magnitude', 'ideal_binary_mask', 'source_magnitudes'])
1.0085468292236328 GB allocated
3.275390625 GB reserved
dict_keys(['index', 'mixture_magnitude', 'mixture_phase', 'source_phase', 'mix_magnitude', 'ideal_binary_mask', 'source_magnitudes'])
1.0093998908996582 GB allocated
3.275390625 GB reserved
dict_keys(['index', 'mixture_magnitude', 'mixture_phase', 'source_phase', 'mix_magnitude', 'ideal_binary_mask', 'source_magnitudes'])
1.0093998908996582 GB allocated
3.275390625 GB reserved
dict_keys(['index', 'mixture_magnitude', 'mixture_phase', 'source_phase', 'mix_magnitude', 'ideal_binary_mask', 'source_magnitudes'])
1.0093998908996582 GB allocated
3.275390625 GB reserved
dict_keys(['index', 'mixture_magnitude', 'mixture_phase', 'source_phase', 'mix_magnitude', 'ideal_binary_mask', 'source_magnitudes'])
1.0085468292236328 GB allocated
3.275390625 GB reserved
dict_keys(['index', 'mixture_magnitude', 'mixture_phase', 'source_phase', 'mix_magnitude', 'ideal_binary_mask', 'source_magnitudes'])
1.0093998908996582 GB allocated
3.275390625 GB reserved
dict_keys(['index', 'mixture_magnitude', 'mixture_phase', 'source_phase', 'mix_magnitude', 'ideal_binary_mask', 'source_magnitudes'])
1.0093998908996582 GB allocated
3.275390625 GB reserved
dict_keys(['index', 'mixture_magnitude', 'mixture_phase', 'source_phase', 'mix_magnitude', 'ideal_binary_mask', 'source_magnitudes'])
1.0093998908996582 GB allocated
3.275390625 GB reserved
dict_keys(['index', 'mixture_magnitude', 'mixture_phase', 'source_phase', 'mix_magnitude', 'ideal_binary_mask', 'source_magnitudes'])
1.0085468292236328 GB allocated
3.275390625 GB reserved
dict_keys(['index', 'mixture_magnitude', 'mixture_phase', 'source_phase', 'mix_magnitude', 'ideal_binary_mask', 'source_magnitudes'])
1.0093998908996582 GB allocated
3.275390625 GB reserved
dict_keys(['index', 'mixture_magnitude', 'mixture_phase', 'source_phase', 'mix_magnitude', 'ideal_binary_mask', 'source_magnitudes'])
1.0093998908996582 GB allocated
3.275390625 GB reserved
dict_keys(['index', 'mixture_magnitude', 'mixture_phase', 'source_phase', 'mix_magnitude', 'ideal_binary_mask', 'source_magnitudes'])
1.0093998908996582 GB allocated
3.275390625 GB reserved
dict_keys(['index', 'mixture_magnitude', 'mixture_phase', 'source_phase', 'mix_magnitude', 'ideal_binary_mask', 'source_magnitudes'])
1.0085468292236328 GB allocated
3.275390625 GB reserved
dict_keys(['index', 'mixture_magnitude', 'mixture_phase', 'source_phase', 'mix_magnitude', 'ideal_binary_mask', 'source_magnitudes'])
1.0093998908996582 GB allocated
3.275390625 GB reserved
dict_keys(['index', 'mixture_magnitude', 'mixture_phase', 'source_phase', 'mix_magnitude', 'ideal_binary_mask', 'source_magnitudes'])
1.0093998908996582 GB allocated
3.275390625 GB reserved
dict_keys(['index', 'mixture_magnitude', 'mixture_phase', 'source_phase', 'mix_magnitude', 'ideal_binary_mask', 'source_magnitudes'])
1.0093998908996582 GB allocated
3.275390625 GB reserved
dict_keys(['index', 'mixture_magnitude', 'mixture_phase', 'source_phase', 'mix_magnitude', 'ideal_binary_mask', 'source_magnitudes'])
1.0085468292236328 GB allocated
3.275390625 GB reserved
dict_keys(['index', 'mixture_magnitude', 'mixture_phase', 'source_phase', 'mix_magnitude', 'ideal_binary_mask', 'source_magnitudes'])
1.0093998908996582 GB allocated
3.275390625 GB reserved
dict_keys(['index', 'mixture_magnitude', 'mixture_phase', 'source_phase', 'mix_magnitude', 'ideal_binary_mask', 'source_magnitudes'])
1.0093998908996582 GB allocated
3.275390625 GB reserved
dict_keys(['index', 'mixture_magnitude', 'mixture_phase', 'source_phase', 'mix_magnitude', 'ideal_binary_mask', 'source_magnitudes'])
1.0093998908996582 GB allocated
3.275390625 GB reserved
dict_keys(['index', 'mixture_magnitude', 'mixture_phase', 'source_phase', 'mix_magnitude', 'ideal_binary_mask', 'source_magnitudes'])
1.0085468292236328 GB allocated
3.275390625 GB reserved
dict_keys(['index', 'mixture_magnitude', 'mixture_phase', 'source_phase', 'mix_magnitude', 'ideal_binary_mask', 'source_magnitudes'])
1.0093998908996582 GB allocated
3.275390625 GB reserved
dict_keys(['index', 'mixture_magnitude', 'mixture_phase', 'source_phase', 'mix_magnitude', 'ideal_binary_mask', 'source_magnitudes'])
1.0093998908996582 GB allocated
3.275390625 GB reserved
05/20/2026 07:30:22 AM | engine.py:906 Engine run starting with max_epochs=1.
05/20/2026 07:31:30 AM | engine.py:1010 Epoch[1] Complete. Time taken: 00:01:07.549
dict_keys(['index', 'mixture_magnitude', 'mixture_phase', 'source_phase', 'mix_magnitude', 'ideal_binary_mask', 'source_magnitudes'])
1.0093998908996582 GB allocated
3.275390625 GB reserved
dict_keys(['index', 'mixture_magnitude', 'mixture_phase', 'source_phase', 'mix_magnitude', 'ideal_binary_mask', 'source_magnitudes'])
1.0085468292236328 GB allocated
3.275390625 GB reserved
dict_keys(['index', 'mixture_magnitude', 'mixture_phase', 'source_phase', 'mix_magnitude', 'ideal_binary_mask', 'source_magnitudes'])
1.0093998908996582 GB allocated
3.275390625 GB reserved
dict_keys(['index', 'mixture_magnitude', 'mixture_phase', 'source_phase', 'mix_magnitude', 'ideal_binary_mask', 'source_magnitudes'])
1.0093998908996582 GB allocated
3.275390625 GB reserved
dict_keys(['index', 'mixture_magnitude', 'mixture_phase', 'source_phase', 'mix_magnitude', 'ideal_binary_mask', 'source_magnitudes'])
1.0093998908996582 GB allocated
3.275390625 GB reserved
dict_keys(['index', 'mixture_magnitude', 'mixture_phase', 'source_phase', 'mix_magnitude', 'ideal_binary_mask', 'source_magnitudes'])
1.0085468292236328 GB allocated
3.275390625 GB reserved
dict_keys(['index', 'mixture_magnitude', 'mixture_phase', 'source_phase', 'mix_magnitude', 'ideal_binary_mask', 'source_magnitudes'])
1.0093998908996582 GB allocated
3.275390625 GB reserved
dict_keys(['index', 'mixture_magnitude', 'mixture_phase', 'source_phase', 'mix_magnitude', 'ideal_binary_mask', 'source_magnitudes'])
1.0093998908996582 GB allocated
3.275390625 GB reserved
dict_keys(['index', 'mixture_magnitude', 'mixture_phase', 'source_phase', 'mix_magnitude', 'ideal_binary_mask', 'source_magnitudes'])
1.0093998908996582 GB allocated
3.275390625 GB reserved
dict_keys(['index', 'mixture_magnitude', 'mixture_phase', 'source_phase', 'mix_magnitude', 'ideal_binary_mask', 'source_magnitudes'])
1.0085468292236328 GB allocated
3.275390625 GB reserved
dict_keys(['index', 'mixture_magnitude', 'mixture_phase', 'source_phase', 'mix_magnitude', 'ideal_binary_mask', 'source_magnitudes'])
1.0093998908996582 GB allocated
3.275390625 GB reserved
dict_keys(['index', 'mixture_magnitude', 'mixture_phase', 'source_phase', 'mix_magnitude', 'ideal_binary_mask', 'source_magnitudes'])
1.0093998908996582 GB allocated
3.275390625 GB reserved
dict_keys(['index', 'mixture_magnitude', 'mixture_phase', 'source_phase', 'mix_magnitude', 'ideal_binary_mask', 'source_magnitudes'])
1.0093998908996582 GB allocated
3.275390625 GB reserved
dict_keys(['index', 'mixture_magnitude', 'mixture_phase', 'source_phase', 'mix_magnitude', 'ideal_binary_mask', 'source_magnitudes'])
1.0085468292236328 GB allocated
3.275390625 GB reserved
dict_keys(['index', 'mixture_magnitude', 'mixture_phase', 'source_phase', 'mix_magnitude', 'ideal_binary_mask', 'source_magnitudes'])
1.0093998908996582 GB allocated
3.275390625 GB reserved
dict_keys(['index', 'mixture_magnitude', 'mixture_phase', 'source_phase', 'mix_magnitude', 'ideal_binary_mask', 'source_magnitudes'])
1.0093998908996582 GB allocated
3.275390625 GB reserved
dict_keys(['index', 'mixture_magnitude', 'mixture_phase', 'source_phase', 'mix_magnitude', 'ideal_binary_mask', 'source_magnitudes'])
1.0093998908996582 GB allocated
3.275390625 GB reserved
dict_keys(['index', 'mixture_magnitude', 'mixture_phase', 'source_phase', 'mix_magnitude', 'ideal_binary_mask', 'source_magnitudes'])
1.0085468292236328 GB allocated
3.275390625 GB reserved
dict_keys(['index', 'mixture_magnitude', 'mixture_phase', 'source_phase', 'mix_magnitude', 'ideal_binary_mask', 'source_magnitudes'])
1.0093998908996582 GB allocated
3.275390625 GB reserved
dict_keys(['index', 'mixture_magnitude', 'mixture_phase', 'source_phase', 'mix_magnitude', 'ideal_binary_mask', 'source_magnitudes'])
1.0093998908996582 GB allocated
3.275390625 GB reserved
dict_keys(['index', 'mixture_magnitude', 'mixture_phase', 'source_phase', 'mix_magnitude', 'ideal_binary_mask', 'source_magnitudes'])
1.0093998908996582 GB allocated
3.275390625 GB reserved
dict_keys(['index', 'mixture_magnitude', 'mixture_phase', 'source_phase', 'mix_magnitude', 'ideal_binary_mask', 'source_magnitudes'])
1.0085468292236328 GB allocated
3.275390625 GB reserved
dict_keys(['index', 'mixture_magnitude', 'mixture_phase', 'source_phase', 'mix_magnitude', 'ideal_binary_mask', 'source_magnitudes'])
1.0093998908996582 GB allocated
3.275390625 GB reserved
dict_keys(['index', 'mixture_magnitude', 'mixture_phase', 'source_phase', 'mix_magnitude', 'ideal_binary_mask', 'source_magnitudes'])
1.0093998908996582 GB allocated
3.275390625 GB reserved
dict_keys(['index', 'mixture_magnitude', 'mixture_phase', 'source_phase', 'mix_magnitude', 'ideal_binary_mask', 'source_magnitudes'])
1.0093998908996582 GB allocated
3.275390625 GB reserved
dict_keys(['index', 'mixture_magnitude', 'mixture_phase', 'source_phase', 'mix_magnitude', 'ideal_binary_mask', 'source_magnitudes'])
1.0085468292236328 GB allocated
3.275390625 GB reserved
dict_keys(['index', 'mixture_magnitude', 'mixture_phase', 'source_phase', 'mix_magnitude', 'ideal_binary_mask', 'source_magnitudes'])
1.0093998908996582 GB allocated
3.275390625 GB reserved
dict_keys(['index', 'mixture_magnitude', 'mixture_phase', 'source_phase', 'mix_magnitude', 'ideal_binary_mask', 'source_magnitudes'])
1.0093998908996582 GB allocated
3.275390625 GB reserved
dict_keys(['index', 'mixture_magnitude', 'mixture_phase', 'source_phase', 'mix_magnitude', 'ideal_binary_mask', 'source_magnitudes'])
1.0093998908996582 GB allocated
3.275390625 GB reserved
dict_keys(['index', 'mixture_magnitude', 'mixture_phase', 'source_phase', 'mix_magnitude', 'ideal_binary_mask', 'source_magnitudes'])
1.0085468292236328 GB allocated
3.275390625 GB reserved
dict_keys(['index', 'mixture_magnitude', 'mixture_phase', 'source_phase', 'mix_magnitude', 'ideal_binary_mask', 'source_magnitudes'])
1.0093998908996582 GB allocated
3.275390625 GB reserved
dict_keys(['index', 'mixture_magnitude', 'mixture_phase', 'source_phase', 'mix_magnitude', 'ideal_binary_mask', 'source_magnitudes'])
1.0093998908996582 GB allocated
3.275390625 GB reserved
dict_keys(['index', 'mixture_magnitude', 'mixture_phase', 'source_phase', 'mix_magnitude', 'ideal_binary_mask', 'source_magnitudes'])
1.0093998908996582 GB allocated
3.275390625 GB reserved
dict_keys(['index', 'mixture_magnitude', 'mixture_phase', 'source_phase', 'mix_magnitude', 'ideal_binary_mask', 'source_magnitudes'])
1.0085468292236328 GB allocated
3.275390625 GB reserved
dict_keys(['index', 'mixture_magnitude', 'mixture_phase', 'source_phase', 'mix_magnitude', 'ideal_binary_mask', 'source_magnitudes'])
1.0093998908996582 GB allocated
3.275390625 GB reserved
dict_keys(['index', 'mixture_magnitude', 'mixture_phase', 'source_phase', 'mix_magnitude', 'ideal_binary_mask', 'source_magnitudes'])
1.0093998908996582 GB allocated
3.275390625 GB reserved
dict_keys(['index', 'mixture_magnitude', 'mixture_phase', 'source_phase', 'mix_magnitude', 'ideal_binary_mask', 'source_magnitudes'])
1.0093998908996582 GB allocated
3.275390625 GB reserved
dict_keys(['index', 'mixture_magnitude', 'mixture_phase', 'source_phase', 'mix_magnitude', 'ideal_binary_mask', 'source_magnitudes'])
1.0085468292236328 GB allocated
3.275390625 GB reserved
dict_keys(['index', 'mixture_magnitude', 'mixture_phase', 'source_phase', 'mix_magnitude', 'ideal_binary_mask', 'source_magnitudes'])
1.0093998908996582 GB allocated
3.275390625 GB reserved
dict_keys(['index', 'mixture_magnitude', 'mixture_phase', 'source_phase', 'mix_magnitude', 'ideal_binary_mask', 'source_magnitudes'])
1.0093998908996582 GB allocated
3.275390625 GB reserved
dict_keys(['index', 'mixture_magnitude', 'mixture_phase', 'source_phase', 'mix_magnitude', 'ideal_binary_mask', 'source_magnitudes'])
1.0093998908996582 GB allocated
3.275390625 GB reserved
dict_keys(['index', 'mixture_magnitude', 'mixture_phase', 'source_phase', 'mix_magnitude', 'ideal_binary_mask', 'source_magnitudes'])
1.0085468292236328 GB allocated
3.275390625 GB reserved
dict_keys(['index', 'mixture_magnitude', 'mixture_phase', 'source_phase', 'mix_magnitude', 'ideal_binary_mask', 'source_magnitudes'])
1.0093998908996582 GB allocated
3.275390625 GB reserved
dict_keys(['index', 'mixture_magnitude', 'mixture_phase', 'source_phase', 'mix_magnitude', 'ideal_binary_mask', 'source_magnitudes'])
1.0093998908996582 GB allocated
3.275390625 GB reserved
dict_keys(['index', 'mixture_magnitude', 'mixture_phase', 'source_phase', 'mix_magnitude', 'ideal_binary_mask', 'source_magnitudes'])
1.0093998908996582 GB allocated
3.275390625 GB reserved
dict_keys(['index', 'mixture_magnitude', 'mixture_phase', 'source_phase', 'mix_magnitude', 'ideal_binary_mask', 'source_magnitudes'])
1.0085468292236328 GB allocated
3.275390625 GB reserved
dict_keys(['index', 'mixture_magnitude', 'mixture_phase', 'source_phase', 'mix_magnitude', 'ideal_binary_mask', 'source_magnitudes'])
1.0093998908996582 GB allocated
3.275390625 GB reserved
dict_keys(['index', 'mixture_magnitude', 'mixture_phase', 'source_phase', 'mix_magnitude', 'ideal_binary_mask', 'source_magnitudes'])
1.0093998908996582 GB allocated
3.275390625 GB reserved
dict_keys(['index', 'mixture_magnitude', 'mixture_phase', 'source_phase', 'mix_magnitude', 'ideal_binary_mask', 'source_magnitudes'])
1.0093998908996582 GB allocated
3.275390625 GB reserved
dict_keys(['index', 'mixture_magnitude', 'mixture_phase', 'source_phase', 'mix_magnitude', 'ideal_binary_mask', 'source_magnitudes'])
1.0085468292236328 GB allocated
3.275390625 GB reserved
dict_keys(['index', 'mixture_magnitude', 'mixture_phase', 'source_phase', 'mix_magnitude', 'ideal_binary_mask', 'source_magnitudes'])
1.0093998908996582 GB allocated
3.275390625 GB reserved
dict_keys(['index', 'mixture_magnitude', 'mixture_phase', 'source_phase', 'mix_magnitude', 'ideal_binary_mask', 'source_magnitudes'])
1.0093998908996582 GB allocated
3.275390625 GB reserved
dict_keys(['index', 'mixture_magnitude', 'mixture_phase', 'source_phase', 'mix_magnitude', 'ideal_binary_mask', 'source_magnitudes'])
1.0093998908996582 GB allocated
3.275390625 GB reserved
dict_keys(['index', 'mixture_magnitude', 'mixture_phase', 'source_phase', 'mix_magnitude', 'ideal_binary_mask', 'source_magnitudes'])
1.0085468292236328 GB allocated
3.275390625 GB reserved
dict_keys(['index', 'mixture_magnitude', 'mixture_phase', 'source_phase', 'mix_magnitude', 'ideal_binary_mask', 'source_magnitudes'])
1.0093998908996582 GB allocated
3.275390625 GB reserved
dict_keys(['index', 'mixture_magnitude', 'mixture_phase', 'source_phase', 'mix_magnitude', 'ideal_binary_mask', 'source_magnitudes'])
1.0093998908996582 GB allocated
3.275390625 GB reserved
dict_keys(['index', 'mixture_magnitude', 'mixture_phase', 'source_phase', 'mix_magnitude', 'ideal_binary_mask', 'source_magnitudes'])
1.0093998908996582 GB allocated
3.275390625 GB reserved
dict_keys(['index', 'mixture_magnitude', 'mixture_phase', 'source_phase', 'mix_magnitude', 'ideal_binary_mask', 'source_magnitudes'])
[Validator] Epoch 18 - val_loss: 0.000597
[BEST CHECKPOINT] Guardado/actualizado en: checkpoints\Mis_modelos_v2\main\l1_freq checkpoints\4stems\best_checkpoint_13_val_loss=-0.0006.pt
05/20/2026 07:31:30 AM | engine.py:1037 Engine run finished. Time taken: 00:01:07.549
[Epoch 18] train_loss=0.000557 | val_loss=0.000597
05/20/2026 07:31:30 AM | engine.py:1010 Epoch[18] Complete. Time taken: 00:19:20.922
1.0085468292236328 GB allocated
3.275390625 GB reserved
dict_keys(['index', 'mixture_magnitude', 'mixture_phase', 'source_phase', 'mix_magnitude', 'ideal_binary_mask', 'source_magnitudes'])
1.0093998908996582 GB allocated
3.275390625 GB reserved
dict_keys(['index', 'mixture_magnitude', 'mixture_phase', 'source_phase', 'mix_magnitude', 'ideal_binary_mask', 'source_magnitudes'])
1.0093998908996582 GB allocated
3.275390625 GB reserved
dict_keys(['index', 'mixture_magnitude', 'mixture_phase', 'source_phase', 'mix_magnitude', 'ideal_binary_mask', 'source_magnitudes'])
1.0093998908996582 GB allocated
3.275390625 GB reserved
dict_keys(['index', 'mixture_magnitude', 'mixture_phase', 'source_phase', 'mix_magnitude', 'ideal_binary_mask', 'source_magnitudes'])
1.0085468292236328 GB allocated
3.275390625 GB reserved
dict_keys(['index', 'mixture_magnitude', 'mixture_phase', 'source_phase', 'mix_magnitude', 'ideal_binary_mask', 'source_magnitudes'])
1.0093998908996582 GB allocated
3.275390625 GB reserved
dict_keys(['index', 'mixture_magnitude', 'mixture_phase', 'source_phase', 'mix_magnitude', 'ideal_binary_mask', 'source_magnitudes'])
1.0093998908996582 GB allocated
3.275390625 GB reserved
dict_keys(['index', 'mixture_magnitude', 'mixture_phase', 'source_phase', 'mix_magnitude', 'ideal_binary_mask', 'source_magnitudes'])
1.0093998908996582 GB allocated
3.275390625 GB reserved
dict_keys(['index', 'mixture_magnitude', 'mixture_phase', 'source_phase', 'mix_magnitude', 'ideal_binary_mask', 'source_magnitudes'])
1.0085468292236328 GB allocated
3.275390625 GB reserved
dict_keys(['index', 'mixture_magnitude', 'mixture_phase', 'source_phase', 'mix_magnitude', 'ideal_binary_mask', 'source_magnitudes'])
1.0093998908996582 GB allocated
3.275390625 GB reserved
dict_keys(['index', 'mixture_magnitude', 'mixture_phase', 'source_phase', 'mix_magnitude', 'ideal_binary_mask', 'source_magnitudes'])
1.0093998908996582 GB allocated
3.275390625 GB reserved
dict_keys(['index', 'mixture_magnitude', 'mixture_phase', 'source_phase', 'mix_magnitude', 'ideal_binary_mask', 'source_magnitudes'])
1.0093998908996582 GB allocated
3.275390625 GB reserved
dict_keys(['index', 'mixture_magnitude', 'mixture_phase', 'source_phase', 'mix_magnitude', 'ideal_binary_mask', 'source_magnitudes'])
1.0085468292236328 GB allocated
3.275390625 GB reserved
dict_keys(['index', 'mixture_magnitude', 'mixture_phase', 'source_phase', 'mix_magnitude', 'ideal_binary_mask', 'source_magnitudes'])
1.0093998908996582 GB allocated
3.275390625 GB reserved
dict_keys(['index', 'mixture_magnitude', 'mixture_phase', 'source_phase', 'mix_magnitude', 'ideal_binary_mask', 'source_magnitudes'])
1.0093998908996582 GB allocated
3.275390625 GB reserved
dict_keys(['index', 'mixture_magnitude', 'mixture_phase', 'source_phase', 'mix_magnitude', 'ideal_binary_mask', 'source_magnitudes'])
1.0093998908996582 GB allocated
3.275390625 GB reserved
dict_keys(['index', 'mixture_magnitude', 'mixture_phase', 'source_phase', 'mix_magnitude', 'ideal_binary_mask', 'source_magnitudes'])
1.0085468292236328 GB allocated
3.275390625 GB reserved
dict_keys(['index', 'mixture_magnitude', 'mixture_phase', 'source_phase', 'mix_magnitude', 'ideal_binary_mask', 'source_magnitudes'])
1.0093998908996582 GB allocated
3.275390625 GB reserved
dict_keys(['index', 'mixture_magnitude', 'mixture_phase', 'source_phase', 'mix_magnitude', 'ideal_binary_mask', 'source_magnitudes'])
1.0093998908996582 GB allocated
3.275390625 GB reserved
dict_keys(['index', 'mixture_magnitude', 'mixture_phase', 'source_phase', 'mix_magnitude', 'ideal_binary_mask', 'source_magnitudes'])
1.0093998908996582 GB allocated
3.275390625 GB reserved
dict_keys(['index', 'mixture_magnitude', 'mixture_phase', 'source_phase', 'mix_magnitude', 'ideal_binary_mask', 'source_magnitudes'])
1.0085468292236328 GB allocated
3.275390625 GB reserved
dict_keys(['index', 'mixture_magnitude', 'mixture_phase', 'source_phase', 'mix_magnitude', 'ideal_binary_mask', 'source_magnitudes'])
1.0093998908996582 GB allocated
3.275390625 GB reserved
dict_keys(['index', 'mixture_magnitude', 'mixture_phase', 'source_phase', 'mix_magnitude', 'ideal_binary_mask', 'source_magnitudes'])
1.0093998908996582 GB allocated
3.275390625 GB reserved
dict_keys(['index', 'mixture_magnitude', 'mixture_phase', 'source_phase', 'mix_magnitude', 'ideal_binary_mask', 'source_magnitudes'])
1.0093998908996582 GB allocated
3.275390625 GB reserved
dict_keys(['index', 'mixture_magnitude', 'mixture_phase', 'source_phase', 'mix_magnitude', 'ideal_binary_mask', 'source_magnitudes'])
1.0085468292236328 GB allocated
3.275390625 GB reserved
dict_keys(['index', 'mixture_magnitude', 'mixture_phase', 'source_phase', 'mix_magnitude', 'ideal_binary_mask', 'source_magnitudes'])
1.0093998908996582 GB allocated
3.275390625 GB reserved
dict_keys(['index', 'mixture_magnitude', 'mixture_phase', 'source_phase', 'mix_magnitude', 'ideal_binary_mask', 'source_magnitudes'])
1.0093998908996582 GB allocated
3.275390625 GB reserved
dict_keys(['index', 'mixture_magnitude', 'mixture_phase', 'source_phase', 'mix_magnitude', 'ideal_binary_mask', 'source_magnitudes'])
1.0093998908996582 GB allocated
3.275390625 GB reserved
dict_keys(['index', 'mixture_magnitude', 'mixture_phase', 'source_phase', 'mix_magnitude', 'ideal_binary_mask', 'source_magnitudes'])
1.0085468292236328 GB allocated
3.275390625 GB reserved
dict_keys(['index', 'mixture_magnitude', 'mixture_phase', 'source_phase', 'mix_magnitude', 'ideal_binary_mask', 'source_magnitudes'])
1.0093998908996582 GB allocated
3.275390625 GB reserved
dict_keys(['index', 'mixture_magnitude', 'mixture_phase', 'source_phase', 'mix_magnitude', 'ideal_binary_mask', 'source_magnitudes'])
1.0093998908996582 GB allocated
3.275390625 GB reserved
dict_keys(['index', 'mixture_magnitude', 'mixture_phase', 'source_phase', 'mix_magnitude', 'ideal_binary_mask', 'source_magnitudes'])
1.0093998908996582 GB allocated
3.275390625 GB reserved
dict_keys(['index', 'mixture_magnitude', 'mixture_phase', 'source_phase', 'mix_magnitude', 'ideal_binary_mask', 'source_magnitudes'])
1.0085468292236328 GB allocated
3.275390625 GB reserved
dict_keys(['index', 'mixture_magnitude', 'mixture_phase', 'source_phase', 'mix_magnitude', 'ideal_binary_mask', 'source_magnitudes'])
1.0093998908996582 GB allocated
3.275390625 GB reserved
dict_keys(['index', 'mixture_magnitude', 'mixture_phase', 'source_phase', 'mix_magnitude', 'ideal_binary_mask', 'source_magnitudes'])
1.0093998908996582 GB allocated
3.275390625 GB reserved
dict_keys(['index', 'mixture_magnitude', 'mixture_phase', 'source_phase', 'mix_magnitude', 'ideal_binary_mask', 'source_magnitudes'])
1.0093998908996582 GB allocated
3.275390625 GB reserved
dict_keys(['index', 'mixture_magnitude', 'mixture_phase', 'source_phase', 'mix_magnitude', 'ideal_binary_mask', 'source_magnitudes'])
1.0085468292236328 GB allocated
3.275390625 GB reserved
dict_keys(['index', 'mixture_magnitude', 'mixture_phase', 'source_phase', 'mix_magnitude', 'ideal_binary_mask', 'source_magnitudes'])
1.0093998908996582 GB allocated
3.275390625 GB reserved
dict_keys(['index', 'mixture_magnitude', 'mixture_phase', 'source_phase', 'mix_magnitude', 'ideal_binary_mask', 'source_magnitudes'])
1.0093998908996582 GB allocated
3.275390625 GB reserved
dict_keys(['index', 'mixture_magnitude', 'mixture_phase', 'source_phase', 'mix_magnitude', 'ideal_binary_mask', 'source_magnitudes'])
1.0093998908996582 GB allocated
3.275390625 GB reserved
dict_keys(['index', 'mixture_magnitude', 'mixture_phase', 'source_phase', 'mix_magnitude', 'ideal_binary_mask', 'source_magnitudes'])
1.0085468292236328 GB allocated
3.275390625 GB reserved
dict_keys(['index', 'mixture_magnitude', 'mixture_phase', 'source_phase', 'mix_magnitude', 'ideal_binary_mask', 'source_magnitudes'])
1.0093998908996582 GB allocated
3.275390625 GB reserved
dict_keys(['index', 'mixture_magnitude', 'mixture_phase', 'source_phase', 'mix_magnitude', 'ideal_binary_mask', 'source_magnitudes'])
1.0093998908996582 GB allocated
3.275390625 GB reserved
05/20/2026 07:49:32 AM | engine.py:906 Engine run starting with max_epochs=1.
05/20/2026 07:50:40 AM | engine.py:1010 Epoch[1] Complete. Time taken: 00:01:07.995
dict_keys(['index', 'mixture_magnitude', 'mixture_phase', 'source_phase', 'mix_magnitude', 'ideal_binary_mask', 'source_magnitudes'])
1.0093998908996582 GB allocated
3.275390625 GB reserved
dict_keys(['index', 'mixture_magnitude', 'mixture_phase', 'source_phase', 'mix_magnitude', 'ideal_binary_mask', 'source_magnitudes'])
1.0085468292236328 GB allocated
3.275390625 GB reserved
dict_keys(['index', 'mixture_magnitude', 'mixture_phase', 'source_phase', 'mix_magnitude', 'ideal_binary_mask', 'source_magnitudes'])
1.0093998908996582 GB allocated
3.275390625 GB reserved
dict_keys(['index', 'mixture_magnitude', 'mixture_phase', 'source_phase', 'mix_magnitude', 'ideal_binary_mask', 'source_magnitudes'])
1.0093998908996582 GB allocated
3.275390625 GB reserved
dict_keys(['index', 'mixture_magnitude', 'mixture_phase', 'source_phase', 'mix_magnitude', 'ideal_binary_mask', 'source_magnitudes'])
1.0093998908996582 GB allocated
3.275390625 GB reserved
dict_keys(['index', 'mixture_magnitude', 'mixture_phase', 'source_phase', 'mix_magnitude', 'ideal_binary_mask', 'source_magnitudes'])
1.0085468292236328 GB allocated
3.275390625 GB reserved
dict_keys(['index', 'mixture_magnitude', 'mixture_phase', 'source_phase', 'mix_magnitude', 'ideal_binary_mask', 'source_magnitudes'])
1.0093998908996582 GB allocated
3.275390625 GB reserved
dict_keys(['index', 'mixture_magnitude', 'mixture_phase', 'source_phase', 'mix_magnitude', 'ideal_binary_mask', 'source_magnitudes'])
1.0093998908996582 GB allocated
3.275390625 GB reserved
dict_keys(['index', 'mixture_magnitude', 'mixture_phase', 'source_phase', 'mix_magnitude', 'ideal_binary_mask', 'source_magnitudes'])
1.0093998908996582 GB allocated
3.275390625 GB reserved
dict_keys(['index', 'mixture_magnitude', 'mixture_phase', 'source_phase', 'mix_magnitude', 'ideal_binary_mask', 'source_magnitudes'])
1.0085468292236328 GB allocated
3.275390625 GB reserved
dict_keys(['index', 'mixture_magnitude', 'mixture_phase', 'source_phase', 'mix_magnitude', 'ideal_binary_mask', 'source_magnitudes'])
1.0093998908996582 GB allocated
3.275390625 GB reserved
dict_keys(['index', 'mixture_magnitude', 'mixture_phase', 'source_phase', 'mix_magnitude', 'ideal_binary_mask', 'source_magnitudes'])
1.0093998908996582 GB allocated
3.275390625 GB reserved
dict_keys(['index', 'mixture_magnitude', 'mixture_phase', 'source_phase', 'mix_magnitude', 'ideal_binary_mask', 'source_magnitudes'])
1.0093998908996582 GB allocated
3.275390625 GB reserved
dict_keys(['index', 'mixture_magnitude', 'mixture_phase', 'source_phase', 'mix_magnitude', 'ideal_binary_mask', 'source_magnitudes'])
1.0085468292236328 GB allocated
3.275390625 GB reserved
dict_keys(['index', 'mixture_magnitude', 'mixture_phase', 'source_phase', 'mix_magnitude', 'ideal_binary_mask', 'source_magnitudes'])
1.0093998908996582 GB allocated
3.275390625 GB reserved
dict_keys(['index', 'mixture_magnitude', 'mixture_phase', 'source_phase', 'mix_magnitude', 'ideal_binary_mask', 'source_magnitudes'])
1.0093998908996582 GB allocated
3.275390625 GB reserved
dict_keys(['index', 'mixture_magnitude', 'mixture_phase', 'source_phase', 'mix_magnitude', 'ideal_binary_mask', 'source_magnitudes'])
1.0093998908996582 GB allocated
3.275390625 GB reserved
dict_keys(['index', 'mixture_magnitude', 'mixture_phase', 'source_phase', 'mix_magnitude', 'ideal_binary_mask', 'source_magnitudes'])
1.0085468292236328 GB allocated
3.275390625 GB reserved
dict_keys(['index', 'mixture_magnitude', 'mixture_phase', 'source_phase', 'mix_magnitude', 'ideal_binary_mask', 'source_magnitudes'])
1.0093998908996582 GB allocated
3.275390625 GB reserved
dict_keys(['index', 'mixture_magnitude', 'mixture_phase', 'source_phase', 'mix_magnitude', 'ideal_binary_mask', 'source_magnitudes'])
1.0093998908996582 GB allocated
3.275390625 GB reserved
dict_keys(['index', 'mixture_magnitude', 'mixture_phase', 'source_phase', 'mix_magnitude', 'ideal_binary_mask', 'source_magnitudes'])
1.0093998908996582 GB allocated
3.275390625 GB reserved
dict_keys(['index', 'mixture_magnitude', 'mixture_phase', 'source_phase', 'mix_magnitude', 'ideal_binary_mask', 'source_magnitudes'])
1.0085468292236328 GB allocated
3.275390625 GB reserved
dict_keys(['index', 'mixture_magnitude', 'mixture_phase', 'source_phase', 'mix_magnitude', 'ideal_binary_mask', 'source_magnitudes'])
1.0093998908996582 GB allocated
3.275390625 GB reserved
dict_keys(['index', 'mixture_magnitude', 'mixture_phase', 'source_phase', 'mix_magnitude', 'ideal_binary_mask', 'source_magnitudes'])
1.0093998908996582 GB allocated
3.275390625 GB reserved
dict_keys(['index', 'mixture_magnitude', 'mixture_phase', 'source_phase', 'mix_magnitude', 'ideal_binary_mask', 'source_magnitudes'])
1.0093998908996582 GB allocated
3.275390625 GB reserved
dict_keys(['index', 'mixture_magnitude', 'mixture_phase', 'source_phase', 'mix_magnitude', 'ideal_binary_mask', 'source_magnitudes'])
1.0085468292236328 GB allocated
3.275390625 GB reserved
dict_keys(['index', 'mixture_magnitude', 'mixture_phase', 'source_phase', 'mix_magnitude', 'ideal_binary_mask', 'source_magnitudes'])
1.0093998908996582 GB allocated
3.275390625 GB reserved
dict_keys(['index', 'mixture_magnitude', 'mixture_phase', 'source_phase', 'mix_magnitude', 'ideal_binary_mask', 'source_magnitudes'])
1.0093998908996582 GB allocated
3.275390625 GB reserved
dict_keys(['index', 'mixture_magnitude', 'mixture_phase', 'source_phase', 'mix_magnitude', 'ideal_binary_mask', 'source_magnitudes'])
1.0093998908996582 GB allocated
3.275390625 GB reserved
dict_keys(['index', 'mixture_magnitude', 'mixture_phase', 'source_phase', 'mix_magnitude', 'ideal_binary_mask', 'source_magnitudes'])
1.0085468292236328 GB allocated
3.275390625 GB reserved
dict_keys(['index', 'mixture_magnitude', 'mixture_phase', 'source_phase', 'mix_magnitude', 'ideal_binary_mask', 'source_magnitudes'])
1.0093998908996582 GB allocated
3.275390625 GB reserved
dict_keys(['index', 'mixture_magnitude', 'mixture_phase', 'source_phase', 'mix_magnitude', 'ideal_binary_mask', 'source_magnitudes'])
1.0093998908996582 GB allocated
3.275390625 GB reserved
dict_keys(['index', 'mixture_magnitude', 'mixture_phase', 'source_phase', 'mix_magnitude', 'ideal_binary_mask', 'source_magnitudes'])
1.0093998908996582 GB allocated
3.275390625 GB reserved
dict_keys(['index', 'mixture_magnitude', 'mixture_phase', 'source_phase', 'mix_magnitude', 'ideal_binary_mask', 'source_magnitudes'])
1.0085468292236328 GB allocated
3.275390625 GB reserved
dict_keys(['index', 'mixture_magnitude', 'mixture_phase', 'source_phase', 'mix_magnitude', 'ideal_binary_mask', 'source_magnitudes'])
1.0093998908996582 GB allocated
3.275390625 GB reserved
dict_keys(['index', 'mixture_magnitude', 'mixture_phase', 'source_phase', 'mix_magnitude', 'ideal_binary_mask', 'source_magnitudes'])
1.0093998908996582 GB allocated
3.275390625 GB reserved
dict_keys(['index', 'mixture_magnitude', 'mixture_phase', 'source_phase', 'mix_magnitude', 'ideal_binary_mask', 'source_magnitudes'])
1.0093998908996582 GB allocated
3.275390625 GB reserved
dict_keys(['index', 'mixture_magnitude', 'mixture_phase', 'source_phase', 'mix_magnitude', 'ideal_binary_mask', 'source_magnitudes'])
1.0085468292236328 GB allocated
3.275390625 GB reserved
dict_keys(['index', 'mixture_magnitude', 'mixture_phase', 'source_phase', 'mix_magnitude', 'ideal_binary_mask', 'source_magnitudes'])
1.0093998908996582 GB allocated
3.275390625 GB reserved
dict_keys(['index', 'mixture_magnitude', 'mixture_phase', 'source_phase', 'mix_magnitude', 'ideal_binary_mask', 'source_magnitudes'])
1.0093998908996582 GB allocated
3.275390625 GB reserved
dict_keys(['index', 'mixture_magnitude', 'mixture_phase', 'source_phase', 'mix_magnitude', 'ideal_binary_mask', 'source_magnitudes'])
1.0093998908996582 GB allocated
3.275390625 GB reserved
dict_keys(['index', 'mixture_magnitude', 'mixture_phase', 'source_phase', 'mix_magnitude', 'ideal_binary_mask', 'source_magnitudes'])
1.0085468292236328 GB allocated
3.275390625 GB reserved
dict_keys(['index', 'mixture_magnitude', 'mixture_phase', 'source_phase', 'mix_magnitude', 'ideal_binary_mask', 'source_magnitudes'])
1.0093998908996582 GB allocated
3.275390625 GB reserved
dict_keys(['index', 'mixture_magnitude', 'mixture_phase', 'source_phase', 'mix_magnitude', 'ideal_binary_mask', 'source_magnitudes'])
1.0093998908996582 GB allocated
3.275390625 GB reserved
dict_keys(['index', 'mixture_magnitude', 'mixture_phase', 'source_phase', 'mix_magnitude', 'ideal_binary_mask', 'source_magnitudes'])
1.0093998908996582 GB allocated
3.275390625 GB reserved
dict_keys(['index', 'mixture_magnitude', 'mixture_phase', 'source_phase', 'mix_magnitude', 'ideal_binary_mask', 'source_magnitudes'])
1.0085468292236328 GB allocated
3.275390625 GB reserved
dict_keys(['index', 'mixture_magnitude', 'mixture_phase', 'source_phase', 'mix_magnitude', 'ideal_binary_mask', 'source_magnitudes'])
1.0093998908996582 GB allocated
3.275390625 GB reserved
dict_keys(['index', 'mixture_magnitude', 'mixture_phase', 'source_phase', 'mix_magnitude', 'ideal_binary_mask', 'source_magnitudes'])
1.0093998908996582 GB allocated
3.275390625 GB reserved
dict_keys(['index', 'mixture_magnitude', 'mixture_phase', 'source_phase', 'mix_magnitude', 'ideal_binary_mask', 'source_magnitudes'])
1.0093998908996582 GB allocated
3.275390625 GB reserved
dict_keys(['index', 'mixture_magnitude', 'mixture_phase', 'source_phase', 'mix_magnitude', 'ideal_binary_mask', 'source_magnitudes'])
1.0085468292236328 GB allocated
3.275390625 GB reserved
dict_keys(['index', 'mixture_magnitude', 'mixture_phase', 'source_phase', 'mix_magnitude', 'ideal_binary_mask', 'source_magnitudes'])
1.0093998908996582 GB allocated
3.275390625 GB reserved
dict_keys(['index', 'mixture_magnitude', 'mixture_phase', 'source_phase', 'mix_magnitude', 'ideal_binary_mask', 'source_magnitudes'])
1.0093998908996582 GB allocated
3.275390625 GB reserved
dict_keys(['index', 'mixture_magnitude', 'mixture_phase', 'source_phase', 'mix_magnitude', 'ideal_binary_mask', 'source_magnitudes'])
1.0093998908996582 GB allocated
3.275390625 GB reserved
dict_keys(['index', 'mixture_magnitude', 'mixture_phase', 'source_phase', 'mix_magnitude', 'ideal_binary_mask', 'source_magnitudes'])
1.0085468292236328 GB allocated
3.275390625 GB reserved
dict_keys(['index', 'mixture_magnitude', 'mixture_phase', 'source_phase', 'mix_magnitude', 'ideal_binary_mask', 'source_magnitudes'])
1.0093998908996582 GB allocated
3.275390625 GB reserved
dict_keys(['index', 'mixture_magnitude', 'mixture_phase', 'source_phase', 'mix_magnitude', 'ideal_binary_mask', 'source_magnitudes'])
1.0093998908996582 GB allocated
3.275390625 GB reserved
dict_keys(['index', 'mixture_magnitude', 'mixture_phase', 'source_phase', 'mix_magnitude', 'ideal_binary_mask', 'source_magnitudes'])
1.0093998908996582 GB allocated
3.275390625 GB reserved
dict_keys(['index', 'mixture_magnitude', 'mixture_phase', 'source_phase', 'mix_magnitude', 'ideal_binary_mask', 'source_magnitudes'])
[Validator] Epoch 19 - val_loss: 0.000594
[BEST CHECKPOINT] Guardado/actualizado en: checkpoints\Mis_modelos_v2\main\l1_freq checkpoints\4stems\best_checkpoint_19_val_loss=-0.0006.pt
05/20/2026 07:50:40 AM | engine.py:1037 Engine run finished. Time taken: 00:01:08.005
[Epoch 19] train_loss=0.000556 | val_loss=0.000594
05/20/2026 07:50:40 AM | engine.py:1010 Epoch[19] Complete. Time taken: 00:19:09.886
1.0085468292236328 GB allocated
3.275390625 GB reserved
dict_keys(['index', 'mixture_magnitude', 'mixture_phase', 'source_phase', 'mix_magnitude', 'ideal_binary_mask', 'source_magnitudes'])
1.0093998908996582 GB allocated
3.275390625 GB reserved
dict_keys(['index', 'mixture_magnitude', 'mixture_phase', 'source_phase', 'mix_magnitude', 'ideal_binary_mask', 'source_magnitudes'])
1.0093998908996582 GB allocated
3.275390625 GB reserved
dict_keys(['index', 'mixture_magnitude', 'mixture_phase', 'source_phase', 'mix_magnitude', 'ideal_binary_mask', 'source_magnitudes'])
1.0093998908996582 GB allocated
3.275390625 GB reserved
dict_keys(['index', 'mixture_magnitude', 'mixture_phase', 'source_phase', 'mix_magnitude', 'ideal_binary_mask', 'source_magnitudes'])
1.0085468292236328 GB allocated
3.275390625 GB reserved
dict_keys(['index', 'mixture_magnitude', 'mixture_phase', 'source_phase', 'mix_magnitude', 'ideal_binary_mask', 'source_magnitudes'])
1.0093998908996582 GB allocated
3.275390625 GB reserved
dict_keys(['index', 'mixture_magnitude', 'mixture_phase', 'source_phase', 'mix_magnitude', 'ideal_binary_mask', 'source_magnitudes'])
1.0093998908996582 GB allocated
3.275390625 GB reserved
dict_keys(['index', 'mixture_magnitude', 'mixture_phase', 'source_phase', 'mix_magnitude', 'ideal_binary_mask', 'source_magnitudes'])
1.0093998908996582 GB allocated
3.275390625 GB reserved
dict_keys(['index', 'mixture_magnitude', 'mixture_phase', 'source_phase', 'mix_magnitude', 'ideal_binary_mask', 'source_magnitudes'])
1.0085468292236328 GB allocated
3.275390625 GB reserved
dict_keys(['index', 'mixture_magnitude', 'mixture_phase', 'source_phase', 'mix_magnitude', 'ideal_binary_mask', 'source_magnitudes'])
1.0093998908996582 GB allocated
3.275390625 GB reserved
dict_keys(['index', 'mixture_magnitude', 'mixture_phase', 'source_phase', 'mix_magnitude', 'ideal_binary_mask', 'source_magnitudes'])
1.0093998908996582 GB allocated
3.275390625 GB reserved
dict_keys(['index', 'mixture_magnitude', 'mixture_phase', 'source_phase', 'mix_magnitude', 'ideal_binary_mask', 'source_magnitudes'])
1.0093998908996582 GB allocated
3.275390625 GB reserved
dict_keys(['index', 'mixture_magnitude', 'mixture_phase', 'source_phase', 'mix_magnitude', 'ideal_binary_mask', 'source_magnitudes'])
1.0085468292236328 GB allocated
3.275390625 GB reserved
dict_keys(['index', 'mixture_magnitude', 'mixture_phase', 'source_phase', 'mix_magnitude', 'ideal_binary_mask', 'source_magnitudes'])
1.0093998908996582 GB allocated
3.275390625 GB reserved
dict_keys(['index', 'mixture_magnitude', 'mixture_phase', 'source_phase', 'mix_magnitude', 'ideal_binary_mask', 'source_magnitudes'])
1.0093998908996582 GB allocated
3.275390625 GB reserved
dict_keys(['index', 'mixture_magnitude', 'mixture_phase', 'source_phase', 'mix_magnitude', 'ideal_binary_mask', 'source_magnitudes'])
1.0093998908996582 GB allocated
3.275390625 GB reserved
dict_keys(['index', 'mixture_magnitude', 'mixture_phase', 'source_phase', 'mix_magnitude', 'ideal_binary_mask', 'source_magnitudes'])
1.0085468292236328 GB allocated
3.275390625 GB reserved
dict_keys(['index', 'mixture_magnitude', 'mixture_phase', 'source_phase', 'mix_magnitude', 'ideal_binary_mask', 'source_magnitudes'])
1.0093998908996582 GB allocated
3.275390625 GB reserved
dict_keys(['index', 'mixture_magnitude', 'mixture_phase', 'source_phase', 'mix_magnitude', 'ideal_binary_mask', 'source_magnitudes'])
1.0093998908996582 GB allocated
3.275390625 GB reserved
dict_keys(['index', 'mixture_magnitude', 'mixture_phase', 'source_phase', 'mix_magnitude', 'ideal_binary_mask', 'source_magnitudes'])
1.0093998908996582 GB allocated
3.275390625 GB reserved
dict_keys(['index', 'mixture_magnitude', 'mixture_phase', 'source_phase', 'mix_magnitude', 'ideal_binary_mask', 'source_magnitudes'])
1.0085468292236328 GB allocated
3.275390625 GB reserved
dict_keys(['index', 'mixture_magnitude', 'mixture_phase', 'source_phase', 'mix_magnitude', 'ideal_binary_mask', 'source_magnitudes'])
1.0093998908996582 GB allocated
3.275390625 GB reserved
dict_keys(['index', 'mixture_magnitude', 'mixture_phase', 'source_phase', 'mix_magnitude', 'ideal_binary_mask', 'source_magnitudes'])
1.0093998908996582 GB allocated
3.275390625 GB reserved
dict_keys(['index', 'mixture_magnitude', 'mixture_phase', 'source_phase', 'mix_magnitude', 'ideal_binary_mask', 'source_magnitudes'])
1.0093998908996582 GB allocated
3.275390625 GB reserved
dict_keys(['index', 'mixture_magnitude', 'mixture_phase', 'source_phase', 'mix_magnitude', 'ideal_binary_mask', 'source_magnitudes'])
1.0085468292236328 GB allocated
3.275390625 GB reserved
dict_keys(['index', 'mixture_magnitude', 'mixture_phase', 'source_phase', 'mix_magnitude', 'ideal_binary_mask', 'source_magnitudes'])
1.0093998908996582 GB allocated
3.275390625 GB reserved
dict_keys(['index', 'mixture_magnitude', 'mixture_phase', 'source_phase', 'mix_magnitude', 'ideal_binary_mask', 'source_magnitudes'])
1.0093998908996582 GB allocated
3.275390625 GB reserved
dict_keys(['index', 'mixture_magnitude', 'mixture_phase', 'source_phase', 'mix_magnitude', 'ideal_binary_mask', 'source_magnitudes'])
1.0093998908996582 GB allocated
3.275390625 GB reserved
dict_keys(['index', 'mixture_magnitude', 'mixture_phase', 'source_phase', 'mix_magnitude', 'ideal_binary_mask', 'source_magnitudes'])
1.0085468292236328 GB allocated
3.275390625 GB reserved
dict_keys(['index', 'mixture_magnitude', 'mixture_phase', 'source_phase', 'mix_magnitude', 'ideal_binary_mask', 'source_magnitudes'])
1.0093998908996582 GB allocated
3.275390625 GB reserved
dict_keys(['index', 'mixture_magnitude', 'mixture_phase', 'source_phase', 'mix_magnitude', 'ideal_binary_mask', 'source_magnitudes'])
1.0093998908996582 GB allocated
3.275390625 GB reserved
dict_keys(['index', 'mixture_magnitude', 'mixture_phase', 'source_phase', 'mix_magnitude', 'ideal_binary_mask', 'source_magnitudes'])
1.0093998908996582 GB allocated
3.275390625 GB reserved
dict_keys(['index', 'mixture_magnitude', 'mixture_phase', 'source_phase', 'mix_magnitude', 'ideal_binary_mask', 'source_magnitudes'])
1.0085468292236328 GB allocated
3.275390625 GB reserved
dict_keys(['index', 'mixture_magnitude', 'mixture_phase', 'source_phase', 'mix_magnitude', 'ideal_binary_mask', 'source_magnitudes'])
1.0093998908996582 GB allocated
3.275390625 GB reserved
dict_keys(['index', 'mixture_magnitude', 'mixture_phase', 'source_phase', 'mix_magnitude', 'ideal_binary_mask', 'source_magnitudes'])
1.0093998908996582 GB allocated
3.275390625 GB reserved
dict_keys(['index', 'mixture_magnitude', 'mixture_phase', 'source_phase', 'mix_magnitude', 'ideal_binary_mask', 'source_magnitudes'])
1.0093998908996582 GB allocated
3.275390625 GB reserved
dict_keys(['index', 'mixture_magnitude', 'mixture_phase', 'source_phase', 'mix_magnitude', 'ideal_binary_mask', 'source_magnitudes'])
1.0085468292236328 GB allocated
3.275390625 GB reserved
dict_keys(['index', 'mixture_magnitude', 'mixture_phase', 'source_phase', 'mix_magnitude', 'ideal_binary_mask', 'source_magnitudes'])
1.0093998908996582 GB allocated
3.275390625 GB reserved
dict_keys(['index', 'mixture_magnitude', 'mixture_phase', 'source_phase', 'mix_magnitude', 'ideal_binary_mask', 'source_magnitudes'])
1.0093998908996582 GB allocated
3.275390625 GB reserved
dict_keys(['index', 'mixture_magnitude', 'mixture_phase', 'source_phase', 'mix_magnitude', 'ideal_binary_mask', 'source_magnitudes'])
1.0093998908996582 GB allocated
3.275390625 GB reserved
dict_keys(['index', 'mixture_magnitude', 'mixture_phase', 'source_phase', 'mix_magnitude', 'ideal_binary_mask', 'source_magnitudes'])
1.0085468292236328 GB allocated
3.275390625 GB reserved
dict_keys(['index', 'mixture_magnitude', 'mixture_phase', 'source_phase', 'mix_magnitude', 'ideal_binary_mask', 'source_magnitudes'])
1.0093998908996582 GB allocated
3.275390625 GB reserved
dict_keys(['index', 'mixture_magnitude', 'mixture_phase', 'source_phase', 'mix_magnitude', 'ideal_binary_mask', 'source_magnitudes'])
1.0093998908996582 GB allocated
3.275390625 GB reserved
05/20/2026 08:08:58 AM | engine.py:906 Engine run starting with max_epochs=1.
05/20/2026 08:10:06 AM | engine.py:1010 Epoch[1] Complete. Time taken: 00:01:08.285
dict_keys(['index', 'mixture_magnitude', 'mixture_phase', 'source_phase', 'mix_magnitude', 'ideal_binary_mask', 'source_magnitudes'])
1.0093998908996582 GB allocated
3.275390625 GB reserved
dict_keys(['index', 'mixture_magnitude', 'mixture_phase', 'source_phase', 'mix_magnitude', 'ideal_binary_mask', 'source_magnitudes'])
1.0085468292236328 GB allocated
3.275390625 GB reserved
dict_keys(['index', 'mixture_magnitude', 'mixture_phase', 'source_phase', 'mix_magnitude', 'ideal_binary_mask', 'source_magnitudes'])
1.0093998908996582 GB allocated
3.275390625 GB reserved
dict_keys(['index', 'mixture_magnitude', 'mixture_phase', 'source_phase', 'mix_magnitude', 'ideal_binary_mask', 'source_magnitudes'])
1.0093998908996582 GB allocated
3.275390625 GB reserved
dict_keys(['index', 'mixture_magnitude', 'mixture_phase', 'source_phase', 'mix_magnitude', 'ideal_binary_mask', 'source_magnitudes'])
1.0093998908996582 GB allocated
3.275390625 GB reserved
dict_keys(['index', 'mixture_magnitude', 'mixture_phase', 'source_phase', 'mix_magnitude', 'ideal_binary_mask', 'source_magnitudes'])
1.0085468292236328 GB allocated
3.275390625 GB reserved
dict_keys(['index', 'mixture_magnitude', 'mixture_phase', 'source_phase', 'mix_magnitude', 'ideal_binary_mask', 'source_magnitudes'])
1.0093998908996582 GB allocated
3.275390625 GB reserved
dict_keys(['index', 'mixture_magnitude', 'mixture_phase', 'source_phase', 'mix_magnitude', 'ideal_binary_mask', 'source_magnitudes'])
1.0093998908996582 GB allocated
3.275390625 GB reserved
dict_keys(['index', 'mixture_magnitude', 'mixture_phase', 'source_phase', 'mix_magnitude', 'ideal_binary_mask', 'source_magnitudes'])
1.0093998908996582 GB allocated
3.275390625 GB reserved
dict_keys(['index', 'mixture_magnitude', 'mixture_phase', 'source_phase', 'mix_magnitude', 'ideal_binary_mask', 'source_magnitudes'])
1.0085468292236328 GB allocated
3.275390625 GB reserved
dict_keys(['index', 'mixture_magnitude', 'mixture_phase', 'source_phase', 'mix_magnitude', 'ideal_binary_mask', 'source_magnitudes'])
1.0093998908996582 GB allocated
3.275390625 GB reserved
dict_keys(['index', 'mixture_magnitude', 'mixture_phase', 'source_phase', 'mix_magnitude', 'ideal_binary_mask', 'source_magnitudes'])
1.0093998908996582 GB allocated
3.275390625 GB reserved
dict_keys(['index', 'mixture_magnitude', 'mixture_phase', 'source_phase', 'mix_magnitude', 'ideal_binary_mask', 'source_magnitudes'])
1.0093998908996582 GB allocated
3.275390625 GB reserved
dict_keys(['index', 'mixture_magnitude', 'mixture_phase', 'source_phase', 'mix_magnitude', 'ideal_binary_mask', 'source_magnitudes'])
1.0085468292236328 GB allocated
3.275390625 GB reserved
dict_keys(['index', 'mixture_magnitude', 'mixture_phase', 'source_phase', 'mix_magnitude', 'ideal_binary_mask', 'source_magnitudes'])
1.0093998908996582 GB allocated
3.275390625 GB reserved
dict_keys(['index', 'mixture_magnitude', 'mixture_phase', 'source_phase', 'mix_magnitude', 'ideal_binary_mask', 'source_magnitudes'])
1.0093998908996582 GB allocated
3.275390625 GB reserved
dict_keys(['index', 'mixture_magnitude', 'mixture_phase', 'source_phase', 'mix_magnitude', 'ideal_binary_mask', 'source_magnitudes'])
1.0093998908996582 GB allocated
3.275390625 GB reserved
dict_keys(['index', 'mixture_magnitude', 'mixture_phase', 'source_phase', 'mix_magnitude', 'ideal_binary_mask', 'source_magnitudes'])
1.0085468292236328 GB allocated
3.275390625 GB reserved
dict_keys(['index', 'mixture_magnitude', 'mixture_phase', 'source_phase', 'mix_magnitude', 'ideal_binary_mask', 'source_magnitudes'])
1.0093998908996582 GB allocated
3.275390625 GB reserved
dict_keys(['index', 'mixture_magnitude', 'mixture_phase', 'source_phase', 'mix_magnitude', 'ideal_binary_mask', 'source_magnitudes'])
1.0093998908996582 GB allocated
3.275390625 GB reserved
dict_keys(['index', 'mixture_magnitude', 'mixture_phase', 'source_phase', 'mix_magnitude', 'ideal_binary_mask', 'source_magnitudes'])
1.0093998908996582 GB allocated
3.275390625 GB reserved
dict_keys(['index', 'mixture_magnitude', 'mixture_phase', 'source_phase', 'mix_magnitude', 'ideal_binary_mask', 'source_magnitudes'])
1.0085468292236328 GB allocated
3.275390625 GB reserved
dict_keys(['index', 'mixture_magnitude', 'mixture_phase', 'source_phase', 'mix_magnitude', 'ideal_binary_mask', 'source_magnitudes'])
1.0093998908996582 GB allocated
3.275390625 GB reserved
dict_keys(['index', 'mixture_magnitude', 'mixture_phase', 'source_phase', 'mix_magnitude', 'ideal_binary_mask', 'source_magnitudes'])
1.0093998908996582 GB allocated
3.275390625 GB reserved
dict_keys(['index', 'mixture_magnitude', 'mixture_phase', 'source_phase', 'mix_magnitude', 'ideal_binary_mask', 'source_magnitudes'])
1.0093998908996582 GB allocated
3.275390625 GB reserved
dict_keys(['index', 'mixture_magnitude', 'mixture_phase', 'source_phase', 'mix_magnitude', 'ideal_binary_mask', 'source_magnitudes'])
1.0085468292236328 GB allocated
3.275390625 GB reserved
dict_keys(['index', 'mixture_magnitude', 'mixture_phase', 'source_phase', 'mix_magnitude', 'ideal_binary_mask', 'source_magnitudes'])
1.0093998908996582 GB allocated
3.275390625 GB reserved
dict_keys(['index', 'mixture_magnitude', 'mixture_phase', 'source_phase', 'mix_magnitude', 'ideal_binary_mask', 'source_magnitudes'])
1.0093998908996582 GB allocated
3.275390625 GB reserved
dict_keys(['index', 'mixture_magnitude', 'mixture_phase', 'source_phase', 'mix_magnitude', 'ideal_binary_mask', 'source_magnitudes'])
1.0093998908996582 GB allocated
3.275390625 GB reserved
dict_keys(['index', 'mixture_magnitude', 'mixture_phase', 'source_phase', 'mix_magnitude', 'ideal_binary_mask', 'source_magnitudes'])
1.0085468292236328 GB allocated
3.275390625 GB reserved
dict_keys(['index', 'mixture_magnitude', 'mixture_phase', 'source_phase', 'mix_magnitude', 'ideal_binary_mask', 'source_magnitudes'])
1.0093998908996582 GB allocated
3.275390625 GB reserved
dict_keys(['index', 'mixture_magnitude', 'mixture_phase', 'source_phase', 'mix_magnitude', 'ideal_binary_mask', 'source_magnitudes'])
1.0093998908996582 GB allocated
3.275390625 GB reserved
dict_keys(['index', 'mixture_magnitude', 'mixture_phase', 'source_phase', 'mix_magnitude', 'ideal_binary_mask', 'source_magnitudes'])
1.0093998908996582 GB allocated
3.275390625 GB reserved
dict_keys(['index', 'mixture_magnitude', 'mixture_phase', 'source_phase', 'mix_magnitude', 'ideal_binary_mask', 'source_magnitudes'])
1.0085468292236328 GB allocated
3.275390625 GB reserved
dict_keys(['index', 'mixture_magnitude', 'mixture_phase', 'source_phase', 'mix_magnitude', 'ideal_binary_mask', 'source_magnitudes'])
1.0093998908996582 GB allocated
3.275390625 GB reserved
dict_keys(['index', 'mixture_magnitude', 'mixture_phase', 'source_phase', 'mix_magnitude', 'ideal_binary_mask', 'source_magnitudes'])
1.0093998908996582 GB allocated
3.275390625 GB reserved
dict_keys(['index', 'mixture_magnitude', 'mixture_phase', 'source_phase', 'mix_magnitude', 'ideal_binary_mask', 'source_magnitudes'])
1.0093998908996582 GB allocated
3.275390625 GB reserved
dict_keys(['index', 'mixture_magnitude', 'mixture_phase', 'source_phase', 'mix_magnitude', 'ideal_binary_mask', 'source_magnitudes'])
1.0085468292236328 GB allocated
3.275390625 GB reserved
dict_keys(['index', 'mixture_magnitude', 'mixture_phase', 'source_phase', 'mix_magnitude', 'ideal_binary_mask', 'source_magnitudes'])
1.0093998908996582 GB allocated
3.275390625 GB reserved
dict_keys(['index', 'mixture_magnitude', 'mixture_phase', 'source_phase', 'mix_magnitude', 'ideal_binary_mask', 'source_magnitudes'])
1.0093998908996582 GB allocated
3.275390625 GB reserved
dict_keys(['index', 'mixture_magnitude', 'mixture_phase', 'source_phase', 'mix_magnitude', 'ideal_binary_mask', 'source_magnitudes'])
1.0093998908996582 GB allocated
3.275390625 GB reserved
dict_keys(['index', 'mixture_magnitude', 'mixture_phase', 'source_phase', 'mix_magnitude', 'ideal_binary_mask', 'source_magnitudes'])
1.0085468292236328 GB allocated
3.275390625 GB reserved
dict_keys(['index', 'mixture_magnitude', 'mixture_phase', 'source_phase', 'mix_magnitude', 'ideal_binary_mask', 'source_magnitudes'])
1.0093998908996582 GB allocated
3.275390625 GB reserved
dict_keys(['index', 'mixture_magnitude', 'mixture_phase', 'source_phase', 'mix_magnitude', 'ideal_binary_mask', 'source_magnitudes'])
1.0093998908996582 GB allocated
3.275390625 GB reserved
dict_keys(['index', 'mixture_magnitude', 'mixture_phase', 'source_phase', 'mix_magnitude', 'ideal_binary_mask', 'source_magnitudes'])
1.0093998908996582 GB allocated
3.275390625 GB reserved
dict_keys(['index', 'mixture_magnitude', 'mixture_phase', 'source_phase', 'mix_magnitude', 'ideal_binary_mask', 'source_magnitudes'])
1.0085468292236328 GB allocated
3.275390625 GB reserved
dict_keys(['index', 'mixture_magnitude', 'mixture_phase', 'source_phase', 'mix_magnitude', 'ideal_binary_mask', 'source_magnitudes'])
1.0093998908996582 GB allocated
3.275390625 GB reserved
dict_keys(['index', 'mixture_magnitude', 'mixture_phase', 'source_phase', 'mix_magnitude', 'ideal_binary_mask', 'source_magnitudes'])
1.0093998908996582 GB allocated
3.275390625 GB reserved
dict_keys(['index', 'mixture_magnitude', 'mixture_phase', 'source_phase', 'mix_magnitude', 'ideal_binary_mask', 'source_magnitudes'])
1.0093998908996582 GB allocated
3.275390625 GB reserved
dict_keys(['index', 'mixture_magnitude', 'mixture_phase', 'source_phase', 'mix_magnitude', 'ideal_binary_mask', 'source_magnitudes'])
1.0085468292236328 GB allocated
3.275390625 GB reserved
dict_keys(['index', 'mixture_magnitude', 'mixture_phase', 'source_phase', 'mix_magnitude', 'ideal_binary_mask', 'source_magnitudes'])
1.0093998908996582 GB allocated
3.275390625 GB reserved
dict_keys(['index', 'mixture_magnitude', 'mixture_phase', 'source_phase', 'mix_magnitude', 'ideal_binary_mask', 'source_magnitudes'])
1.0093998908996582 GB allocated
3.275390625 GB reserved
dict_keys(['index', 'mixture_magnitude', 'mixture_phase', 'source_phase', 'mix_magnitude', 'ideal_binary_mask', 'source_magnitudes'])
1.0093998908996582 GB allocated
3.275390625 GB reserved
dict_keys(['index', 'mixture_magnitude', 'mixture_phase', 'source_phase', 'mix_magnitude', 'ideal_binary_mask', 'source_magnitudes'])
1.0085468292236328 GB allocated
3.275390625 GB reserved
dict_keys(['index', 'mixture_magnitude', 'mixture_phase', 'source_phase', 'mix_magnitude', 'ideal_binary_mask', 'source_magnitudes'])
1.0093998908996582 GB allocated
3.275390625 GB reserved
dict_keys(['index', 'mixture_magnitude', 'mixture_phase', 'source_phase', 'mix_magnitude', 'ideal_binary_mask', 'source_magnitudes'])
1.0093998908996582 GB allocated
3.275390625 GB reserved
dict_keys(['index', 'mixture_magnitude', 'mixture_phase', 'source_phase', 'mix_magnitude', 'ideal_binary_mask', 'source_magnitudes'])
1.0093998908996582 GB allocated
3.275390625 GB reserved
dict_keys(['index', 'mixture_magnitude', 'mixture_phase', 'source_phase', 'mix_magnitude', 'ideal_binary_mask', 'source_magnitudes'])
[Validator] Epoch 20 - val_loss: 0.000596
[BEST CHECKPOINT] Guardado/actualizado en: checkpoints\Mis_modelos_v2\main\l1_freq checkpoints\4stems\best_checkpoint_19_val_loss=-0.0006.pt
05/20/2026 08:10:06 AM | engine.py:1037 Engine run finished. Time taken: 00:01:08.286
[Epoch 20] train_loss=0.000556 | val_loss=0.000596
05/20/2026 08:10:06 AM | engine.py:1010 Epoch[20] Complete. Time taken: 00:19:26.774
1.0085468292236328 GB allocated
3.275390625 GB reserved
dict_keys(['index', 'mixture_magnitude', 'mixture_phase', 'source_phase', 'mix_magnitude', 'ideal_binary_mask', 'source_magnitudes'])
1.0093998908996582 GB allocated
3.275390625 GB reserved
dict_keys(['index', 'mixture_magnitude', 'mixture_phase', 'source_phase', 'mix_magnitude', 'ideal_binary_mask', 'source_magnitudes'])
1.0093998908996582 GB allocated
3.275390625 GB reserved
dict_keys(['index', 'mixture_magnitude', 'mixture_phase', 'source_phase', 'mix_magnitude', 'ideal_binary_mask', 'source_magnitudes'])
1.0093998908996582 GB allocated
3.275390625 GB reserved
dict_keys(['index', 'mixture_magnitude', 'mixture_phase', 'source_phase', 'mix_magnitude', 'ideal_binary_mask', 'source_magnitudes'])
1.0085468292236328 GB allocated
3.275390625 GB reserved
dict_keys(['index', 'mixture_magnitude', 'mixture_phase', 'source_phase', 'mix_magnitude', 'ideal_binary_mask', 'source_magnitudes'])
1.0093998908996582 GB allocated
3.275390625 GB reserved
dict_keys(['index', 'mixture_magnitude', 'mixture_phase', 'source_phase', 'mix_magnitude', 'ideal_binary_mask', 'source_magnitudes'])
1.0093998908996582 GB allocated
3.275390625 GB reserved
dict_keys(['index', 'mixture_magnitude', 'mixture_phase', 'source_phase', 'mix_magnitude', 'ideal_binary_mask', 'source_magnitudes'])
1.0093998908996582 GB allocated
3.275390625 GB reserved
dict_keys(['index', 'mixture_magnitude', 'mixture_phase', 'source_phase', 'mix_magnitude', 'ideal_binary_mask', 'source_magnitudes'])
1.0085468292236328 GB allocated
3.275390625 GB reserved
dict_keys(['index', 'mixture_magnitude', 'mixture_phase', 'source_phase', 'mix_magnitude', 'ideal_binary_mask', 'source_magnitudes'])
1.0093998908996582 GB allocated
3.275390625 GB reserved
dict_keys(['index', 'mixture_magnitude', 'mixture_phase', 'source_phase', 'mix_magnitude', 'ideal_binary_mask', 'source_magnitudes'])
1.0093998908996582 GB allocated
3.275390625 GB reserved
dict_keys(['index', 'mixture_magnitude', 'mixture_phase', 'source_phase', 'mix_magnitude', 'ideal_binary_mask', 'source_magnitudes'])
1.0093998908996582 GB allocated
3.275390625 GB reserved
dict_keys(['index', 'mixture_magnitude', 'mixture_phase', 'source_phase', 'mix_magnitude', 'ideal_binary_mask', 'source_magnitudes'])
1.0085468292236328 GB allocated
3.275390625 GB reserved
dict_keys(['index', 'mixture_magnitude', 'mixture_phase', 'source_phase', 'mix_magnitude', 'ideal_binary_mask', 'source_magnitudes'])
1.0093998908996582 GB allocated
3.275390625 GB reserved
dict_keys(['index', 'mixture_magnitude', 'mixture_phase', 'source_phase', 'mix_magnitude', 'ideal_binary_mask', 'source_magnitudes'])
1.0093998908996582 GB allocated
3.275390625 GB reserved
dict_keys(['index', 'mixture_magnitude', 'mixture_phase', 'source_phase', 'mix_magnitude', 'ideal_binary_mask', 'source_magnitudes'])
1.0093998908996582 GB allocated
3.275390625 GB reserved
dict_keys(['index', 'mixture_magnitude', 'mixture_phase', 'source_phase', 'mix_magnitude', 'ideal_binary_mask', 'source_magnitudes'])
1.0085468292236328 GB allocated
3.275390625 GB reserved
dict_keys(['index', 'mixture_magnitude', 'mixture_phase', 'source_phase', 'mix_magnitude', 'ideal_binary_mask', 'source_magnitudes'])
1.0093998908996582 GB allocated
3.275390625 GB reserved
dict_keys(['index', 'mixture_magnitude', 'mixture_phase', 'source_phase', 'mix_magnitude', 'ideal_binary_mask', 'source_magnitudes'])
1.0093998908996582 GB allocated
3.275390625 GB reserved
dict_keys(['index', 'mixture_magnitude', 'mixture_phase', 'source_phase', 'mix_magnitude', 'ideal_binary_mask', 'source_magnitudes'])
1.0093998908996582 GB allocated
3.275390625 GB reserved
dict_keys(['index', 'mixture_magnitude', 'mixture_phase', 'source_phase', 'mix_magnitude', 'ideal_binary_mask', 'source_magnitudes'])
1.0085468292236328 GB allocated
3.275390625 GB reserved
dict_keys(['index', 'mixture_magnitude', 'mixture_phase', 'source_phase', 'mix_magnitude', 'ideal_binary_mask', 'source_magnitudes'])
1.0093998908996582 GB allocated
3.275390625 GB reserved
dict_keys(['index', 'mixture_magnitude', 'mixture_phase', 'source_phase', 'mix_magnitude', 'ideal_binary_mask', 'source_magnitudes'])
1.0093998908996582 GB allocated
3.275390625 GB reserved
dict_keys(['index', 'mixture_magnitude', 'mixture_phase', 'source_phase', 'mix_magnitude', 'ideal_binary_mask', 'source_magnitudes'])
1.0093998908996582 GB allocated
3.275390625 GB reserved
dict_keys(['index', 'mixture_magnitude', 'mixture_phase', 'source_phase', 'mix_magnitude', 'ideal_binary_mask', 'source_magnitudes'])
1.0085468292236328 GB allocated
3.275390625 GB reserved
dict_keys(['index', 'mixture_magnitude', 'mixture_phase', 'source_phase', 'mix_magnitude', 'ideal_binary_mask', 'source_magnitudes'])
1.0093998908996582 GB allocated
3.275390625 GB reserved
dict_keys(['index', 'mixture_magnitude', 'mixture_phase', 'source_phase', 'mix_magnitude', 'ideal_binary_mask', 'source_magnitudes'])
1.0093998908996582 GB allocated
3.275390625 GB reserved
dict_keys(['index', 'mixture_magnitude', 'mixture_phase', 'source_phase', 'mix_magnitude', 'ideal_binary_mask', 'source_magnitudes'])
1.0093998908996582 GB allocated
3.275390625 GB reserved
dict_keys(['index', 'mixture_magnitude', 'mixture_phase', 'source_phase', 'mix_magnitude', 'ideal_binary_mask', 'source_magnitudes'])
1.0085468292236328 GB allocated
3.275390625 GB reserved
dict_keys(['index', 'mixture_magnitude', 'mixture_phase', 'source_phase', 'mix_magnitude', 'ideal_binary_mask', 'source_magnitudes'])
1.0093998908996582 GB allocated
3.275390625 GB reserved
dict_keys(['index', 'mixture_magnitude', 'mixture_phase', 'source_phase', 'mix_magnitude', 'ideal_binary_mask', 'source_magnitudes'])
1.0093998908996582 GB allocated
3.275390625 GB reserved
dict_keys(['index', 'mixture_magnitude', 'mixture_phase', 'source_phase', 'mix_magnitude', 'ideal_binary_mask', 'source_magnitudes'])
1.0093998908996582 GB allocated
3.275390625 GB reserved
dict_keys(['index', 'mixture_magnitude', 'mixture_phase', 'source_phase', 'mix_magnitude', 'ideal_binary_mask', 'source_magnitudes'])
1.0085468292236328 GB allocated
3.275390625 GB reserved
dict_keys(['index', 'mixture_magnitude', 'mixture_phase', 'source_phase', 'mix_magnitude', 'ideal_binary_mask', 'source_magnitudes'])
1.0093998908996582 GB allocated
3.275390625 GB reserved
dict_keys(['index', 'mixture_magnitude', 'mixture_phase', 'source_phase', 'mix_magnitude', 'ideal_binary_mask', 'source_magnitudes'])
1.0093998908996582 GB allocated
3.275390625 GB reserved
dict_keys(['index', 'mixture_magnitude', 'mixture_phase', 'source_phase', 'mix_magnitude', 'ideal_binary_mask', 'source_magnitudes'])
1.0093998908996582 GB allocated
3.275390625 GB reserved
dict_keys(['index', 'mixture_magnitude', 'mixture_phase', 'source_phase', 'mix_magnitude', 'ideal_binary_mask', 'source_magnitudes'])
1.0085468292236328 GB allocated
3.275390625 GB reserved
dict_keys(['index', 'mixture_magnitude', 'mixture_phase', 'source_phase', 'mix_magnitude', 'ideal_binary_mask', 'source_magnitudes'])
1.0093998908996582 GB allocated
3.275390625 GB reserved
dict_keys(['index', 'mixture_magnitude', 'mixture_phase', 'source_phase', 'mix_magnitude', 'ideal_binary_mask', 'source_magnitudes'])
1.0093998908996582 GB allocated
3.275390625 GB reserved
dict_keys(['index', 'mixture_magnitude', 'mixture_phase', 'source_phase', 'mix_magnitude', 'ideal_binary_mask', 'source_magnitudes'])
1.0093998908996582 GB allocated
3.275390625 GB reserved
dict_keys(['index', 'mixture_magnitude', 'mixture_phase', 'source_phase', 'mix_magnitude', 'ideal_binary_mask', 'source_magnitudes'])
1.0085468292236328 GB allocated
3.275390625 GB reserved
dict_keys(['index', 'mixture_magnitude', 'mixture_phase', 'source_phase', 'mix_magnitude', 'ideal_binary_mask', 'source_magnitudes'])
1.0093998908996582 GB allocated
3.275390625 GB reserved
dict_keys(['index', 'mixture_magnitude', 'mixture_phase', 'source_phase', 'mix_magnitude', 'ideal_binary_mask', 'source_magnitudes'])
1.0093998908996582 GB allocated
3.275390625 GB reserved
05/20/2026 08:28:27 AM | engine.py:906 Engine run starting with max_epochs=1.
05/20/2026 08:29:34 AM | engine.py:1010 Epoch[1] Complete. Time taken: 00:01:06.839
dict_keys(['index', 'mixture_magnitude', 'mixture_phase', 'source_phase', 'mix_magnitude', 'ideal_binary_mask', 'source_magnitudes'])
1.0093998908996582 GB allocated
3.275390625 GB reserved
dict_keys(['index', 'mixture_magnitude', 'mixture_phase', 'source_phase', 'mix_magnitude', 'ideal_binary_mask', 'source_magnitudes'])
1.0085468292236328 GB allocated
3.275390625 GB reserved
dict_keys(['index', 'mixture_magnitude', 'mixture_phase', 'source_phase', 'mix_magnitude', 'ideal_binary_mask', 'source_magnitudes'])
1.0093998908996582 GB allocated
3.275390625 GB reserved
dict_keys(['index', 'mixture_magnitude', 'mixture_phase', 'source_phase', 'mix_magnitude', 'ideal_binary_mask', 'source_magnitudes'])
1.0093998908996582 GB allocated
3.275390625 GB reserved
dict_keys(['index', 'mixture_magnitude', 'mixture_phase', 'source_phase', 'mix_magnitude', 'ideal_binary_mask', 'source_magnitudes'])
1.0093998908996582 GB allocated
3.275390625 GB reserved
dict_keys(['index', 'mixture_magnitude', 'mixture_phase', 'source_phase', 'mix_magnitude', 'ideal_binary_mask', 'source_magnitudes'])
1.0085468292236328 GB allocated
3.275390625 GB reserved
dict_keys(['index', 'mixture_magnitude', 'mixture_phase', 'source_phase', 'mix_magnitude', 'ideal_binary_mask', 'source_magnitudes'])
1.0093998908996582 GB allocated
3.275390625 GB reserved
dict_keys(['index', 'mixture_magnitude', 'mixture_phase', 'source_phase', 'mix_magnitude', 'ideal_binary_mask', 'source_magnitudes'])
1.0093998908996582 GB allocated
3.275390625 GB reserved
dict_keys(['index', 'mixture_magnitude', 'mixture_phase', 'source_phase', 'mix_magnitude', 'ideal_binary_mask', 'source_magnitudes'])
1.0093998908996582 GB allocated
3.275390625 GB reserved
dict_keys(['index', 'mixture_magnitude', 'mixture_phase', 'source_phase', 'mix_magnitude', 'ideal_binary_mask', 'source_magnitudes'])
1.0085468292236328 GB allocated
3.275390625 GB reserved
dict_keys(['index', 'mixture_magnitude', 'mixture_phase', 'source_phase', 'mix_magnitude', 'ideal_binary_mask', 'source_magnitudes'])
1.0093998908996582 GB allocated
3.275390625 GB reserved
dict_keys(['index', 'mixture_magnitude', 'mixture_phase', 'source_phase', 'mix_magnitude', 'ideal_binary_mask', 'source_magnitudes'])
1.0093998908996582 GB allocated
3.275390625 GB reserved
dict_keys(['index', 'mixture_magnitude', 'mixture_phase', 'source_phase', 'mix_magnitude', 'ideal_binary_mask', 'source_magnitudes'])
1.0093998908996582 GB allocated
3.275390625 GB reserved
dict_keys(['index', 'mixture_magnitude', 'mixture_phase', 'source_phase', 'mix_magnitude', 'ideal_binary_mask', 'source_magnitudes'])
1.0085468292236328 GB allocated
3.275390625 GB reserved
dict_keys(['index', 'mixture_magnitude', 'mixture_phase', 'source_phase', 'mix_magnitude', 'ideal_binary_mask', 'source_magnitudes'])
1.0093998908996582 GB allocated
3.275390625 GB reserved
dict_keys(['index', 'mixture_magnitude', 'mixture_phase', 'source_phase', 'mix_magnitude', 'ideal_binary_mask', 'source_magnitudes'])
1.0093998908996582 GB allocated
3.275390625 GB reserved
dict_keys(['index', 'mixture_magnitude', 'mixture_phase', 'source_phase', 'mix_magnitude', 'ideal_binary_mask', 'source_magnitudes'])
1.0093998908996582 GB allocated
3.275390625 GB reserved
dict_keys(['index', 'mixture_magnitude', 'mixture_phase', 'source_phase', 'mix_magnitude', 'ideal_binary_mask', 'source_magnitudes'])
1.0085468292236328 GB allocated
3.275390625 GB reserved
dict_keys(['index', 'mixture_magnitude', 'mixture_phase', 'source_phase', 'mix_magnitude', 'ideal_binary_mask', 'source_magnitudes'])
1.0093998908996582 GB allocated
3.275390625 GB reserved
dict_keys(['index', 'mixture_magnitude', 'mixture_phase', 'source_phase', 'mix_magnitude', 'ideal_binary_mask', 'source_magnitudes'])
1.0093998908996582 GB allocated
3.275390625 GB reserved
dict_keys(['index', 'mixture_magnitude', 'mixture_phase', 'source_phase', 'mix_magnitude', 'ideal_binary_mask', 'source_magnitudes'])
1.0093998908996582 GB allocated
3.275390625 GB reserved
dict_keys(['index', 'mixture_magnitude', 'mixture_phase', 'source_phase', 'mix_magnitude', 'ideal_binary_mask', 'source_magnitudes'])
1.0085468292236328 GB allocated
3.275390625 GB reserved
dict_keys(['index', 'mixture_magnitude', 'mixture_phase', 'source_phase', 'mix_magnitude', 'ideal_binary_mask', 'source_magnitudes'])
1.0093998908996582 GB allocated
3.275390625 GB reserved
dict_keys(['index', 'mixture_magnitude', 'mixture_phase', 'source_phase', 'mix_magnitude', 'ideal_binary_mask', 'source_magnitudes'])
1.0093998908996582 GB allocated
3.275390625 GB reserved
dict_keys(['index', 'mixture_magnitude', 'mixture_phase', 'source_phase', 'mix_magnitude', 'ideal_binary_mask', 'source_magnitudes'])
1.0093998908996582 GB allocated
3.275390625 GB reserved
dict_keys(['index', 'mixture_magnitude', 'mixture_phase', 'source_phase', 'mix_magnitude', 'ideal_binary_mask', 'source_magnitudes'])
1.0085468292236328 GB allocated
3.275390625 GB reserved
dict_keys(['index', 'mixture_magnitude', 'mixture_phase', 'source_phase', 'mix_magnitude', 'ideal_binary_mask', 'source_magnitudes'])
1.0093998908996582 GB allocated
3.275390625 GB reserved
dict_keys(['index', 'mixture_magnitude', 'mixture_phase', 'source_phase', 'mix_magnitude', 'ideal_binary_mask', 'source_magnitudes'])
1.0093998908996582 GB allocated
3.275390625 GB reserved
dict_keys(['index', 'mixture_magnitude', 'mixture_phase', 'source_phase', 'mix_magnitude', 'ideal_binary_mask', 'source_magnitudes'])
1.0093998908996582 GB allocated
3.275390625 GB reserved
dict_keys(['index', 'mixture_magnitude', 'mixture_phase', 'source_phase', 'mix_magnitude', 'ideal_binary_mask', 'source_magnitudes'])
1.0085468292236328 GB allocated
3.275390625 GB reserved
dict_keys(['index', 'mixture_magnitude', 'mixture_phase', 'source_phase', 'mix_magnitude', 'ideal_binary_mask', 'source_magnitudes'])
1.0093998908996582 GB allocated
3.275390625 GB reserved
dict_keys(['index', 'mixture_magnitude', 'mixture_phase', 'source_phase', 'mix_magnitude', 'ideal_binary_mask', 'source_magnitudes'])
1.0093998908996582 GB allocated
3.275390625 GB reserved
dict_keys(['index', 'mixture_magnitude', 'mixture_phase', 'source_phase', 'mix_magnitude', 'ideal_binary_mask', 'source_magnitudes'])
1.0093998908996582 GB allocated
3.275390625 GB reserved
dict_keys(['index', 'mixture_magnitude', 'mixture_phase', 'source_phase', 'mix_magnitude', 'ideal_binary_mask', 'source_magnitudes'])
1.0085468292236328 GB allocated
3.275390625 GB reserved
dict_keys(['index', 'mixture_magnitude', 'mixture_phase', 'source_phase', 'mix_magnitude', 'ideal_binary_mask', 'source_magnitudes'])
1.0093998908996582 GB allocated
3.275390625 GB reserved
dict_keys(['index', 'mixture_magnitude', 'mixture_phase', 'source_phase', 'mix_magnitude', 'ideal_binary_mask', 'source_magnitudes'])
1.0093998908996582 GB allocated
3.275390625 GB reserved
dict_keys(['index', 'mixture_magnitude', 'mixture_phase', 'source_phase', 'mix_magnitude', 'ideal_binary_mask', 'source_magnitudes'])
1.0093998908996582 GB allocated
3.275390625 GB reserved
dict_keys(['index', 'mixture_magnitude', 'mixture_phase', 'source_phase', 'mix_magnitude', 'ideal_binary_mask', 'source_magnitudes'])
1.0085468292236328 GB allocated
3.275390625 GB reserved
dict_keys(['index', 'mixture_magnitude', 'mixture_phase', 'source_phase', 'mix_magnitude', 'ideal_binary_mask', 'source_magnitudes'])
1.0093998908996582 GB allocated
3.275390625 GB reserved
dict_keys(['index', 'mixture_magnitude', 'mixture_phase', 'source_phase', 'mix_magnitude', 'ideal_binary_mask', 'source_magnitudes'])
1.0093998908996582 GB allocated
3.275390625 GB reserved
dict_keys(['index', 'mixture_magnitude', 'mixture_phase', 'source_phase', 'mix_magnitude', 'ideal_binary_mask', 'source_magnitudes'])
1.0093998908996582 GB allocated
3.275390625 GB reserved
dict_keys(['index', 'mixture_magnitude', 'mixture_phase', 'source_phase', 'mix_magnitude', 'ideal_binary_mask', 'source_magnitudes'])
1.0085468292236328 GB allocated
3.275390625 GB reserved
dict_keys(['index', 'mixture_magnitude', 'mixture_phase', 'source_phase', 'mix_magnitude', 'ideal_binary_mask', 'source_magnitudes'])
1.0093998908996582 GB allocated
3.275390625 GB reserved
dict_keys(['index', 'mixture_magnitude', 'mixture_phase', 'source_phase', 'mix_magnitude', 'ideal_binary_mask', 'source_magnitudes'])
1.0093998908996582 GB allocated
3.275390625 GB reserved
dict_keys(['index', 'mixture_magnitude', 'mixture_phase', 'source_phase', 'mix_magnitude', 'ideal_binary_mask', 'source_magnitudes'])
1.0093998908996582 GB allocated
3.275390625 GB reserved
dict_keys(['index', 'mixture_magnitude', 'mixture_phase', 'source_phase', 'mix_magnitude', 'ideal_binary_mask', 'source_magnitudes'])
1.0085468292236328 GB allocated
3.275390625 GB reserved
dict_keys(['index', 'mixture_magnitude', 'mixture_phase', 'source_phase', 'mix_magnitude', 'ideal_binary_mask', 'source_magnitudes'])
1.0093998908996582 GB allocated
3.275390625 GB reserved
dict_keys(['index', 'mixture_magnitude', 'mixture_phase', 'source_phase', 'mix_magnitude', 'ideal_binary_mask', 'source_magnitudes'])
1.0093998908996582 GB allocated
3.275390625 GB reserved
dict_keys(['index', 'mixture_magnitude', 'mixture_phase', 'source_phase', 'mix_magnitude', 'ideal_binary_mask', 'source_magnitudes'])
1.0093998908996582 GB allocated
3.275390625 GB reserved
dict_keys(['index', 'mixture_magnitude', 'mixture_phase', 'source_phase', 'mix_magnitude', 'ideal_binary_mask', 'source_magnitudes'])
1.0085468292236328 GB allocated
3.275390625 GB reserved
dict_keys(['index', 'mixture_magnitude', 'mixture_phase', 'source_phase', 'mix_magnitude', 'ideal_binary_mask', 'source_magnitudes'])
1.0093998908996582 GB allocated
3.275390625 GB reserved
dict_keys(['index', 'mixture_magnitude', 'mixture_phase', 'source_phase', 'mix_magnitude', 'ideal_binary_mask', 'source_magnitudes'])
1.0093998908996582 GB allocated
3.275390625 GB reserved
dict_keys(['index', 'mixture_magnitude', 'mixture_phase', 'source_phase', 'mix_magnitude', 'ideal_binary_mask', 'source_magnitudes'])
1.0093998908996582 GB allocated
3.275390625 GB reserved
dict_keys(['index', 'mixture_magnitude', 'mixture_phase', 'source_phase', 'mix_magnitude', 'ideal_binary_mask', 'source_magnitudes'])
1.0085468292236328 GB allocated
3.275390625 GB reserved
dict_keys(['index', 'mixture_magnitude', 'mixture_phase', 'source_phase', 'mix_magnitude', 'ideal_binary_mask', 'source_magnitudes'])
1.0093998908996582 GB allocated
3.275390625 GB reserved
dict_keys(['index', 'mixture_magnitude', 'mixture_phase', 'source_phase', 'mix_magnitude', 'ideal_binary_mask', 'source_magnitudes'])
1.0093998908996582 GB allocated
3.275390625 GB reserved
dict_keys(['index', 'mixture_magnitude', 'mixture_phase', 'source_phase', 'mix_magnitude', 'ideal_binary_mask', 'source_magnitudes'])
1.0093998908996582 GB allocated
3.275390625 GB reserved
dict_keys(['index', 'mixture_magnitude', 'mixture_phase', 'source_phase', 'mix_magnitude', 'ideal_binary_mask', 'source_magnitudes'])
[Validator] Epoch 21 - val_loss: 0.000598
[BEST CHECKPOINT] Guardado/actualizado en: checkpoints\Mis_modelos_v2\main\l1_freq checkpoints\4stems\best_checkpoint_19_val_loss=-0.0006.pt
05/20/2026 08:29:34 AM | engine.py:1037 Engine run finished. Time taken: 00:01:06.839
[Epoch 21] train_loss=0.000553 | val_loss=0.000598
05/20/2026 08:29:34 AM | engine.py:1010 Epoch[21] Complete. Time taken: 00:19:27.890
1.0085468292236328 GB allocated
3.275390625 GB reserved
dict_keys(['index', 'mixture_magnitude', 'mixture_phase', 'source_phase', 'mix_magnitude', 'ideal_binary_mask', 'source_magnitudes'])
1.0093998908996582 GB allocated
3.275390625 GB reserved
dict_keys(['index', 'mixture_magnitude', 'mixture_phase', 'source_phase', 'mix_magnitude', 'ideal_binary_mask', 'source_magnitudes'])
1.0093998908996582 GB allocated
3.275390625 GB reserved
dict_keys(['index', 'mixture_magnitude', 'mixture_phase', 'source_phase', 'mix_magnitude', 'ideal_binary_mask', 'source_magnitudes'])
1.0093998908996582 GB allocated
3.275390625 GB reserved
dict_keys(['index', 'mixture_magnitude', 'mixture_phase', 'source_phase', 'mix_magnitude', 'ideal_binary_mask', 'source_magnitudes'])
1.0085468292236328 GB allocated
3.275390625 GB reserved
dict_keys(['index', 'mixture_magnitude', 'mixture_phase', 'source_phase', 'mix_magnitude', 'ideal_binary_mask', 'source_magnitudes'])
1.0093998908996582 GB allocated
3.275390625 GB reserved
dict_keys(['index', 'mixture_magnitude', 'mixture_phase', 'source_phase', 'mix_magnitude', 'ideal_binary_mask', 'source_magnitudes'])
1.0093998908996582 GB allocated
3.275390625 GB reserved
dict_keys(['index', 'mixture_magnitude', 'mixture_phase', 'source_phase', 'mix_magnitude', 'ideal_binary_mask', 'source_magnitudes'])
1.0093998908996582 GB allocated
3.275390625 GB reserved
dict_keys(['index', 'mixture_magnitude', 'mixture_phase', 'source_phase', 'mix_magnitude', 'ideal_binary_mask', 'source_magnitudes'])
1.0085468292236328 GB allocated
3.275390625 GB reserved
dict_keys(['index', 'mixture_magnitude', 'mixture_phase', 'source_phase', 'mix_magnitude', 'ideal_binary_mask', 'source_magnitudes'])
1.0093998908996582 GB allocated
3.275390625 GB reserved
dict_keys(['index', 'mixture_magnitude', 'mixture_phase', 'source_phase', 'mix_magnitude', 'ideal_binary_mask', 'source_magnitudes'])
1.0093998908996582 GB allocated
3.275390625 GB reserved
dict_keys(['index', 'mixture_magnitude', 'mixture_phase', 'source_phase', 'mix_magnitude', 'ideal_binary_mask', 'source_magnitudes'])
1.0093998908996582 GB allocated
3.275390625 GB reserved
dict_keys(['index', 'mixture_magnitude', 'mixture_phase', 'source_phase', 'mix_magnitude', 'ideal_binary_mask', 'source_magnitudes'])
1.0085468292236328 GB allocated
3.275390625 GB reserved
dict_keys(['index', 'mixture_magnitude', 'mixture_phase', 'source_phase', 'mix_magnitude', 'ideal_binary_mask', 'source_magnitudes'])
1.0093998908996582 GB allocated
3.275390625 GB reserved
dict_keys(['index', 'mixture_magnitude', 'mixture_phase', 'source_phase', 'mix_magnitude', 'ideal_binary_mask', 'source_magnitudes'])
1.0093998908996582 GB allocated
3.275390625 GB reserved
dict_keys(['index', 'mixture_magnitude', 'mixture_phase', 'source_phase', 'mix_magnitude', 'ideal_binary_mask', 'source_magnitudes'])
1.0093998908996582 GB allocated
3.275390625 GB reserved
dict_keys(['index', 'mixture_magnitude', 'mixture_phase', 'source_phase', 'mix_magnitude', 'ideal_binary_mask', 'source_magnitudes'])
1.0085468292236328 GB allocated
3.275390625 GB reserved
dict_keys(['index', 'mixture_magnitude', 'mixture_phase', 'source_phase', 'mix_magnitude', 'ideal_binary_mask', 'source_magnitudes'])
1.0093998908996582 GB allocated
3.275390625 GB reserved
dict_keys(['index', 'mixture_magnitude', 'mixture_phase', 'source_phase', 'mix_magnitude', 'ideal_binary_mask', 'source_magnitudes'])
1.0093998908996582 GB allocated
3.275390625 GB reserved
dict_keys(['index', 'mixture_magnitude', 'mixture_phase', 'source_phase', 'mix_magnitude', 'ideal_binary_mask', 'source_magnitudes'])
1.0093998908996582 GB allocated
3.275390625 GB reserved
dict_keys(['index', 'mixture_magnitude', 'mixture_phase', 'source_phase', 'mix_magnitude', 'ideal_binary_mask', 'source_magnitudes'])
1.0085468292236328 GB allocated
3.275390625 GB reserved
dict_keys(['index', 'mixture_magnitude', 'mixture_phase', 'source_phase', 'mix_magnitude', 'ideal_binary_mask', 'source_magnitudes'])
1.0093998908996582 GB allocated
3.275390625 GB reserved
dict_keys(['index', 'mixture_magnitude', 'mixture_phase', 'source_phase', 'mix_magnitude', 'ideal_binary_mask', 'source_magnitudes'])
1.0093998908996582 GB allocated
3.275390625 GB reserved
dict_keys(['index', 'mixture_magnitude', 'mixture_phase', 'source_phase', 'mix_magnitude', 'ideal_binary_mask', 'source_magnitudes'])
1.0093998908996582 GB allocated
3.275390625 GB reserved
dict_keys(['index', 'mixture_magnitude', 'mixture_phase', 'source_phase', 'mix_magnitude', 'ideal_binary_mask', 'source_magnitudes'])
1.0085468292236328 GB allocated
3.275390625 GB reserved
dict_keys(['index', 'mixture_magnitude', 'mixture_phase', 'source_phase', 'mix_magnitude', 'ideal_binary_mask', 'source_magnitudes'])
1.0093998908996582 GB allocated
3.275390625 GB reserved
dict_keys(['index', 'mixture_magnitude', 'mixture_phase', 'source_phase', 'mix_magnitude', 'ideal_binary_mask', 'source_magnitudes'])
1.0093998908996582 GB allocated
3.275390625 GB reserved
dict_keys(['index', 'mixture_magnitude', 'mixture_phase', 'source_phase', 'mix_magnitude', 'ideal_binary_mask', 'source_magnitudes'])
1.0093998908996582 GB allocated
3.275390625 GB reserved
dict_keys(['index', 'mixture_magnitude', 'mixture_phase', 'source_phase', 'mix_magnitude', 'ideal_binary_mask', 'source_magnitudes'])
1.0085468292236328 GB allocated
3.275390625 GB reserved
dict_keys(['index', 'mixture_magnitude', 'mixture_phase', 'source_phase', 'mix_magnitude', 'ideal_binary_mask', 'source_magnitudes'])
1.0093998908996582 GB allocated
3.275390625 GB reserved
dict_keys(['index', 'mixture_magnitude', 'mixture_phase', 'source_phase', 'mix_magnitude', 'ideal_binary_mask', 'source_magnitudes'])
1.0093998908996582 GB allocated
3.275390625 GB reserved
dict_keys(['index', 'mixture_magnitude', 'mixture_phase', 'source_phase', 'mix_magnitude', 'ideal_binary_mask', 'source_magnitudes'])
1.0093998908996582 GB allocated
3.275390625 GB reserved
dict_keys(['index', 'mixture_magnitude', 'mixture_phase', 'source_phase', 'mix_magnitude', 'ideal_binary_mask', 'source_magnitudes'])
1.0085468292236328 GB allocated
3.275390625 GB reserved
dict_keys(['index', 'mixture_magnitude', 'mixture_phase', 'source_phase', 'mix_magnitude', 'ideal_binary_mask', 'source_magnitudes'])
1.0093998908996582 GB allocated
3.275390625 GB reserved
dict_keys(['index', 'mixture_magnitude', 'mixture_phase', 'source_phase', 'mix_magnitude', 'ideal_binary_mask', 'source_magnitudes'])
1.0093998908996582 GB allocated
3.275390625 GB reserved
dict_keys(['index', 'mixture_magnitude', 'mixture_phase', 'source_phase', 'mix_magnitude', 'ideal_binary_mask', 'source_magnitudes'])
1.0093998908996582 GB allocated
3.275390625 GB reserved
dict_keys(['index', 'mixture_magnitude', 'mixture_phase', 'source_phase', 'mix_magnitude', 'ideal_binary_mask', 'source_magnitudes'])
1.0085468292236328 GB allocated
3.275390625 GB reserved
dict_keys(['index', 'mixture_magnitude', 'mixture_phase', 'source_phase', 'mix_magnitude', 'ideal_binary_mask', 'source_magnitudes'])
1.0093998908996582 GB allocated
3.275390625 GB reserved
dict_keys(['index', 'mixture_magnitude', 'mixture_phase', 'source_phase', 'mix_magnitude', 'ideal_binary_mask', 'source_magnitudes'])
1.0093998908996582 GB allocated
3.275390625 GB reserved
dict_keys(['index', 'mixture_magnitude', 'mixture_phase', 'source_phase', 'mix_magnitude', 'ideal_binary_mask', 'source_magnitudes'])
1.0093998908996582 GB allocated
3.275390625 GB reserved
dict_keys(['index', 'mixture_magnitude', 'mixture_phase', 'source_phase', 'mix_magnitude', 'ideal_binary_mask', 'source_magnitudes'])
1.0085468292236328 GB allocated
3.275390625 GB reserved
dict_keys(['index', 'mixture_magnitude', 'mixture_phase', 'source_phase', 'mix_magnitude', 'ideal_binary_mask', 'source_magnitudes'])
1.0093998908996582 GB allocated
3.275390625 GB reserved
dict_keys(['index', 'mixture_magnitude', 'mixture_phase', 'source_phase', 'mix_magnitude', 'ideal_binary_mask', 'source_magnitudes'])
1.0093998908996582 GB allocated
3.275390625 GB reserved
05/20/2026 08:47:44 AM | engine.py:906 Engine run starting with max_epochs=1.
05/20/2026 08:48:51 AM | engine.py:1010 Epoch[1] Complete. Time taken: 00:01:06.990
dict_keys(['index', 'mixture_magnitude', 'mixture_phase', 'source_phase', 'mix_magnitude', 'ideal_binary_mask', 'source_magnitudes'])
1.0093998908996582 GB allocated
3.275390625 GB reserved
dict_keys(['index', 'mixture_magnitude', 'mixture_phase', 'source_phase', 'mix_magnitude', 'ideal_binary_mask', 'source_magnitudes'])
1.0085468292236328 GB allocated
3.275390625 GB reserved
dict_keys(['index', 'mixture_magnitude', 'mixture_phase', 'source_phase', 'mix_magnitude', 'ideal_binary_mask', 'source_magnitudes'])
1.0093998908996582 GB allocated
3.275390625 GB reserved
dict_keys(['index', 'mixture_magnitude', 'mixture_phase', 'source_phase', 'mix_magnitude', 'ideal_binary_mask', 'source_magnitudes'])
1.0093998908996582 GB allocated
3.275390625 GB reserved
dict_keys(['index', 'mixture_magnitude', 'mixture_phase', 'source_phase', 'mix_magnitude', 'ideal_binary_mask', 'source_magnitudes'])
1.0093998908996582 GB allocated
3.275390625 GB reserved
dict_keys(['index', 'mixture_magnitude', 'mixture_phase', 'source_phase', 'mix_magnitude', 'ideal_binary_mask', 'source_magnitudes'])
1.0085468292236328 GB allocated
3.275390625 GB reserved
dict_keys(['index', 'mixture_magnitude', 'mixture_phase', 'source_phase', 'mix_magnitude', 'ideal_binary_mask', 'source_magnitudes'])
1.0093998908996582 GB allocated
3.275390625 GB reserved
dict_keys(['index', 'mixture_magnitude', 'mixture_phase', 'source_phase', 'mix_magnitude', 'ideal_binary_mask', 'source_magnitudes'])
1.0093998908996582 GB allocated
3.275390625 GB reserved
dict_keys(['index', 'mixture_magnitude', 'mixture_phase', 'source_phase', 'mix_magnitude', 'ideal_binary_mask', 'source_magnitudes'])
1.0093998908996582 GB allocated
3.275390625 GB reserved
dict_keys(['index', 'mixture_magnitude', 'mixture_phase', 'source_phase', 'mix_magnitude', 'ideal_binary_mask', 'source_magnitudes'])
1.0085468292236328 GB allocated
3.275390625 GB reserved
dict_keys(['index', 'mixture_magnitude', 'mixture_phase', 'source_phase', 'mix_magnitude', 'ideal_binary_mask', 'source_magnitudes'])
1.0093998908996582 GB allocated
3.275390625 GB reserved
dict_keys(['index', 'mixture_magnitude', 'mixture_phase', 'source_phase', 'mix_magnitude', 'ideal_binary_mask', 'source_magnitudes'])
1.0093998908996582 GB allocated
3.275390625 GB reserved
dict_keys(['index', 'mixture_magnitude', 'mixture_phase', 'source_phase', 'mix_magnitude', 'ideal_binary_mask', 'source_magnitudes'])
1.0093998908996582 GB allocated
3.275390625 GB reserved
dict_keys(['index', 'mixture_magnitude', 'mixture_phase', 'source_phase', 'mix_magnitude', 'ideal_binary_mask', 'source_magnitudes'])
1.0085468292236328 GB allocated
3.275390625 GB reserved
dict_keys(['index', 'mixture_magnitude', 'mixture_phase', 'source_phase', 'mix_magnitude', 'ideal_binary_mask', 'source_magnitudes'])
1.0093998908996582 GB allocated
3.275390625 GB reserved
dict_keys(['index', 'mixture_magnitude', 'mixture_phase', 'source_phase', 'mix_magnitude', 'ideal_binary_mask', 'source_magnitudes'])
1.0093998908996582 GB allocated
3.275390625 GB reserved
dict_keys(['index', 'mixture_magnitude', 'mixture_phase', 'source_phase', 'mix_magnitude', 'ideal_binary_mask', 'source_magnitudes'])
1.0093998908996582 GB allocated
3.275390625 GB reserved
dict_keys(['index', 'mixture_magnitude', 'mixture_phase', 'source_phase', 'mix_magnitude', 'ideal_binary_mask', 'source_magnitudes'])
1.0085468292236328 GB allocated
3.275390625 GB reserved
dict_keys(['index', 'mixture_magnitude', 'mixture_phase', 'source_phase', 'mix_magnitude', 'ideal_binary_mask', 'source_magnitudes'])
1.0093998908996582 GB allocated
3.275390625 GB reserved
dict_keys(['index', 'mixture_magnitude', 'mixture_phase', 'source_phase', 'mix_magnitude', 'ideal_binary_mask', 'source_magnitudes'])
1.0093998908996582 GB allocated
3.275390625 GB reserved
dict_keys(['index', 'mixture_magnitude', 'mixture_phase', 'source_phase', 'mix_magnitude', 'ideal_binary_mask', 'source_magnitudes'])
1.0093998908996582 GB allocated
3.275390625 GB reserved
dict_keys(['index', 'mixture_magnitude', 'mixture_phase', 'source_phase', 'mix_magnitude', 'ideal_binary_mask', 'source_magnitudes'])
1.0085468292236328 GB allocated
3.275390625 GB reserved
dict_keys(['index', 'mixture_magnitude', 'mixture_phase', 'source_phase', 'mix_magnitude', 'ideal_binary_mask', 'source_magnitudes'])
1.0093998908996582 GB allocated
3.275390625 GB reserved
dict_keys(['index', 'mixture_magnitude', 'mixture_phase', 'source_phase', 'mix_magnitude', 'ideal_binary_mask', 'source_magnitudes'])
1.0093998908996582 GB allocated
3.275390625 GB reserved
dict_keys(['index', 'mixture_magnitude', 'mixture_phase', 'source_phase', 'mix_magnitude', 'ideal_binary_mask', 'source_magnitudes'])
1.0093998908996582 GB allocated
3.275390625 GB reserved
dict_keys(['index', 'mixture_magnitude', 'mixture_phase', 'source_phase', 'mix_magnitude', 'ideal_binary_mask', 'source_magnitudes'])
1.0085468292236328 GB allocated
3.275390625 GB reserved
dict_keys(['index', 'mixture_magnitude', 'mixture_phase', 'source_phase', 'mix_magnitude', 'ideal_binary_mask', 'source_magnitudes'])
1.0093998908996582 GB allocated
3.275390625 GB reserved
dict_keys(['index', 'mixture_magnitude', 'mixture_phase', 'source_phase', 'mix_magnitude', 'ideal_binary_mask', 'source_magnitudes'])
1.0093998908996582 GB allocated
3.275390625 GB reserved
dict_keys(['index', 'mixture_magnitude', 'mixture_phase', 'source_phase', 'mix_magnitude', 'ideal_binary_mask', 'source_magnitudes'])
1.0093998908996582 GB allocated
3.275390625 GB reserved
dict_keys(['index', 'mixture_magnitude', 'mixture_phase', 'source_phase', 'mix_magnitude', 'ideal_binary_mask', 'source_magnitudes'])
1.0085468292236328 GB allocated
3.275390625 GB reserved
dict_keys(['index', 'mixture_magnitude', 'mixture_phase', 'source_phase', 'mix_magnitude', 'ideal_binary_mask', 'source_magnitudes'])
1.0093998908996582 GB allocated
3.275390625 GB reserved
dict_keys(['index', 'mixture_magnitude', 'mixture_phase', 'source_phase', 'mix_magnitude', 'ideal_binary_mask', 'source_magnitudes'])
1.0093998908996582 GB allocated
3.275390625 GB reserved
dict_keys(['index', 'mixture_magnitude', 'mixture_phase', 'source_phase', 'mix_magnitude', 'ideal_binary_mask', 'source_magnitudes'])
1.0093998908996582 GB allocated
3.275390625 GB reserved
dict_keys(['index', 'mixture_magnitude', 'mixture_phase', 'source_phase', 'mix_magnitude', 'ideal_binary_mask', 'source_magnitudes'])
1.0085468292236328 GB allocated
3.275390625 GB reserved
dict_keys(['index', 'mixture_magnitude', 'mixture_phase', 'source_phase', 'mix_magnitude', 'ideal_binary_mask', 'source_magnitudes'])
1.0093998908996582 GB allocated
3.275390625 GB reserved
dict_keys(['index', 'mixture_magnitude', 'mixture_phase', 'source_phase', 'mix_magnitude', 'ideal_binary_mask', 'source_magnitudes'])
1.0093998908996582 GB allocated
3.275390625 GB reserved
dict_keys(['index', 'mixture_magnitude', 'mixture_phase', 'source_phase', 'mix_magnitude', 'ideal_binary_mask', 'source_magnitudes'])
1.0093998908996582 GB allocated
3.275390625 GB reserved
dict_keys(['index', 'mixture_magnitude', 'mixture_phase', 'source_phase', 'mix_magnitude', 'ideal_binary_mask', 'source_magnitudes'])
1.0085468292236328 GB allocated
3.275390625 GB reserved
dict_keys(['index', 'mixture_magnitude', 'mixture_phase', 'source_phase', 'mix_magnitude', 'ideal_binary_mask', 'source_magnitudes'])
1.0093998908996582 GB allocated
3.275390625 GB reserved
dict_keys(['index', 'mixture_magnitude', 'mixture_phase', 'source_phase', 'mix_magnitude', 'ideal_binary_mask', 'source_magnitudes'])
1.0093998908996582 GB allocated
3.275390625 GB reserved
dict_keys(['index', 'mixture_magnitude', 'mixture_phase', 'source_phase', 'mix_magnitude', 'ideal_binary_mask', 'source_magnitudes'])
1.0093998908996582 GB allocated
3.275390625 GB reserved
dict_keys(['index', 'mixture_magnitude', 'mixture_phase', 'source_phase', 'mix_magnitude', 'ideal_binary_mask', 'source_magnitudes'])
1.0085468292236328 GB allocated
3.275390625 GB reserved
dict_keys(['index', 'mixture_magnitude', 'mixture_phase', 'source_phase', 'mix_magnitude', 'ideal_binary_mask', 'source_magnitudes'])
1.0093998908996582 GB allocated
3.275390625 GB reserved
dict_keys(['index', 'mixture_magnitude', 'mixture_phase', 'source_phase', 'mix_magnitude', 'ideal_binary_mask', 'source_magnitudes'])
1.0093998908996582 GB allocated
3.275390625 GB reserved
dict_keys(['index', 'mixture_magnitude', 'mixture_phase', 'source_phase', 'mix_magnitude', 'ideal_binary_mask', 'source_magnitudes'])
1.0093998908996582 GB allocated
3.275390625 GB reserved
dict_keys(['index', 'mixture_magnitude', 'mixture_phase', 'source_phase', 'mix_magnitude', 'ideal_binary_mask', 'source_magnitudes'])
1.0085468292236328 GB allocated
3.275390625 GB reserved
dict_keys(['index', 'mixture_magnitude', 'mixture_phase', 'source_phase', 'mix_magnitude', 'ideal_binary_mask', 'source_magnitudes'])
1.0093998908996582 GB allocated
3.275390625 GB reserved
dict_keys(['index', 'mixture_magnitude', 'mixture_phase', 'source_phase', 'mix_magnitude', 'ideal_binary_mask', 'source_magnitudes'])
1.0093998908996582 GB allocated
3.275390625 GB reserved
dict_keys(['index', 'mixture_magnitude', 'mixture_phase', 'source_phase', 'mix_magnitude', 'ideal_binary_mask', 'source_magnitudes'])
1.0093998908996582 GB allocated
3.275390625 GB reserved
dict_keys(['index', 'mixture_magnitude', 'mixture_phase', 'source_phase', 'mix_magnitude', 'ideal_binary_mask', 'source_magnitudes'])
1.0085468292236328 GB allocated
3.275390625 GB reserved
dict_keys(['index', 'mixture_magnitude', 'mixture_phase', 'source_phase', 'mix_magnitude', 'ideal_binary_mask', 'source_magnitudes'])
1.0093998908996582 GB allocated
3.275390625 GB reserved
dict_keys(['index', 'mixture_magnitude', 'mixture_phase', 'source_phase', 'mix_magnitude', 'ideal_binary_mask', 'source_magnitudes'])
1.0093998908996582 GB allocated
3.275390625 GB reserved
dict_keys(['index', 'mixture_magnitude', 'mixture_phase', 'source_phase', 'mix_magnitude', 'ideal_binary_mask', 'source_magnitudes'])
1.0093998908996582 GB allocated
3.275390625 GB reserved
dict_keys(['index', 'mixture_magnitude', 'mixture_phase', 'source_phase', 'mix_magnitude', 'ideal_binary_mask', 'source_magnitudes'])
1.0085468292236328 GB allocated
3.275390625 GB reserved
dict_keys(['index', 'mixture_magnitude', 'mixture_phase', 'source_phase', 'mix_magnitude', 'ideal_binary_mask', 'source_magnitudes'])
1.0093998908996582 GB allocated
3.275390625 GB reserved
dict_keys(['index', 'mixture_magnitude', 'mixture_phase', 'source_phase', 'mix_magnitude', 'ideal_binary_mask', 'source_magnitudes'])
1.0093998908996582 GB allocated
3.275390625 GB reserved
dict_keys(['index', 'mixture_magnitude', 'mixture_phase', 'source_phase', 'mix_magnitude', 'ideal_binary_mask', 'source_magnitudes'])
1.0093998908996582 GB allocated
3.275390625 GB reserved
dict_keys(['index', 'mixture_magnitude', 'mixture_phase', 'source_phase', 'mix_magnitude', 'ideal_binary_mask', 'source_magnitudes'])
[Validator] Epoch 22 - val_loss: 0.000596
[BEST CHECKPOINT] Guardado/actualizado en: checkpoints\Mis_modelos_v2\main\l1_freq checkpoints\4stems\best_checkpoint_19_val_loss=-0.0006.pt
05/20/2026 08:48:51 AM | engine.py:1037 Engine run finished. Time taken: 00:01:06.990
[Epoch 22] train_loss=0.000558 | val_loss=0.000596
05/20/2026 08:48:51 AM | engine.py:1010 Epoch[22] Complete. Time taken: 00:19:17.009
1.0085468292236328 GB allocated
3.275390625 GB reserved
dict_keys(['index', 'mixture_magnitude', 'mixture_phase', 'source_phase', 'mix_magnitude', 'ideal_binary_mask', 'source_magnitudes'])
1.0093998908996582 GB allocated
3.275390625 GB reserved
dict_keys(['index', 'mixture_magnitude', 'mixture_phase', 'source_phase', 'mix_magnitude', 'ideal_binary_mask', 'source_magnitudes'])
1.0093998908996582 GB allocated
3.275390625 GB reserved
dict_keys(['index', 'mixture_magnitude', 'mixture_phase', 'source_phase', 'mix_magnitude', 'ideal_binary_mask', 'source_magnitudes'])
1.0093998908996582 GB allocated
3.275390625 GB reserved
dict_keys(['index', 'mixture_magnitude', 'mixture_phase', 'source_phase', 'mix_magnitude', 'ideal_binary_mask', 'source_magnitudes'])
1.0085468292236328 GB allocated
3.275390625 GB reserved
dict_keys(['index', 'mixture_magnitude', 'mixture_phase', 'source_phase', 'mix_magnitude', 'ideal_binary_mask', 'source_magnitudes'])
1.0093998908996582 GB allocated
3.275390625 GB reserved
dict_keys(['index', 'mixture_magnitude', 'mixture_phase', 'source_phase', 'mix_magnitude', 'ideal_binary_mask', 'source_magnitudes'])
1.0093998908996582 GB allocated
3.275390625 GB reserved
dict_keys(['index', 'mixture_magnitude', 'mixture_phase', 'source_phase', 'mix_magnitude', 'ideal_binary_mask', 'source_magnitudes'])
1.0093998908996582 GB allocated
3.275390625 GB reserved
dict_keys(['index', 'mixture_magnitude', 'mixture_phase', 'source_phase', 'mix_magnitude', 'ideal_binary_mask', 'source_magnitudes'])
1.0085468292236328 GB allocated
3.275390625 GB reserved
dict_keys(['index', 'mixture_magnitude', 'mixture_phase', 'source_phase', 'mix_magnitude', 'ideal_binary_mask', 'source_magnitudes'])
1.0093998908996582 GB allocated
3.275390625 GB reserved
dict_keys(['index', 'mixture_magnitude', 'mixture_phase', 'source_phase', 'mix_magnitude', 'ideal_binary_mask', 'source_magnitudes'])
1.0093998908996582 GB allocated
3.275390625 GB reserved
dict_keys(['index', 'mixture_magnitude', 'mixture_phase', 'source_phase', 'mix_magnitude', 'ideal_binary_mask', 'source_magnitudes'])
1.0093998908996582 GB allocated
3.275390625 GB reserved
dict_keys(['index', 'mixture_magnitude', 'mixture_phase', 'source_phase', 'mix_magnitude', 'ideal_binary_mask', 'source_magnitudes'])
1.0085468292236328 GB allocated
3.275390625 GB reserved
dict_keys(['index', 'mixture_magnitude', 'mixture_phase', 'source_phase', 'mix_magnitude', 'ideal_binary_mask', 'source_magnitudes'])
1.0093998908996582 GB allocated
3.275390625 GB reserved
dict_keys(['index', 'mixture_magnitude', 'mixture_phase', 'source_phase', 'mix_magnitude', 'ideal_binary_mask', 'source_magnitudes'])
1.0093998908996582 GB allocated
3.275390625 GB reserved
dict_keys(['index', 'mixture_magnitude', 'mixture_phase', 'source_phase', 'mix_magnitude', 'ideal_binary_mask', 'source_magnitudes'])
1.0093998908996582 GB allocated
3.275390625 GB reserved
dict_keys(['index', 'mixture_magnitude', 'mixture_phase', 'source_phase', 'mix_magnitude', 'ideal_binary_mask', 'source_magnitudes'])
1.0085468292236328 GB allocated
3.275390625 GB reserved
dict_keys(['index', 'mixture_magnitude', 'mixture_phase', 'source_phase', 'mix_magnitude', 'ideal_binary_mask', 'source_magnitudes'])
1.0093998908996582 GB allocated
3.275390625 GB reserved
dict_keys(['index', 'mixture_magnitude', 'mixture_phase', 'source_phase', 'mix_magnitude', 'ideal_binary_mask', 'source_magnitudes'])
1.0093998908996582 GB allocated
3.275390625 GB reserved
dict_keys(['index', 'mixture_magnitude', 'mixture_phase', 'source_phase', 'mix_magnitude', 'ideal_binary_mask', 'source_magnitudes'])
1.0093998908996582 GB allocated
3.275390625 GB reserved
dict_keys(['index', 'mixture_magnitude', 'mixture_phase', 'source_phase', 'mix_magnitude', 'ideal_binary_mask', 'source_magnitudes'])
1.0085468292236328 GB allocated
3.275390625 GB reserved
dict_keys(['index', 'mixture_magnitude', 'mixture_phase', 'source_phase', 'mix_magnitude', 'ideal_binary_mask', 'source_magnitudes'])
1.0093998908996582 GB allocated
3.275390625 GB reserved
dict_keys(['index', 'mixture_magnitude', 'mixture_phase', 'source_phase', 'mix_magnitude', 'ideal_binary_mask', 'source_magnitudes'])
1.0093998908996582 GB allocated
3.275390625 GB reserved
dict_keys(['index', 'mixture_magnitude', 'mixture_phase', 'source_phase', 'mix_magnitude', 'ideal_binary_mask', 'source_magnitudes'])
1.0093998908996582 GB allocated
3.275390625 GB reserved
dict_keys(['index', 'mixture_magnitude', 'mixture_phase', 'source_phase', 'mix_magnitude', 'ideal_binary_mask', 'source_magnitudes'])
1.0085468292236328 GB allocated
3.275390625 GB reserved
dict_keys(['index', 'mixture_magnitude', 'mixture_phase', 'source_phase', 'mix_magnitude', 'ideal_binary_mask', 'source_magnitudes'])
1.0093998908996582 GB allocated
3.275390625 GB reserved
dict_keys(['index', 'mixture_magnitude', 'mixture_phase', 'source_phase', 'mix_magnitude', 'ideal_binary_mask', 'source_magnitudes'])
1.0093998908996582 GB allocated
3.275390625 GB reserved
dict_keys(['index', 'mixture_magnitude', 'mixture_phase', 'source_phase', 'mix_magnitude', 'ideal_binary_mask', 'source_magnitudes'])
1.0093998908996582 GB allocated
3.275390625 GB reserved
dict_keys(['index', 'mixture_magnitude', 'mixture_phase', 'source_phase', 'mix_magnitude', 'ideal_binary_mask', 'source_magnitudes'])
1.0085468292236328 GB allocated
3.275390625 GB reserved
dict_keys(['index', 'mixture_magnitude', 'mixture_phase', 'source_phase', 'mix_magnitude', 'ideal_binary_mask', 'source_magnitudes'])
1.0093998908996582 GB allocated
3.275390625 GB reserved
dict_keys(['index', 'mixture_magnitude', 'mixture_phase', 'source_phase', 'mix_magnitude', 'ideal_binary_mask', 'source_magnitudes'])
1.0093998908996582 GB allocated
3.275390625 GB reserved
dict_keys(['index', 'mixture_magnitude', 'mixture_phase', 'source_phase', 'mix_magnitude', 'ideal_binary_mask', 'source_magnitudes'])
1.0093998908996582 GB allocated
3.275390625 GB reserved
dict_keys(['index', 'mixture_magnitude', 'mixture_phase', 'source_phase', 'mix_magnitude', 'ideal_binary_mask', 'source_magnitudes'])
1.0085468292236328 GB allocated
3.275390625 GB reserved
dict_keys(['index', 'mixture_magnitude', 'mixture_phase', 'source_phase', 'mix_magnitude', 'ideal_binary_mask', 'source_magnitudes'])
1.0093998908996582 GB allocated
3.275390625 GB reserved
dict_keys(['index', 'mixture_magnitude', 'mixture_phase', 'source_phase', 'mix_magnitude', 'ideal_binary_mask', 'source_magnitudes'])
1.0093998908996582 GB allocated
3.275390625 GB reserved
dict_keys(['index', 'mixture_magnitude', 'mixture_phase', 'source_phase', 'mix_magnitude', 'ideal_binary_mask', 'source_magnitudes'])
1.0093998908996582 GB allocated
3.275390625 GB reserved
dict_keys(['index', 'mixture_magnitude', 'mixture_phase', 'source_phase', 'mix_magnitude', 'ideal_binary_mask', 'source_magnitudes'])
1.0085468292236328 GB allocated
3.275390625 GB reserved
dict_keys(['index', 'mixture_magnitude', 'mixture_phase', 'source_phase', 'mix_magnitude', 'ideal_binary_mask', 'source_magnitudes'])
1.0093998908996582 GB allocated
3.275390625 GB reserved
dict_keys(['index', 'mixture_magnitude', 'mixture_phase', 'source_phase', 'mix_magnitude', 'ideal_binary_mask', 'source_magnitudes'])
1.0093998908996582 GB allocated
3.275390625 GB reserved
dict_keys(['index', 'mixture_magnitude', 'mixture_phase', 'source_phase', 'mix_magnitude', 'ideal_binary_mask', 'source_magnitudes'])
1.0093998908996582 GB allocated
3.275390625 GB reserved
dict_keys(['index', 'mixture_magnitude', 'mixture_phase', 'source_phase', 'mix_magnitude', 'ideal_binary_mask', 'source_magnitudes'])
1.0085468292236328 GB allocated
3.275390625 GB reserved
dict_keys(['index', 'mixture_magnitude', 'mixture_phase', 'source_phase', 'mix_magnitude', 'ideal_binary_mask', 'source_magnitudes'])
1.0093998908996582 GB allocated
3.275390625 GB reserved
dict_keys(['index', 'mixture_magnitude', 'mixture_phase', 'source_phase', 'mix_magnitude', 'ideal_binary_mask', 'source_magnitudes'])
1.0093998908996582 GB allocated
3.275390625 GB reserved
05/20/2026 09:06:50 AM | engine.py:906 Engine run starting with max_epochs=1.
05/20/2026 09:07:55 AM | engine.py:1010 Epoch[1] Complete. Time taken: 00:01:04.362
dict_keys(['index', 'mixture_magnitude', 'mixture_phase', 'source_phase', 'mix_magnitude', 'ideal_binary_mask', 'source_magnitudes'])
1.0093998908996582 GB allocated
3.275390625 GB reserved
dict_keys(['index', 'mixture_magnitude', 'mixture_phase', 'source_phase', 'mix_magnitude', 'ideal_binary_mask', 'source_magnitudes'])
1.0085468292236328 GB allocated
3.275390625 GB reserved
dict_keys(['index', 'mixture_magnitude', 'mixture_phase', 'source_phase', 'mix_magnitude', 'ideal_binary_mask', 'source_magnitudes'])
1.0093998908996582 GB allocated
3.275390625 GB reserved
dict_keys(['index', 'mixture_magnitude', 'mixture_phase', 'source_phase', 'mix_magnitude', 'ideal_binary_mask', 'source_magnitudes'])
1.0093998908996582 GB allocated
3.275390625 GB reserved
dict_keys(['index', 'mixture_magnitude', 'mixture_phase', 'source_phase', 'mix_magnitude', 'ideal_binary_mask', 'source_magnitudes'])
1.0093998908996582 GB allocated
3.275390625 GB reserved
dict_keys(['index', 'mixture_magnitude', 'mixture_phase', 'source_phase', 'mix_magnitude', 'ideal_binary_mask', 'source_magnitudes'])
1.0085468292236328 GB allocated
3.275390625 GB reserved
dict_keys(['index', 'mixture_magnitude', 'mixture_phase', 'source_phase', 'mix_magnitude', 'ideal_binary_mask', 'source_magnitudes'])
1.0093998908996582 GB allocated
3.275390625 GB reserved
dict_keys(['index', 'mixture_magnitude', 'mixture_phase', 'source_phase', 'mix_magnitude', 'ideal_binary_mask', 'source_magnitudes'])
1.0093998908996582 GB allocated
3.275390625 GB reserved
dict_keys(['index', 'mixture_magnitude', 'mixture_phase', 'source_phase', 'mix_magnitude', 'ideal_binary_mask', 'source_magnitudes'])
1.0093998908996582 GB allocated
3.275390625 GB reserved
dict_keys(['index', 'mixture_magnitude', 'mixture_phase', 'source_phase', 'mix_magnitude', 'ideal_binary_mask', 'source_magnitudes'])
1.0085468292236328 GB allocated
3.275390625 GB reserved
dict_keys(['index', 'mixture_magnitude', 'mixture_phase', 'source_phase', 'mix_magnitude', 'ideal_binary_mask', 'source_magnitudes'])
1.0093998908996582 GB allocated
3.275390625 GB reserved
dict_keys(['index', 'mixture_magnitude', 'mixture_phase', 'source_phase', 'mix_magnitude', 'ideal_binary_mask', 'source_magnitudes'])
1.0093998908996582 GB allocated
3.275390625 GB reserved
dict_keys(['index', 'mixture_magnitude', 'mixture_phase', 'source_phase', 'mix_magnitude', 'ideal_binary_mask', 'source_magnitudes'])
1.0093998908996582 GB allocated
3.275390625 GB reserved
dict_keys(['index', 'mixture_magnitude', 'mixture_phase', 'source_phase', 'mix_magnitude', 'ideal_binary_mask', 'source_magnitudes'])
1.0085468292236328 GB allocated
3.275390625 GB reserved
dict_keys(['index', 'mixture_magnitude', 'mixture_phase', 'source_phase', 'mix_magnitude', 'ideal_binary_mask', 'source_magnitudes'])
1.0093998908996582 GB allocated
3.275390625 GB reserved
dict_keys(['index', 'mixture_magnitude', 'mixture_phase', 'source_phase', 'mix_magnitude', 'ideal_binary_mask', 'source_magnitudes'])
1.0093998908996582 GB allocated
3.275390625 GB reserved
dict_keys(['index', 'mixture_magnitude', 'mixture_phase', 'source_phase', 'mix_magnitude', 'ideal_binary_mask', 'source_magnitudes'])
1.0093998908996582 GB allocated
3.275390625 GB reserved
dict_keys(['index', 'mixture_magnitude', 'mixture_phase', 'source_phase', 'mix_magnitude', 'ideal_binary_mask', 'source_magnitudes'])
1.0085468292236328 GB allocated
3.275390625 GB reserved
dict_keys(['index', 'mixture_magnitude', 'mixture_phase', 'source_phase', 'mix_magnitude', 'ideal_binary_mask', 'source_magnitudes'])
1.0093998908996582 GB allocated
3.275390625 GB reserved
dict_keys(['index', 'mixture_magnitude', 'mixture_phase', 'source_phase', 'mix_magnitude', 'ideal_binary_mask', 'source_magnitudes'])
1.0093998908996582 GB allocated
3.275390625 GB reserved
dict_keys(['index', 'mixture_magnitude', 'mixture_phase', 'source_phase', 'mix_magnitude', 'ideal_binary_mask', 'source_magnitudes'])
1.0093998908996582 GB allocated
3.275390625 GB reserved
dict_keys(['index', 'mixture_magnitude', 'mixture_phase', 'source_phase', 'mix_magnitude', 'ideal_binary_mask', 'source_magnitudes'])
1.0085468292236328 GB allocated
3.275390625 GB reserved
dict_keys(['index', 'mixture_magnitude', 'mixture_phase', 'source_phase', 'mix_magnitude', 'ideal_binary_mask', 'source_magnitudes'])
1.0093998908996582 GB allocated
3.275390625 GB reserved
dict_keys(['index', 'mixture_magnitude', 'mixture_phase', 'source_phase', 'mix_magnitude', 'ideal_binary_mask', 'source_magnitudes'])
1.0093998908996582 GB allocated
3.275390625 GB reserved
dict_keys(['index', 'mixture_magnitude', 'mixture_phase', 'source_phase', 'mix_magnitude', 'ideal_binary_mask', 'source_magnitudes'])
1.0093998908996582 GB allocated
3.275390625 GB reserved
dict_keys(['index', 'mixture_magnitude', 'mixture_phase', 'source_phase', 'mix_magnitude', 'ideal_binary_mask', 'source_magnitudes'])
1.0085468292236328 GB allocated
3.275390625 GB reserved
dict_keys(['index', 'mixture_magnitude', 'mixture_phase', 'source_phase', 'mix_magnitude', 'ideal_binary_mask', 'source_magnitudes'])
1.0093998908996582 GB allocated
3.275390625 GB reserved
dict_keys(['index', 'mixture_magnitude', 'mixture_phase', 'source_phase', 'mix_magnitude', 'ideal_binary_mask', 'source_magnitudes'])
1.0093998908996582 GB allocated
3.275390625 GB reserved
dict_keys(['index', 'mixture_magnitude', 'mixture_phase', 'source_phase', 'mix_magnitude', 'ideal_binary_mask', 'source_magnitudes'])
1.0093998908996582 GB allocated
3.275390625 GB reserved
dict_keys(['index', 'mixture_magnitude', 'mixture_phase', 'source_phase', 'mix_magnitude', 'ideal_binary_mask', 'source_magnitudes'])
1.0085468292236328 GB allocated
3.275390625 GB reserved
dict_keys(['index', 'mixture_magnitude', 'mixture_phase', 'source_phase', 'mix_magnitude', 'ideal_binary_mask', 'source_magnitudes'])
1.0093998908996582 GB allocated
3.275390625 GB reserved
dict_keys(['index', 'mixture_magnitude', 'mixture_phase', 'source_phase', 'mix_magnitude', 'ideal_binary_mask', 'source_magnitudes'])
1.0093998908996582 GB allocated
3.275390625 GB reserved
dict_keys(['index', 'mixture_magnitude', 'mixture_phase', 'source_phase', 'mix_magnitude', 'ideal_binary_mask', 'source_magnitudes'])
1.0093998908996582 GB allocated
3.275390625 GB reserved
dict_keys(['index', 'mixture_magnitude', 'mixture_phase', 'source_phase', 'mix_magnitude', 'ideal_binary_mask', 'source_magnitudes'])
1.0085468292236328 GB allocated
3.275390625 GB reserved
dict_keys(['index', 'mixture_magnitude', 'mixture_phase', 'source_phase', 'mix_magnitude', 'ideal_binary_mask', 'source_magnitudes'])
1.0093998908996582 GB allocated
3.275390625 GB reserved
dict_keys(['index', 'mixture_magnitude', 'mixture_phase', 'source_phase', 'mix_magnitude', 'ideal_binary_mask', 'source_magnitudes'])
1.0093998908996582 GB allocated
3.275390625 GB reserved
dict_keys(['index', 'mixture_magnitude', 'mixture_phase', 'source_phase', 'mix_magnitude', 'ideal_binary_mask', 'source_magnitudes'])
1.0093998908996582 GB allocated
3.275390625 GB reserved
dict_keys(['index', 'mixture_magnitude', 'mixture_phase', 'source_phase', 'mix_magnitude', 'ideal_binary_mask', 'source_magnitudes'])
1.0085468292236328 GB allocated
3.275390625 GB reserved
dict_keys(['index', 'mixture_magnitude', 'mixture_phase', 'source_phase', 'mix_magnitude', 'ideal_binary_mask', 'source_magnitudes'])
1.0093998908996582 GB allocated
3.275390625 GB reserved
dict_keys(['index', 'mixture_magnitude', 'mixture_phase', 'source_phase', 'mix_magnitude', 'ideal_binary_mask', 'source_magnitudes'])
1.0093998908996582 GB allocated
3.275390625 GB reserved
dict_keys(['index', 'mixture_magnitude', 'mixture_phase', 'source_phase', 'mix_magnitude', 'ideal_binary_mask', 'source_magnitudes'])
1.0093998908996582 GB allocated
3.275390625 GB reserved
dict_keys(['index', 'mixture_magnitude', 'mixture_phase', 'source_phase', 'mix_magnitude', 'ideal_binary_mask', 'source_magnitudes'])
1.0085468292236328 GB allocated
3.275390625 GB reserved
dict_keys(['index', 'mixture_magnitude', 'mixture_phase', 'source_phase', 'mix_magnitude', 'ideal_binary_mask', 'source_magnitudes'])
1.0093998908996582 GB allocated
3.275390625 GB reserved
dict_keys(['index', 'mixture_magnitude', 'mixture_phase', 'source_phase', 'mix_magnitude', 'ideal_binary_mask', 'source_magnitudes'])
1.0093998908996582 GB allocated
3.275390625 GB reserved
dict_keys(['index', 'mixture_magnitude', 'mixture_phase', 'source_phase', 'mix_magnitude', 'ideal_binary_mask', 'source_magnitudes'])
1.0093998908996582 GB allocated
3.275390625 GB reserved
dict_keys(['index', 'mixture_magnitude', 'mixture_phase', 'source_phase', 'mix_magnitude', 'ideal_binary_mask', 'source_magnitudes'])
1.0085468292236328 GB allocated
3.275390625 GB reserved
dict_keys(['index', 'mixture_magnitude', 'mixture_phase', 'source_phase', 'mix_magnitude', 'ideal_binary_mask', 'source_magnitudes'])
1.0093998908996582 GB allocated
3.275390625 GB reserved
dict_keys(['index', 'mixture_magnitude', 'mixture_phase', 'source_phase', 'mix_magnitude', 'ideal_binary_mask', 'source_magnitudes'])
1.0093998908996582 GB allocated
3.275390625 GB reserved
dict_keys(['index', 'mixture_magnitude', 'mixture_phase', 'source_phase', 'mix_magnitude', 'ideal_binary_mask', 'source_magnitudes'])
1.0093998908996582 GB allocated
3.275390625 GB reserved
dict_keys(['index', 'mixture_magnitude', 'mixture_phase', 'source_phase', 'mix_magnitude', 'ideal_binary_mask', 'source_magnitudes'])
1.0085468292236328 GB allocated
3.275390625 GB reserved
dict_keys(['index', 'mixture_magnitude', 'mixture_phase', 'source_phase', 'mix_magnitude', 'ideal_binary_mask', 'source_magnitudes'])
1.0093998908996582 GB allocated
3.275390625 GB reserved
dict_keys(['index', 'mixture_magnitude', 'mixture_phase', 'source_phase', 'mix_magnitude', 'ideal_binary_mask', 'source_magnitudes'])
1.0093998908996582 GB allocated
3.275390625 GB reserved
dict_keys(['index', 'mixture_magnitude', 'mixture_phase', 'source_phase', 'mix_magnitude', 'ideal_binary_mask', 'source_magnitudes'])
1.0093998908996582 GB allocated
3.275390625 GB reserved
dict_keys(['index', 'mixture_magnitude', 'mixture_phase', 'source_phase', 'mix_magnitude', 'ideal_binary_mask', 'source_magnitudes'])
1.0085468292236328 GB allocated
3.275390625 GB reserved
dict_keys(['index', 'mixture_magnitude', 'mixture_phase', 'source_phase', 'mix_magnitude', 'ideal_binary_mask', 'source_magnitudes'])
1.0093998908996582 GB allocated
3.275390625 GB reserved
dict_keys(['index', 'mixture_magnitude', 'mixture_phase', 'source_phase', 'mix_magnitude', 'ideal_binary_mask', 'source_magnitudes'])
1.0093998908996582 GB allocated
3.275390625 GB reserved
dict_keys(['index', 'mixture_magnitude', 'mixture_phase', 'source_phase', 'mix_magnitude', 'ideal_binary_mask', 'source_magnitudes'])
1.0093998908996582 GB allocated
3.275390625 GB reserved
dict_keys(['index', 'mixture_magnitude', 'mixture_phase', 'source_phase', 'mix_magnitude', 'ideal_binary_mask', 'source_magnitudes'])
[Validator] Epoch 23 - val_loss: 0.000593
[BEST CHECKPOINT] Guardado/actualizado en: checkpoints\Mis_modelos_v2\main\l1_freq checkpoints\4stems\best_checkpoint_23_val_loss=-0.0006.pt
05/20/2026 09:07:55 AM | engine.py:1037 Engine run finished. Time taken: 00:01:04.373
[Epoch 23] train_loss=0.000559 | val_loss=0.000593
05/20/2026 09:07:55 AM | engine.py:1010 Epoch[23] Complete. Time taken: 00:19:03.394
1.0085468292236328 GB allocated
3.275390625 GB reserved
dict_keys(['index', 'mixture_magnitude', 'mixture_phase', 'source_phase', 'mix_magnitude', 'ideal_binary_mask', 'source_magnitudes'])
1.0093998908996582 GB allocated
3.275390625 GB reserved
dict_keys(['index', 'mixture_magnitude', 'mixture_phase', 'source_phase', 'mix_magnitude', 'ideal_binary_mask', 'source_magnitudes'])
1.0093998908996582 GB allocated
3.275390625 GB reserved
dict_keys(['index', 'mixture_magnitude', 'mixture_phase', 'source_phase', 'mix_magnitude', 'ideal_binary_mask', 'source_magnitudes'])
1.0093998908996582 GB allocated
3.275390625 GB reserved
dict_keys(['index', 'mixture_magnitude', 'mixture_phase', 'source_phase', 'mix_magnitude', 'ideal_binary_mask', 'source_magnitudes'])
1.0085468292236328 GB allocated
3.275390625 GB reserved
dict_keys(['index', 'mixture_magnitude', 'mixture_phase', 'source_phase', 'mix_magnitude', 'ideal_binary_mask', 'source_magnitudes'])
1.0093998908996582 GB allocated
3.275390625 GB reserved
dict_keys(['index', 'mixture_magnitude', 'mixture_phase', 'source_phase', 'mix_magnitude', 'ideal_binary_mask', 'source_magnitudes'])
1.0093998908996582 GB allocated
3.275390625 GB reserved
dict_keys(['index', 'mixture_magnitude', 'mixture_phase', 'source_phase', 'mix_magnitude', 'ideal_binary_mask', 'source_magnitudes'])
1.0093998908996582 GB allocated
3.275390625 GB reserved
dict_keys(['index', 'mixture_magnitude', 'mixture_phase', 'source_phase', 'mix_magnitude', 'ideal_binary_mask', 'source_magnitudes'])
1.0085468292236328 GB allocated
3.275390625 GB reserved
dict_keys(['index', 'mixture_magnitude', 'mixture_phase', 'source_phase', 'mix_magnitude', 'ideal_binary_mask', 'source_magnitudes'])
1.0093998908996582 GB allocated
3.275390625 GB reserved
dict_keys(['index', 'mixture_magnitude', 'mixture_phase', 'source_phase', 'mix_magnitude', 'ideal_binary_mask', 'source_magnitudes'])
1.0093998908996582 GB allocated
3.275390625 GB reserved
dict_keys(['index', 'mixture_magnitude', 'mixture_phase', 'source_phase', 'mix_magnitude', 'ideal_binary_mask', 'source_magnitudes'])
1.0093998908996582 GB allocated
3.275390625 GB reserved
dict_keys(['index', 'mixture_magnitude', 'mixture_phase', 'source_phase', 'mix_magnitude', 'ideal_binary_mask', 'source_magnitudes'])
1.0085468292236328 GB allocated
3.275390625 GB reserved
dict_keys(['index', 'mixture_magnitude', 'mixture_phase', 'source_phase', 'mix_magnitude', 'ideal_binary_mask', 'source_magnitudes'])
1.0093998908996582 GB allocated
3.275390625 GB reserved
dict_keys(['index', 'mixture_magnitude', 'mixture_phase', 'source_phase', 'mix_magnitude', 'ideal_binary_mask', 'source_magnitudes'])
1.0093998908996582 GB allocated
3.275390625 GB reserved
dict_keys(['index', 'mixture_magnitude', 'mixture_phase', 'source_phase', 'mix_magnitude', 'ideal_binary_mask', 'source_magnitudes'])
1.0093998908996582 GB allocated
3.275390625 GB reserved
dict_keys(['index', 'mixture_magnitude', 'mixture_phase', 'source_phase', 'mix_magnitude', 'ideal_binary_mask', 'source_magnitudes'])
1.0085468292236328 GB allocated
3.275390625 GB reserved
dict_keys(['index', 'mixture_magnitude', 'mixture_phase', 'source_phase', 'mix_magnitude', 'ideal_binary_mask', 'source_magnitudes'])
1.0093998908996582 GB allocated
3.275390625 GB reserved
dict_keys(['index', 'mixture_magnitude', 'mixture_phase', 'source_phase', 'mix_magnitude', 'ideal_binary_mask', 'source_magnitudes'])
1.0093998908996582 GB allocated
3.275390625 GB reserved
dict_keys(['index', 'mixture_magnitude', 'mixture_phase', 'source_phase', 'mix_magnitude', 'ideal_binary_mask', 'source_magnitudes'])
1.0093998908996582 GB allocated
3.275390625 GB reserved
dict_keys(['index', 'mixture_magnitude', 'mixture_phase', 'source_phase', 'mix_magnitude', 'ideal_binary_mask', 'source_magnitudes'])
1.0085468292236328 GB allocated
3.275390625 GB reserved
dict_keys(['index', 'mixture_magnitude', 'mixture_phase', 'source_phase', 'mix_magnitude', 'ideal_binary_mask', 'source_magnitudes'])
1.0093998908996582 GB allocated
3.275390625 GB reserved
dict_keys(['index', 'mixture_magnitude', 'mixture_phase', 'source_phase', 'mix_magnitude', 'ideal_binary_mask', 'source_magnitudes'])
1.0093998908996582 GB allocated
3.275390625 GB reserved
dict_keys(['index', 'mixture_magnitude', 'mixture_phase', 'source_phase', 'mix_magnitude', 'ideal_binary_mask', 'source_magnitudes'])
1.0093998908996582 GB allocated
3.275390625 GB reserved
dict_keys(['index', 'mixture_magnitude', 'mixture_phase', 'source_phase', 'mix_magnitude', 'ideal_binary_mask', 'source_magnitudes'])
1.0085468292236328 GB allocated
3.275390625 GB reserved
dict_keys(['index', 'mixture_magnitude', 'mixture_phase', 'source_phase', 'mix_magnitude', 'ideal_binary_mask', 'source_magnitudes'])
1.0093998908996582 GB allocated
3.275390625 GB reserved
dict_keys(['index', 'mixture_magnitude', 'mixture_phase', 'source_phase', 'mix_magnitude', 'ideal_binary_mask', 'source_magnitudes'])
1.0093998908996582 GB allocated
3.275390625 GB reserved
dict_keys(['index', 'mixture_magnitude', 'mixture_phase', 'source_phase', 'mix_magnitude', 'ideal_binary_mask', 'source_magnitudes'])
1.0093998908996582 GB allocated
3.275390625 GB reserved
dict_keys(['index', 'mixture_magnitude', 'mixture_phase', 'source_phase', 'mix_magnitude', 'ideal_binary_mask', 'source_magnitudes'])
1.0085468292236328 GB allocated
3.275390625 GB reserved
dict_keys(['index', 'mixture_magnitude', 'mixture_phase', 'source_phase', 'mix_magnitude', 'ideal_binary_mask', 'source_magnitudes'])
1.0093998908996582 GB allocated
3.275390625 GB reserved
dict_keys(['index', 'mixture_magnitude', 'mixture_phase', 'source_phase', 'mix_magnitude', 'ideal_binary_mask', 'source_magnitudes'])
1.0093998908996582 GB allocated
3.275390625 GB reserved
dict_keys(['index', 'mixture_magnitude', 'mixture_phase', 'source_phase', 'mix_magnitude', 'ideal_binary_mask', 'source_magnitudes'])
1.0093998908996582 GB allocated
3.275390625 GB reserved
dict_keys(['index', 'mixture_magnitude', 'mixture_phase', 'source_phase', 'mix_magnitude', 'ideal_binary_mask', 'source_magnitudes'])
1.0085468292236328 GB allocated
3.275390625 GB reserved
dict_keys(['index', 'mixture_magnitude', 'mixture_phase', 'source_phase', 'mix_magnitude', 'ideal_binary_mask', 'source_magnitudes'])
1.0093998908996582 GB allocated
3.275390625 GB reserved
dict_keys(['index', 'mixture_magnitude', 'mixture_phase', 'source_phase', 'mix_magnitude', 'ideal_binary_mask', 'source_magnitudes'])
1.0093998908996582 GB allocated
3.275390625 GB reserved
dict_keys(['index', 'mixture_magnitude', 'mixture_phase', 'source_phase', 'mix_magnitude', 'ideal_binary_mask', 'source_magnitudes'])
1.0093998908996582 GB allocated
3.275390625 GB reserved
dict_keys(['index', 'mixture_magnitude', 'mixture_phase', 'source_phase', 'mix_magnitude', 'ideal_binary_mask', 'source_magnitudes'])
1.0085468292236328 GB allocated
3.275390625 GB reserved
dict_keys(['index', 'mixture_magnitude', 'mixture_phase', 'source_phase', 'mix_magnitude', 'ideal_binary_mask', 'source_magnitudes'])
1.0093998908996582 GB allocated
3.275390625 GB reserved
dict_keys(['index', 'mixture_magnitude', 'mixture_phase', 'source_phase', 'mix_magnitude', 'ideal_binary_mask', 'source_magnitudes'])
1.0093998908996582 GB allocated
3.275390625 GB reserved
dict_keys(['index', 'mixture_magnitude', 'mixture_phase', 'source_phase', 'mix_magnitude', 'ideal_binary_mask', 'source_magnitudes'])
1.0093998908996582 GB allocated
3.275390625 GB reserved
dict_keys(['index', 'mixture_magnitude', 'mixture_phase', 'source_phase', 'mix_magnitude', 'ideal_binary_mask', 'source_magnitudes'])
1.0085468292236328 GB allocated
3.275390625 GB reserved
dict_keys(['index', 'mixture_magnitude', 'mixture_phase', 'source_phase', 'mix_magnitude', 'ideal_binary_mask', 'source_magnitudes'])
1.0093998908996582 GB allocated
3.275390625 GB reserved
dict_keys(['index', 'mixture_magnitude', 'mixture_phase', 'source_phase', 'mix_magnitude', 'ideal_binary_mask', 'source_magnitudes'])
1.0093998908996582 GB allocated
3.275390625 GB reserved
05/20/2026 09:25:08 AM | engine.py:906 Engine run starting with max_epochs=1.
05/20/2026 09:26:11 AM | engine.py:1010 Epoch[1] Complete. Time taken: 00:01:03.060
dict_keys(['index', 'mixture_magnitude', 'mixture_phase', 'source_phase', 'mix_magnitude', 'ideal_binary_mask', 'source_magnitudes'])
1.0093998908996582 GB allocated
3.275390625 GB reserved
dict_keys(['index', 'mixture_magnitude', 'mixture_phase', 'source_phase', 'mix_magnitude', 'ideal_binary_mask', 'source_magnitudes'])
1.0085468292236328 GB allocated
3.275390625 GB reserved
dict_keys(['index', 'mixture_magnitude', 'mixture_phase', 'source_phase', 'mix_magnitude', 'ideal_binary_mask', 'source_magnitudes'])
1.0093998908996582 GB allocated
3.275390625 GB reserved
dict_keys(['index', 'mixture_magnitude', 'mixture_phase', 'source_phase', 'mix_magnitude', 'ideal_binary_mask', 'source_magnitudes'])
1.0093998908996582 GB allocated
3.275390625 GB reserved
dict_keys(['index', 'mixture_magnitude', 'mixture_phase', 'source_phase', 'mix_magnitude', 'ideal_binary_mask', 'source_magnitudes'])
1.0093998908996582 GB allocated
3.275390625 GB reserved
dict_keys(['index', 'mixture_magnitude', 'mixture_phase', 'source_phase', 'mix_magnitude', 'ideal_binary_mask', 'source_magnitudes'])
1.0085468292236328 GB allocated
3.275390625 GB reserved
dict_keys(['index', 'mixture_magnitude', 'mixture_phase', 'source_phase', 'mix_magnitude', 'ideal_binary_mask', 'source_magnitudes'])
1.0093998908996582 GB allocated
3.275390625 GB reserved
dict_keys(['index', 'mixture_magnitude', 'mixture_phase', 'source_phase', 'mix_magnitude', 'ideal_binary_mask', 'source_magnitudes'])
1.0093998908996582 GB allocated
3.275390625 GB reserved
dict_keys(['index', 'mixture_magnitude', 'mixture_phase', 'source_phase', 'mix_magnitude', 'ideal_binary_mask', 'source_magnitudes'])
1.0093998908996582 GB allocated
3.275390625 GB reserved
dict_keys(['index', 'mixture_magnitude', 'mixture_phase', 'source_phase', 'mix_magnitude', 'ideal_binary_mask', 'source_magnitudes'])
1.0085468292236328 GB allocated
3.275390625 GB reserved
dict_keys(['index', 'mixture_magnitude', 'mixture_phase', 'source_phase', 'mix_magnitude', 'ideal_binary_mask', 'source_magnitudes'])
1.0093998908996582 GB allocated
3.275390625 GB reserved
dict_keys(['index', 'mixture_magnitude', 'mixture_phase', 'source_phase', 'mix_magnitude', 'ideal_binary_mask', 'source_magnitudes'])
1.0093998908996582 GB allocated
3.275390625 GB reserved
dict_keys(['index', 'mixture_magnitude', 'mixture_phase', 'source_phase', 'mix_magnitude', 'ideal_binary_mask', 'source_magnitudes'])
1.0093998908996582 GB allocated
3.275390625 GB reserved
dict_keys(['index', 'mixture_magnitude', 'mixture_phase', 'source_phase', 'mix_magnitude', 'ideal_binary_mask', 'source_magnitudes'])
1.0085468292236328 GB allocated
3.275390625 GB reserved
dict_keys(['index', 'mixture_magnitude', 'mixture_phase', 'source_phase', 'mix_magnitude', 'ideal_binary_mask', 'source_magnitudes'])
1.0093998908996582 GB allocated
3.275390625 GB reserved
dict_keys(['index', 'mixture_magnitude', 'mixture_phase', 'source_phase', 'mix_magnitude', 'ideal_binary_mask', 'source_magnitudes'])
1.0093998908996582 GB allocated
3.275390625 GB reserved
dict_keys(['index', 'mixture_magnitude', 'mixture_phase', 'source_phase', 'mix_magnitude', 'ideal_binary_mask', 'source_magnitudes'])
1.0093998908996582 GB allocated
3.275390625 GB reserved
dict_keys(['index', 'mixture_magnitude', 'mixture_phase', 'source_phase', 'mix_magnitude', 'ideal_binary_mask', 'source_magnitudes'])
1.0085468292236328 GB allocated
3.275390625 GB reserved
dict_keys(['index', 'mixture_magnitude', 'mixture_phase', 'source_phase', 'mix_magnitude', 'ideal_binary_mask', 'source_magnitudes'])
1.0093998908996582 GB allocated
3.275390625 GB reserved
dict_keys(['index', 'mixture_magnitude', 'mixture_phase', 'source_phase', 'mix_magnitude', 'ideal_binary_mask', 'source_magnitudes'])
1.0093998908996582 GB allocated
3.275390625 GB reserved
dict_keys(['index', 'mixture_magnitude', 'mixture_phase', 'source_phase', 'mix_magnitude', 'ideal_binary_mask', 'source_magnitudes'])
1.0093998908996582 GB allocated
3.275390625 GB reserved
dict_keys(['index', 'mixture_magnitude', 'mixture_phase', 'source_phase', 'mix_magnitude', 'ideal_binary_mask', 'source_magnitudes'])
1.0085468292236328 GB allocated
3.275390625 GB reserved
dict_keys(['index', 'mixture_magnitude', 'mixture_phase', 'source_phase', 'mix_magnitude', 'ideal_binary_mask', 'source_magnitudes'])
1.0093998908996582 GB allocated
3.275390625 GB reserved
dict_keys(['index', 'mixture_magnitude', 'mixture_phase', 'source_phase', 'mix_magnitude', 'ideal_binary_mask', 'source_magnitudes'])
1.0093998908996582 GB allocated
3.275390625 GB reserved
dict_keys(['index', 'mixture_magnitude', 'mixture_phase', 'source_phase', 'mix_magnitude', 'ideal_binary_mask', 'source_magnitudes'])
1.0093998908996582 GB allocated
3.275390625 GB reserved
dict_keys(['index', 'mixture_magnitude', 'mixture_phase', 'source_phase', 'mix_magnitude', 'ideal_binary_mask', 'source_magnitudes'])
1.0085468292236328 GB allocated
3.275390625 GB reserved
dict_keys(['index', 'mixture_magnitude', 'mixture_phase', 'source_phase', 'mix_magnitude', 'ideal_binary_mask', 'source_magnitudes'])
1.0093998908996582 GB allocated
3.275390625 GB reserved
dict_keys(['index', 'mixture_magnitude', 'mixture_phase', 'source_phase', 'mix_magnitude', 'ideal_binary_mask', 'source_magnitudes'])
1.0093998908996582 GB allocated
3.275390625 GB reserved
dict_keys(['index', 'mixture_magnitude', 'mixture_phase', 'source_phase', 'mix_magnitude', 'ideal_binary_mask', 'source_magnitudes'])
1.0093998908996582 GB allocated
3.275390625 GB reserved
dict_keys(['index', 'mixture_magnitude', 'mixture_phase', 'source_phase', 'mix_magnitude', 'ideal_binary_mask', 'source_magnitudes'])
1.0085468292236328 GB allocated
3.275390625 GB reserved
dict_keys(['index', 'mixture_magnitude', 'mixture_phase', 'source_phase', 'mix_magnitude', 'ideal_binary_mask', 'source_magnitudes'])
1.0093998908996582 GB allocated
3.275390625 GB reserved
dict_keys(['index', 'mixture_magnitude', 'mixture_phase', 'source_phase', 'mix_magnitude', 'ideal_binary_mask', 'source_magnitudes'])
1.0093998908996582 GB allocated
3.275390625 GB reserved
dict_keys(['index', 'mixture_magnitude', 'mixture_phase', 'source_phase', 'mix_magnitude', 'ideal_binary_mask', 'source_magnitudes'])
1.0093998908996582 GB allocated
3.275390625 GB reserved
dict_keys(['index', 'mixture_magnitude', 'mixture_phase', 'source_phase', 'mix_magnitude', 'ideal_binary_mask', 'source_magnitudes'])
1.0085468292236328 GB allocated
3.275390625 GB reserved
dict_keys(['index', 'mixture_magnitude', 'mixture_phase', 'source_phase', 'mix_magnitude', 'ideal_binary_mask', 'source_magnitudes'])
1.0093998908996582 GB allocated
3.275390625 GB reserved
dict_keys(['index', 'mixture_magnitude', 'mixture_phase', 'source_phase', 'mix_magnitude', 'ideal_binary_mask', 'source_magnitudes'])
1.0093998908996582 GB allocated
3.275390625 GB reserved
dict_keys(['index', 'mixture_magnitude', 'mixture_phase', 'source_phase', 'mix_magnitude', 'ideal_binary_mask', 'source_magnitudes'])
1.0093998908996582 GB allocated
3.275390625 GB reserved
dict_keys(['index', 'mixture_magnitude', 'mixture_phase', 'source_phase', 'mix_magnitude', 'ideal_binary_mask', 'source_magnitudes'])
1.0085468292236328 GB allocated
3.275390625 GB reserved
dict_keys(['index', 'mixture_magnitude', 'mixture_phase', 'source_phase', 'mix_magnitude', 'ideal_binary_mask', 'source_magnitudes'])
1.0093998908996582 GB allocated
3.275390625 GB reserved
dict_keys(['index', 'mixture_magnitude', 'mixture_phase', 'source_phase', 'mix_magnitude', 'ideal_binary_mask', 'source_magnitudes'])
1.0093998908996582 GB allocated
3.275390625 GB reserved
dict_keys(['index', 'mixture_magnitude', 'mixture_phase', 'source_phase', 'mix_magnitude', 'ideal_binary_mask', 'source_magnitudes'])
1.0093998908996582 GB allocated
3.275390625 GB reserved
dict_keys(['index', 'mixture_magnitude', 'mixture_phase', 'source_phase', 'mix_magnitude', 'ideal_binary_mask', 'source_magnitudes'])
1.0085468292236328 GB allocated
3.275390625 GB reserved
dict_keys(['index', 'mixture_magnitude', 'mixture_phase', 'source_phase', 'mix_magnitude', 'ideal_binary_mask', 'source_magnitudes'])
1.0093998908996582 GB allocated
3.275390625 GB reserved
dict_keys(['index', 'mixture_magnitude', 'mixture_phase', 'source_phase', 'mix_magnitude', 'ideal_binary_mask', 'source_magnitudes'])
1.0093998908996582 GB allocated
3.275390625 GB reserved
dict_keys(['index', 'mixture_magnitude', 'mixture_phase', 'source_phase', 'mix_magnitude', 'ideal_binary_mask', 'source_magnitudes'])
1.0093998908996582 GB allocated
3.275390625 GB reserved
dict_keys(['index', 'mixture_magnitude', 'mixture_phase', 'source_phase', 'mix_magnitude', 'ideal_binary_mask', 'source_magnitudes'])
1.0085468292236328 GB allocated
3.275390625 GB reserved
dict_keys(['index', 'mixture_magnitude', 'mixture_phase', 'source_phase', 'mix_magnitude', 'ideal_binary_mask', 'source_magnitudes'])
1.0093998908996582 GB allocated
3.275390625 GB reserved
dict_keys(['index', 'mixture_magnitude', 'mixture_phase', 'source_phase', 'mix_magnitude', 'ideal_binary_mask', 'source_magnitudes'])
1.0093998908996582 GB allocated
3.275390625 GB reserved
dict_keys(['index', 'mixture_magnitude', 'mixture_phase', 'source_phase', 'mix_magnitude', 'ideal_binary_mask', 'source_magnitudes'])
1.0093998908996582 GB allocated
3.275390625 GB reserved
dict_keys(['index', 'mixture_magnitude', 'mixture_phase', 'source_phase', 'mix_magnitude', 'ideal_binary_mask', 'source_magnitudes'])
1.0085468292236328 GB allocated
3.275390625 GB reserved
dict_keys(['index', 'mixture_magnitude', 'mixture_phase', 'source_phase', 'mix_magnitude', 'ideal_binary_mask', 'source_magnitudes'])
1.0093998908996582 GB allocated
3.275390625 GB reserved
dict_keys(['index', 'mixture_magnitude', 'mixture_phase', 'source_phase', 'mix_magnitude', 'ideal_binary_mask', 'source_magnitudes'])
1.0093998908996582 GB allocated
3.275390625 GB reserved
dict_keys(['index', 'mixture_magnitude', 'mixture_phase', 'source_phase', 'mix_magnitude', 'ideal_binary_mask', 'source_magnitudes'])
1.0093998908996582 GB allocated
3.275390625 GB reserved
dict_keys(['index', 'mixture_magnitude', 'mixture_phase', 'source_phase', 'mix_magnitude', 'ideal_binary_mask', 'source_magnitudes'])
1.0085468292236328 GB allocated
3.275390625 GB reserved
dict_keys(['index', 'mixture_magnitude', 'mixture_phase', 'source_phase', 'mix_magnitude', 'ideal_binary_mask', 'source_magnitudes'])
1.0093998908996582 GB allocated
3.275390625 GB reserved
dict_keys(['index', 'mixture_magnitude', 'mixture_phase', 'source_phase', 'mix_magnitude', 'ideal_binary_mask', 'source_magnitudes'])
1.0093998908996582 GB allocated
3.275390625 GB reserved
dict_keys(['index', 'mixture_magnitude', 'mixture_phase', 'source_phase', 'mix_magnitude', 'ideal_binary_mask', 'source_magnitudes'])
1.0093998908996582 GB allocated
3.275390625 GB reserved
dict_keys(['index', 'mixture_magnitude', 'mixture_phase', 'source_phase', 'mix_magnitude', 'ideal_binary_mask', 'source_magnitudes'])
[Validator] Epoch 24 - val_loss: 0.000593
[BEST CHECKPOINT] Guardado/actualizado en: checkpoints\Mis_modelos_v2\main\l1_freq checkpoints\4stems\best_checkpoint_24_val_loss=-0.0006.pt
05/20/2026 09:26:11 AM | engine.py:1037 Engine run finished. Time taken: 00:01:03.071
[Epoch 24] train_loss=0.000556 | val_loss=0.000593
05/20/2026 09:26:11 AM | engine.py:1010 Epoch[24] Complete. Time taken: 00:18:16.729
1.0085468292236328 GB allocated
3.275390625 GB reserved
dict_keys(['index', 'mixture_magnitude', 'mixture_phase', 'source_phase', 'mix_magnitude', 'ideal_binary_mask', 'source_magnitudes'])
1.0093998908996582 GB allocated
3.275390625 GB reserved
dict_keys(['index', 'mixture_magnitude', 'mixture_phase', 'source_phase', 'mix_magnitude', 'ideal_binary_mask', 'source_magnitudes'])
1.0093998908996582 GB allocated
3.275390625 GB reserved
dict_keys(['index', 'mixture_magnitude', 'mixture_phase', 'source_phase', 'mix_magnitude', 'ideal_binary_mask', 'source_magnitudes'])
1.0093998908996582 GB allocated
3.275390625 GB reserved
dict_keys(['index', 'mixture_magnitude', 'mixture_phase', 'source_phase', 'mix_magnitude', 'ideal_binary_mask', 'source_magnitudes'])
1.0085468292236328 GB allocated
3.275390625 GB reserved
dict_keys(['index', 'mixture_magnitude', 'mixture_phase', 'source_phase', 'mix_magnitude', 'ideal_binary_mask', 'source_magnitudes'])
1.0093998908996582 GB allocated
3.275390625 GB reserved
dict_keys(['index', 'mixture_magnitude', 'mixture_phase', 'source_phase', 'mix_magnitude', 'ideal_binary_mask', 'source_magnitudes'])
1.0093998908996582 GB allocated
3.275390625 GB reserved
dict_keys(['index', 'mixture_magnitude', 'mixture_phase', 'source_phase', 'mix_magnitude', 'ideal_binary_mask', 'source_magnitudes'])
1.0093998908996582 GB allocated
3.275390625 GB reserved
dict_keys(['index', 'mixture_magnitude', 'mixture_phase', 'source_phase', 'mix_magnitude', 'ideal_binary_mask', 'source_magnitudes'])
1.0085468292236328 GB allocated
3.275390625 GB reserved
dict_keys(['index', 'mixture_magnitude', 'mixture_phase', 'source_phase', 'mix_magnitude', 'ideal_binary_mask', 'source_magnitudes'])
1.0093998908996582 GB allocated
3.275390625 GB reserved
dict_keys(['index', 'mixture_magnitude', 'mixture_phase', 'source_phase', 'mix_magnitude', 'ideal_binary_mask', 'source_magnitudes'])
1.0093998908996582 GB allocated
3.275390625 GB reserved
dict_keys(['index', 'mixture_magnitude', 'mixture_phase', 'source_phase', 'mix_magnitude', 'ideal_binary_mask', 'source_magnitudes'])
1.0093998908996582 GB allocated
3.275390625 GB reserved
dict_keys(['index', 'mixture_magnitude', 'mixture_phase', 'source_phase', 'mix_magnitude', 'ideal_binary_mask', 'source_magnitudes'])
1.0085468292236328 GB allocated
3.275390625 GB reserved
dict_keys(['index', 'mixture_magnitude', 'mixture_phase', 'source_phase', 'mix_magnitude', 'ideal_binary_mask', 'source_magnitudes'])
1.0093998908996582 GB allocated
3.275390625 GB reserved
dict_keys(['index', 'mixture_magnitude', 'mixture_phase', 'source_phase', 'mix_magnitude', 'ideal_binary_mask', 'source_magnitudes'])
1.0093998908996582 GB allocated
3.275390625 GB reserved
dict_keys(['index', 'mixture_magnitude', 'mixture_phase', 'source_phase', 'mix_magnitude', 'ideal_binary_mask', 'source_magnitudes'])
1.0093998908996582 GB allocated
3.275390625 GB reserved
dict_keys(['index', 'mixture_magnitude', 'mixture_phase', 'source_phase', 'mix_magnitude', 'ideal_binary_mask', 'source_magnitudes'])
1.0085468292236328 GB allocated
3.275390625 GB reserved
dict_keys(['index', 'mixture_magnitude', 'mixture_phase', 'source_phase', 'mix_magnitude', 'ideal_binary_mask', 'source_magnitudes'])
1.0093998908996582 GB allocated
3.275390625 GB reserved
dict_keys(['index', 'mixture_magnitude', 'mixture_phase', 'source_phase', 'mix_magnitude', 'ideal_binary_mask', 'source_magnitudes'])
1.0093998908996582 GB allocated
3.275390625 GB reserved
dict_keys(['index', 'mixture_magnitude', 'mixture_phase', 'source_phase', 'mix_magnitude', 'ideal_binary_mask', 'source_magnitudes'])
1.0093998908996582 GB allocated
3.275390625 GB reserved
dict_keys(['index', 'mixture_magnitude', 'mixture_phase', 'source_phase', 'mix_magnitude', 'ideal_binary_mask', 'source_magnitudes'])
1.0085468292236328 GB allocated
3.275390625 GB reserved
dict_keys(['index', 'mixture_magnitude', 'mixture_phase', 'source_phase', 'mix_magnitude', 'ideal_binary_mask', 'source_magnitudes'])
1.0093998908996582 GB allocated
3.275390625 GB reserved
dict_keys(['index', 'mixture_magnitude', 'mixture_phase', 'source_phase', 'mix_magnitude', 'ideal_binary_mask', 'source_magnitudes'])
1.0093998908996582 GB allocated
3.275390625 GB reserved
dict_keys(['index', 'mixture_magnitude', 'mixture_phase', 'source_phase', 'mix_magnitude', 'ideal_binary_mask', 'source_magnitudes'])
1.0093998908996582 GB allocated
3.275390625 GB reserved
dict_keys(['index', 'mixture_magnitude', 'mixture_phase', 'source_phase', 'mix_magnitude', 'ideal_binary_mask', 'source_magnitudes'])
1.0085468292236328 GB allocated
3.275390625 GB reserved
dict_keys(['index', 'mixture_magnitude', 'mixture_phase', 'source_phase', 'mix_magnitude', 'ideal_binary_mask', 'source_magnitudes'])
1.0093998908996582 GB allocated
3.275390625 GB reserved
dict_keys(['index', 'mixture_magnitude', 'mixture_phase', 'source_phase', 'mix_magnitude', 'ideal_binary_mask', 'source_magnitudes'])
1.0093998908996582 GB allocated
3.275390625 GB reserved
dict_keys(['index', 'mixture_magnitude', 'mixture_phase', 'source_phase', 'mix_magnitude', 'ideal_binary_mask', 'source_magnitudes'])
1.0093998908996582 GB allocated
3.275390625 GB reserved
dict_keys(['index', 'mixture_magnitude', 'mixture_phase', 'source_phase', 'mix_magnitude', 'ideal_binary_mask', 'source_magnitudes'])
1.0085468292236328 GB allocated
3.275390625 GB reserved
dict_keys(['index', 'mixture_magnitude', 'mixture_phase', 'source_phase', 'mix_magnitude', 'ideal_binary_mask', 'source_magnitudes'])
1.0093998908996582 GB allocated
3.275390625 GB reserved
dict_keys(['index', 'mixture_magnitude', 'mixture_phase', 'source_phase', 'mix_magnitude', 'ideal_binary_mask', 'source_magnitudes'])
1.0093998908996582 GB allocated
3.275390625 GB reserved
dict_keys(['index', 'mixture_magnitude', 'mixture_phase', 'source_phase', 'mix_magnitude', 'ideal_binary_mask', 'source_magnitudes'])
1.0093998908996582 GB allocated
3.275390625 GB reserved
dict_keys(['index', 'mixture_magnitude', 'mixture_phase', 'source_phase', 'mix_magnitude', 'ideal_binary_mask', 'source_magnitudes'])
1.0085468292236328 GB allocated
3.275390625 GB reserved
dict_keys(['index', 'mixture_magnitude', 'mixture_phase', 'source_phase', 'mix_magnitude', 'ideal_binary_mask', 'source_magnitudes'])
1.0093998908996582 GB allocated
3.275390625 GB reserved
dict_keys(['index', 'mixture_magnitude', 'mixture_phase', 'source_phase', 'mix_magnitude', 'ideal_binary_mask', 'source_magnitudes'])
1.0093998908996582 GB allocated
3.275390625 GB reserved
dict_keys(['index', 'mixture_magnitude', 'mixture_phase', 'source_phase', 'mix_magnitude', 'ideal_binary_mask', 'source_magnitudes'])
1.0093998908996582 GB allocated
3.275390625 GB reserved
dict_keys(['index', 'mixture_magnitude', 'mixture_phase', 'source_phase', 'mix_magnitude', 'ideal_binary_mask', 'source_magnitudes'])
1.0085468292236328 GB allocated
3.275390625 GB reserved
dict_keys(['index', 'mixture_magnitude', 'mixture_phase', 'source_phase', 'mix_magnitude', 'ideal_binary_mask', 'source_magnitudes'])
1.0093998908996582 GB allocated
3.275390625 GB reserved
dict_keys(['index', 'mixture_magnitude', 'mixture_phase', 'source_phase', 'mix_magnitude', 'ideal_binary_mask', 'source_magnitudes'])
1.0093998908996582 GB allocated
3.275390625 GB reserved
dict_keys(['index', 'mixture_magnitude', 'mixture_phase', 'source_phase', 'mix_magnitude', 'ideal_binary_mask', 'source_magnitudes'])
1.0093998908996582 GB allocated
3.275390625 GB reserved
dict_keys(['index', 'mixture_magnitude', 'mixture_phase', 'source_phase', 'mix_magnitude', 'ideal_binary_mask', 'source_magnitudes'])
1.0085468292236328 GB allocated
3.275390625 GB reserved
dict_keys(['index', 'mixture_magnitude', 'mixture_phase', 'source_phase', 'mix_magnitude', 'ideal_binary_mask', 'source_magnitudes'])
1.0093998908996582 GB allocated
3.275390625 GB reserved
dict_keys(['index', 'mixture_magnitude', 'mixture_phase', 'source_phase', 'mix_magnitude', 'ideal_binary_mask', 'source_magnitudes'])
1.0093998908996582 GB allocated
3.275390625 GB reserved
05/20/2026 09:43:20 AM | engine.py:906 Engine run starting with max_epochs=1.
05/20/2026 09:44:23 AM | engine.py:1010 Epoch[1] Complete. Time taken: 00:01:03.082
dict_keys(['index', 'mixture_magnitude', 'mixture_phase', 'source_phase', 'mix_magnitude', 'ideal_binary_mask', 'source_magnitudes'])
1.0093998908996582 GB allocated
3.275390625 GB reserved
dict_keys(['index', 'mixture_magnitude', 'mixture_phase', 'source_phase', 'mix_magnitude', 'ideal_binary_mask', 'source_magnitudes'])
1.0085468292236328 GB allocated
3.275390625 GB reserved
dict_keys(['index', 'mixture_magnitude', 'mixture_phase', 'source_phase', 'mix_magnitude', 'ideal_binary_mask', 'source_magnitudes'])
1.0093998908996582 GB allocated
3.275390625 GB reserved
dict_keys(['index', 'mixture_magnitude', 'mixture_phase', 'source_phase', 'mix_magnitude', 'ideal_binary_mask', 'source_magnitudes'])
1.0093998908996582 GB allocated
3.275390625 GB reserved
dict_keys(['index', 'mixture_magnitude', 'mixture_phase', 'source_phase', 'mix_magnitude', 'ideal_binary_mask', 'source_magnitudes'])
1.0093998908996582 GB allocated
3.275390625 GB reserved
dict_keys(['index', 'mixture_magnitude', 'mixture_phase', 'source_phase', 'mix_magnitude', 'ideal_binary_mask', 'source_magnitudes'])
1.0085468292236328 GB allocated
3.275390625 GB reserved
dict_keys(['index', 'mixture_magnitude', 'mixture_phase', 'source_phase', 'mix_magnitude', 'ideal_binary_mask', 'source_magnitudes'])
1.0093998908996582 GB allocated
3.275390625 GB reserved
dict_keys(['index', 'mixture_magnitude', 'mixture_phase', 'source_phase', 'mix_magnitude', 'ideal_binary_mask', 'source_magnitudes'])
1.0093998908996582 GB allocated
3.275390625 GB reserved
dict_keys(['index', 'mixture_magnitude', 'mixture_phase', 'source_phase', 'mix_magnitude', 'ideal_binary_mask', 'source_magnitudes'])
1.0093998908996582 GB allocated
3.275390625 GB reserved
dict_keys(['index', 'mixture_magnitude', 'mixture_phase', 'source_phase', 'mix_magnitude', 'ideal_binary_mask', 'source_magnitudes'])
1.0085468292236328 GB allocated
3.275390625 GB reserved
dict_keys(['index', 'mixture_magnitude', 'mixture_phase', 'source_phase', 'mix_magnitude', 'ideal_binary_mask', 'source_magnitudes'])
1.0093998908996582 GB allocated
3.275390625 GB reserved
dict_keys(['index', 'mixture_magnitude', 'mixture_phase', 'source_phase', 'mix_magnitude', 'ideal_binary_mask', 'source_magnitudes'])
1.0093998908996582 GB allocated
3.275390625 GB reserved
dict_keys(['index', 'mixture_magnitude', 'mixture_phase', 'source_phase', 'mix_magnitude', 'ideal_binary_mask', 'source_magnitudes'])
1.0093998908996582 GB allocated
3.275390625 GB reserved
dict_keys(['index', 'mixture_magnitude', 'mixture_phase', 'source_phase', 'mix_magnitude', 'ideal_binary_mask', 'source_magnitudes'])
1.0085468292236328 GB allocated
3.275390625 GB reserved
dict_keys(['index', 'mixture_magnitude', 'mixture_phase', 'source_phase', 'mix_magnitude', 'ideal_binary_mask', 'source_magnitudes'])
1.0093998908996582 GB allocated
3.275390625 GB reserved
dict_keys(['index', 'mixture_magnitude', 'mixture_phase', 'source_phase', 'mix_magnitude', 'ideal_binary_mask', 'source_magnitudes'])
1.0093998908996582 GB allocated
3.275390625 GB reserved
dict_keys(['index', 'mixture_magnitude', 'mixture_phase', 'source_phase', 'mix_magnitude', 'ideal_binary_mask', 'source_magnitudes'])
1.0093998908996582 GB allocated
3.275390625 GB reserved
dict_keys(['index', 'mixture_magnitude', 'mixture_phase', 'source_phase', 'mix_magnitude', 'ideal_binary_mask', 'source_magnitudes'])
1.0085468292236328 GB allocated
3.275390625 GB reserved
dict_keys(['index', 'mixture_magnitude', 'mixture_phase', 'source_phase', 'mix_magnitude', 'ideal_binary_mask', 'source_magnitudes'])
1.0093998908996582 GB allocated
3.275390625 GB reserved
dict_keys(['index', 'mixture_magnitude', 'mixture_phase', 'source_phase', 'mix_magnitude', 'ideal_binary_mask', 'source_magnitudes'])
1.0093998908996582 GB allocated
3.275390625 GB reserved
dict_keys(['index', 'mixture_magnitude', 'mixture_phase', 'source_phase', 'mix_magnitude', 'ideal_binary_mask', 'source_magnitudes'])
1.0093998908996582 GB allocated
3.275390625 GB reserved
dict_keys(['index', 'mixture_magnitude', 'mixture_phase', 'source_phase', 'mix_magnitude', 'ideal_binary_mask', 'source_magnitudes'])
1.0085468292236328 GB allocated
3.275390625 GB reserved
dict_keys(['index', 'mixture_magnitude', 'mixture_phase', 'source_phase', 'mix_magnitude', 'ideal_binary_mask', 'source_magnitudes'])
1.0093998908996582 GB allocated
3.275390625 GB reserved
dict_keys(['index', 'mixture_magnitude', 'mixture_phase', 'source_phase', 'mix_magnitude', 'ideal_binary_mask', 'source_magnitudes'])
1.0093998908996582 GB allocated
3.275390625 GB reserved
dict_keys(['index', 'mixture_magnitude', 'mixture_phase', 'source_phase', 'mix_magnitude', 'ideal_binary_mask', 'source_magnitudes'])
1.0093998908996582 GB allocated
3.275390625 GB reserved
dict_keys(['index', 'mixture_magnitude', 'mixture_phase', 'source_phase', 'mix_magnitude', 'ideal_binary_mask', 'source_magnitudes'])
1.0085468292236328 GB allocated
3.275390625 GB reserved
dict_keys(['index', 'mixture_magnitude', 'mixture_phase', 'source_phase', 'mix_magnitude', 'ideal_binary_mask', 'source_magnitudes'])
1.0093998908996582 GB allocated
3.275390625 GB reserved
dict_keys(['index', 'mixture_magnitude', 'mixture_phase', 'source_phase', 'mix_magnitude', 'ideal_binary_mask', 'source_magnitudes'])
1.0093998908996582 GB allocated
3.275390625 GB reserved
dict_keys(['index', 'mixture_magnitude', 'mixture_phase', 'source_phase', 'mix_magnitude', 'ideal_binary_mask', 'source_magnitudes'])
1.0093998908996582 GB allocated
3.275390625 GB reserved
dict_keys(['index', 'mixture_magnitude', 'mixture_phase', 'source_phase', 'mix_magnitude', 'ideal_binary_mask', 'source_magnitudes'])
1.0085468292236328 GB allocated
3.275390625 GB reserved
dict_keys(['index', 'mixture_magnitude', 'mixture_phase', 'source_phase', 'mix_magnitude', 'ideal_binary_mask', 'source_magnitudes'])
1.0093998908996582 GB allocated
3.275390625 GB reserved
dict_keys(['index', 'mixture_magnitude', 'mixture_phase', 'source_phase', 'mix_magnitude', 'ideal_binary_mask', 'source_magnitudes'])
1.0093998908996582 GB allocated
3.275390625 GB reserved
dict_keys(['index', 'mixture_magnitude', 'mixture_phase', 'source_phase', 'mix_magnitude', 'ideal_binary_mask', 'source_magnitudes'])
1.0093998908996582 GB allocated
3.275390625 GB reserved
dict_keys(['index', 'mixture_magnitude', 'mixture_phase', 'source_phase', 'mix_magnitude', 'ideal_binary_mask', 'source_magnitudes'])
1.0085468292236328 GB allocated
3.275390625 GB reserved
dict_keys(['index', 'mixture_magnitude', 'mixture_phase', 'source_phase', 'mix_magnitude', 'ideal_binary_mask', 'source_magnitudes'])
1.0093998908996582 GB allocated
3.275390625 GB reserved
dict_keys(['index', 'mixture_magnitude', 'mixture_phase', 'source_phase', 'mix_magnitude', 'ideal_binary_mask', 'source_magnitudes'])
1.0093998908996582 GB allocated
3.275390625 GB reserved
dict_keys(['index', 'mixture_magnitude', 'mixture_phase', 'source_phase', 'mix_magnitude', 'ideal_binary_mask', 'source_magnitudes'])
1.0093998908996582 GB allocated
3.275390625 GB reserved
dict_keys(['index', 'mixture_magnitude', 'mixture_phase', 'source_phase', 'mix_magnitude', 'ideal_binary_mask', 'source_magnitudes'])
1.0085468292236328 GB allocated
3.275390625 GB reserved
dict_keys(['index', 'mixture_magnitude', 'mixture_phase', 'source_phase', 'mix_magnitude', 'ideal_binary_mask', 'source_magnitudes'])
1.0093998908996582 GB allocated
3.275390625 GB reserved
dict_keys(['index', 'mixture_magnitude', 'mixture_phase', 'source_phase', 'mix_magnitude', 'ideal_binary_mask', 'source_magnitudes'])
1.0093998908996582 GB allocated
3.275390625 GB reserved
dict_keys(['index', 'mixture_magnitude', 'mixture_phase', 'source_phase', 'mix_magnitude', 'ideal_binary_mask', 'source_magnitudes'])
1.0093998908996582 GB allocated
3.275390625 GB reserved
dict_keys(['index', 'mixture_magnitude', 'mixture_phase', 'source_phase', 'mix_magnitude', 'ideal_binary_mask', 'source_magnitudes'])
1.0085468292236328 GB allocated
3.275390625 GB reserved
dict_keys(['index', 'mixture_magnitude', 'mixture_phase', 'source_phase', 'mix_magnitude', 'ideal_binary_mask', 'source_magnitudes'])
1.0093998908996582 GB allocated
3.275390625 GB reserved
dict_keys(['index', 'mixture_magnitude', 'mixture_phase', 'source_phase', 'mix_magnitude', 'ideal_binary_mask', 'source_magnitudes'])
1.0093998908996582 GB allocated
3.275390625 GB reserved
dict_keys(['index', 'mixture_magnitude', 'mixture_phase', 'source_phase', 'mix_magnitude', 'ideal_binary_mask', 'source_magnitudes'])
1.0093998908996582 GB allocated
3.275390625 GB reserved
dict_keys(['index', 'mixture_magnitude', 'mixture_phase', 'source_phase', 'mix_magnitude', 'ideal_binary_mask', 'source_magnitudes'])
1.0085468292236328 GB allocated
3.275390625 GB reserved
dict_keys(['index', 'mixture_magnitude', 'mixture_phase', 'source_phase', 'mix_magnitude', 'ideal_binary_mask', 'source_magnitudes'])
1.0093998908996582 GB allocated
3.275390625 GB reserved
dict_keys(['index', 'mixture_magnitude', 'mixture_phase', 'source_phase', 'mix_magnitude', 'ideal_binary_mask', 'source_magnitudes'])
1.0093998908996582 GB allocated
3.275390625 GB reserved
dict_keys(['index', 'mixture_magnitude', 'mixture_phase', 'source_phase', 'mix_magnitude', 'ideal_binary_mask', 'source_magnitudes'])
1.0093998908996582 GB allocated
3.275390625 GB reserved
dict_keys(['index', 'mixture_magnitude', 'mixture_phase', 'source_phase', 'mix_magnitude', 'ideal_binary_mask', 'source_magnitudes'])
1.0085468292236328 GB allocated
3.275390625 GB reserved
dict_keys(['index', 'mixture_magnitude', 'mixture_phase', 'source_phase', 'mix_magnitude', 'ideal_binary_mask', 'source_magnitudes'])
1.0093998908996582 GB allocated
3.275390625 GB reserved
dict_keys(['index', 'mixture_magnitude', 'mixture_phase', 'source_phase', 'mix_magnitude', 'ideal_binary_mask', 'source_magnitudes'])
1.0093998908996582 GB allocated
3.275390625 GB reserved
dict_keys(['index', 'mixture_magnitude', 'mixture_phase', 'source_phase', 'mix_magnitude', 'ideal_binary_mask', 'source_magnitudes'])
1.0093998908996582 GB allocated
3.275390625 GB reserved
dict_keys(['index', 'mixture_magnitude', 'mixture_phase', 'source_phase', 'mix_magnitude', 'ideal_binary_mask', 'source_magnitudes'])
1.0085468292236328 GB allocated
3.275390625 GB reserved
dict_keys(['index', 'mixture_magnitude', 'mixture_phase', 'source_phase', 'mix_magnitude', 'ideal_binary_mask', 'source_magnitudes'])
1.0093998908996582 GB allocated
3.275390625 GB reserved
dict_keys(['index', 'mixture_magnitude', 'mixture_phase', 'source_phase', 'mix_magnitude', 'ideal_binary_mask', 'source_magnitudes'])
1.0093998908996582 GB allocated
3.275390625 GB reserved
dict_keys(['index', 'mixture_magnitude', 'mixture_phase', 'source_phase', 'mix_magnitude', 'ideal_binary_mask', 'source_magnitudes'])
1.0093998908996582 GB allocated
3.275390625 GB reserved
dict_keys(['index', 'mixture_magnitude', 'mixture_phase', 'source_phase', 'mix_magnitude', 'ideal_binary_mask', 'source_magnitudes'])
[Validator] Epoch 25 - val_loss: 0.000596
[BEST CHECKPOINT] Guardado/actualizado en: checkpoints\Mis_modelos_v2\main\l1_freq checkpoints\4stems\best_checkpoint_24_val_loss=-0.0006.pt
05/20/2026 09:44:23 AM | engine.py:1037 Engine run finished. Time taken: 00:01:03.082
[Epoch 25] train_loss=0.000556 | val_loss=0.000596
05/20/2026 09:44:23 AM | engine.py:1010 Epoch[25] Complete. Time taken: 00:18:11.887
1.0085468292236328 GB allocated
3.275390625 GB reserved
dict_keys(['index', 'mixture_magnitude', 'mixture_phase', 'source_phase', 'mix_magnitude', 'ideal_binary_mask', 'source_magnitudes'])
1.0093998908996582 GB allocated
3.275390625 GB reserved
dict_keys(['index', 'mixture_magnitude', 'mixture_phase', 'source_phase', 'mix_magnitude', 'ideal_binary_mask', 'source_magnitudes'])
1.0093998908996582 GB allocated
3.275390625 GB reserved
dict_keys(['index', 'mixture_magnitude', 'mixture_phase', 'source_phase', 'mix_magnitude', 'ideal_binary_mask', 'source_magnitudes'])
1.0093998908996582 GB allocated
3.275390625 GB reserved
dict_keys(['index', 'mixture_magnitude', 'mixture_phase', 'source_phase', 'mix_magnitude', 'ideal_binary_mask', 'source_magnitudes'])
1.0085468292236328 GB allocated
3.275390625 GB reserved
dict_keys(['index', 'mixture_magnitude', 'mixture_phase', 'source_phase', 'mix_magnitude', 'ideal_binary_mask', 'source_magnitudes'])
1.0093998908996582 GB allocated
3.275390625 GB reserved
dict_keys(['index', 'mixture_magnitude', 'mixture_phase', 'source_phase', 'mix_magnitude', 'ideal_binary_mask', 'source_magnitudes'])
1.0093998908996582 GB allocated
3.275390625 GB reserved
dict_keys(['index', 'mixture_magnitude', 'mixture_phase', 'source_phase', 'mix_magnitude', 'ideal_binary_mask', 'source_magnitudes'])
1.0093998908996582 GB allocated
3.275390625 GB reserved
dict_keys(['index', 'mixture_magnitude', 'mixture_phase', 'source_phase', 'mix_magnitude', 'ideal_binary_mask', 'source_magnitudes'])
1.0085468292236328 GB allocated
3.275390625 GB reserved
dict_keys(['index', 'mixture_magnitude', 'mixture_phase', 'source_phase', 'mix_magnitude', 'ideal_binary_mask', 'source_magnitudes'])
1.0093998908996582 GB allocated
3.275390625 GB reserved
dict_keys(['index', 'mixture_magnitude', 'mixture_phase', 'source_phase', 'mix_magnitude', 'ideal_binary_mask', 'source_magnitudes'])
1.0093998908996582 GB allocated
3.275390625 GB reserved
dict_keys(['index', 'mixture_magnitude', 'mixture_phase', 'source_phase', 'mix_magnitude', 'ideal_binary_mask', 'source_magnitudes'])
1.0093998908996582 GB allocated
3.275390625 GB reserved
dict_keys(['index', 'mixture_magnitude', 'mixture_phase', 'source_phase', 'mix_magnitude', 'ideal_binary_mask', 'source_magnitudes'])
1.0085468292236328 GB allocated
3.275390625 GB reserved
dict_keys(['index', 'mixture_magnitude', 'mixture_phase', 'source_phase', 'mix_magnitude', 'ideal_binary_mask', 'source_magnitudes'])
1.0093998908996582 GB allocated
3.275390625 GB reserved
dict_keys(['index', 'mixture_magnitude', 'mixture_phase', 'source_phase', 'mix_magnitude', 'ideal_binary_mask', 'source_magnitudes'])
1.0093998908996582 GB allocated
3.275390625 GB reserved
dict_keys(['index', 'mixture_magnitude', 'mixture_phase', 'source_phase', 'mix_magnitude', 'ideal_binary_mask', 'source_magnitudes'])
1.0093998908996582 GB allocated
3.275390625 GB reserved
dict_keys(['index', 'mixture_magnitude', 'mixture_phase', 'source_phase', 'mix_magnitude', 'ideal_binary_mask', 'source_magnitudes'])
1.0085468292236328 GB allocated
3.275390625 GB reserved
dict_keys(['index', 'mixture_magnitude', 'mixture_phase', 'source_phase', 'mix_magnitude', 'ideal_binary_mask', 'source_magnitudes'])
1.0093998908996582 GB allocated
3.275390625 GB reserved
dict_keys(['index', 'mixture_magnitude', 'mixture_phase', 'source_phase', 'mix_magnitude', 'ideal_binary_mask', 'source_magnitudes'])
1.0093998908996582 GB allocated
3.275390625 GB reserved
dict_keys(['index', 'mixture_magnitude', 'mixture_phase', 'source_phase', 'mix_magnitude', 'ideal_binary_mask', 'source_magnitudes'])
1.0093998908996582 GB allocated
3.275390625 GB reserved
dict_keys(['index', 'mixture_magnitude', 'mixture_phase', 'source_phase', 'mix_magnitude', 'ideal_binary_mask', 'source_magnitudes'])
1.0085468292236328 GB allocated
3.275390625 GB reserved
dict_keys(['index', 'mixture_magnitude', 'mixture_phase', 'source_phase', 'mix_magnitude', 'ideal_binary_mask', 'source_magnitudes'])
1.0093998908996582 GB allocated
3.275390625 GB reserved
dict_keys(['index', 'mixture_magnitude', 'mixture_phase', 'source_phase', 'mix_magnitude', 'ideal_binary_mask', 'source_magnitudes'])
1.0093998908996582 GB allocated
3.275390625 GB reserved
dict_keys(['index', 'mixture_magnitude', 'mixture_phase', 'source_phase', 'mix_magnitude', 'ideal_binary_mask', 'source_magnitudes'])
1.0093998908996582 GB allocated
3.275390625 GB reserved
dict_keys(['index', 'mixture_magnitude', 'mixture_phase', 'source_phase', 'mix_magnitude', 'ideal_binary_mask', 'source_magnitudes'])
1.0085468292236328 GB allocated
3.275390625 GB reserved
dict_keys(['index', 'mixture_magnitude', 'mixture_phase', 'source_phase', 'mix_magnitude', 'ideal_binary_mask', 'source_magnitudes'])
1.0093998908996582 GB allocated
3.275390625 GB reserved
dict_keys(['index', 'mixture_magnitude', 'mixture_phase', 'source_phase', 'mix_magnitude', 'ideal_binary_mask', 'source_magnitudes'])
1.0093998908996582 GB allocated
3.275390625 GB reserved
dict_keys(['index', 'mixture_magnitude', 'mixture_phase', 'source_phase', 'mix_magnitude', 'ideal_binary_mask', 'source_magnitudes'])
1.0093998908996582 GB allocated
3.275390625 GB reserved
dict_keys(['index', 'mixture_magnitude', 'mixture_phase', 'source_phase', 'mix_magnitude', 'ideal_binary_mask', 'source_magnitudes'])
1.0085468292236328 GB allocated
3.275390625 GB reserved
dict_keys(['index', 'mixture_magnitude', 'mixture_phase', 'source_phase', 'mix_magnitude', 'ideal_binary_mask', 'source_magnitudes'])
1.0093998908996582 GB allocated
3.275390625 GB reserved
dict_keys(['index', 'mixture_magnitude', 'mixture_phase', 'source_phase', 'mix_magnitude', 'ideal_binary_mask', 'source_magnitudes'])
1.0093998908996582 GB allocated
3.275390625 GB reserved
dict_keys(['index', 'mixture_magnitude', 'mixture_phase', 'source_phase', 'mix_magnitude', 'ideal_binary_mask', 'source_magnitudes'])
1.0093998908996582 GB allocated
3.275390625 GB reserved
dict_keys(['index', 'mixture_magnitude', 'mixture_phase', 'source_phase', 'mix_magnitude', 'ideal_binary_mask', 'source_magnitudes'])
1.0085468292236328 GB allocated
3.275390625 GB reserved
dict_keys(['index', 'mixture_magnitude', 'mixture_phase', 'source_phase', 'mix_magnitude', 'ideal_binary_mask', 'source_magnitudes'])
1.0093998908996582 GB allocated
3.275390625 GB reserved
dict_keys(['index', 'mixture_magnitude', 'mixture_phase', 'source_phase', 'mix_magnitude', 'ideal_binary_mask', 'source_magnitudes'])
1.0093998908996582 GB allocated
3.275390625 GB reserved
dict_keys(['index', 'mixture_magnitude', 'mixture_phase', 'source_phase', 'mix_magnitude', 'ideal_binary_mask', 'source_magnitudes'])
1.0093998908996582 GB allocated
3.275390625 GB reserved
dict_keys(['index', 'mixture_magnitude', 'mixture_phase', 'source_phase', 'mix_magnitude', 'ideal_binary_mask', 'source_magnitudes'])
1.0085468292236328 GB allocated
3.275390625 GB reserved
dict_keys(['index', 'mixture_magnitude', 'mixture_phase', 'source_phase', 'mix_magnitude', 'ideal_binary_mask', 'source_magnitudes'])
1.0093998908996582 GB allocated
3.275390625 GB reserved
dict_keys(['index', 'mixture_magnitude', 'mixture_phase', 'source_phase', 'mix_magnitude', 'ideal_binary_mask', 'source_magnitudes'])
1.0093998908996582 GB allocated
3.275390625 GB reserved
dict_keys(['index', 'mixture_magnitude', 'mixture_phase', 'source_phase', 'mix_magnitude', 'ideal_binary_mask', 'source_magnitudes'])
1.0093998908996582 GB allocated
3.275390625 GB reserved
dict_keys(['index', 'mixture_magnitude', 'mixture_phase', 'source_phase', 'mix_magnitude', 'ideal_binary_mask', 'source_magnitudes'])
1.0085468292236328 GB allocated
3.275390625 GB reserved
dict_keys(['index', 'mixture_magnitude', 'mixture_phase', 'source_phase', 'mix_magnitude', 'ideal_binary_mask', 'source_magnitudes'])
1.0093998908996582 GB allocated
3.275390625 GB reserved
dict_keys(['index', 'mixture_magnitude', 'mixture_phase', 'source_phase', 'mix_magnitude', 'ideal_binary_mask', 'source_magnitudes'])
1.0093998908996582 GB allocated
3.275390625 GB reserved
05/20/2026 10:01:34 AM | engine.py:906 Engine run starting with max_epochs=1.
05/20/2026 10:02:38 AM | engine.py:1010 Epoch[1] Complete. Time taken: 00:01:03.720
dict_keys(['index', 'mixture_magnitude', 'mixture_phase', 'source_phase', 'mix_magnitude', 'ideal_binary_mask', 'source_magnitudes'])
1.0093998908996582 GB allocated
3.275390625 GB reserved
dict_keys(['index', 'mixture_magnitude', 'mixture_phase', 'source_phase', 'mix_magnitude', 'ideal_binary_mask', 'source_magnitudes'])
1.0085468292236328 GB allocated
3.275390625 GB reserved
dict_keys(['index', 'mixture_magnitude', 'mixture_phase', 'source_phase', 'mix_magnitude', 'ideal_binary_mask', 'source_magnitudes'])
1.0093998908996582 GB allocated
3.275390625 GB reserved
dict_keys(['index', 'mixture_magnitude', 'mixture_phase', 'source_phase', 'mix_magnitude', 'ideal_binary_mask', 'source_magnitudes'])
1.0093998908996582 GB allocated
3.275390625 GB reserved
dict_keys(['index', 'mixture_magnitude', 'mixture_phase', 'source_phase', 'mix_magnitude', 'ideal_binary_mask', 'source_magnitudes'])
1.0093998908996582 GB allocated
3.275390625 GB reserved
dict_keys(['index', 'mixture_magnitude', 'mixture_phase', 'source_phase', 'mix_magnitude', 'ideal_binary_mask', 'source_magnitudes'])
1.0085468292236328 GB allocated
3.275390625 GB reserved
dict_keys(['index', 'mixture_magnitude', 'mixture_phase', 'source_phase', 'mix_magnitude', 'ideal_binary_mask', 'source_magnitudes'])
1.0093998908996582 GB allocated
3.275390625 GB reserved
dict_keys(['index', 'mixture_magnitude', 'mixture_phase', 'source_phase', 'mix_magnitude', 'ideal_binary_mask', 'source_magnitudes'])
1.0093998908996582 GB allocated
3.275390625 GB reserved
dict_keys(['index', 'mixture_magnitude', 'mixture_phase', 'source_phase', 'mix_magnitude', 'ideal_binary_mask', 'source_magnitudes'])
1.0093998908996582 GB allocated
3.275390625 GB reserved
dict_keys(['index', 'mixture_magnitude', 'mixture_phase', 'source_phase', 'mix_magnitude', 'ideal_binary_mask', 'source_magnitudes'])
1.0085468292236328 GB allocated
3.275390625 GB reserved
dict_keys(['index', 'mixture_magnitude', 'mixture_phase', 'source_phase', 'mix_magnitude', 'ideal_binary_mask', 'source_magnitudes'])
1.0093998908996582 GB allocated
3.275390625 GB reserved
dict_keys(['index', 'mixture_magnitude', 'mixture_phase', 'source_phase', 'mix_magnitude', 'ideal_binary_mask', 'source_magnitudes'])
1.0093998908996582 GB allocated
3.275390625 GB reserved
dict_keys(['index', 'mixture_magnitude', 'mixture_phase', 'source_phase', 'mix_magnitude', 'ideal_binary_mask', 'source_magnitudes'])
1.0093998908996582 GB allocated
3.275390625 GB reserved
dict_keys(['index', 'mixture_magnitude', 'mixture_phase', 'source_phase', 'mix_magnitude', 'ideal_binary_mask', 'source_magnitudes'])
1.0085468292236328 GB allocated
3.275390625 GB reserved
dict_keys(['index', 'mixture_magnitude', 'mixture_phase', 'source_phase', 'mix_magnitude', 'ideal_binary_mask', 'source_magnitudes'])
1.0093998908996582 GB allocated
3.275390625 GB reserved
dict_keys(['index', 'mixture_magnitude', 'mixture_phase', 'source_phase', 'mix_magnitude', 'ideal_binary_mask', 'source_magnitudes'])
1.0093998908996582 GB allocated
3.275390625 GB reserved
dict_keys(['index', 'mixture_magnitude', 'mixture_phase', 'source_phase', 'mix_magnitude', 'ideal_binary_mask', 'source_magnitudes'])
1.0093998908996582 GB allocated
3.275390625 GB reserved
dict_keys(['index', 'mixture_magnitude', 'mixture_phase', 'source_phase', 'mix_magnitude', 'ideal_binary_mask', 'source_magnitudes'])
1.0085468292236328 GB allocated
3.275390625 GB reserved
dict_keys(['index', 'mixture_magnitude', 'mixture_phase', 'source_phase', 'mix_magnitude', 'ideal_binary_mask', 'source_magnitudes'])
1.0093998908996582 GB allocated
3.275390625 GB reserved
dict_keys(['index', 'mixture_magnitude', 'mixture_phase', 'source_phase', 'mix_magnitude', 'ideal_binary_mask', 'source_magnitudes'])
1.0093998908996582 GB allocated
3.275390625 GB reserved
dict_keys(['index', 'mixture_magnitude', 'mixture_phase', 'source_phase', 'mix_magnitude', 'ideal_binary_mask', 'source_magnitudes'])
1.0093998908996582 GB allocated
3.275390625 GB reserved
dict_keys(['index', 'mixture_magnitude', 'mixture_phase', 'source_phase', 'mix_magnitude', 'ideal_binary_mask', 'source_magnitudes'])
1.0085468292236328 GB allocated
3.275390625 GB reserved
dict_keys(['index', 'mixture_magnitude', 'mixture_phase', 'source_phase', 'mix_magnitude', 'ideal_binary_mask', 'source_magnitudes'])
1.0093998908996582 GB allocated
3.275390625 GB reserved
dict_keys(['index', 'mixture_magnitude', 'mixture_phase', 'source_phase', 'mix_magnitude', 'ideal_binary_mask', 'source_magnitudes'])
1.0093998908996582 GB allocated
3.275390625 GB reserved
dict_keys(['index', 'mixture_magnitude', 'mixture_phase', 'source_phase', 'mix_magnitude', 'ideal_binary_mask', 'source_magnitudes'])
1.0093998908996582 GB allocated
3.275390625 GB reserved
dict_keys(['index', 'mixture_magnitude', 'mixture_phase', 'source_phase', 'mix_magnitude', 'ideal_binary_mask', 'source_magnitudes'])
1.0085468292236328 GB allocated
3.275390625 GB reserved
dict_keys(['index', 'mixture_magnitude', 'mixture_phase', 'source_phase', 'mix_magnitude', 'ideal_binary_mask', 'source_magnitudes'])
1.0093998908996582 GB allocated
3.275390625 GB reserved
dict_keys(['index', 'mixture_magnitude', 'mixture_phase', 'source_phase', 'mix_magnitude', 'ideal_binary_mask', 'source_magnitudes'])
1.0093998908996582 GB allocated
3.275390625 GB reserved
dict_keys(['index', 'mixture_magnitude', 'mixture_phase', 'source_phase', 'mix_magnitude', 'ideal_binary_mask', 'source_magnitudes'])
1.0093998908996582 GB allocated
3.275390625 GB reserved
dict_keys(['index', 'mixture_magnitude', 'mixture_phase', 'source_phase', 'mix_magnitude', 'ideal_binary_mask', 'source_magnitudes'])
1.0085468292236328 GB allocated
3.275390625 GB reserved
dict_keys(['index', 'mixture_magnitude', 'mixture_phase', 'source_phase', 'mix_magnitude', 'ideal_binary_mask', 'source_magnitudes'])
1.0093998908996582 GB allocated
3.275390625 GB reserved
dict_keys(['index', 'mixture_magnitude', 'mixture_phase', 'source_phase', 'mix_magnitude', 'ideal_binary_mask', 'source_magnitudes'])
1.0093998908996582 GB allocated
3.275390625 GB reserved
dict_keys(['index', 'mixture_magnitude', 'mixture_phase', 'source_phase', 'mix_magnitude', 'ideal_binary_mask', 'source_magnitudes'])
1.0093998908996582 GB allocated
3.275390625 GB reserved
dict_keys(['index', 'mixture_magnitude', 'mixture_phase', 'source_phase', 'mix_magnitude', 'ideal_binary_mask', 'source_magnitudes'])
1.0085468292236328 GB allocated
3.275390625 GB reserved
dict_keys(['index', 'mixture_magnitude', 'mixture_phase', 'source_phase', 'mix_magnitude', 'ideal_binary_mask', 'source_magnitudes'])
1.0093998908996582 GB allocated
3.275390625 GB reserved
dict_keys(['index', 'mixture_magnitude', 'mixture_phase', 'source_phase', 'mix_magnitude', 'ideal_binary_mask', 'source_magnitudes'])
1.0093998908996582 GB allocated
3.275390625 GB reserved
dict_keys(['index', 'mixture_magnitude', 'mixture_phase', 'source_phase', 'mix_magnitude', 'ideal_binary_mask', 'source_magnitudes'])
1.0093998908996582 GB allocated
3.275390625 GB reserved
dict_keys(['index', 'mixture_magnitude', 'mixture_phase', 'source_phase', 'mix_magnitude', 'ideal_binary_mask', 'source_magnitudes'])
1.0085468292236328 GB allocated
3.275390625 GB reserved
dict_keys(['index', 'mixture_magnitude', 'mixture_phase', 'source_phase', 'mix_magnitude', 'ideal_binary_mask', 'source_magnitudes'])
1.0093998908996582 GB allocated
3.275390625 GB reserved
dict_keys(['index', 'mixture_magnitude', 'mixture_phase', 'source_phase', 'mix_magnitude', 'ideal_binary_mask', 'source_magnitudes'])
1.0093998908996582 GB allocated
3.275390625 GB reserved
dict_keys(['index', 'mixture_magnitude', 'mixture_phase', 'source_phase', 'mix_magnitude', 'ideal_binary_mask', 'source_magnitudes'])
1.0093998908996582 GB allocated
3.275390625 GB reserved
dict_keys(['index', 'mixture_magnitude', 'mixture_phase', 'source_phase', 'mix_magnitude', 'ideal_binary_mask', 'source_magnitudes'])
1.0085468292236328 GB allocated
3.275390625 GB reserved
dict_keys(['index', 'mixture_magnitude', 'mixture_phase', 'source_phase', 'mix_magnitude', 'ideal_binary_mask', 'source_magnitudes'])
1.0093998908996582 GB allocated
3.275390625 GB reserved
dict_keys(['index', 'mixture_magnitude', 'mixture_phase', 'source_phase', 'mix_magnitude', 'ideal_binary_mask', 'source_magnitudes'])
1.0093998908996582 GB allocated
3.275390625 GB reserved
dict_keys(['index', 'mixture_magnitude', 'mixture_phase', 'source_phase', 'mix_magnitude', 'ideal_binary_mask', 'source_magnitudes'])
1.0093998908996582 GB allocated
3.275390625 GB reserved
dict_keys(['index', 'mixture_magnitude', 'mixture_phase', 'source_phase', 'mix_magnitude', 'ideal_binary_mask', 'source_magnitudes'])
1.0085468292236328 GB allocated
3.275390625 GB reserved
dict_keys(['index', 'mixture_magnitude', 'mixture_phase', 'source_phase', 'mix_magnitude', 'ideal_binary_mask', 'source_magnitudes'])
1.0093998908996582 GB allocated
3.275390625 GB reserved
dict_keys(['index', 'mixture_magnitude', 'mixture_phase', 'source_phase', 'mix_magnitude', 'ideal_binary_mask', 'source_magnitudes'])
1.0093998908996582 GB allocated
3.275390625 GB reserved
dict_keys(['index', 'mixture_magnitude', 'mixture_phase', 'source_phase', 'mix_magnitude', 'ideal_binary_mask', 'source_magnitudes'])
1.0093998908996582 GB allocated
3.275390625 GB reserved
dict_keys(['index', 'mixture_magnitude', 'mixture_phase', 'source_phase', 'mix_magnitude', 'ideal_binary_mask', 'source_magnitudes'])
1.0085468292236328 GB allocated
3.275390625 GB reserved
dict_keys(['index', 'mixture_magnitude', 'mixture_phase', 'source_phase', 'mix_magnitude', 'ideal_binary_mask', 'source_magnitudes'])
1.0093998908996582 GB allocated
3.275390625 GB reserved
dict_keys(['index', 'mixture_magnitude', 'mixture_phase', 'source_phase', 'mix_magnitude', 'ideal_binary_mask', 'source_magnitudes'])
1.0093998908996582 GB allocated
3.275390625 GB reserved
dict_keys(['index', 'mixture_magnitude', 'mixture_phase', 'source_phase', 'mix_magnitude', 'ideal_binary_mask', 'source_magnitudes'])
1.0093998908996582 GB allocated
3.275390625 GB reserved
dict_keys(['index', 'mixture_magnitude', 'mixture_phase', 'source_phase', 'mix_magnitude', 'ideal_binary_mask', 'source_magnitudes'])
1.0085468292236328 GB allocated
3.275390625 GB reserved
dict_keys(['index', 'mixture_magnitude', 'mixture_phase', 'source_phase', 'mix_magnitude', 'ideal_binary_mask', 'source_magnitudes'])
1.0093998908996582 GB allocated
3.275390625 GB reserved
dict_keys(['index', 'mixture_magnitude', 'mixture_phase', 'source_phase', 'mix_magnitude', 'ideal_binary_mask', 'source_magnitudes'])
1.0093998908996582 GB allocated
3.275390625 GB reserved
dict_keys(['index', 'mixture_magnitude', 'mixture_phase', 'source_phase', 'mix_magnitude', 'ideal_binary_mask', 'source_magnitudes'])
1.0093998908996582 GB allocated
3.275390625 GB reserved
dict_keys(['index', 'mixture_magnitude', 'mixture_phase', 'source_phase', 'mix_magnitude', 'ideal_binary_mask', 'source_magnitudes'])
[Validator] Epoch 26 - val_loss: 0.000595
[BEST CHECKPOINT] Guardado/actualizado en: checkpoints\Mis_modelos_v2\main\l1_freq checkpoints\4stems\best_checkpoint_24_val_loss=-0.0006.pt
05/20/2026 10:02:38 AM | engine.py:1037 Engine run finished. Time taken: 00:01:03.721
[Epoch 26] train_loss=0.000549 | val_loss=0.000595
05/20/2026 10:02:38 AM | engine.py:1010 Epoch[26] Complete. Time taken: 00:18:14.660
1.0085468292236328 GB allocated
3.275390625 GB reserved
dict_keys(['index', 'mixture_magnitude', 'mixture_phase', 'source_phase', 'mix_magnitude', 'ideal_binary_mask', 'source_magnitudes'])
1.0093998908996582 GB allocated
3.275390625 GB reserved
dict_keys(['index', 'mixture_magnitude', 'mixture_phase', 'source_phase', 'mix_magnitude', 'ideal_binary_mask', 'source_magnitudes'])
1.0093998908996582 GB allocated
3.275390625 GB reserved
dict_keys(['index', 'mixture_magnitude', 'mixture_phase', 'source_phase', 'mix_magnitude', 'ideal_binary_mask', 'source_magnitudes'])
1.0093998908996582 GB allocated
3.275390625 GB reserved
dict_keys(['index', 'mixture_magnitude', 'mixture_phase', 'source_phase', 'mix_magnitude', 'ideal_binary_mask', 'source_magnitudes'])
1.0085468292236328 GB allocated
3.275390625 GB reserved
dict_keys(['index', 'mixture_magnitude', 'mixture_phase', 'source_phase', 'mix_magnitude', 'ideal_binary_mask', 'source_magnitudes'])
1.0093998908996582 GB allocated
3.275390625 GB reserved
dict_keys(['index', 'mixture_magnitude', 'mixture_phase', 'source_phase', 'mix_magnitude', 'ideal_binary_mask', 'source_magnitudes'])
1.0093998908996582 GB allocated
3.275390625 GB reserved
dict_keys(['index', 'mixture_magnitude', 'mixture_phase', 'source_phase', 'mix_magnitude', 'ideal_binary_mask', 'source_magnitudes'])
1.0093998908996582 GB allocated
3.275390625 GB reserved
dict_keys(['index', 'mixture_magnitude', 'mixture_phase', 'source_phase', 'mix_magnitude', 'ideal_binary_mask', 'source_magnitudes'])
1.0085468292236328 GB allocated
3.275390625 GB reserved
dict_keys(['index', 'mixture_magnitude', 'mixture_phase', 'source_phase', 'mix_magnitude', 'ideal_binary_mask', 'source_magnitudes'])
1.0093998908996582 GB allocated
3.275390625 GB reserved
dict_keys(['index', 'mixture_magnitude', 'mixture_phase', 'source_phase', 'mix_magnitude', 'ideal_binary_mask', 'source_magnitudes'])
1.0093998908996582 GB allocated
3.275390625 GB reserved
dict_keys(['index', 'mixture_magnitude', 'mixture_phase', 'source_phase', 'mix_magnitude', 'ideal_binary_mask', 'source_magnitudes'])
1.0093998908996582 GB allocated
3.275390625 GB reserved
dict_keys(['index', 'mixture_magnitude', 'mixture_phase', 'source_phase', 'mix_magnitude', 'ideal_binary_mask', 'source_magnitudes'])
1.0085468292236328 GB allocated
3.275390625 GB reserved
dict_keys(['index', 'mixture_magnitude', 'mixture_phase', 'source_phase', 'mix_magnitude', 'ideal_binary_mask', 'source_magnitudes'])
1.0093998908996582 GB allocated
3.275390625 GB reserved
dict_keys(['index', 'mixture_magnitude', 'mixture_phase', 'source_phase', 'mix_magnitude', 'ideal_binary_mask', 'source_magnitudes'])
1.0093998908996582 GB allocated
3.275390625 GB reserved
dict_keys(['index', 'mixture_magnitude', 'mixture_phase', 'source_phase', 'mix_magnitude', 'ideal_binary_mask', 'source_magnitudes'])
1.0093998908996582 GB allocated
3.275390625 GB reserved
dict_keys(['index', 'mixture_magnitude', 'mixture_phase', 'source_phase', 'mix_magnitude', 'ideal_binary_mask', 'source_magnitudes'])
1.0085468292236328 GB allocated
3.275390625 GB reserved
dict_keys(['index', 'mixture_magnitude', 'mixture_phase', 'source_phase', 'mix_magnitude', 'ideal_binary_mask', 'source_magnitudes'])
1.0093998908996582 GB allocated
3.275390625 GB reserved
dict_keys(['index', 'mixture_magnitude', 'mixture_phase', 'source_phase', 'mix_magnitude', 'ideal_binary_mask', 'source_magnitudes'])
1.0093998908996582 GB allocated
3.275390625 GB reserved
dict_keys(['index', 'mixture_magnitude', 'mixture_phase', 'source_phase', 'mix_magnitude', 'ideal_binary_mask', 'source_magnitudes'])
1.0093998908996582 GB allocated
3.275390625 GB reserved
dict_keys(['index', 'mixture_magnitude', 'mixture_phase', 'source_phase', 'mix_magnitude', 'ideal_binary_mask', 'source_magnitudes'])
1.0085468292236328 GB allocated
3.275390625 GB reserved
dict_keys(['index', 'mixture_magnitude', 'mixture_phase', 'source_phase', 'mix_magnitude', 'ideal_binary_mask', 'source_magnitudes'])
1.0093998908996582 GB allocated
3.275390625 GB reserved
dict_keys(['index', 'mixture_magnitude', 'mixture_phase', 'source_phase', 'mix_magnitude', 'ideal_binary_mask', 'source_magnitudes'])
1.0093998908996582 GB allocated
3.275390625 GB reserved
dict_keys(['index', 'mixture_magnitude', 'mixture_phase', 'source_phase', 'mix_magnitude', 'ideal_binary_mask', 'source_magnitudes'])
1.0093998908996582 GB allocated
3.275390625 GB reserved
dict_keys(['index', 'mixture_magnitude', 'mixture_phase', 'source_phase', 'mix_magnitude', 'ideal_binary_mask', 'source_magnitudes'])
1.0085468292236328 GB allocated
3.275390625 GB reserved
dict_keys(['index', 'mixture_magnitude', 'mixture_phase', 'source_phase', 'mix_magnitude', 'ideal_binary_mask', 'source_magnitudes'])
1.0093998908996582 GB allocated
3.275390625 GB reserved
dict_keys(['index', 'mixture_magnitude', 'mixture_phase', 'source_phase', 'mix_magnitude', 'ideal_binary_mask', 'source_magnitudes'])
1.0093998908996582 GB allocated
3.275390625 GB reserved
dict_keys(['index', 'mixture_magnitude', 'mixture_phase', 'source_phase', 'mix_magnitude', 'ideal_binary_mask', 'source_magnitudes'])
1.0093998908996582 GB allocated
3.275390625 GB reserved
dict_keys(['index', 'mixture_magnitude', 'mixture_phase', 'source_phase', 'mix_magnitude', 'ideal_binary_mask', 'source_magnitudes'])
1.0085468292236328 GB allocated
3.275390625 GB reserved
dict_keys(['index', 'mixture_magnitude', 'mixture_phase', 'source_phase', 'mix_magnitude', 'ideal_binary_mask', 'source_magnitudes'])
1.0093998908996582 GB allocated
3.275390625 GB reserved
dict_keys(['index', 'mixture_magnitude', 'mixture_phase', 'source_phase', 'mix_magnitude', 'ideal_binary_mask', 'source_magnitudes'])
1.0093998908996582 GB allocated
3.275390625 GB reserved
dict_keys(['index', 'mixture_magnitude', 'mixture_phase', 'source_phase', 'mix_magnitude', 'ideal_binary_mask', 'source_magnitudes'])
1.0093998908996582 GB allocated
3.275390625 GB reserved
dict_keys(['index', 'mixture_magnitude', 'mixture_phase', 'source_phase', 'mix_magnitude', 'ideal_binary_mask', 'source_magnitudes'])
1.0085468292236328 GB allocated
3.275390625 GB reserved
dict_keys(['index', 'mixture_magnitude', 'mixture_phase', 'source_phase', 'mix_magnitude', 'ideal_binary_mask', 'source_magnitudes'])
1.0093998908996582 GB allocated
3.275390625 GB reserved
dict_keys(['index', 'mixture_magnitude', 'mixture_phase', 'source_phase', 'mix_magnitude', 'ideal_binary_mask', 'source_magnitudes'])
1.0093998908996582 GB allocated
3.275390625 GB reserved
dict_keys(['index', 'mixture_magnitude', 'mixture_phase', 'source_phase', 'mix_magnitude', 'ideal_binary_mask', 'source_magnitudes'])
1.0093998908996582 GB allocated
3.275390625 GB reserved
dict_keys(['index', 'mixture_magnitude', 'mixture_phase', 'source_phase', 'mix_magnitude', 'ideal_binary_mask', 'source_magnitudes'])
1.0085468292236328 GB allocated
3.275390625 GB reserved
dict_keys(['index', 'mixture_magnitude', 'mixture_phase', 'source_phase', 'mix_magnitude', 'ideal_binary_mask', 'source_magnitudes'])
1.0093998908996582 GB allocated
3.275390625 GB reserved
dict_keys(['index', 'mixture_magnitude', 'mixture_phase', 'source_phase', 'mix_magnitude', 'ideal_binary_mask', 'source_magnitudes'])
1.0093998908996582 GB allocated
3.275390625 GB reserved
dict_keys(['index', 'mixture_magnitude', 'mixture_phase', 'source_phase', 'mix_magnitude', 'ideal_binary_mask', 'source_magnitudes'])
1.0093998908996582 GB allocated
3.275390625 GB reserved
dict_keys(['index', 'mixture_magnitude', 'mixture_phase', 'source_phase', 'mix_magnitude', 'ideal_binary_mask', 'source_magnitudes'])
1.0085468292236328 GB allocated
3.275390625 GB reserved
dict_keys(['index', 'mixture_magnitude', 'mixture_phase', 'source_phase', 'mix_magnitude', 'ideal_binary_mask', 'source_magnitudes'])
1.0093998908996582 GB allocated
3.275390625 GB reserved
dict_keys(['index', 'mixture_magnitude', 'mixture_phase', 'source_phase', 'mix_magnitude', 'ideal_binary_mask', 'source_magnitudes'])
1.0093998908996582 GB allocated
3.275390625 GB reserved
05/20/2026 10:19:54 AM | engine.py:906 Engine run starting with max_epochs=1.
05/20/2026 10:20:57 AM | engine.py:1010 Epoch[1] Complete. Time taken: 00:01:03.098
dict_keys(['index', 'mixture_magnitude', 'mixture_phase', 'source_phase', 'mix_magnitude', 'ideal_binary_mask', 'source_magnitudes'])
1.0093998908996582 GB allocated
3.275390625 GB reserved
dict_keys(['index', 'mixture_magnitude', 'mixture_phase', 'source_phase', 'mix_magnitude', 'ideal_binary_mask', 'source_magnitudes'])
1.0085468292236328 GB allocated
3.275390625 GB reserved
dict_keys(['index', 'mixture_magnitude', 'mixture_phase', 'source_phase', 'mix_magnitude', 'ideal_binary_mask', 'source_magnitudes'])
1.0093998908996582 GB allocated
3.275390625 GB reserved
dict_keys(['index', 'mixture_magnitude', 'mixture_phase', 'source_phase', 'mix_magnitude', 'ideal_binary_mask', 'source_magnitudes'])
1.0093998908996582 GB allocated
3.275390625 GB reserved
dict_keys(['index', 'mixture_magnitude', 'mixture_phase', 'source_phase', 'mix_magnitude', 'ideal_binary_mask', 'source_magnitudes'])
1.0093998908996582 GB allocated
3.275390625 GB reserved
dict_keys(['index', 'mixture_magnitude', 'mixture_phase', 'source_phase', 'mix_magnitude', 'ideal_binary_mask', 'source_magnitudes'])
1.0085468292236328 GB allocated
3.275390625 GB reserved
dict_keys(['index', 'mixture_magnitude', 'mixture_phase', 'source_phase', 'mix_magnitude', 'ideal_binary_mask', 'source_magnitudes'])
1.0093998908996582 GB allocated
3.275390625 GB reserved
dict_keys(['index', 'mixture_magnitude', 'mixture_phase', 'source_phase', 'mix_magnitude', 'ideal_binary_mask', 'source_magnitudes'])
1.0093998908996582 GB allocated
3.275390625 GB reserved
dict_keys(['index', 'mixture_magnitude', 'mixture_phase', 'source_phase', 'mix_magnitude', 'ideal_binary_mask', 'source_magnitudes'])
1.0093998908996582 GB allocated
3.275390625 GB reserved
dict_keys(['index', 'mixture_magnitude', 'mixture_phase', 'source_phase', 'mix_magnitude', 'ideal_binary_mask', 'source_magnitudes'])
1.0085468292236328 GB allocated
3.275390625 GB reserved
dict_keys(['index', 'mixture_magnitude', 'mixture_phase', 'source_phase', 'mix_magnitude', 'ideal_binary_mask', 'source_magnitudes'])
1.0093998908996582 GB allocated
3.275390625 GB reserved
dict_keys(['index', 'mixture_magnitude', 'mixture_phase', 'source_phase', 'mix_magnitude', 'ideal_binary_mask', 'source_magnitudes'])
1.0093998908996582 GB allocated
3.275390625 GB reserved
dict_keys(['index', 'mixture_magnitude', 'mixture_phase', 'source_phase', 'mix_magnitude', 'ideal_binary_mask', 'source_magnitudes'])
1.0093998908996582 GB allocated
3.275390625 GB reserved
dict_keys(['index', 'mixture_magnitude', 'mixture_phase', 'source_phase', 'mix_magnitude', 'ideal_binary_mask', 'source_magnitudes'])
1.0085468292236328 GB allocated
3.275390625 GB reserved
dict_keys(['index', 'mixture_magnitude', 'mixture_phase', 'source_phase', 'mix_magnitude', 'ideal_binary_mask', 'source_magnitudes'])
1.0093998908996582 GB allocated
3.275390625 GB reserved
dict_keys(['index', 'mixture_magnitude', 'mixture_phase', 'source_phase', 'mix_magnitude', 'ideal_binary_mask', 'source_magnitudes'])
1.0093998908996582 GB allocated
3.275390625 GB reserved
dict_keys(['index', 'mixture_magnitude', 'mixture_phase', 'source_phase', 'mix_magnitude', 'ideal_binary_mask', 'source_magnitudes'])
1.0093998908996582 GB allocated
3.275390625 GB reserved
dict_keys(['index', 'mixture_magnitude', 'mixture_phase', 'source_phase', 'mix_magnitude', 'ideal_binary_mask', 'source_magnitudes'])
1.0085468292236328 GB allocated
3.275390625 GB reserved
dict_keys(['index', 'mixture_magnitude', 'mixture_phase', 'source_phase', 'mix_magnitude', 'ideal_binary_mask', 'source_magnitudes'])
1.0093998908996582 GB allocated
3.275390625 GB reserved
dict_keys(['index', 'mixture_magnitude', 'mixture_phase', 'source_phase', 'mix_magnitude', 'ideal_binary_mask', 'source_magnitudes'])
1.0093998908996582 GB allocated
3.275390625 GB reserved
dict_keys(['index', 'mixture_magnitude', 'mixture_phase', 'source_phase', 'mix_magnitude', 'ideal_binary_mask', 'source_magnitudes'])
1.0093998908996582 GB allocated
3.275390625 GB reserved
dict_keys(['index', 'mixture_magnitude', 'mixture_phase', 'source_phase', 'mix_magnitude', 'ideal_binary_mask', 'source_magnitudes'])
1.0085468292236328 GB allocated
3.275390625 GB reserved
dict_keys(['index', 'mixture_magnitude', 'mixture_phase', 'source_phase', 'mix_magnitude', 'ideal_binary_mask', 'source_magnitudes'])
1.0093998908996582 GB allocated
3.275390625 GB reserved
dict_keys(['index', 'mixture_magnitude', 'mixture_phase', 'source_phase', 'mix_magnitude', 'ideal_binary_mask', 'source_magnitudes'])
1.0093998908996582 GB allocated
3.275390625 GB reserved
dict_keys(['index', 'mixture_magnitude', 'mixture_phase', 'source_phase', 'mix_magnitude', 'ideal_binary_mask', 'source_magnitudes'])
1.0093998908996582 GB allocated
3.275390625 GB reserved
dict_keys(['index', 'mixture_magnitude', 'mixture_phase', 'source_phase', 'mix_magnitude', 'ideal_binary_mask', 'source_magnitudes'])
1.0085468292236328 GB allocated
3.275390625 GB reserved
dict_keys(['index', 'mixture_magnitude', 'mixture_phase', 'source_phase', 'mix_magnitude', 'ideal_binary_mask', 'source_magnitudes'])
1.0093998908996582 GB allocated
3.275390625 GB reserved
dict_keys(['index', 'mixture_magnitude', 'mixture_phase', 'source_phase', 'mix_magnitude', 'ideal_binary_mask', 'source_magnitudes'])
1.0093998908996582 GB allocated
3.275390625 GB reserved
dict_keys(['index', 'mixture_magnitude', 'mixture_phase', 'source_phase', 'mix_magnitude', 'ideal_binary_mask', 'source_magnitudes'])
1.0093998908996582 GB allocated
3.275390625 GB reserved
dict_keys(['index', 'mixture_magnitude', 'mixture_phase', 'source_phase', 'mix_magnitude', 'ideal_binary_mask', 'source_magnitudes'])
1.0085468292236328 GB allocated
3.275390625 GB reserved
dict_keys(['index', 'mixture_magnitude', 'mixture_phase', 'source_phase', 'mix_magnitude', 'ideal_binary_mask', 'source_magnitudes'])
1.0093998908996582 GB allocated
3.275390625 GB reserved
dict_keys(['index', 'mixture_magnitude', 'mixture_phase', 'source_phase', 'mix_magnitude', 'ideal_binary_mask', 'source_magnitudes'])
1.0093998908996582 GB allocated
3.275390625 GB reserved
dict_keys(['index', 'mixture_magnitude', 'mixture_phase', 'source_phase', 'mix_magnitude', 'ideal_binary_mask', 'source_magnitudes'])
1.0093998908996582 GB allocated
3.275390625 GB reserved
dict_keys(['index', 'mixture_magnitude', 'mixture_phase', 'source_phase', 'mix_magnitude', 'ideal_binary_mask', 'source_magnitudes'])
1.0085468292236328 GB allocated
3.275390625 GB reserved
dict_keys(['index', 'mixture_magnitude', 'mixture_phase', 'source_phase', 'mix_magnitude', 'ideal_binary_mask', 'source_magnitudes'])
1.0093998908996582 GB allocated
3.275390625 GB reserved
dict_keys(['index', 'mixture_magnitude', 'mixture_phase', 'source_phase', 'mix_magnitude', 'ideal_binary_mask', 'source_magnitudes'])
1.0093998908996582 GB allocated
3.275390625 GB reserved
dict_keys(['index', 'mixture_magnitude', 'mixture_phase', 'source_phase', 'mix_magnitude', 'ideal_binary_mask', 'source_magnitudes'])
1.0093998908996582 GB allocated
3.275390625 GB reserved
dict_keys(['index', 'mixture_magnitude', 'mixture_phase', 'source_phase', 'mix_magnitude', 'ideal_binary_mask', 'source_magnitudes'])
1.0085468292236328 GB allocated
3.275390625 GB reserved
dict_keys(['index', 'mixture_magnitude', 'mixture_phase', 'source_phase', 'mix_magnitude', 'ideal_binary_mask', 'source_magnitudes'])
1.0093998908996582 GB allocated
3.275390625 GB reserved
dict_keys(['index', 'mixture_magnitude', 'mixture_phase', 'source_phase', 'mix_magnitude', 'ideal_binary_mask', 'source_magnitudes'])
1.0093998908996582 GB allocated
3.275390625 GB reserved
dict_keys(['index', 'mixture_magnitude', 'mixture_phase', 'source_phase', 'mix_magnitude', 'ideal_binary_mask', 'source_magnitudes'])
1.0093998908996582 GB allocated
3.275390625 GB reserved
dict_keys(['index', 'mixture_magnitude', 'mixture_phase', 'source_phase', 'mix_magnitude', 'ideal_binary_mask', 'source_magnitudes'])
1.0085468292236328 GB allocated
3.275390625 GB reserved
dict_keys(['index', 'mixture_magnitude', 'mixture_phase', 'source_phase', 'mix_magnitude', 'ideal_binary_mask', 'source_magnitudes'])
1.0093998908996582 GB allocated
3.275390625 GB reserved
dict_keys(['index', 'mixture_magnitude', 'mixture_phase', 'source_phase', 'mix_magnitude', 'ideal_binary_mask', 'source_magnitudes'])
1.0093998908996582 GB allocated
3.275390625 GB reserved
dict_keys(['index', 'mixture_magnitude', 'mixture_phase', 'source_phase', 'mix_magnitude', 'ideal_binary_mask', 'source_magnitudes'])
1.0093998908996582 GB allocated
3.275390625 GB reserved
dict_keys(['index', 'mixture_magnitude', 'mixture_phase', 'source_phase', 'mix_magnitude', 'ideal_binary_mask', 'source_magnitudes'])
1.0085468292236328 GB allocated
3.275390625 GB reserved
dict_keys(['index', 'mixture_magnitude', 'mixture_phase', 'source_phase', 'mix_magnitude', 'ideal_binary_mask', 'source_magnitudes'])
1.0093998908996582 GB allocated
3.275390625 GB reserved
dict_keys(['index', 'mixture_magnitude', 'mixture_phase', 'source_phase', 'mix_magnitude', 'ideal_binary_mask', 'source_magnitudes'])
1.0093998908996582 GB allocated
3.275390625 GB reserved
dict_keys(['index', 'mixture_magnitude', 'mixture_phase', 'source_phase', 'mix_magnitude', 'ideal_binary_mask', 'source_magnitudes'])
1.0093998908996582 GB allocated
3.275390625 GB reserved
dict_keys(['index', 'mixture_magnitude', 'mixture_phase', 'source_phase', 'mix_magnitude', 'ideal_binary_mask', 'source_magnitudes'])
1.0085468292236328 GB allocated
3.275390625 GB reserved
dict_keys(['index', 'mixture_magnitude', 'mixture_phase', 'source_phase', 'mix_magnitude', 'ideal_binary_mask', 'source_magnitudes'])
1.0093998908996582 GB allocated
3.275390625 GB reserved
dict_keys(['index', 'mixture_magnitude', 'mixture_phase', 'source_phase', 'mix_magnitude', 'ideal_binary_mask', 'source_magnitudes'])
1.0093998908996582 GB allocated
3.275390625 GB reserved
dict_keys(['index', 'mixture_magnitude', 'mixture_phase', 'source_phase', 'mix_magnitude', 'ideal_binary_mask', 'source_magnitudes'])
1.0093998908996582 GB allocated
3.275390625 GB reserved
dict_keys(['index', 'mixture_magnitude', 'mixture_phase', 'source_phase', 'mix_magnitude', 'ideal_binary_mask', 'source_magnitudes'])
1.0085468292236328 GB allocated
3.275390625 GB reserved
dict_keys(['index', 'mixture_magnitude', 'mixture_phase', 'source_phase', 'mix_magnitude', 'ideal_binary_mask', 'source_magnitudes'])
1.0093998908996582 GB allocated
3.275390625 GB reserved
dict_keys(['index', 'mixture_magnitude', 'mixture_phase', 'source_phase', 'mix_magnitude', 'ideal_binary_mask', 'source_magnitudes'])
1.0093998908996582 GB allocated
3.275390625 GB reserved
dict_keys(['index', 'mixture_magnitude', 'mixture_phase', 'source_phase', 'mix_magnitude', 'ideal_binary_mask', 'source_magnitudes'])
1.0093998908996582 GB allocated
3.275390625 GB reserved
dict_keys(['index', 'mixture_magnitude', 'mixture_phase', 'source_phase', 'mix_magnitude', 'ideal_binary_mask', 'source_magnitudes'])
[Validator] Epoch 27 - val_loss: 0.000598
[BEST CHECKPOINT] Guardado/actualizado en: checkpoints\Mis_modelos_v2\main\l1_freq checkpoints\4stems\best_checkpoint_24_val_loss=-0.0006.pt
05/20/2026 10:20:57 AM | engine.py:1037 Engine run finished. Time taken: 00:01:03.098
[Epoch 27] train_loss=0.000553 | val_loss=0.000598
05/20/2026 10:20:57 AM | engine.py:1010 Epoch[27] Complete. Time taken: 00:18:18.642
1.0085468292236328 GB allocated
3.275390625 GB reserved
dict_keys(['index', 'mixture_magnitude', 'mixture_phase', 'source_phase', 'mix_magnitude', 'ideal_binary_mask', 'source_magnitudes'])
1.0093998908996582 GB allocated
3.275390625 GB reserved
dict_keys(['index', 'mixture_magnitude', 'mixture_phase', 'source_phase', 'mix_magnitude', 'ideal_binary_mask', 'source_magnitudes'])
1.0093998908996582 GB allocated
3.275390625 GB reserved
dict_keys(['index', 'mixture_magnitude', 'mixture_phase', 'source_phase', 'mix_magnitude', 'ideal_binary_mask', 'source_magnitudes'])
1.0093998908996582 GB allocated
3.275390625 GB reserved
dict_keys(['index', 'mixture_magnitude', 'mixture_phase', 'source_phase', 'mix_magnitude', 'ideal_binary_mask', 'source_magnitudes'])
1.0085468292236328 GB allocated
3.275390625 GB reserved
dict_keys(['index', 'mixture_magnitude', 'mixture_phase', 'source_phase', 'mix_magnitude', 'ideal_binary_mask', 'source_magnitudes'])
1.0093998908996582 GB allocated
3.275390625 GB reserved
dict_keys(['index', 'mixture_magnitude', 'mixture_phase', 'source_phase', 'mix_magnitude', 'ideal_binary_mask', 'source_magnitudes'])
1.0093998908996582 GB allocated
3.275390625 GB reserved
dict_keys(['index', 'mixture_magnitude', 'mixture_phase', 'source_phase', 'mix_magnitude', 'ideal_binary_mask', 'source_magnitudes'])
1.0093998908996582 GB allocated
3.275390625 GB reserved
dict_keys(['index', 'mixture_magnitude', 'mixture_phase', 'source_phase', 'mix_magnitude', 'ideal_binary_mask', 'source_magnitudes'])
1.0085468292236328 GB allocated
3.275390625 GB reserved
dict_keys(['index', 'mixture_magnitude', 'mixture_phase', 'source_phase', 'mix_magnitude', 'ideal_binary_mask', 'source_magnitudes'])
1.0093998908996582 GB allocated
3.275390625 GB reserved
dict_keys(['index', 'mixture_magnitude', 'mixture_phase', 'source_phase', 'mix_magnitude', 'ideal_binary_mask', 'source_magnitudes'])
1.0093998908996582 GB allocated
3.275390625 GB reserved
dict_keys(['index', 'mixture_magnitude', 'mixture_phase', 'source_phase', 'mix_magnitude', 'ideal_binary_mask', 'source_magnitudes'])
1.0093998908996582 GB allocated
3.275390625 GB reserved
dict_keys(['index', 'mixture_magnitude', 'mixture_phase', 'source_phase', 'mix_magnitude', 'ideal_binary_mask', 'source_magnitudes'])
1.0085468292236328 GB allocated
3.275390625 GB reserved
dict_keys(['index', 'mixture_magnitude', 'mixture_phase', 'source_phase', 'mix_magnitude', 'ideal_binary_mask', 'source_magnitudes'])
1.0093998908996582 GB allocated
3.275390625 GB reserved
dict_keys(['index', 'mixture_magnitude', 'mixture_phase', 'source_phase', 'mix_magnitude', 'ideal_binary_mask', 'source_magnitudes'])
1.0093998908996582 GB allocated
3.275390625 GB reserved
dict_keys(['index', 'mixture_magnitude', 'mixture_phase', 'source_phase', 'mix_magnitude', 'ideal_binary_mask', 'source_magnitudes'])
1.0093998908996582 GB allocated
3.275390625 GB reserved
dict_keys(['index', 'mixture_magnitude', 'mixture_phase', 'source_phase', 'mix_magnitude', 'ideal_binary_mask', 'source_magnitudes'])
1.0085468292236328 GB allocated
3.275390625 GB reserved
dict_keys(['index', 'mixture_magnitude', 'mixture_phase', 'source_phase', 'mix_magnitude', 'ideal_binary_mask', 'source_magnitudes'])
1.0093998908996582 GB allocated
3.275390625 GB reserved
dict_keys(['index', 'mixture_magnitude', 'mixture_phase', 'source_phase', 'mix_magnitude', 'ideal_binary_mask', 'source_magnitudes'])
1.0093998908996582 GB allocated
3.275390625 GB reserved
dict_keys(['index', 'mixture_magnitude', 'mixture_phase', 'source_phase', 'mix_magnitude', 'ideal_binary_mask', 'source_magnitudes'])
1.0093998908996582 GB allocated
3.275390625 GB reserved
dict_keys(['index', 'mixture_magnitude', 'mixture_phase', 'source_phase', 'mix_magnitude', 'ideal_binary_mask', 'source_magnitudes'])
1.0085468292236328 GB allocated
3.275390625 GB reserved
dict_keys(['index', 'mixture_magnitude', 'mixture_phase', 'source_phase', 'mix_magnitude', 'ideal_binary_mask', 'source_magnitudes'])
1.0093998908996582 GB allocated
3.275390625 GB reserved
dict_keys(['index', 'mixture_magnitude', 'mixture_phase', 'source_phase', 'mix_magnitude', 'ideal_binary_mask', 'source_magnitudes'])
1.0093998908996582 GB allocated
3.275390625 GB reserved
dict_keys(['index', 'mixture_magnitude', 'mixture_phase', 'source_phase', 'mix_magnitude', 'ideal_binary_mask', 'source_magnitudes'])
1.0093998908996582 GB allocated
3.275390625 GB reserved
dict_keys(['index', 'mixture_magnitude', 'mixture_phase', 'source_phase', 'mix_magnitude', 'ideal_binary_mask', 'source_magnitudes'])
1.0085468292236328 GB allocated
3.275390625 GB reserved
dict_keys(['index', 'mixture_magnitude', 'mixture_phase', 'source_phase', 'mix_magnitude', 'ideal_binary_mask', 'source_magnitudes'])
1.0093998908996582 GB allocated
3.275390625 GB reserved
dict_keys(['index', 'mixture_magnitude', 'mixture_phase', 'source_phase', 'mix_magnitude', 'ideal_binary_mask', 'source_magnitudes'])
1.0093998908996582 GB allocated
3.275390625 GB reserved
dict_keys(['index', 'mixture_magnitude', 'mixture_phase', 'source_phase', 'mix_magnitude', 'ideal_binary_mask', 'source_magnitudes'])
1.0093998908996582 GB allocated
3.275390625 GB reserved
dict_keys(['index', 'mixture_magnitude', 'mixture_phase', 'source_phase', 'mix_magnitude', 'ideal_binary_mask', 'source_magnitudes'])
1.0085468292236328 GB allocated
3.275390625 GB reserved
dict_keys(['index', 'mixture_magnitude', 'mixture_phase', 'source_phase', 'mix_magnitude', 'ideal_binary_mask', 'source_magnitudes'])
1.0093998908996582 GB allocated
3.275390625 GB reserved
dict_keys(['index', 'mixture_magnitude', 'mixture_phase', 'source_phase', 'mix_magnitude', 'ideal_binary_mask', 'source_magnitudes'])
1.0093998908996582 GB allocated
3.275390625 GB reserved
dict_keys(['index', 'mixture_magnitude', 'mixture_phase', 'source_phase', 'mix_magnitude', 'ideal_binary_mask', 'source_magnitudes'])
1.0093998908996582 GB allocated
3.275390625 GB reserved
dict_keys(['index', 'mixture_magnitude', 'mixture_phase', 'source_phase', 'mix_magnitude', 'ideal_binary_mask', 'source_magnitudes'])
1.0085468292236328 GB allocated
3.275390625 GB reserved
dict_keys(['index', 'mixture_magnitude', 'mixture_phase', 'source_phase', 'mix_magnitude', 'ideal_binary_mask', 'source_magnitudes'])
1.0093998908996582 GB allocated
3.275390625 GB reserved
dict_keys(['index', 'mixture_magnitude', 'mixture_phase', 'source_phase', 'mix_magnitude', 'ideal_binary_mask', 'source_magnitudes'])
1.0093998908996582 GB allocated
3.275390625 GB reserved
dict_keys(['index', 'mixture_magnitude', 'mixture_phase', 'source_phase', 'mix_magnitude', 'ideal_binary_mask', 'source_magnitudes'])
1.0093998908996582 GB allocated
3.275390625 GB reserved
dict_keys(['index', 'mixture_magnitude', 'mixture_phase', 'source_phase', 'mix_magnitude', 'ideal_binary_mask', 'source_magnitudes'])
1.0085468292236328 GB allocated
3.275390625 GB reserved
dict_keys(['index', 'mixture_magnitude', 'mixture_phase', 'source_phase', 'mix_magnitude', 'ideal_binary_mask', 'source_magnitudes'])
1.0093998908996582 GB allocated
3.275390625 GB reserved
dict_keys(['index', 'mixture_magnitude', 'mixture_phase', 'source_phase', 'mix_magnitude', 'ideal_binary_mask', 'source_magnitudes'])
1.0093998908996582 GB allocated
3.275390625 GB reserved
dict_keys(['index', 'mixture_magnitude', 'mixture_phase', 'source_phase', 'mix_magnitude', 'ideal_binary_mask', 'source_magnitudes'])
1.0093998908996582 GB allocated
3.275390625 GB reserved
dict_keys(['index', 'mixture_magnitude', 'mixture_phase', 'source_phase', 'mix_magnitude', 'ideal_binary_mask', 'source_magnitudes'])
1.0085468292236328 GB allocated
3.275390625 GB reserved
dict_keys(['index', 'mixture_magnitude', 'mixture_phase', 'source_phase', 'mix_magnitude', 'ideal_binary_mask', 'source_magnitudes'])
1.0093998908996582 GB allocated
3.275390625 GB reserved
dict_keys(['index', 'mixture_magnitude', 'mixture_phase', 'source_phase', 'mix_magnitude', 'ideal_binary_mask', 'source_magnitudes'])
1.0093998908996582 GB allocated
3.275390625 GB reserved
05/20/2026 10:38:08 AM | engine.py:906 Engine run starting with max_epochs=1.
05/20/2026 10:39:11 AM | engine.py:1010 Epoch[1] Complete. Time taken: 00:01:03.292
dict_keys(['index', 'mixture_magnitude', 'mixture_phase', 'source_phase', 'mix_magnitude', 'ideal_binary_mask', 'source_magnitudes'])
1.0093998908996582 GB allocated
3.275390625 GB reserved
dict_keys(['index', 'mixture_magnitude', 'mixture_phase', 'source_phase', 'mix_magnitude', 'ideal_binary_mask', 'source_magnitudes'])
1.0085468292236328 GB allocated
3.275390625 GB reserved
dict_keys(['index', 'mixture_magnitude', 'mixture_phase', 'source_phase', 'mix_magnitude', 'ideal_binary_mask', 'source_magnitudes'])
1.0093998908996582 GB allocated
3.275390625 GB reserved
dict_keys(['index', 'mixture_magnitude', 'mixture_phase', 'source_phase', 'mix_magnitude', 'ideal_binary_mask', 'source_magnitudes'])
1.0093998908996582 GB allocated
3.275390625 GB reserved
dict_keys(['index', 'mixture_magnitude', 'mixture_phase', 'source_phase', 'mix_magnitude', 'ideal_binary_mask', 'source_magnitudes'])
1.0093998908996582 GB allocated
3.275390625 GB reserved
dict_keys(['index', 'mixture_magnitude', 'mixture_phase', 'source_phase', 'mix_magnitude', 'ideal_binary_mask', 'source_magnitudes'])
1.0085468292236328 GB allocated
3.275390625 GB reserved
dict_keys(['index', 'mixture_magnitude', 'mixture_phase', 'source_phase', 'mix_magnitude', 'ideal_binary_mask', 'source_magnitudes'])
1.0093998908996582 GB allocated
3.275390625 GB reserved
dict_keys(['index', 'mixture_magnitude', 'mixture_phase', 'source_phase', 'mix_magnitude', 'ideal_binary_mask', 'source_magnitudes'])
1.0093998908996582 GB allocated
3.275390625 GB reserved
dict_keys(['index', 'mixture_magnitude', 'mixture_phase', 'source_phase', 'mix_magnitude', 'ideal_binary_mask', 'source_magnitudes'])
1.0093998908996582 GB allocated
3.275390625 GB reserved
dict_keys(['index', 'mixture_magnitude', 'mixture_phase', 'source_phase', 'mix_magnitude', 'ideal_binary_mask', 'source_magnitudes'])
1.0085468292236328 GB allocated
3.275390625 GB reserved
dict_keys(['index', 'mixture_magnitude', 'mixture_phase', 'source_phase', 'mix_magnitude', 'ideal_binary_mask', 'source_magnitudes'])
1.0093998908996582 GB allocated
3.275390625 GB reserved
dict_keys(['index', 'mixture_magnitude', 'mixture_phase', 'source_phase', 'mix_magnitude', 'ideal_binary_mask', 'source_magnitudes'])
1.0093998908996582 GB allocated
3.275390625 GB reserved
dict_keys(['index', 'mixture_magnitude', 'mixture_phase', 'source_phase', 'mix_magnitude', 'ideal_binary_mask', 'source_magnitudes'])
1.0093998908996582 GB allocated
3.275390625 GB reserved
dict_keys(['index', 'mixture_magnitude', 'mixture_phase', 'source_phase', 'mix_magnitude', 'ideal_binary_mask', 'source_magnitudes'])
1.0085468292236328 GB allocated
3.275390625 GB reserved
dict_keys(['index', 'mixture_magnitude', 'mixture_phase', 'source_phase', 'mix_magnitude', 'ideal_binary_mask', 'source_magnitudes'])
1.0093998908996582 GB allocated
3.275390625 GB reserved
dict_keys(['index', 'mixture_magnitude', 'mixture_phase', 'source_phase', 'mix_magnitude', 'ideal_binary_mask', 'source_magnitudes'])
1.0093998908996582 GB allocated
3.275390625 GB reserved
dict_keys(['index', 'mixture_magnitude', 'mixture_phase', 'source_phase', 'mix_magnitude', 'ideal_binary_mask', 'source_magnitudes'])
1.0093998908996582 GB allocated
3.275390625 GB reserved
dict_keys(['index', 'mixture_magnitude', 'mixture_phase', 'source_phase', 'mix_magnitude', 'ideal_binary_mask', 'source_magnitudes'])
1.0085468292236328 GB allocated
3.275390625 GB reserved
dict_keys(['index', 'mixture_magnitude', 'mixture_phase', 'source_phase', 'mix_magnitude', 'ideal_binary_mask', 'source_magnitudes'])
1.0093998908996582 GB allocated
3.275390625 GB reserved
dict_keys(['index', 'mixture_magnitude', 'mixture_phase', 'source_phase', 'mix_magnitude', 'ideal_binary_mask', 'source_magnitudes'])
1.0093998908996582 GB allocated
3.275390625 GB reserved
dict_keys(['index', 'mixture_magnitude', 'mixture_phase', 'source_phase', 'mix_magnitude', 'ideal_binary_mask', 'source_magnitudes'])
1.0093998908996582 GB allocated
3.275390625 GB reserved
dict_keys(['index', 'mixture_magnitude', 'mixture_phase', 'source_phase', 'mix_magnitude', 'ideal_binary_mask', 'source_magnitudes'])
1.0085468292236328 GB allocated
3.275390625 GB reserved
dict_keys(['index', 'mixture_magnitude', 'mixture_phase', 'source_phase', 'mix_magnitude', 'ideal_binary_mask', 'source_magnitudes'])
1.0093998908996582 GB allocated
3.275390625 GB reserved
dict_keys(['index', 'mixture_magnitude', 'mixture_phase', 'source_phase', 'mix_magnitude', 'ideal_binary_mask', 'source_magnitudes'])
1.0093998908996582 GB allocated
3.275390625 GB reserved
dict_keys(['index', 'mixture_magnitude', 'mixture_phase', 'source_phase', 'mix_magnitude', 'ideal_binary_mask', 'source_magnitudes'])
1.0093998908996582 GB allocated
3.275390625 GB reserved
dict_keys(['index', 'mixture_magnitude', 'mixture_phase', 'source_phase', 'mix_magnitude', 'ideal_binary_mask', 'source_magnitudes'])
1.0085468292236328 GB allocated
3.275390625 GB reserved
dict_keys(['index', 'mixture_magnitude', 'mixture_phase', 'source_phase', 'mix_magnitude', 'ideal_binary_mask', 'source_magnitudes'])
1.0093998908996582 GB allocated
3.275390625 GB reserved
dict_keys(['index', 'mixture_magnitude', 'mixture_phase', 'source_phase', 'mix_magnitude', 'ideal_binary_mask', 'source_magnitudes'])
1.0093998908996582 GB allocated
3.275390625 GB reserved
dict_keys(['index', 'mixture_magnitude', 'mixture_phase', 'source_phase', 'mix_magnitude', 'ideal_binary_mask', 'source_magnitudes'])
1.0093998908996582 GB allocated
3.275390625 GB reserved
dict_keys(['index', 'mixture_magnitude', 'mixture_phase', 'source_phase', 'mix_magnitude', 'ideal_binary_mask', 'source_magnitudes'])
1.0085468292236328 GB allocated
3.275390625 GB reserved
dict_keys(['index', 'mixture_magnitude', 'mixture_phase', 'source_phase', 'mix_magnitude', 'ideal_binary_mask', 'source_magnitudes'])
1.0093998908996582 GB allocated
3.275390625 GB reserved
dict_keys(['index', 'mixture_magnitude', 'mixture_phase', 'source_phase', 'mix_magnitude', 'ideal_binary_mask', 'source_magnitudes'])
1.0093998908996582 GB allocated
3.275390625 GB reserved
dict_keys(['index', 'mixture_magnitude', 'mixture_phase', 'source_phase', 'mix_magnitude', 'ideal_binary_mask', 'source_magnitudes'])
1.0093998908996582 GB allocated
3.275390625 GB reserved
dict_keys(['index', 'mixture_magnitude', 'mixture_phase', 'source_phase', 'mix_magnitude', 'ideal_binary_mask', 'source_magnitudes'])
1.0085468292236328 GB allocated
3.275390625 GB reserved
dict_keys(['index', 'mixture_magnitude', 'mixture_phase', 'source_phase', 'mix_magnitude', 'ideal_binary_mask', 'source_magnitudes'])
1.0093998908996582 GB allocated
3.275390625 GB reserved
dict_keys(['index', 'mixture_magnitude', 'mixture_phase', 'source_phase', 'mix_magnitude', 'ideal_binary_mask', 'source_magnitudes'])
1.0093998908996582 GB allocated
3.275390625 GB reserved
dict_keys(['index', 'mixture_magnitude', 'mixture_phase', 'source_phase', 'mix_magnitude', 'ideal_binary_mask', 'source_magnitudes'])
1.0093998908996582 GB allocated
3.275390625 GB reserved
dict_keys(['index', 'mixture_magnitude', 'mixture_phase', 'source_phase', 'mix_magnitude', 'ideal_binary_mask', 'source_magnitudes'])
1.0085468292236328 GB allocated
3.275390625 GB reserved
dict_keys(['index', 'mixture_magnitude', 'mixture_phase', 'source_phase', 'mix_magnitude', 'ideal_binary_mask', 'source_magnitudes'])
1.0093998908996582 GB allocated
3.275390625 GB reserved
dict_keys(['index', 'mixture_magnitude', 'mixture_phase', 'source_phase', 'mix_magnitude', 'ideal_binary_mask', 'source_magnitudes'])
1.0093998908996582 GB allocated
3.275390625 GB reserved
dict_keys(['index', 'mixture_magnitude', 'mixture_phase', 'source_phase', 'mix_magnitude', 'ideal_binary_mask', 'source_magnitudes'])
1.0093998908996582 GB allocated
3.275390625 GB reserved
dict_keys(['index', 'mixture_magnitude', 'mixture_phase', 'source_phase', 'mix_magnitude', 'ideal_binary_mask', 'source_magnitudes'])
1.0085468292236328 GB allocated
3.275390625 GB reserved
dict_keys(['index', 'mixture_magnitude', 'mixture_phase', 'source_phase', 'mix_magnitude', 'ideal_binary_mask', 'source_magnitudes'])
1.0093998908996582 GB allocated
3.275390625 GB reserved
dict_keys(['index', 'mixture_magnitude', 'mixture_phase', 'source_phase', 'mix_magnitude', 'ideal_binary_mask', 'source_magnitudes'])
1.0093998908996582 GB allocated
3.275390625 GB reserved
dict_keys(['index', 'mixture_magnitude', 'mixture_phase', 'source_phase', 'mix_magnitude', 'ideal_binary_mask', 'source_magnitudes'])
1.0093998908996582 GB allocated
3.275390625 GB reserved
dict_keys(['index', 'mixture_magnitude', 'mixture_phase', 'source_phase', 'mix_magnitude', 'ideal_binary_mask', 'source_magnitudes'])
1.0085468292236328 GB allocated
3.275390625 GB reserved
dict_keys(['index', 'mixture_magnitude', 'mixture_phase', 'source_phase', 'mix_magnitude', 'ideal_binary_mask', 'source_magnitudes'])
1.0093998908996582 GB allocated
3.275390625 GB reserved
dict_keys(['index', 'mixture_magnitude', 'mixture_phase', 'source_phase', 'mix_magnitude', 'ideal_binary_mask', 'source_magnitudes'])
1.0093998908996582 GB allocated
3.275390625 GB reserved
dict_keys(['index', 'mixture_magnitude', 'mixture_phase', 'source_phase', 'mix_magnitude', 'ideal_binary_mask', 'source_magnitudes'])
1.0093998908996582 GB allocated
3.275390625 GB reserved
dict_keys(['index', 'mixture_magnitude', 'mixture_phase', 'source_phase', 'mix_magnitude', 'ideal_binary_mask', 'source_magnitudes'])
1.0085468292236328 GB allocated
3.275390625 GB reserved
dict_keys(['index', 'mixture_magnitude', 'mixture_phase', 'source_phase', 'mix_magnitude', 'ideal_binary_mask', 'source_magnitudes'])
1.0093998908996582 GB allocated
3.275390625 GB reserved
dict_keys(['index', 'mixture_magnitude', 'mixture_phase', 'source_phase', 'mix_magnitude', 'ideal_binary_mask', 'source_magnitudes'])
1.0093998908996582 GB allocated
3.275390625 GB reserved
dict_keys(['index', 'mixture_magnitude', 'mixture_phase', 'source_phase', 'mix_magnitude', 'ideal_binary_mask', 'source_magnitudes'])
1.0093998908996582 GB allocated
3.275390625 GB reserved
dict_keys(['index', 'mixture_magnitude', 'mixture_phase', 'source_phase', 'mix_magnitude', 'ideal_binary_mask', 'source_magnitudes'])
1.0085468292236328 GB allocated
3.275390625 GB reserved
dict_keys(['index', 'mixture_magnitude', 'mixture_phase', 'source_phase', 'mix_magnitude', 'ideal_binary_mask', 'source_magnitudes'])
1.0093998908996582 GB allocated
3.275390625 GB reserved
dict_keys(['index', 'mixture_magnitude', 'mixture_phase', 'source_phase', 'mix_magnitude', 'ideal_binary_mask', 'source_magnitudes'])
1.0093998908996582 GB allocated
3.275390625 GB reserved
dict_keys(['index', 'mixture_magnitude', 'mixture_phase', 'source_phase', 'mix_magnitude', 'ideal_binary_mask', 'source_magnitudes'])
1.0093998908996582 GB allocated
3.275390625 GB reserved
dict_keys(['index', 'mixture_magnitude', 'mixture_phase', 'source_phase', 'mix_magnitude', 'ideal_binary_mask', 'source_magnitudes'])
[Validator] Epoch 28 - val_loss: 0.000593
[BEST CHECKPOINT] Guardado/actualizado en: checkpoints\Mis_modelos_v2\main\l1_freq checkpoints\4stems\best_checkpoint_24_val_loss=-0.0006.pt
05/20/2026 10:39:11 AM | engine.py:1037 Engine run finished. Time taken: 00:01:03.292
[Epoch 28] train_loss=0.000553 | val_loss=0.000593
05/20/2026 10:39:11 AM | engine.py:1010 Epoch[28] Complete. Time taken: 00:18:14.636
1.0085468292236328 GB allocated
3.275390625 GB reserved
dict_keys(['index', 'mixture_magnitude', 'mixture_phase', 'source_phase', 'mix_magnitude', 'ideal_binary_mask', 'source_magnitudes'])
1.0093998908996582 GB allocated
3.275390625 GB reserved
dict_keys(['index', 'mixture_magnitude', 'mixture_phase', 'source_phase', 'mix_magnitude', 'ideal_binary_mask', 'source_magnitudes'])
1.0093998908996582 GB allocated
3.275390625 GB reserved
dict_keys(['index', 'mixture_magnitude', 'mixture_phase', 'source_phase', 'mix_magnitude', 'ideal_binary_mask', 'source_magnitudes'])
1.0093998908996582 GB allocated
3.275390625 GB reserved
dict_keys(['index', 'mixture_magnitude', 'mixture_phase', 'source_phase', 'mix_magnitude', 'ideal_binary_mask', 'source_magnitudes'])
1.0085468292236328 GB allocated
3.275390625 GB reserved
dict_keys(['index', 'mixture_magnitude', 'mixture_phase', 'source_phase', 'mix_magnitude', 'ideal_binary_mask', 'source_magnitudes'])
1.0093998908996582 GB allocated
3.275390625 GB reserved
dict_keys(['index', 'mixture_magnitude', 'mixture_phase', 'source_phase', 'mix_magnitude', 'ideal_binary_mask', 'source_magnitudes'])
1.0093998908996582 GB allocated
3.275390625 GB reserved
dict_keys(['index', 'mixture_magnitude', 'mixture_phase', 'source_phase', 'mix_magnitude', 'ideal_binary_mask', 'source_magnitudes'])
1.0093998908996582 GB allocated
3.275390625 GB reserved
dict_keys(['index', 'mixture_magnitude', 'mixture_phase', 'source_phase', 'mix_magnitude', 'ideal_binary_mask', 'source_magnitudes'])
1.0085468292236328 GB allocated
3.275390625 GB reserved
dict_keys(['index', 'mixture_magnitude', 'mixture_phase', 'source_phase', 'mix_magnitude', 'ideal_binary_mask', 'source_magnitudes'])
1.0093998908996582 GB allocated
3.275390625 GB reserved
dict_keys(['index', 'mixture_magnitude', 'mixture_phase', 'source_phase', 'mix_magnitude', 'ideal_binary_mask', 'source_magnitudes'])
1.0093998908996582 GB allocated
3.275390625 GB reserved
dict_keys(['index', 'mixture_magnitude', 'mixture_phase', 'source_phase', 'mix_magnitude', 'ideal_binary_mask', 'source_magnitudes'])
1.0093998908996582 GB allocated
3.275390625 GB reserved
dict_keys(['index', 'mixture_magnitude', 'mixture_phase', 'source_phase', 'mix_magnitude', 'ideal_binary_mask', 'source_magnitudes'])
1.0085468292236328 GB allocated
3.275390625 GB reserved
dict_keys(['index', 'mixture_magnitude', 'mixture_phase', 'source_phase', 'mix_magnitude', 'ideal_binary_mask', 'source_magnitudes'])
1.0093998908996582 GB allocated
3.275390625 GB reserved
dict_keys(['index', 'mixture_magnitude', 'mixture_phase', 'source_phase', 'mix_magnitude', 'ideal_binary_mask', 'source_magnitudes'])
1.0093998908996582 GB allocated
3.275390625 GB reserved
dict_keys(['index', 'mixture_magnitude', 'mixture_phase', 'source_phase', 'mix_magnitude', 'ideal_binary_mask', 'source_magnitudes'])
1.0093998908996582 GB allocated
3.275390625 GB reserved
dict_keys(['index', 'mixture_magnitude', 'mixture_phase', 'source_phase', 'mix_magnitude', 'ideal_binary_mask', 'source_magnitudes'])
1.0085468292236328 GB allocated
3.275390625 GB reserved
dict_keys(['index', 'mixture_magnitude', 'mixture_phase', 'source_phase', 'mix_magnitude', 'ideal_binary_mask', 'source_magnitudes'])
1.0093998908996582 GB allocated
3.275390625 GB reserved
dict_keys(['index', 'mixture_magnitude', 'mixture_phase', 'source_phase', 'mix_magnitude', 'ideal_binary_mask', 'source_magnitudes'])
1.0093998908996582 GB allocated
3.275390625 GB reserved
dict_keys(['index', 'mixture_magnitude', 'mixture_phase', 'source_phase', 'mix_magnitude', 'ideal_binary_mask', 'source_magnitudes'])
1.0093998908996582 GB allocated
3.275390625 GB reserved
dict_keys(['index', 'mixture_magnitude', 'mixture_phase', 'source_phase', 'mix_magnitude', 'ideal_binary_mask', 'source_magnitudes'])
1.0085468292236328 GB allocated
3.275390625 GB reserved
dict_keys(['index', 'mixture_magnitude', 'mixture_phase', 'source_phase', 'mix_magnitude', 'ideal_binary_mask', 'source_magnitudes'])
1.0093998908996582 GB allocated
3.275390625 GB reserved
dict_keys(['index', 'mixture_magnitude', 'mixture_phase', 'source_phase', 'mix_magnitude', 'ideal_binary_mask', 'source_magnitudes'])
1.0093998908996582 GB allocated
3.275390625 GB reserved
dict_keys(['index', 'mixture_magnitude', 'mixture_phase', 'source_phase', 'mix_magnitude', 'ideal_binary_mask', 'source_magnitudes'])
1.0093998908996582 GB allocated
3.275390625 GB reserved
dict_keys(['index', 'mixture_magnitude', 'mixture_phase', 'source_phase', 'mix_magnitude', 'ideal_binary_mask', 'source_magnitudes'])
1.0085468292236328 GB allocated
3.275390625 GB reserved
dict_keys(['index', 'mixture_magnitude', 'mixture_phase', 'source_phase', 'mix_magnitude', 'ideal_binary_mask', 'source_magnitudes'])
1.0093998908996582 GB allocated
3.275390625 GB reserved
dict_keys(['index', 'mixture_magnitude', 'mixture_phase', 'source_phase', 'mix_magnitude', 'ideal_binary_mask', 'source_magnitudes'])
1.0093998908996582 GB allocated
3.275390625 GB reserved
dict_keys(['index', 'mixture_magnitude', 'mixture_phase', 'source_phase', 'mix_magnitude', 'ideal_binary_mask', 'source_magnitudes'])
1.0093998908996582 GB allocated
3.275390625 GB reserved
dict_keys(['index', 'mixture_magnitude', 'mixture_phase', 'source_phase', 'mix_magnitude', 'ideal_binary_mask', 'source_magnitudes'])
1.0085468292236328 GB allocated
3.275390625 GB reserved
dict_keys(['index', 'mixture_magnitude', 'mixture_phase', 'source_phase', 'mix_magnitude', 'ideal_binary_mask', 'source_magnitudes'])
1.0093998908996582 GB allocated
3.275390625 GB reserved
dict_keys(['index', 'mixture_magnitude', 'mixture_phase', 'source_phase', 'mix_magnitude', 'ideal_binary_mask', 'source_magnitudes'])
1.0093998908996582 GB allocated
3.275390625 GB reserved
dict_keys(['index', 'mixture_magnitude', 'mixture_phase', 'source_phase', 'mix_magnitude', 'ideal_binary_mask', 'source_magnitudes'])
1.0093998908996582 GB allocated
3.275390625 GB reserved
dict_keys(['index', 'mixture_magnitude', 'mixture_phase', 'source_phase', 'mix_magnitude', 'ideal_binary_mask', 'source_magnitudes'])
1.0085468292236328 GB allocated
3.275390625 GB reserved
dict_keys(['index', 'mixture_magnitude', 'mixture_phase', 'source_phase', 'mix_magnitude', 'ideal_binary_mask', 'source_magnitudes'])
1.0093998908996582 GB allocated
3.275390625 GB reserved
dict_keys(['index', 'mixture_magnitude', 'mixture_phase', 'source_phase', 'mix_magnitude', 'ideal_binary_mask', 'source_magnitudes'])
1.0093998908996582 GB allocated
3.275390625 GB reserved
dict_keys(['index', 'mixture_magnitude', 'mixture_phase', 'source_phase', 'mix_magnitude', 'ideal_binary_mask', 'source_magnitudes'])
1.0093998908996582 GB allocated
3.275390625 GB reserved
dict_keys(['index', 'mixture_magnitude', 'mixture_phase', 'source_phase', 'mix_magnitude', 'ideal_binary_mask', 'source_magnitudes'])
1.0085468292236328 GB allocated
3.275390625 GB reserved
dict_keys(['index', 'mixture_magnitude', 'mixture_phase', 'source_phase', 'mix_magnitude', 'ideal_binary_mask', 'source_magnitudes'])
1.0093998908996582 GB allocated
3.275390625 GB reserved
dict_keys(['index', 'mixture_magnitude', 'mixture_phase', 'source_phase', 'mix_magnitude', 'ideal_binary_mask', 'source_magnitudes'])
1.0093998908996582 GB allocated
3.275390625 GB reserved
dict_keys(['index', 'mixture_magnitude', 'mixture_phase', 'source_phase', 'mix_magnitude', 'ideal_binary_mask', 'source_magnitudes'])
1.0093998908996582 GB allocated
3.275390625 GB reserved
dict_keys(['index', 'mixture_magnitude', 'mixture_phase', 'source_phase', 'mix_magnitude', 'ideal_binary_mask', 'source_magnitudes'])
1.0085468292236328 GB allocated
3.275390625 GB reserved
dict_keys(['index', 'mixture_magnitude', 'mixture_phase', 'source_phase', 'mix_magnitude', 'ideal_binary_mask', 'source_magnitudes'])
1.0093998908996582 GB allocated
3.275390625 GB reserved
dict_keys(['index', 'mixture_magnitude', 'mixture_phase', 'source_phase', 'mix_magnitude', 'ideal_binary_mask', 'source_magnitudes'])
1.0093998908996582 GB allocated
3.275390625 GB reserved
05/20/2026 10:56:25 AM | engine.py:906 Engine run starting with max_epochs=1.
05/20/2026 10:57:29 AM | engine.py:1010 Epoch[1] Complete. Time taken: 00:01:03.508
dict_keys(['index', 'mixture_magnitude', 'mixture_phase', 'source_phase', 'mix_magnitude', 'ideal_binary_mask', 'source_magnitudes'])
1.0093998908996582 GB allocated
3.275390625 GB reserved
dict_keys(['index', 'mixture_magnitude', 'mixture_phase', 'source_phase', 'mix_magnitude', 'ideal_binary_mask', 'source_magnitudes'])
1.0085468292236328 GB allocated
3.275390625 GB reserved
dict_keys(['index', 'mixture_magnitude', 'mixture_phase', 'source_phase', 'mix_magnitude', 'ideal_binary_mask', 'source_magnitudes'])
1.0093998908996582 GB allocated
3.275390625 GB reserved
dict_keys(['index', 'mixture_magnitude', 'mixture_phase', 'source_phase', 'mix_magnitude', 'ideal_binary_mask', 'source_magnitudes'])
1.0093998908996582 GB allocated
3.275390625 GB reserved
dict_keys(['index', 'mixture_magnitude', 'mixture_phase', 'source_phase', 'mix_magnitude', 'ideal_binary_mask', 'source_magnitudes'])
1.0093998908996582 GB allocated
3.275390625 GB reserved
dict_keys(['index', 'mixture_magnitude', 'mixture_phase', 'source_phase', 'mix_magnitude', 'ideal_binary_mask', 'source_magnitudes'])
1.0085468292236328 GB allocated
3.275390625 GB reserved
dict_keys(['index', 'mixture_magnitude', 'mixture_phase', 'source_phase', 'mix_magnitude', 'ideal_binary_mask', 'source_magnitudes'])
1.0093998908996582 GB allocated
3.275390625 GB reserved
dict_keys(['index', 'mixture_magnitude', 'mixture_phase', 'source_phase', 'mix_magnitude', 'ideal_binary_mask', 'source_magnitudes'])
1.0093998908996582 GB allocated
3.275390625 GB reserved
dict_keys(['index', 'mixture_magnitude', 'mixture_phase', 'source_phase', 'mix_magnitude', 'ideal_binary_mask', 'source_magnitudes'])
1.0093998908996582 GB allocated
3.275390625 GB reserved
dict_keys(['index', 'mixture_magnitude', 'mixture_phase', 'source_phase', 'mix_magnitude', 'ideal_binary_mask', 'source_magnitudes'])
1.0085468292236328 GB allocated
3.275390625 GB reserved
dict_keys(['index', 'mixture_magnitude', 'mixture_phase', 'source_phase', 'mix_magnitude', 'ideal_binary_mask', 'source_magnitudes'])
1.0093998908996582 GB allocated
3.275390625 GB reserved
dict_keys(['index', 'mixture_magnitude', 'mixture_phase', 'source_phase', 'mix_magnitude', 'ideal_binary_mask', 'source_magnitudes'])
1.0093998908996582 GB allocated
3.275390625 GB reserved
dict_keys(['index', 'mixture_magnitude', 'mixture_phase', 'source_phase', 'mix_magnitude', 'ideal_binary_mask', 'source_magnitudes'])
1.0093998908996582 GB allocated
3.275390625 GB reserved
dict_keys(['index', 'mixture_magnitude', 'mixture_phase', 'source_phase', 'mix_magnitude', 'ideal_binary_mask', 'source_magnitudes'])
1.0085468292236328 GB allocated
3.275390625 GB reserved
dict_keys(['index', 'mixture_magnitude', 'mixture_phase', 'source_phase', 'mix_magnitude', 'ideal_binary_mask', 'source_magnitudes'])
1.0093998908996582 GB allocated
3.275390625 GB reserved
dict_keys(['index', 'mixture_magnitude', 'mixture_phase', 'source_phase', 'mix_magnitude', 'ideal_binary_mask', 'source_magnitudes'])
1.0093998908996582 GB allocated
3.275390625 GB reserved
dict_keys(['index', 'mixture_magnitude', 'mixture_phase', 'source_phase', 'mix_magnitude', 'ideal_binary_mask', 'source_magnitudes'])
1.0093998908996582 GB allocated
3.275390625 GB reserved
dict_keys(['index', 'mixture_magnitude', 'mixture_phase', 'source_phase', 'mix_magnitude', 'ideal_binary_mask', 'source_magnitudes'])
1.0085468292236328 GB allocated
3.275390625 GB reserved
dict_keys(['index', 'mixture_magnitude', 'mixture_phase', 'source_phase', 'mix_magnitude', 'ideal_binary_mask', 'source_magnitudes'])
1.0093998908996582 GB allocated
3.275390625 GB reserved
dict_keys(['index', 'mixture_magnitude', 'mixture_phase', 'source_phase', 'mix_magnitude', 'ideal_binary_mask', 'source_magnitudes'])
1.0093998908996582 GB allocated
3.275390625 GB reserved
dict_keys(['index', 'mixture_magnitude', 'mixture_phase', 'source_phase', 'mix_magnitude', 'ideal_binary_mask', 'source_magnitudes'])
1.0093998908996582 GB allocated
3.275390625 GB reserved
dict_keys(['index', 'mixture_magnitude', 'mixture_phase', 'source_phase', 'mix_magnitude', 'ideal_binary_mask', 'source_magnitudes'])
1.0085468292236328 GB allocated
3.275390625 GB reserved
dict_keys(['index', 'mixture_magnitude', 'mixture_phase', 'source_phase', 'mix_magnitude', 'ideal_binary_mask', 'source_magnitudes'])
1.0093998908996582 GB allocated
3.275390625 GB reserved
dict_keys(['index', 'mixture_magnitude', 'mixture_phase', 'source_phase', 'mix_magnitude', 'ideal_binary_mask', 'source_magnitudes'])
1.0093998908996582 GB allocated
3.275390625 GB reserved
dict_keys(['index', 'mixture_magnitude', 'mixture_phase', 'source_phase', 'mix_magnitude', 'ideal_binary_mask', 'source_magnitudes'])
1.0093998908996582 GB allocated
3.275390625 GB reserved
dict_keys(['index', 'mixture_magnitude', 'mixture_phase', 'source_phase', 'mix_magnitude', 'ideal_binary_mask', 'source_magnitudes'])
1.0085468292236328 GB allocated
3.275390625 GB reserved
dict_keys(['index', 'mixture_magnitude', 'mixture_phase', 'source_phase', 'mix_magnitude', 'ideal_binary_mask', 'source_magnitudes'])
1.0093998908996582 GB allocated
3.275390625 GB reserved
dict_keys(['index', 'mixture_magnitude', 'mixture_phase', 'source_phase', 'mix_magnitude', 'ideal_binary_mask', 'source_magnitudes'])
1.0093998908996582 GB allocated
3.275390625 GB reserved
dict_keys(['index', 'mixture_magnitude', 'mixture_phase', 'source_phase', 'mix_magnitude', 'ideal_binary_mask', 'source_magnitudes'])
1.0093998908996582 GB allocated
3.275390625 GB reserved
dict_keys(['index', 'mixture_magnitude', 'mixture_phase', 'source_phase', 'mix_magnitude', 'ideal_binary_mask', 'source_magnitudes'])
1.0085468292236328 GB allocated
3.275390625 GB reserved
dict_keys(['index', 'mixture_magnitude', 'mixture_phase', 'source_phase', 'mix_magnitude', 'ideal_binary_mask', 'source_magnitudes'])
1.0093998908996582 GB allocated
3.275390625 GB reserved
dict_keys(['index', 'mixture_magnitude', 'mixture_phase', 'source_phase', 'mix_magnitude', 'ideal_binary_mask', 'source_magnitudes'])
1.0093998908996582 GB allocated
3.275390625 GB reserved
dict_keys(['index', 'mixture_magnitude', 'mixture_phase', 'source_phase', 'mix_magnitude', 'ideal_binary_mask', 'source_magnitudes'])
1.0093998908996582 GB allocated
3.275390625 GB reserved
dict_keys(['index', 'mixture_magnitude', 'mixture_phase', 'source_phase', 'mix_magnitude', 'ideal_binary_mask', 'source_magnitudes'])
1.0085468292236328 GB allocated
3.275390625 GB reserved
dict_keys(['index', 'mixture_magnitude', 'mixture_phase', 'source_phase', 'mix_magnitude', 'ideal_binary_mask', 'source_magnitudes'])
1.0093998908996582 GB allocated
3.275390625 GB reserved
dict_keys(['index', 'mixture_magnitude', 'mixture_phase', 'source_phase', 'mix_magnitude', 'ideal_binary_mask', 'source_magnitudes'])
1.0093998908996582 GB allocated
3.275390625 GB reserved
dict_keys(['index', 'mixture_magnitude', 'mixture_phase', 'source_phase', 'mix_magnitude', 'ideal_binary_mask', 'source_magnitudes'])
1.0093998908996582 GB allocated
3.275390625 GB reserved
dict_keys(['index', 'mixture_magnitude', 'mixture_phase', 'source_phase', 'mix_magnitude', 'ideal_binary_mask', 'source_magnitudes'])
1.0085468292236328 GB allocated
3.275390625 GB reserved
dict_keys(['index', 'mixture_magnitude', 'mixture_phase', 'source_phase', 'mix_magnitude', 'ideal_binary_mask', 'source_magnitudes'])
1.0093998908996582 GB allocated
3.275390625 GB reserved
dict_keys(['index', 'mixture_magnitude', 'mixture_phase', 'source_phase', 'mix_magnitude', 'ideal_binary_mask', 'source_magnitudes'])
1.0093998908996582 GB allocated
3.275390625 GB reserved
dict_keys(['index', 'mixture_magnitude', 'mixture_phase', 'source_phase', 'mix_magnitude', 'ideal_binary_mask', 'source_magnitudes'])
1.0093998908996582 GB allocated
3.275390625 GB reserved
dict_keys(['index', 'mixture_magnitude', 'mixture_phase', 'source_phase', 'mix_magnitude', 'ideal_binary_mask', 'source_magnitudes'])
1.0085468292236328 GB allocated
3.275390625 GB reserved
dict_keys(['index', 'mixture_magnitude', 'mixture_phase', 'source_phase', 'mix_magnitude', 'ideal_binary_mask', 'source_magnitudes'])
1.0093998908996582 GB allocated
3.275390625 GB reserved
dict_keys(['index', 'mixture_magnitude', 'mixture_phase', 'source_phase', 'mix_magnitude', 'ideal_binary_mask', 'source_magnitudes'])
1.0093998908996582 GB allocated
3.275390625 GB reserved
dict_keys(['index', 'mixture_magnitude', 'mixture_phase', 'source_phase', 'mix_magnitude', 'ideal_binary_mask', 'source_magnitudes'])
1.0093998908996582 GB allocated
3.275390625 GB reserved
dict_keys(['index', 'mixture_magnitude', 'mixture_phase', 'source_phase', 'mix_magnitude', 'ideal_binary_mask', 'source_magnitudes'])
1.0085468292236328 GB allocated
3.275390625 GB reserved
dict_keys(['index', 'mixture_magnitude', 'mixture_phase', 'source_phase', 'mix_magnitude', 'ideal_binary_mask', 'source_magnitudes'])
1.0093998908996582 GB allocated
3.275390625 GB reserved
dict_keys(['index', 'mixture_magnitude', 'mixture_phase', 'source_phase', 'mix_magnitude', 'ideal_binary_mask', 'source_magnitudes'])
1.0093998908996582 GB allocated
3.275390625 GB reserved
dict_keys(['index', 'mixture_magnitude', 'mixture_phase', 'source_phase', 'mix_magnitude', 'ideal_binary_mask', 'source_magnitudes'])
1.0093998908996582 GB allocated
3.275390625 GB reserved
dict_keys(['index', 'mixture_magnitude', 'mixture_phase', 'source_phase', 'mix_magnitude', 'ideal_binary_mask', 'source_magnitudes'])
1.0085468292236328 GB allocated
3.275390625 GB reserved
dict_keys(['index', 'mixture_magnitude', 'mixture_phase', 'source_phase', 'mix_magnitude', 'ideal_binary_mask', 'source_magnitudes'])
1.0093998908996582 GB allocated
3.275390625 GB reserved
dict_keys(['index', 'mixture_magnitude', 'mixture_phase', 'source_phase', 'mix_magnitude', 'ideal_binary_mask', 'source_magnitudes'])
1.0093998908996582 GB allocated
3.275390625 GB reserved
dict_keys(['index', 'mixture_magnitude', 'mixture_phase', 'source_phase', 'mix_magnitude', 'ideal_binary_mask', 'source_magnitudes'])
1.0093998908996582 GB allocated
3.275390625 GB reserved
dict_keys(['index', 'mixture_magnitude', 'mixture_phase', 'source_phase', 'mix_magnitude', 'ideal_binary_mask', 'source_magnitudes'])
1.0085468292236328 GB allocated
3.275390625 GB reserved
dict_keys(['index', 'mixture_magnitude', 'mixture_phase', 'source_phase', 'mix_magnitude', 'ideal_binary_mask', 'source_magnitudes'])
1.0093998908996582 GB allocated
3.275390625 GB reserved
dict_keys(['index', 'mixture_magnitude', 'mixture_phase', 'source_phase', 'mix_magnitude', 'ideal_binary_mask', 'source_magnitudes'])
1.0093998908996582 GB allocated
3.275390625 GB reserved
dict_keys(['index', 'mixture_magnitude', 'mixture_phase', 'source_phase', 'mix_magnitude', 'ideal_binary_mask', 'source_magnitudes'])
1.0093998908996582 GB allocated
3.275390625 GB reserved
dict_keys(['index', 'mixture_magnitude', 'mixture_phase', 'source_phase', 'mix_magnitude', 'ideal_binary_mask', 'source_magnitudes'])
[Validator] Epoch 29 - val_loss: 0.000595
[BEST CHECKPOINT] Guardado/actualizado en: checkpoints\Mis_modelos_v2\main\l1_freq checkpoints\4stems\best_checkpoint_24_val_loss=-0.0006.pt
05/20/2026 10:57:29 AM | engine.py:1037 Engine run finished. Time taken: 00:01:03.508
[Epoch 29] train_loss=0.000560 | val_loss=0.000595
05/20/2026 10:57:29 AM | engine.py:1010 Epoch[29] Complete. Time taken: 00:18:17.459
1.0085468292236328 GB allocated
3.275390625 GB reserved
dict_keys(['index', 'mixture_magnitude', 'mixture_phase', 'source_phase', 'mix_magnitude', 'ideal_binary_mask', 'source_magnitudes'])
1.0093998908996582 GB allocated
3.275390625 GB reserved
dict_keys(['index', 'mixture_magnitude', 'mixture_phase', 'source_phase', 'mix_magnitude', 'ideal_binary_mask', 'source_magnitudes'])
1.0093998908996582 GB allocated
3.275390625 GB reserved
dict_keys(['index', 'mixture_magnitude', 'mixture_phase', 'source_phase', 'mix_magnitude', 'ideal_binary_mask', 'source_magnitudes'])
1.0093998908996582 GB allocated
3.275390625 GB reserved
dict_keys(['index', 'mixture_magnitude', 'mixture_phase', 'source_phase', 'mix_magnitude', 'ideal_binary_mask', 'source_magnitudes'])
1.0085468292236328 GB allocated
3.275390625 GB reserved
dict_keys(['index', 'mixture_magnitude', 'mixture_phase', 'source_phase', 'mix_magnitude', 'ideal_binary_mask', 'source_magnitudes'])
1.0093998908996582 GB allocated
3.275390625 GB reserved
dict_keys(['index', 'mixture_magnitude', 'mixture_phase', 'source_phase', 'mix_magnitude', 'ideal_binary_mask', 'source_magnitudes'])
1.0093998908996582 GB allocated
3.275390625 GB reserved
dict_keys(['index', 'mixture_magnitude', 'mixture_phase', 'source_phase', 'mix_magnitude', 'ideal_binary_mask', 'source_magnitudes'])
1.0093998908996582 GB allocated
3.275390625 GB reserved
dict_keys(['index', 'mixture_magnitude', 'mixture_phase', 'source_phase', 'mix_magnitude', 'ideal_binary_mask', 'source_magnitudes'])
1.0085468292236328 GB allocated
3.275390625 GB reserved
dict_keys(['index', 'mixture_magnitude', 'mixture_phase', 'source_phase', 'mix_magnitude', 'ideal_binary_mask', 'source_magnitudes'])
1.0093998908996582 GB allocated
3.275390625 GB reserved
dict_keys(['index', 'mixture_magnitude', 'mixture_phase', 'source_phase', 'mix_magnitude', 'ideal_binary_mask', 'source_magnitudes'])
1.0093998908996582 GB allocated
3.275390625 GB reserved
dict_keys(['index', 'mixture_magnitude', 'mixture_phase', 'source_phase', 'mix_magnitude', 'ideal_binary_mask', 'source_magnitudes'])
1.0093998908996582 GB allocated
3.275390625 GB reserved
dict_keys(['index', 'mixture_magnitude', 'mixture_phase', 'source_phase', 'mix_magnitude', 'ideal_binary_mask', 'source_magnitudes'])
1.0085468292236328 GB allocated
3.275390625 GB reserved
dict_keys(['index', 'mixture_magnitude', 'mixture_phase', 'source_phase', 'mix_magnitude', 'ideal_binary_mask', 'source_magnitudes'])
1.0093998908996582 GB allocated
3.275390625 GB reserved
dict_keys(['index', 'mixture_magnitude', 'mixture_phase', 'source_phase', 'mix_magnitude', 'ideal_binary_mask', 'source_magnitudes'])
1.0093998908996582 GB allocated
3.275390625 GB reserved
dict_keys(['index', 'mixture_magnitude', 'mixture_phase', 'source_phase', 'mix_magnitude', 'ideal_binary_mask', 'source_magnitudes'])
1.0093998908996582 GB allocated
3.275390625 GB reserved
dict_keys(['index', 'mixture_magnitude', 'mixture_phase', 'source_phase', 'mix_magnitude', 'ideal_binary_mask', 'source_magnitudes'])
1.0085468292236328 GB allocated
3.275390625 GB reserved
dict_keys(['index', 'mixture_magnitude', 'mixture_phase', 'source_phase', 'mix_magnitude', 'ideal_binary_mask', 'source_magnitudes'])
1.0093998908996582 GB allocated
3.275390625 GB reserved
dict_keys(['index', 'mixture_magnitude', 'mixture_phase', 'source_phase', 'mix_magnitude', 'ideal_binary_mask', 'source_magnitudes'])
1.0093998908996582 GB allocated
3.275390625 GB reserved
dict_keys(['index', 'mixture_magnitude', 'mixture_phase', 'source_phase', 'mix_magnitude', 'ideal_binary_mask', 'source_magnitudes'])
1.0093998908996582 GB allocated
3.275390625 GB reserved
dict_keys(['index', 'mixture_magnitude', 'mixture_phase', 'source_phase', 'mix_magnitude', 'ideal_binary_mask', 'source_magnitudes'])
1.0085468292236328 GB allocated
3.275390625 GB reserved
dict_keys(['index', 'mixture_magnitude', 'mixture_phase', 'source_phase', 'mix_magnitude', 'ideal_binary_mask', 'source_magnitudes'])
1.0093998908996582 GB allocated
3.275390625 GB reserved
dict_keys(['index', 'mixture_magnitude', 'mixture_phase', 'source_phase', 'mix_magnitude', 'ideal_binary_mask', 'source_magnitudes'])
1.0093998908996582 GB allocated
3.275390625 GB reserved
dict_keys(['index', 'mixture_magnitude', 'mixture_phase', 'source_phase', 'mix_magnitude', 'ideal_binary_mask', 'source_magnitudes'])
1.0093998908996582 GB allocated
3.275390625 GB reserved
dict_keys(['index', 'mixture_magnitude', 'mixture_phase', 'source_phase', 'mix_magnitude', 'ideal_binary_mask', 'source_magnitudes'])
1.0085468292236328 GB allocated
3.275390625 GB reserved
dict_keys(['index', 'mixture_magnitude', 'mixture_phase', 'source_phase', 'mix_magnitude', 'ideal_binary_mask', 'source_magnitudes'])
1.0093998908996582 GB allocated
3.275390625 GB reserved
dict_keys(['index', 'mixture_magnitude', 'mixture_phase', 'source_phase', 'mix_magnitude', 'ideal_binary_mask', 'source_magnitudes'])
1.0093998908996582 GB allocated
3.275390625 GB reserved
dict_keys(['index', 'mixture_magnitude', 'mixture_phase', 'source_phase', 'mix_magnitude', 'ideal_binary_mask', 'source_magnitudes'])
1.0093998908996582 GB allocated
3.275390625 GB reserved
dict_keys(['index', 'mixture_magnitude', 'mixture_phase', 'source_phase', 'mix_magnitude', 'ideal_binary_mask', 'source_magnitudes'])
1.0085468292236328 GB allocated
3.275390625 GB reserved
dict_keys(['index', 'mixture_magnitude', 'mixture_phase', 'source_phase', 'mix_magnitude', 'ideal_binary_mask', 'source_magnitudes'])
1.0093998908996582 GB allocated
3.275390625 GB reserved
dict_keys(['index', 'mixture_magnitude', 'mixture_phase', 'source_phase', 'mix_magnitude', 'ideal_binary_mask', 'source_magnitudes'])
1.0093998908996582 GB allocated
3.275390625 GB reserved
dict_keys(['index', 'mixture_magnitude', 'mixture_phase', 'source_phase', 'mix_magnitude', 'ideal_binary_mask', 'source_magnitudes'])
1.0093998908996582 GB allocated
3.275390625 GB reserved
dict_keys(['index', 'mixture_magnitude', 'mixture_phase', 'source_phase', 'mix_magnitude', 'ideal_binary_mask', 'source_magnitudes'])
1.0085468292236328 GB allocated
3.275390625 GB reserved
dict_keys(['index', 'mixture_magnitude', 'mixture_phase', 'source_phase', 'mix_magnitude', 'ideal_binary_mask', 'source_magnitudes'])
1.0093998908996582 GB allocated
3.275390625 GB reserved
dict_keys(['index', 'mixture_magnitude', 'mixture_phase', 'source_phase', 'mix_magnitude', 'ideal_binary_mask', 'source_magnitudes'])
1.0093998908996582 GB allocated
3.275390625 GB reserved
dict_keys(['index', 'mixture_magnitude', 'mixture_phase', 'source_phase', 'mix_magnitude', 'ideal_binary_mask', 'source_magnitudes'])
1.0093998908996582 GB allocated
3.275390625 GB reserved
dict_keys(['index', 'mixture_magnitude', 'mixture_phase', 'source_phase', 'mix_magnitude', 'ideal_binary_mask', 'source_magnitudes'])
1.0085468292236328 GB allocated
3.275390625 GB reserved
dict_keys(['index', 'mixture_magnitude', 'mixture_phase', 'source_phase', 'mix_magnitude', 'ideal_binary_mask', 'source_magnitudes'])
1.0093998908996582 GB allocated
3.275390625 GB reserved
dict_keys(['index', 'mixture_magnitude', 'mixture_phase', 'source_phase', 'mix_magnitude', 'ideal_binary_mask', 'source_magnitudes'])
1.0093998908996582 GB allocated
3.275390625 GB reserved
dict_keys(['index', 'mixture_magnitude', 'mixture_phase', 'source_phase', 'mix_magnitude', 'ideal_binary_mask', 'source_magnitudes'])
1.0093998908996582 GB allocated
3.275390625 GB reserved
dict_keys(['index', 'mixture_magnitude', 'mixture_phase', 'source_phase', 'mix_magnitude', 'ideal_binary_mask', 'source_magnitudes'])
1.0085468292236328 GB allocated
3.275390625 GB reserved
dict_keys(['index', 'mixture_magnitude', 'mixture_phase', 'source_phase', 'mix_magnitude', 'ideal_binary_mask', 'source_magnitudes'])
1.0093998908996582 GB allocated
3.275390625 GB reserved
dict_keys(['index', 'mixture_magnitude', 'mixture_phase', 'source_phase', 'mix_magnitude', 'ideal_binary_mask', 'source_magnitudes'])
1.0093998908996582 GB allocated
3.275390625 GB reserved
05/20/2026 11:14:37 AM | engine.py:906 Engine run starting with max_epochs=1.
05/20/2026 11:15:41 AM | engine.py:1010 Epoch[1] Complete. Time taken: 00:01:04.042
dict_keys(['index', 'mixture_magnitude', 'mixture_phase', 'source_phase', 'mix_magnitude', 'ideal_binary_mask', 'source_magnitudes'])
1.0093998908996582 GB allocated
3.275390625 GB reserved
dict_keys(['index', 'mixture_magnitude', 'mixture_phase', 'source_phase', 'mix_magnitude', 'ideal_binary_mask', 'source_magnitudes'])
1.0085468292236328 GB allocated
3.275390625 GB reserved
dict_keys(['index', 'mixture_magnitude', 'mixture_phase', 'source_phase', 'mix_magnitude', 'ideal_binary_mask', 'source_magnitudes'])
1.0093998908996582 GB allocated
3.275390625 GB reserved
dict_keys(['index', 'mixture_magnitude', 'mixture_phase', 'source_phase', 'mix_magnitude', 'ideal_binary_mask', 'source_magnitudes'])
1.0093998908996582 GB allocated
3.275390625 GB reserved
dict_keys(['index', 'mixture_magnitude', 'mixture_phase', 'source_phase', 'mix_magnitude', 'ideal_binary_mask', 'source_magnitudes'])
1.0093998908996582 GB allocated
3.275390625 GB reserved
dict_keys(['index', 'mixture_magnitude', 'mixture_phase', 'source_phase', 'mix_magnitude', 'ideal_binary_mask', 'source_magnitudes'])
1.0085468292236328 GB allocated
3.275390625 GB reserved
dict_keys(['index', 'mixture_magnitude', 'mixture_phase', 'source_phase', 'mix_magnitude', 'ideal_binary_mask', 'source_magnitudes'])
1.0093998908996582 GB allocated
3.275390625 GB reserved
dict_keys(['index', 'mixture_magnitude', 'mixture_phase', 'source_phase', 'mix_magnitude', 'ideal_binary_mask', 'source_magnitudes'])
1.0093998908996582 GB allocated
3.275390625 GB reserved
dict_keys(['index', 'mixture_magnitude', 'mixture_phase', 'source_phase', 'mix_magnitude', 'ideal_binary_mask', 'source_magnitudes'])
1.0093998908996582 GB allocated
3.275390625 GB reserved
dict_keys(['index', 'mixture_magnitude', 'mixture_phase', 'source_phase', 'mix_magnitude', 'ideal_binary_mask', 'source_magnitudes'])
1.0085468292236328 GB allocated
3.275390625 GB reserved
dict_keys(['index', 'mixture_magnitude', 'mixture_phase', 'source_phase', 'mix_magnitude', 'ideal_binary_mask', 'source_magnitudes'])
1.0093998908996582 GB allocated
3.275390625 GB reserved
dict_keys(['index', 'mixture_magnitude', 'mixture_phase', 'source_phase', 'mix_magnitude', 'ideal_binary_mask', 'source_magnitudes'])
1.0093998908996582 GB allocated
3.275390625 GB reserved
dict_keys(['index', 'mixture_magnitude', 'mixture_phase', 'source_phase', 'mix_magnitude', 'ideal_binary_mask', 'source_magnitudes'])
1.0093998908996582 GB allocated
3.275390625 GB reserved
dict_keys(['index', 'mixture_magnitude', 'mixture_phase', 'source_phase', 'mix_magnitude', 'ideal_binary_mask', 'source_magnitudes'])
1.0085468292236328 GB allocated
3.275390625 GB reserved
dict_keys(['index', 'mixture_magnitude', 'mixture_phase', 'source_phase', 'mix_magnitude', 'ideal_binary_mask', 'source_magnitudes'])
1.0093998908996582 GB allocated
3.275390625 GB reserved
dict_keys(['index', 'mixture_magnitude', 'mixture_phase', 'source_phase', 'mix_magnitude', 'ideal_binary_mask', 'source_magnitudes'])
1.0093998908996582 GB allocated
3.275390625 GB reserved
dict_keys(['index', 'mixture_magnitude', 'mixture_phase', 'source_phase', 'mix_magnitude', 'ideal_binary_mask', 'source_magnitudes'])
1.0093998908996582 GB allocated
3.275390625 GB reserved
dict_keys(['index', 'mixture_magnitude', 'mixture_phase', 'source_phase', 'mix_magnitude', 'ideal_binary_mask', 'source_magnitudes'])
1.0085468292236328 GB allocated
3.275390625 GB reserved
dict_keys(['index', 'mixture_magnitude', 'mixture_phase', 'source_phase', 'mix_magnitude', 'ideal_binary_mask', 'source_magnitudes'])
1.0093998908996582 GB allocated
3.275390625 GB reserved
dict_keys(['index', 'mixture_magnitude', 'mixture_phase', 'source_phase', 'mix_magnitude', 'ideal_binary_mask', 'source_magnitudes'])
1.0093998908996582 GB allocated
3.275390625 GB reserved
dict_keys(['index', 'mixture_magnitude', 'mixture_phase', 'source_phase', 'mix_magnitude', 'ideal_binary_mask', 'source_magnitudes'])
1.0093998908996582 GB allocated
3.275390625 GB reserved
dict_keys(['index', 'mixture_magnitude', 'mixture_phase', 'source_phase', 'mix_magnitude', 'ideal_binary_mask', 'source_magnitudes'])
1.0085468292236328 GB allocated
3.275390625 GB reserved
dict_keys(['index', 'mixture_magnitude', 'mixture_phase', 'source_phase', 'mix_magnitude', 'ideal_binary_mask', 'source_magnitudes'])
1.0093998908996582 GB allocated
3.275390625 GB reserved
dict_keys(['index', 'mixture_magnitude', 'mixture_phase', 'source_phase', 'mix_magnitude', 'ideal_binary_mask', 'source_magnitudes'])
1.0093998908996582 GB allocated
3.275390625 GB reserved
dict_keys(['index', 'mixture_magnitude', 'mixture_phase', 'source_phase', 'mix_magnitude', 'ideal_binary_mask', 'source_magnitudes'])
1.0093998908996582 GB allocated
3.275390625 GB reserved
dict_keys(['index', 'mixture_magnitude', 'mixture_phase', 'source_phase', 'mix_magnitude', 'ideal_binary_mask', 'source_magnitudes'])
1.0085468292236328 GB allocated
3.275390625 GB reserved
dict_keys(['index', 'mixture_magnitude', 'mixture_phase', 'source_phase', 'mix_magnitude', 'ideal_binary_mask', 'source_magnitudes'])
1.0093998908996582 GB allocated
3.275390625 GB reserved
dict_keys(['index', 'mixture_magnitude', 'mixture_phase', 'source_phase', 'mix_magnitude', 'ideal_binary_mask', 'source_magnitudes'])
1.0093998908996582 GB allocated
3.275390625 GB reserved
dict_keys(['index', 'mixture_magnitude', 'mixture_phase', 'source_phase', 'mix_magnitude', 'ideal_binary_mask', 'source_magnitudes'])
1.0093998908996582 GB allocated
3.275390625 GB reserved
dict_keys(['index', 'mixture_magnitude', 'mixture_phase', 'source_phase', 'mix_magnitude', 'ideal_binary_mask', 'source_magnitudes'])
1.0085468292236328 GB allocated
3.275390625 GB reserved
dict_keys(['index', 'mixture_magnitude', 'mixture_phase', 'source_phase', 'mix_magnitude', 'ideal_binary_mask', 'source_magnitudes'])
1.0093998908996582 GB allocated
3.275390625 GB reserved
dict_keys(['index', 'mixture_magnitude', 'mixture_phase', 'source_phase', 'mix_magnitude', 'ideal_binary_mask', 'source_magnitudes'])
1.0093998908996582 GB allocated
3.275390625 GB reserved
dict_keys(['index', 'mixture_magnitude', 'mixture_phase', 'source_phase', 'mix_magnitude', 'ideal_binary_mask', 'source_magnitudes'])
1.0093998908996582 GB allocated
3.275390625 GB reserved
dict_keys(['index', 'mixture_magnitude', 'mixture_phase', 'source_phase', 'mix_magnitude', 'ideal_binary_mask', 'source_magnitudes'])
1.0085468292236328 GB allocated
3.275390625 GB reserved
dict_keys(['index', 'mixture_magnitude', 'mixture_phase', 'source_phase', 'mix_magnitude', 'ideal_binary_mask', 'source_magnitudes'])
1.0093998908996582 GB allocated
3.275390625 GB reserved
dict_keys(['index', 'mixture_magnitude', 'mixture_phase', 'source_phase', 'mix_magnitude', 'ideal_binary_mask', 'source_magnitudes'])
1.0093998908996582 GB allocated
3.275390625 GB reserved
dict_keys(['index', 'mixture_magnitude', 'mixture_phase', 'source_phase', 'mix_magnitude', 'ideal_binary_mask', 'source_magnitudes'])
1.0093998908996582 GB allocated
3.275390625 GB reserved
dict_keys(['index', 'mixture_magnitude', 'mixture_phase', 'source_phase', 'mix_magnitude', 'ideal_binary_mask', 'source_magnitudes'])
1.0085468292236328 GB allocated
3.275390625 GB reserved
dict_keys(['index', 'mixture_magnitude', 'mixture_phase', 'source_phase', 'mix_magnitude', 'ideal_binary_mask', 'source_magnitudes'])
1.0093998908996582 GB allocated
3.275390625 GB reserved
dict_keys(['index', 'mixture_magnitude', 'mixture_phase', 'source_phase', 'mix_magnitude', 'ideal_binary_mask', 'source_magnitudes'])
1.0093998908996582 GB allocated
3.275390625 GB reserved
dict_keys(['index', 'mixture_magnitude', 'mixture_phase', 'source_phase', 'mix_magnitude', 'ideal_binary_mask', 'source_magnitudes'])
1.0093998908996582 GB allocated
3.275390625 GB reserved
dict_keys(['index', 'mixture_magnitude', 'mixture_phase', 'source_phase', 'mix_magnitude', 'ideal_binary_mask', 'source_magnitudes'])
1.0085468292236328 GB allocated
3.275390625 GB reserved
dict_keys(['index', 'mixture_magnitude', 'mixture_phase', 'source_phase', 'mix_magnitude', 'ideal_binary_mask', 'source_magnitudes'])
1.0093998908996582 GB allocated
3.275390625 GB reserved
dict_keys(['index', 'mixture_magnitude', 'mixture_phase', 'source_phase', 'mix_magnitude', 'ideal_binary_mask', 'source_magnitudes'])
1.0093998908996582 GB allocated
3.275390625 GB reserved
dict_keys(['index', 'mixture_magnitude', 'mixture_phase', 'source_phase', 'mix_magnitude', 'ideal_binary_mask', 'source_magnitudes'])
1.0093998908996582 GB allocated
3.275390625 GB reserved
dict_keys(['index', 'mixture_magnitude', 'mixture_phase', 'source_phase', 'mix_magnitude', 'ideal_binary_mask', 'source_magnitudes'])
1.0085468292236328 GB allocated
3.275390625 GB reserved
dict_keys(['index', 'mixture_magnitude', 'mixture_phase', 'source_phase', 'mix_magnitude', 'ideal_binary_mask', 'source_magnitudes'])
1.0093998908996582 GB allocated
3.275390625 GB reserved
dict_keys(['index', 'mixture_magnitude', 'mixture_phase', 'source_phase', 'mix_magnitude', 'ideal_binary_mask', 'source_magnitudes'])
1.0093998908996582 GB allocated
3.275390625 GB reserved
dict_keys(['index', 'mixture_magnitude', 'mixture_phase', 'source_phase', 'mix_magnitude', 'ideal_binary_mask', 'source_magnitudes'])
1.0093998908996582 GB allocated
3.275390625 GB reserved
dict_keys(['index', 'mixture_magnitude', 'mixture_phase', 'source_phase', 'mix_magnitude', 'ideal_binary_mask', 'source_magnitudes'])
1.0085468292236328 GB allocated
3.275390625 GB reserved
dict_keys(['index', 'mixture_magnitude', 'mixture_phase', 'source_phase', 'mix_magnitude', 'ideal_binary_mask', 'source_magnitudes'])
1.0093998908996582 GB allocated
3.275390625 GB reserved
dict_keys(['index', 'mixture_magnitude', 'mixture_phase', 'source_phase', 'mix_magnitude', 'ideal_binary_mask', 'source_magnitudes'])
1.0093998908996582 GB allocated
3.275390625 GB reserved
dict_keys(['index', 'mixture_magnitude', 'mixture_phase', 'source_phase', 'mix_magnitude', 'ideal_binary_mask', 'source_magnitudes'])
1.0093998908996582 GB allocated
3.275390625 GB reserved
dict_keys(['index', 'mixture_magnitude', 'mixture_phase', 'source_phase', 'mix_magnitude', 'ideal_binary_mask', 'source_magnitudes'])
1.0085468292236328 GB allocated
3.275390625 GB reserved
dict_keys(['index', 'mixture_magnitude', 'mixture_phase', 'source_phase', 'mix_magnitude', 'ideal_binary_mask', 'source_magnitudes'])
1.0093998908996582 GB allocated
3.275390625 GB reserved
dict_keys(['index', 'mixture_magnitude', 'mixture_phase', 'source_phase', 'mix_magnitude', 'ideal_binary_mask', 'source_magnitudes'])
1.0093998908996582 GB allocated
3.275390625 GB reserved
dict_keys(['index', 'mixture_magnitude', 'mixture_phase', 'source_phase', 'mix_magnitude', 'ideal_binary_mask', 'source_magnitudes'])
1.0093998908996582 GB allocated
3.275390625 GB reserved
dict_keys(['index', 'mixture_magnitude', 'mixture_phase', 'source_phase', 'mix_magnitude', 'ideal_binary_mask', 'source_magnitudes'])
[Validator] Epoch 30 - val_loss: 0.000594
[BEST CHECKPOINT] Guardado/actualizado en: checkpoints\Mis_modelos_v2\main\l1_freq checkpoints\4stems\best_checkpoint_24_val_loss=-0.0006.pt
05/20/2026 11:15:41 AM | engine.py:1037 Engine run finished. Time taken: 00:01:04.043
[Epoch 30] train_loss=0.000554 | val_loss=0.000594
05/20/2026 11:15:41 AM | engine.py:1010 Epoch[30] Complete. Time taken: 00:18:11.969
1.0085468292236328 GB allocated
3.275390625 GB reserved
dict_keys(['index', 'mixture_magnitude', 'mixture_phase', 'source_phase', 'mix_magnitude', 'ideal_binary_mask', 'source_magnitudes'])
1.0093998908996582 GB allocated
3.275390625 GB reserved
dict_keys(['index', 'mixture_magnitude', 'mixture_phase', 'source_phase', 'mix_magnitude', 'ideal_binary_mask', 'source_magnitudes'])
1.0093998908996582 GB allocated
3.275390625 GB reserved
dict_keys(['index', 'mixture_magnitude', 'mixture_phase', 'source_phase', 'mix_magnitude', 'ideal_binary_mask', 'source_magnitudes'])
1.0093998908996582 GB allocated
3.275390625 GB reserved
dict_keys(['index', 'mixture_magnitude', 'mixture_phase', 'source_phase', 'mix_magnitude', 'ideal_binary_mask', 'source_magnitudes'])
1.0085468292236328 GB allocated
3.275390625 GB reserved
dict_keys(['index', 'mixture_magnitude', 'mixture_phase', 'source_phase', 'mix_magnitude', 'ideal_binary_mask', 'source_magnitudes'])
1.0093998908996582 GB allocated
3.275390625 GB reserved
dict_keys(['index', 'mixture_magnitude', 'mixture_phase', 'source_phase', 'mix_magnitude', 'ideal_binary_mask', 'source_magnitudes'])
1.0093998908996582 GB allocated
3.275390625 GB reserved
dict_keys(['index', 'mixture_magnitude', 'mixture_phase', 'source_phase', 'mix_magnitude', 'ideal_binary_mask', 'source_magnitudes'])
1.0093998908996582 GB allocated
3.275390625 GB reserved
dict_keys(['index', 'mixture_magnitude', 'mixture_phase', 'source_phase', 'mix_magnitude', 'ideal_binary_mask', 'source_magnitudes'])
1.0085468292236328 GB allocated
3.275390625 GB reserved
dict_keys(['index', 'mixture_magnitude', 'mixture_phase', 'source_phase', 'mix_magnitude', 'ideal_binary_mask', 'source_magnitudes'])
1.0093998908996582 GB allocated
3.275390625 GB reserved
dict_keys(['index', 'mixture_magnitude', 'mixture_phase', 'source_phase', 'mix_magnitude', 'ideal_binary_mask', 'source_magnitudes'])
1.0093998908996582 GB allocated
3.275390625 GB reserved
dict_keys(['index', 'mixture_magnitude', 'mixture_phase', 'source_phase', 'mix_magnitude', 'ideal_binary_mask', 'source_magnitudes'])
1.0093998908996582 GB allocated
3.275390625 GB reserved
dict_keys(['index', 'mixture_magnitude', 'mixture_phase', 'source_phase', 'mix_magnitude', 'ideal_binary_mask', 'source_magnitudes'])
1.0085468292236328 GB allocated
3.275390625 GB reserved
dict_keys(['index', 'mixture_magnitude', 'mixture_phase', 'source_phase', 'mix_magnitude', 'ideal_binary_mask', 'source_magnitudes'])
1.0093998908996582 GB allocated
3.275390625 GB reserved
dict_keys(['index', 'mixture_magnitude', 'mixture_phase', 'source_phase', 'mix_magnitude', 'ideal_binary_mask', 'source_magnitudes'])
1.0093998908996582 GB allocated
3.275390625 GB reserved
dict_keys(['index', 'mixture_magnitude', 'mixture_phase', 'source_phase', 'mix_magnitude', 'ideal_binary_mask', 'source_magnitudes'])
1.0093998908996582 GB allocated
3.275390625 GB reserved
dict_keys(['index', 'mixture_magnitude', 'mixture_phase', 'source_phase', 'mix_magnitude', 'ideal_binary_mask', 'source_magnitudes'])
1.0085468292236328 GB allocated
3.275390625 GB reserved
dict_keys(['index', 'mixture_magnitude', 'mixture_phase', 'source_phase', 'mix_magnitude', 'ideal_binary_mask', 'source_magnitudes'])
1.0093998908996582 GB allocated
3.275390625 GB reserved
dict_keys(['index', 'mixture_magnitude', 'mixture_phase', 'source_phase', 'mix_magnitude', 'ideal_binary_mask', 'source_magnitudes'])
1.0093998908996582 GB allocated
3.275390625 GB reserved
dict_keys(['index', 'mixture_magnitude', 'mixture_phase', 'source_phase', 'mix_magnitude', 'ideal_binary_mask', 'source_magnitudes'])
1.0093998908996582 GB allocated
3.275390625 GB reserved
dict_keys(['index', 'mixture_magnitude', 'mixture_phase', 'source_phase', 'mix_magnitude', 'ideal_binary_mask', 'source_magnitudes'])
1.0085468292236328 GB allocated
3.275390625 GB reserved
dict_keys(['index', 'mixture_magnitude', 'mixture_phase', 'source_phase', 'mix_magnitude', 'ideal_binary_mask', 'source_magnitudes'])
1.0093998908996582 GB allocated
3.275390625 GB reserved
dict_keys(['index', 'mixture_magnitude', 'mixture_phase', 'source_phase', 'mix_magnitude', 'ideal_binary_mask', 'source_magnitudes'])
1.0093998908996582 GB allocated
3.275390625 GB reserved
dict_keys(['index', 'mixture_magnitude', 'mixture_phase', 'source_phase', 'mix_magnitude', 'ideal_binary_mask', 'source_magnitudes'])
1.0093998908996582 GB allocated
3.275390625 GB reserved
dict_keys(['index', 'mixture_magnitude', 'mixture_phase', 'source_phase', 'mix_magnitude', 'ideal_binary_mask', 'source_magnitudes'])
1.0085468292236328 GB allocated
3.275390625 GB reserved
dict_keys(['index', 'mixture_magnitude', 'mixture_phase', 'source_phase', 'mix_magnitude', 'ideal_binary_mask', 'source_magnitudes'])
1.0093998908996582 GB allocated
3.275390625 GB reserved
dict_keys(['index', 'mixture_magnitude', 'mixture_phase', 'source_phase', 'mix_magnitude', 'ideal_binary_mask', 'source_magnitudes'])
1.0093998908996582 GB allocated
3.275390625 GB reserved
dict_keys(['index', 'mixture_magnitude', 'mixture_phase', 'source_phase', 'mix_magnitude', 'ideal_binary_mask', 'source_magnitudes'])
1.0093998908996582 GB allocated
3.275390625 GB reserved
dict_keys(['index', 'mixture_magnitude', 'mixture_phase', 'source_phase', 'mix_magnitude', 'ideal_binary_mask', 'source_magnitudes'])
1.0085468292236328 GB allocated
3.275390625 GB reserved
dict_keys(['index', 'mixture_magnitude', 'mixture_phase', 'source_phase', 'mix_magnitude', 'ideal_binary_mask', 'source_magnitudes'])
1.0093998908996582 GB allocated
3.275390625 GB reserved
dict_keys(['index', 'mixture_magnitude', 'mixture_phase', 'source_phase', 'mix_magnitude', 'ideal_binary_mask', 'source_magnitudes'])
1.0093998908996582 GB allocated
3.275390625 GB reserved
dict_keys(['index', 'mixture_magnitude', 'mixture_phase', 'source_phase', 'mix_magnitude', 'ideal_binary_mask', 'source_magnitudes'])
1.0093998908996582 GB allocated
3.275390625 GB reserved
dict_keys(['index', 'mixture_magnitude', 'mixture_phase', 'source_phase', 'mix_magnitude', 'ideal_binary_mask', 'source_magnitudes'])
1.0085468292236328 GB allocated
3.275390625 GB reserved
dict_keys(['index', 'mixture_magnitude', 'mixture_phase', 'source_phase', 'mix_magnitude', 'ideal_binary_mask', 'source_magnitudes'])
1.0093998908996582 GB allocated
3.275390625 GB reserved
dict_keys(['index', 'mixture_magnitude', 'mixture_phase', 'source_phase', 'mix_magnitude', 'ideal_binary_mask', 'source_magnitudes'])
1.0093998908996582 GB allocated
3.275390625 GB reserved
dict_keys(['index', 'mixture_magnitude', 'mixture_phase', 'source_phase', 'mix_magnitude', 'ideal_binary_mask', 'source_magnitudes'])
1.0093998908996582 GB allocated
3.275390625 GB reserved
dict_keys(['index', 'mixture_magnitude', 'mixture_phase', 'source_phase', 'mix_magnitude', 'ideal_binary_mask', 'source_magnitudes'])
1.0085468292236328 GB allocated
3.275390625 GB reserved
dict_keys(['index', 'mixture_magnitude', 'mixture_phase', 'source_phase', 'mix_magnitude', 'ideal_binary_mask', 'source_magnitudes'])
1.0093998908996582 GB allocated
3.275390625 GB reserved
dict_keys(['index', 'mixture_magnitude', 'mixture_phase', 'source_phase', 'mix_magnitude', 'ideal_binary_mask', 'source_magnitudes'])
1.0093998908996582 GB allocated
3.275390625 GB reserved
dict_keys(['index', 'mixture_magnitude', 'mixture_phase', 'source_phase', 'mix_magnitude', 'ideal_binary_mask', 'source_magnitudes'])
1.0093998908996582 GB allocated
3.275390625 GB reserved
dict_keys(['index', 'mixture_magnitude', 'mixture_phase', 'source_phase', 'mix_magnitude', 'ideal_binary_mask', 'source_magnitudes'])
1.0085468292236328 GB allocated
3.275390625 GB reserved
dict_keys(['index', 'mixture_magnitude', 'mixture_phase', 'source_phase', 'mix_magnitude', 'ideal_binary_mask', 'source_magnitudes'])
1.0093998908996582 GB allocated
3.275390625 GB reserved
dict_keys(['index', 'mixture_magnitude', 'mixture_phase', 'source_phase', 'mix_magnitude', 'ideal_binary_mask', 'source_magnitudes'])
1.0093998908996582 GB allocated
3.275390625 GB reserved
05/20/2026 11:33:00 AM | engine.py:906 Engine run starting with max_epochs=1.
05/20/2026 11:34:03 AM | engine.py:1010 Epoch[1] Complete. Time taken: 00:01:03.002
dict_keys(['index', 'mixture_magnitude', 'mixture_phase', 'source_phase', 'mix_magnitude', 'ideal_binary_mask', 'source_magnitudes'])
1.0093998908996582 GB allocated
3.275390625 GB reserved
dict_keys(['index', 'mixture_magnitude', 'mixture_phase', 'source_phase', 'mix_magnitude', 'ideal_binary_mask', 'source_magnitudes'])
1.0085468292236328 GB allocated
3.275390625 GB reserved
dict_keys(['index', 'mixture_magnitude', 'mixture_phase', 'source_phase', 'mix_magnitude', 'ideal_binary_mask', 'source_magnitudes'])
1.0093998908996582 GB allocated
3.275390625 GB reserved
dict_keys(['index', 'mixture_magnitude', 'mixture_phase', 'source_phase', 'mix_magnitude', 'ideal_binary_mask', 'source_magnitudes'])
1.0093998908996582 GB allocated
3.275390625 GB reserved
dict_keys(['index', 'mixture_magnitude', 'mixture_phase', 'source_phase', 'mix_magnitude', 'ideal_binary_mask', 'source_magnitudes'])
1.0093998908996582 GB allocated
3.275390625 GB reserved
dict_keys(['index', 'mixture_magnitude', 'mixture_phase', 'source_phase', 'mix_magnitude', 'ideal_binary_mask', 'source_magnitudes'])
1.0085468292236328 GB allocated
3.275390625 GB reserved
dict_keys(['index', 'mixture_magnitude', 'mixture_phase', 'source_phase', 'mix_magnitude', 'ideal_binary_mask', 'source_magnitudes'])
1.0093998908996582 GB allocated
3.275390625 GB reserved
dict_keys(['index', 'mixture_magnitude', 'mixture_phase', 'source_phase', 'mix_magnitude', 'ideal_binary_mask', 'source_magnitudes'])
1.0093998908996582 GB allocated
3.275390625 GB reserved
dict_keys(['index', 'mixture_magnitude', 'mixture_phase', 'source_phase', 'mix_magnitude', 'ideal_binary_mask', 'source_magnitudes'])
1.0093998908996582 GB allocated
3.275390625 GB reserved
dict_keys(['index', 'mixture_magnitude', 'mixture_phase', 'source_phase', 'mix_magnitude', 'ideal_binary_mask', 'source_magnitudes'])
1.0085468292236328 GB allocated
3.275390625 GB reserved
dict_keys(['index', 'mixture_magnitude', 'mixture_phase', 'source_phase', 'mix_magnitude', 'ideal_binary_mask', 'source_magnitudes'])
1.0093998908996582 GB allocated
3.275390625 GB reserved
dict_keys(['index', 'mixture_magnitude', 'mixture_phase', 'source_phase', 'mix_magnitude', 'ideal_binary_mask', 'source_magnitudes'])
1.0093998908996582 GB allocated
3.275390625 GB reserved
dict_keys(['index', 'mixture_magnitude', 'mixture_phase', 'source_phase', 'mix_magnitude', 'ideal_binary_mask', 'source_magnitudes'])
1.0093998908996582 GB allocated
3.275390625 GB reserved
dict_keys(['index', 'mixture_magnitude', 'mixture_phase', 'source_phase', 'mix_magnitude', 'ideal_binary_mask', 'source_magnitudes'])
1.0085468292236328 GB allocated
3.275390625 GB reserved
dict_keys(['index', 'mixture_magnitude', 'mixture_phase', 'source_phase', 'mix_magnitude', 'ideal_binary_mask', 'source_magnitudes'])
1.0093998908996582 GB allocated
3.275390625 GB reserved
dict_keys(['index', 'mixture_magnitude', 'mixture_phase', 'source_phase', 'mix_magnitude', 'ideal_binary_mask', 'source_magnitudes'])
1.0093998908996582 GB allocated
3.275390625 GB reserved
dict_keys(['index', 'mixture_magnitude', 'mixture_phase', 'source_phase', 'mix_magnitude', 'ideal_binary_mask', 'source_magnitudes'])
1.0093998908996582 GB allocated
3.275390625 GB reserved
dict_keys(['index', 'mixture_magnitude', 'mixture_phase', 'source_phase', 'mix_magnitude', 'ideal_binary_mask', 'source_magnitudes'])
1.0085468292236328 GB allocated
3.275390625 GB reserved
dict_keys(['index', 'mixture_magnitude', 'mixture_phase', 'source_phase', 'mix_magnitude', 'ideal_binary_mask', 'source_magnitudes'])
1.0093998908996582 GB allocated
3.275390625 GB reserved
dict_keys(['index', 'mixture_magnitude', 'mixture_phase', 'source_phase', 'mix_magnitude', 'ideal_binary_mask', 'source_magnitudes'])
1.0093998908996582 GB allocated
3.275390625 GB reserved
dict_keys(['index', 'mixture_magnitude', 'mixture_phase', 'source_phase', 'mix_magnitude', 'ideal_binary_mask', 'source_magnitudes'])
1.0093998908996582 GB allocated
3.275390625 GB reserved
dict_keys(['index', 'mixture_magnitude', 'mixture_phase', 'source_phase', 'mix_magnitude', 'ideal_binary_mask', 'source_magnitudes'])
1.0085468292236328 GB allocated
3.275390625 GB reserved
dict_keys(['index', 'mixture_magnitude', 'mixture_phase', 'source_phase', 'mix_magnitude', 'ideal_binary_mask', 'source_magnitudes'])
1.0093998908996582 GB allocated
3.275390625 GB reserved
dict_keys(['index', 'mixture_magnitude', 'mixture_phase', 'source_phase', 'mix_magnitude', 'ideal_binary_mask', 'source_magnitudes'])
1.0093998908996582 GB allocated
3.275390625 GB reserved
dict_keys(['index', 'mixture_magnitude', 'mixture_phase', 'source_phase', 'mix_magnitude', 'ideal_binary_mask', 'source_magnitudes'])
1.0093998908996582 GB allocated
3.275390625 GB reserved
dict_keys(['index', 'mixture_magnitude', 'mixture_phase', 'source_phase', 'mix_magnitude', 'ideal_binary_mask', 'source_magnitudes'])
1.0085468292236328 GB allocated
3.275390625 GB reserved
dict_keys(['index', 'mixture_magnitude', 'mixture_phase', 'source_phase', 'mix_magnitude', 'ideal_binary_mask', 'source_magnitudes'])
1.0093998908996582 GB allocated
3.275390625 GB reserved
dict_keys(['index', 'mixture_magnitude', 'mixture_phase', 'source_phase', 'mix_magnitude', 'ideal_binary_mask', 'source_magnitudes'])
1.0093998908996582 GB allocated
3.275390625 GB reserved
dict_keys(['index', 'mixture_magnitude', 'mixture_phase', 'source_phase', 'mix_magnitude', 'ideal_binary_mask', 'source_magnitudes'])
1.0093998908996582 GB allocated
3.275390625 GB reserved
dict_keys(['index', 'mixture_magnitude', 'mixture_phase', 'source_phase', 'mix_magnitude', 'ideal_binary_mask', 'source_magnitudes'])
1.0085468292236328 GB allocated
3.275390625 GB reserved
dict_keys(['index', 'mixture_magnitude', 'mixture_phase', 'source_phase', 'mix_magnitude', 'ideal_binary_mask', 'source_magnitudes'])
1.0093998908996582 GB allocated
3.275390625 GB reserved
dict_keys(['index', 'mixture_magnitude', 'mixture_phase', 'source_phase', 'mix_magnitude', 'ideal_binary_mask', 'source_magnitudes'])
1.0093998908996582 GB allocated
3.275390625 GB reserved
dict_keys(['index', 'mixture_magnitude', 'mixture_phase', 'source_phase', 'mix_magnitude', 'ideal_binary_mask', 'source_magnitudes'])
1.0093998908996582 GB allocated
3.275390625 GB reserved
dict_keys(['index', 'mixture_magnitude', 'mixture_phase', 'source_phase', 'mix_magnitude', 'ideal_binary_mask', 'source_magnitudes'])
1.0085468292236328 GB allocated
3.275390625 GB reserved
dict_keys(['index', 'mixture_magnitude', 'mixture_phase', 'source_phase', 'mix_magnitude', 'ideal_binary_mask', 'source_magnitudes'])
1.0093998908996582 GB allocated
3.275390625 GB reserved
dict_keys(['index', 'mixture_magnitude', 'mixture_phase', 'source_phase', 'mix_magnitude', 'ideal_binary_mask', 'source_magnitudes'])
1.0093998908996582 GB allocated
3.275390625 GB reserved
dict_keys(['index', 'mixture_magnitude', 'mixture_phase', 'source_phase', 'mix_magnitude', 'ideal_binary_mask', 'source_magnitudes'])
1.0093998908996582 GB allocated
3.275390625 GB reserved
dict_keys(['index', 'mixture_magnitude', 'mixture_phase', 'source_phase', 'mix_magnitude', 'ideal_binary_mask', 'source_magnitudes'])
1.0085468292236328 GB allocated
3.275390625 GB reserved
dict_keys(['index', 'mixture_magnitude', 'mixture_phase', 'source_phase', 'mix_magnitude', 'ideal_binary_mask', 'source_magnitudes'])
1.0093998908996582 GB allocated
3.275390625 GB reserved
dict_keys(['index', 'mixture_magnitude', 'mixture_phase', 'source_phase', 'mix_magnitude', 'ideal_binary_mask', 'source_magnitudes'])
1.0093998908996582 GB allocated
3.275390625 GB reserved
dict_keys(['index', 'mixture_magnitude', 'mixture_phase', 'source_phase', 'mix_magnitude', 'ideal_binary_mask', 'source_magnitudes'])
1.0093998908996582 GB allocated
3.275390625 GB reserved
dict_keys(['index', 'mixture_magnitude', 'mixture_phase', 'source_phase', 'mix_magnitude', 'ideal_binary_mask', 'source_magnitudes'])
1.0085468292236328 GB allocated
3.275390625 GB reserved
dict_keys(['index', 'mixture_magnitude', 'mixture_phase', 'source_phase', 'mix_magnitude', 'ideal_binary_mask', 'source_magnitudes'])
1.0093998908996582 GB allocated
3.275390625 GB reserved
dict_keys(['index', 'mixture_magnitude', 'mixture_phase', 'source_phase', 'mix_magnitude', 'ideal_binary_mask', 'source_magnitudes'])
1.0093998908996582 GB allocated
3.275390625 GB reserved
dict_keys(['index', 'mixture_magnitude', 'mixture_phase', 'source_phase', 'mix_magnitude', 'ideal_binary_mask', 'source_magnitudes'])
1.0093998908996582 GB allocated
3.275390625 GB reserved
dict_keys(['index', 'mixture_magnitude', 'mixture_phase', 'source_phase', 'mix_magnitude', 'ideal_binary_mask', 'source_magnitudes'])
1.0085468292236328 GB allocated
3.275390625 GB reserved
dict_keys(['index', 'mixture_magnitude', 'mixture_phase', 'source_phase', 'mix_magnitude', 'ideal_binary_mask', 'source_magnitudes'])
1.0093998908996582 GB allocated
3.275390625 GB reserved
dict_keys(['index', 'mixture_magnitude', 'mixture_phase', 'source_phase', 'mix_magnitude', 'ideal_binary_mask', 'source_magnitudes'])
1.0093998908996582 GB allocated
3.275390625 GB reserved
dict_keys(['index', 'mixture_magnitude', 'mixture_phase', 'source_phase', 'mix_magnitude', 'ideal_binary_mask', 'source_magnitudes'])
1.0093998908996582 GB allocated
3.275390625 GB reserved
dict_keys(['index', 'mixture_magnitude', 'mixture_phase', 'source_phase', 'mix_magnitude', 'ideal_binary_mask', 'source_magnitudes'])
1.0085468292236328 GB allocated
3.275390625 GB reserved
dict_keys(['index', 'mixture_magnitude', 'mixture_phase', 'source_phase', 'mix_magnitude', 'ideal_binary_mask', 'source_magnitudes'])
1.0093998908996582 GB allocated
3.275390625 GB reserved
dict_keys(['index', 'mixture_magnitude', 'mixture_phase', 'source_phase', 'mix_magnitude', 'ideal_binary_mask', 'source_magnitudes'])
1.0093998908996582 GB allocated
3.275390625 GB reserved
dict_keys(['index', 'mixture_magnitude', 'mixture_phase', 'source_phase', 'mix_magnitude', 'ideal_binary_mask', 'source_magnitudes'])
1.0093998908996582 GB allocated
3.275390625 GB reserved
dict_keys(['index', 'mixture_magnitude', 'mixture_phase', 'source_phase', 'mix_magnitude', 'ideal_binary_mask', 'source_magnitudes'])
1.0085468292236328 GB allocated
3.275390625 GB reserved
dict_keys(['index', 'mixture_magnitude', 'mixture_phase', 'source_phase', 'mix_magnitude', 'ideal_binary_mask', 'source_magnitudes'])
1.0093998908996582 GB allocated
3.275390625 GB reserved
dict_keys(['index', 'mixture_magnitude', 'mixture_phase', 'source_phase', 'mix_magnitude', 'ideal_binary_mask', 'source_magnitudes'])
1.0093998908996582 GB allocated
3.275390625 GB reserved
dict_keys(['index', 'mixture_magnitude', 'mixture_phase', 'source_phase', 'mix_magnitude', 'ideal_binary_mask', 'source_magnitudes'])
1.0093998908996582 GB allocated
3.275390625 GB reserved
dict_keys(['index', 'mixture_magnitude', 'mixture_phase', 'source_phase', 'mix_magnitude', 'ideal_binary_mask', 'source_magnitudes'])
[Validator] Epoch 31 - val_loss: 0.000594
[BEST CHECKPOINT] Guardado/actualizado en: checkpoints\Mis_modelos_v2\main\l1_freq checkpoints\4stems\best_checkpoint_24_val_loss=-0.0006.pt
05/20/2026 11:34:03 AM | engine.py:1037 Engine run finished. Time taken: 00:01:03.003
[Epoch 31] train_loss=0.000564 | val_loss=0.000594
05/20/2026 11:34:03 AM | engine.py:1010 Epoch[31] Complete. Time taken: 00:18:22.625
1.0085468292236328 GB allocated
3.275390625 GB reserved
dict_keys(['index', 'mixture_magnitude', 'mixture_phase', 'source_phase', 'mix_magnitude', 'ideal_binary_mask', 'source_magnitudes'])
1.0093998908996582 GB allocated
3.275390625 GB reserved
dict_keys(['index', 'mixture_magnitude', 'mixture_phase', 'source_phase', 'mix_magnitude', 'ideal_binary_mask', 'source_magnitudes'])
1.0093998908996582 GB allocated
3.275390625 GB reserved
dict_keys(['index', 'mixture_magnitude', 'mixture_phase', 'source_phase', 'mix_magnitude', 'ideal_binary_mask', 'source_magnitudes'])
1.0093998908996582 GB allocated
3.275390625 GB reserved
dict_keys(['index', 'mixture_magnitude', 'mixture_phase', 'source_phase', 'mix_magnitude', 'ideal_binary_mask', 'source_magnitudes'])
1.0085468292236328 GB allocated
3.275390625 GB reserved
dict_keys(['index', 'mixture_magnitude', 'mixture_phase', 'source_phase', 'mix_magnitude', 'ideal_binary_mask', 'source_magnitudes'])
1.0093998908996582 GB allocated
3.275390625 GB reserved
dict_keys(['index', 'mixture_magnitude', 'mixture_phase', 'source_phase', 'mix_magnitude', 'ideal_binary_mask', 'source_magnitudes'])
1.0093998908996582 GB allocated
3.275390625 GB reserved
dict_keys(['index', 'mixture_magnitude', 'mixture_phase', 'source_phase', 'mix_magnitude', 'ideal_binary_mask', 'source_magnitudes'])
1.0093998908996582 GB allocated
3.275390625 GB reserved
dict_keys(['index', 'mixture_magnitude', 'mixture_phase', 'source_phase', 'mix_magnitude', 'ideal_binary_mask', 'source_magnitudes'])
1.0085468292236328 GB allocated
3.275390625 GB reserved
dict_keys(['index', 'mixture_magnitude', 'mixture_phase', 'source_phase', 'mix_magnitude', 'ideal_binary_mask', 'source_magnitudes'])
1.0093998908996582 GB allocated
3.275390625 GB reserved
dict_keys(['index', 'mixture_magnitude', 'mixture_phase', 'source_phase', 'mix_magnitude', 'ideal_binary_mask', 'source_magnitudes'])
1.0093998908996582 GB allocated
3.275390625 GB reserved
dict_keys(['index', 'mixture_magnitude', 'mixture_phase', 'source_phase', 'mix_magnitude', 'ideal_binary_mask', 'source_magnitudes'])
1.0093998908996582 GB allocated
3.275390625 GB reserved
dict_keys(['index', 'mixture_magnitude', 'mixture_phase', 'source_phase', 'mix_magnitude', 'ideal_binary_mask', 'source_magnitudes'])
1.0085468292236328 GB allocated
3.275390625 GB reserved
dict_keys(['index', 'mixture_magnitude', 'mixture_phase', 'source_phase', 'mix_magnitude', 'ideal_binary_mask', 'source_magnitudes'])
1.0093998908996582 GB allocated
3.275390625 GB reserved
dict_keys(['index', 'mixture_magnitude', 'mixture_phase', 'source_phase', 'mix_magnitude', 'ideal_binary_mask', 'source_magnitudes'])
1.0093998908996582 GB allocated
3.275390625 GB reserved
dict_keys(['index', 'mixture_magnitude', 'mixture_phase', 'source_phase', 'mix_magnitude', 'ideal_binary_mask', 'source_magnitudes'])
1.0093998908996582 GB allocated
3.275390625 GB reserved
dict_keys(['index', 'mixture_magnitude', 'mixture_phase', 'source_phase', 'mix_magnitude', 'ideal_binary_mask', 'source_magnitudes'])
1.0085468292236328 GB allocated
3.275390625 GB reserved
dict_keys(['index', 'mixture_magnitude', 'mixture_phase', 'source_phase', 'mix_magnitude', 'ideal_binary_mask', 'source_magnitudes'])
1.0093998908996582 GB allocated
3.275390625 GB reserved
dict_keys(['index', 'mixture_magnitude', 'mixture_phase', 'source_phase', 'mix_magnitude', 'ideal_binary_mask', 'source_magnitudes'])
1.0093998908996582 GB allocated
3.275390625 GB reserved
dict_keys(['index', 'mixture_magnitude', 'mixture_phase', 'source_phase', 'mix_magnitude', 'ideal_binary_mask', 'source_magnitudes'])
1.0093998908996582 GB allocated
3.275390625 GB reserved
dict_keys(['index', 'mixture_magnitude', 'mixture_phase', 'source_phase', 'mix_magnitude', 'ideal_binary_mask', 'source_magnitudes'])
1.0085468292236328 GB allocated
3.275390625 GB reserved
dict_keys(['index', 'mixture_magnitude', 'mixture_phase', 'source_phase', 'mix_magnitude', 'ideal_binary_mask', 'source_magnitudes'])
1.0093998908996582 GB allocated
3.275390625 GB reserved
dict_keys(['index', 'mixture_magnitude', 'mixture_phase', 'source_phase', 'mix_magnitude', 'ideal_binary_mask', 'source_magnitudes'])
1.0093998908996582 GB allocated
3.275390625 GB reserved
dict_keys(['index', 'mixture_magnitude', 'mixture_phase', 'source_phase', 'mix_magnitude', 'ideal_binary_mask', 'source_magnitudes'])
1.0093998908996582 GB allocated
3.275390625 GB reserved
dict_keys(['index', 'mixture_magnitude', 'mixture_phase', 'source_phase', 'mix_magnitude', 'ideal_binary_mask', 'source_magnitudes'])
1.0085468292236328 GB allocated
3.275390625 GB reserved
dict_keys(['index', 'mixture_magnitude', 'mixture_phase', 'source_phase', 'mix_magnitude', 'ideal_binary_mask', 'source_magnitudes'])
1.0093998908996582 GB allocated
3.275390625 GB reserved
dict_keys(['index', 'mixture_magnitude', 'mixture_phase', 'source_phase', 'mix_magnitude', 'ideal_binary_mask', 'source_magnitudes'])
1.0093998908996582 GB allocated
3.275390625 GB reserved
dict_keys(['index', 'mixture_magnitude', 'mixture_phase', 'source_phase', 'mix_magnitude', 'ideal_binary_mask', 'source_magnitudes'])
1.0093998908996582 GB allocated
3.275390625 GB reserved
dict_keys(['index', 'mixture_magnitude', 'mixture_phase', 'source_phase', 'mix_magnitude', 'ideal_binary_mask', 'source_magnitudes'])
1.0085468292236328 GB allocated
3.275390625 GB reserved
dict_keys(['index', 'mixture_magnitude', 'mixture_phase', 'source_phase', 'mix_magnitude', 'ideal_binary_mask', 'source_magnitudes'])
1.0093998908996582 GB allocated
3.275390625 GB reserved
dict_keys(['index', 'mixture_magnitude', 'mixture_phase', 'source_phase', 'mix_magnitude', 'ideal_binary_mask', 'source_magnitudes'])
1.0093998908996582 GB allocated
3.275390625 GB reserved
dict_keys(['index', 'mixture_magnitude', 'mixture_phase', 'source_phase', 'mix_magnitude', 'ideal_binary_mask', 'source_magnitudes'])
1.0093998908996582 GB allocated
3.275390625 GB reserved
dict_keys(['index', 'mixture_magnitude', 'mixture_phase', 'source_phase', 'mix_magnitude', 'ideal_binary_mask', 'source_magnitudes'])
1.0085468292236328 GB allocated
3.275390625 GB reserved
dict_keys(['index', 'mixture_magnitude', 'mixture_phase', 'source_phase', 'mix_magnitude', 'ideal_binary_mask', 'source_magnitudes'])
1.0093998908996582 GB allocated
3.275390625 GB reserved
dict_keys(['index', 'mixture_magnitude', 'mixture_phase', 'source_phase', 'mix_magnitude', 'ideal_binary_mask', 'source_magnitudes'])
1.0093998908996582 GB allocated
3.275390625 GB reserved
dict_keys(['index', 'mixture_magnitude', 'mixture_phase', 'source_phase', 'mix_magnitude', 'ideal_binary_mask', 'source_magnitudes'])
1.0093998908996582 GB allocated
3.275390625 GB reserved
dict_keys(['index', 'mixture_magnitude', 'mixture_phase', 'source_phase', 'mix_magnitude', 'ideal_binary_mask', 'source_magnitudes'])
1.0085468292236328 GB allocated
3.275390625 GB reserved
dict_keys(['index', 'mixture_magnitude', 'mixture_phase', 'source_phase', 'mix_magnitude', 'ideal_binary_mask', 'source_magnitudes'])
1.0093998908996582 GB allocated
3.275390625 GB reserved
dict_keys(['index', 'mixture_magnitude', 'mixture_phase', 'source_phase', 'mix_magnitude', 'ideal_binary_mask', 'source_magnitudes'])
1.0093998908996582 GB allocated
3.275390625 GB reserved
dict_keys(['index', 'mixture_magnitude', 'mixture_phase', 'source_phase', 'mix_magnitude', 'ideal_binary_mask', 'source_magnitudes'])
1.0093998908996582 GB allocated
3.275390625 GB reserved
dict_keys(['index', 'mixture_magnitude', 'mixture_phase', 'source_phase', 'mix_magnitude', 'ideal_binary_mask', 'source_magnitudes'])
1.0085468292236328 GB allocated
3.275390625 GB reserved
dict_keys(['index', 'mixture_magnitude', 'mixture_phase', 'source_phase', 'mix_magnitude', 'ideal_binary_mask', 'source_magnitudes'])
1.0093998908996582 GB allocated
3.275390625 GB reserved
dict_keys(['index', 'mixture_magnitude', 'mixture_phase', 'source_phase', 'mix_magnitude', 'ideal_binary_mask', 'source_magnitudes'])
1.0093998908996582 GB allocated
3.275390625 GB reserved
05/20/2026 11:51:18 AM | engine.py:906 Engine run starting with max_epochs=1.
05/20/2026 11:52:35 AM | engine.py:1010 Epoch[1] Complete. Time taken: 00:01:17.047
dict_keys(['index', 'mixture_magnitude', 'mixture_phase', 'source_phase', 'mix_magnitude', 'ideal_binary_mask', 'source_magnitudes'])
1.0093998908996582 GB allocated
3.275390625 GB reserved
dict_keys(['index', 'mixture_magnitude', 'mixture_phase', 'source_phase', 'mix_magnitude', 'ideal_binary_mask', 'source_magnitudes'])
1.0085468292236328 GB allocated
3.275390625 GB reserved
dict_keys(['index', 'mixture_magnitude', 'mixture_phase', 'source_phase', 'mix_magnitude', 'ideal_binary_mask', 'source_magnitudes'])
1.0093998908996582 GB allocated
3.275390625 GB reserved
dict_keys(['index', 'mixture_magnitude', 'mixture_phase', 'source_phase', 'mix_magnitude', 'ideal_binary_mask', 'source_magnitudes'])
1.0093998908996582 GB allocated
3.275390625 GB reserved
dict_keys(['index', 'mixture_magnitude', 'mixture_phase', 'source_phase', 'mix_magnitude', 'ideal_binary_mask', 'source_magnitudes'])
1.0093998908996582 GB allocated
3.275390625 GB reserved
dict_keys(['index', 'mixture_magnitude', 'mixture_phase', 'source_phase', 'mix_magnitude', 'ideal_binary_mask', 'source_magnitudes'])
1.0085468292236328 GB allocated
3.275390625 GB reserved
dict_keys(['index', 'mixture_magnitude', 'mixture_phase', 'source_phase', 'mix_magnitude', 'ideal_binary_mask', 'source_magnitudes'])
1.0093998908996582 GB allocated
3.275390625 GB reserved
dict_keys(['index', 'mixture_magnitude', 'mixture_phase', 'source_phase', 'mix_magnitude', 'ideal_binary_mask', 'source_magnitudes'])
1.0093998908996582 GB allocated
3.275390625 GB reserved
dict_keys(['index', 'mixture_magnitude', 'mixture_phase', 'source_phase', 'mix_magnitude', 'ideal_binary_mask', 'source_magnitudes'])
1.0093998908996582 GB allocated
3.275390625 GB reserved
dict_keys(['index', 'mixture_magnitude', 'mixture_phase', 'source_phase', 'mix_magnitude', 'ideal_binary_mask', 'source_magnitudes'])
1.0085468292236328 GB allocated
3.275390625 GB reserved
dict_keys(['index', 'mixture_magnitude', 'mixture_phase', 'source_phase', 'mix_magnitude', 'ideal_binary_mask', 'source_magnitudes'])
1.0093998908996582 GB allocated
3.275390625 GB reserved
dict_keys(['index', 'mixture_magnitude', 'mixture_phase', 'source_phase', 'mix_magnitude', 'ideal_binary_mask', 'source_magnitudes'])
1.0093998908996582 GB allocated
3.275390625 GB reserved
dict_keys(['index', 'mixture_magnitude', 'mixture_phase', 'source_phase', 'mix_magnitude', 'ideal_binary_mask', 'source_magnitudes'])
1.0093998908996582 GB allocated
3.275390625 GB reserved
dict_keys(['index', 'mixture_magnitude', 'mixture_phase', 'source_phase', 'mix_magnitude', 'ideal_binary_mask', 'source_magnitudes'])
1.0085468292236328 GB allocated
3.275390625 GB reserved
dict_keys(['index', 'mixture_magnitude', 'mixture_phase', 'source_phase', 'mix_magnitude', 'ideal_binary_mask', 'source_magnitudes'])
1.0093998908996582 GB allocated
3.275390625 GB reserved
dict_keys(['index', 'mixture_magnitude', 'mixture_phase', 'source_phase', 'mix_magnitude', 'ideal_binary_mask', 'source_magnitudes'])
1.0093998908996582 GB allocated
3.275390625 GB reserved
dict_keys(['index', 'mixture_magnitude', 'mixture_phase', 'source_phase', 'mix_magnitude', 'ideal_binary_mask', 'source_magnitudes'])
1.0093998908996582 GB allocated
3.275390625 GB reserved
dict_keys(['index', 'mixture_magnitude', 'mixture_phase', 'source_phase', 'mix_magnitude', 'ideal_binary_mask', 'source_magnitudes'])
1.0085468292236328 GB allocated
3.275390625 GB reserved
dict_keys(['index', 'mixture_magnitude', 'mixture_phase', 'source_phase', 'mix_magnitude', 'ideal_binary_mask', 'source_magnitudes'])
1.0093998908996582 GB allocated
3.275390625 GB reserved
dict_keys(['index', 'mixture_magnitude', 'mixture_phase', 'source_phase', 'mix_magnitude', 'ideal_binary_mask', 'source_magnitudes'])
1.0093998908996582 GB allocated
3.275390625 GB reserved
dict_keys(['index', 'mixture_magnitude', 'mixture_phase', 'source_phase', 'mix_magnitude', 'ideal_binary_mask', 'source_magnitudes'])
1.0093998908996582 GB allocated
3.275390625 GB reserved
dict_keys(['index', 'mixture_magnitude', 'mixture_phase', 'source_phase', 'mix_magnitude', 'ideal_binary_mask', 'source_magnitudes'])
1.0085468292236328 GB allocated
3.275390625 GB reserved
dict_keys(['index', 'mixture_magnitude', 'mixture_phase', 'source_phase', 'mix_magnitude', 'ideal_binary_mask', 'source_magnitudes'])
1.0093998908996582 GB allocated
3.275390625 GB reserved
dict_keys(['index', 'mixture_magnitude', 'mixture_phase', 'source_phase', 'mix_magnitude', 'ideal_binary_mask', 'source_magnitudes'])
1.0093998908996582 GB allocated
3.275390625 GB reserved
dict_keys(['index', 'mixture_magnitude', 'mixture_phase', 'source_phase', 'mix_magnitude', 'ideal_binary_mask', 'source_magnitudes'])
1.0093998908996582 GB allocated
3.275390625 GB reserved
dict_keys(['index', 'mixture_magnitude', 'mixture_phase', 'source_phase', 'mix_magnitude', 'ideal_binary_mask', 'source_magnitudes'])
1.0085468292236328 GB allocated
3.275390625 GB reserved
dict_keys(['index', 'mixture_magnitude', 'mixture_phase', 'source_phase', 'mix_magnitude', 'ideal_binary_mask', 'source_magnitudes'])
1.0093998908996582 GB allocated
3.275390625 GB reserved
dict_keys(['index', 'mixture_magnitude', 'mixture_phase', 'source_phase', 'mix_magnitude', 'ideal_binary_mask', 'source_magnitudes'])
1.0093998908996582 GB allocated
3.275390625 GB reserved
dict_keys(['index', 'mixture_magnitude', 'mixture_phase', 'source_phase', 'mix_magnitude', 'ideal_binary_mask', 'source_magnitudes'])
1.0093998908996582 GB allocated
3.275390625 GB reserved
dict_keys(['index', 'mixture_magnitude', 'mixture_phase', 'source_phase', 'mix_magnitude', 'ideal_binary_mask', 'source_magnitudes'])
1.0085468292236328 GB allocated
3.275390625 GB reserved
dict_keys(['index', 'mixture_magnitude', 'mixture_phase', 'source_phase', 'mix_magnitude', 'ideal_binary_mask', 'source_magnitudes'])
1.0093998908996582 GB allocated
3.275390625 GB reserved
dict_keys(['index', 'mixture_magnitude', 'mixture_phase', 'source_phase', 'mix_magnitude', 'ideal_binary_mask', 'source_magnitudes'])
1.0093998908996582 GB allocated
3.275390625 GB reserved
dict_keys(['index', 'mixture_magnitude', 'mixture_phase', 'source_phase', 'mix_magnitude', 'ideal_binary_mask', 'source_magnitudes'])
1.0093998908996582 GB allocated
3.275390625 GB reserved
dict_keys(['index', 'mixture_magnitude', 'mixture_phase', 'source_phase', 'mix_magnitude', 'ideal_binary_mask', 'source_magnitudes'])
1.0085468292236328 GB allocated
3.275390625 GB reserved
dict_keys(['index', 'mixture_magnitude', 'mixture_phase', 'source_phase', 'mix_magnitude', 'ideal_binary_mask', 'source_magnitudes'])
1.0093998908996582 GB allocated
3.275390625 GB reserved
dict_keys(['index', 'mixture_magnitude', 'mixture_phase', 'source_phase', 'mix_magnitude', 'ideal_binary_mask', 'source_magnitudes'])
1.0093998908996582 GB allocated
3.275390625 GB reserved
dict_keys(['index', 'mixture_magnitude', 'mixture_phase', 'source_phase', 'mix_magnitude', 'ideal_binary_mask', 'source_magnitudes'])
1.0093998908996582 GB allocated
3.275390625 GB reserved
dict_keys(['index', 'mixture_magnitude', 'mixture_phase', 'source_phase', 'mix_magnitude', 'ideal_binary_mask', 'source_magnitudes'])
1.0085468292236328 GB allocated
3.275390625 GB reserved
dict_keys(['index', 'mixture_magnitude', 'mixture_phase', 'source_phase', 'mix_magnitude', 'ideal_binary_mask', 'source_magnitudes'])
1.0093998908996582 GB allocated
3.275390625 GB reserved
dict_keys(['index', 'mixture_magnitude', 'mixture_phase', 'source_phase', 'mix_magnitude', 'ideal_binary_mask', 'source_magnitudes'])
1.0093998908996582 GB allocated
3.275390625 GB reserved
dict_keys(['index', 'mixture_magnitude', 'mixture_phase', 'source_phase', 'mix_magnitude', 'ideal_binary_mask', 'source_magnitudes'])
1.0093998908996582 GB allocated
3.275390625 GB reserved
dict_keys(['index', 'mixture_magnitude', 'mixture_phase', 'source_phase', 'mix_magnitude', 'ideal_binary_mask', 'source_magnitudes'])
1.0085468292236328 GB allocated
3.275390625 GB reserved
dict_keys(['index', 'mixture_magnitude', 'mixture_phase', 'source_phase', 'mix_magnitude', 'ideal_binary_mask', 'source_magnitudes'])
1.0093998908996582 GB allocated
3.275390625 GB reserved
dict_keys(['index', 'mixture_magnitude', 'mixture_phase', 'source_phase', 'mix_magnitude', 'ideal_binary_mask', 'source_magnitudes'])
1.0093998908996582 GB allocated
3.275390625 GB reserved
dict_keys(['index', 'mixture_magnitude', 'mixture_phase', 'source_phase', 'mix_magnitude', 'ideal_binary_mask', 'source_magnitudes'])
1.0093998908996582 GB allocated
3.275390625 GB reserved
dict_keys(['index', 'mixture_magnitude', 'mixture_phase', 'source_phase', 'mix_magnitude', 'ideal_binary_mask', 'source_magnitudes'])
1.0085468292236328 GB allocated
3.275390625 GB reserved
dict_keys(['index', 'mixture_magnitude', 'mixture_phase', 'source_phase', 'mix_magnitude', 'ideal_binary_mask', 'source_magnitudes'])
1.0093998908996582 GB allocated
3.275390625 GB reserved
dict_keys(['index', 'mixture_magnitude', 'mixture_phase', 'source_phase', 'mix_magnitude', 'ideal_binary_mask', 'source_magnitudes'])
1.0093998908996582 GB allocated
3.275390625 GB reserved
dict_keys(['index', 'mixture_magnitude', 'mixture_phase', 'source_phase', 'mix_magnitude', 'ideal_binary_mask', 'source_magnitudes'])
1.0093998908996582 GB allocated
3.275390625 GB reserved
dict_keys(['index', 'mixture_magnitude', 'mixture_phase', 'source_phase', 'mix_magnitude', 'ideal_binary_mask', 'source_magnitudes'])
1.0085468292236328 GB allocated
3.275390625 GB reserved
dict_keys(['index', 'mixture_magnitude', 'mixture_phase', 'source_phase', 'mix_magnitude', 'ideal_binary_mask', 'source_magnitudes'])
1.0093998908996582 GB allocated
3.275390625 GB reserved
dict_keys(['index', 'mixture_magnitude', 'mixture_phase', 'source_phase', 'mix_magnitude', 'ideal_binary_mask', 'source_magnitudes'])
1.0093998908996582 GB allocated
3.275390625 GB reserved
dict_keys(['index', 'mixture_magnitude', 'mixture_phase', 'source_phase', 'mix_magnitude', 'ideal_binary_mask', 'source_magnitudes'])
1.0093998908996582 GB allocated
3.275390625 GB reserved
dict_keys(['index', 'mixture_magnitude', 'mixture_phase', 'source_phase', 'mix_magnitude', 'ideal_binary_mask', 'source_magnitudes'])
1.0085468292236328 GB allocated
3.275390625 GB reserved
dict_keys(['index', 'mixture_magnitude', 'mixture_phase', 'source_phase', 'mix_magnitude', 'ideal_binary_mask', 'source_magnitudes'])
1.0093998908996582 GB allocated
3.275390625 GB reserved
dict_keys(['index', 'mixture_magnitude', 'mixture_phase', 'source_phase', 'mix_magnitude', 'ideal_binary_mask', 'source_magnitudes'])
1.0093998908996582 GB allocated
3.275390625 GB reserved
dict_keys(['index', 'mixture_magnitude', 'mixture_phase', 'source_phase', 'mix_magnitude', 'ideal_binary_mask', 'source_magnitudes'])
1.0093998908996582 GB allocated
3.275390625 GB reserved
dict_keys(['index', 'mixture_magnitude', 'mixture_phase', 'source_phase', 'mix_magnitude', 'ideal_binary_mask', 'source_magnitudes'])
[Validator] Epoch 32 - val_loss: 0.000595
[BEST CHECKPOINT] Guardado/actualizado en: checkpoints\Mis_modelos_v2\main\l1_freq checkpoints\4stems\best_checkpoint_24_val_loss=-0.0006.pt
05/20/2026 11:52:35 AM | engine.py:1037 Engine run finished. Time taken: 00:01:17.048
[Epoch 32] train_loss=0.000554 | val_loss=0.000595
05/20/2026 11:52:35 AM | engine.py:1010 Epoch[32] Complete. Time taken: 00:18:31.697
1.0085468292236328 GB allocated
3.275390625 GB reserved
dict_keys(['index', 'mixture_magnitude', 'mixture_phase', 'source_phase', 'mix_magnitude', 'ideal_binary_mask', 'source_magnitudes'])
1.0093998908996582 GB allocated
3.275390625 GB reserved
dict_keys(['index', 'mixture_magnitude', 'mixture_phase', 'source_phase', 'mix_magnitude', 'ideal_binary_mask', 'source_magnitudes'])
1.0093998908996582 GB allocated
3.275390625 GB reserved
dict_keys(['index', 'mixture_magnitude', 'mixture_phase', 'source_phase', 'mix_magnitude', 'ideal_binary_mask', 'source_magnitudes'])
1.0093998908996582 GB allocated
3.275390625 GB reserved
dict_keys(['index', 'mixture_magnitude', 'mixture_phase', 'source_phase', 'mix_magnitude', 'ideal_binary_mask', 'source_magnitudes'])
1.0085468292236328 GB allocated
3.275390625 GB reserved
dict_keys(['index', 'mixture_magnitude', 'mixture_phase', 'source_phase', 'mix_magnitude', 'ideal_binary_mask', 'source_magnitudes'])
1.0093998908996582 GB allocated
3.275390625 GB reserved
dict_keys(['index', 'mixture_magnitude', 'mixture_phase', 'source_phase', 'mix_magnitude', 'ideal_binary_mask', 'source_magnitudes'])
1.0093998908996582 GB allocated
3.275390625 GB reserved
dict_keys(['index', 'mixture_magnitude', 'mixture_phase', 'source_phase', 'mix_magnitude', 'ideal_binary_mask', 'source_magnitudes'])
1.0093998908996582 GB allocated
3.275390625 GB reserved
dict_keys(['index', 'mixture_magnitude', 'mixture_phase', 'source_phase', 'mix_magnitude', 'ideal_binary_mask', 'source_magnitudes'])
1.0085468292236328 GB allocated
3.275390625 GB reserved
dict_keys(['index', 'mixture_magnitude', 'mixture_phase', 'source_phase', 'mix_magnitude', 'ideal_binary_mask', 'source_magnitudes'])
1.0093998908996582 GB allocated
3.275390625 GB reserved
dict_keys(['index', 'mixture_magnitude', 'mixture_phase', 'source_phase', 'mix_magnitude', 'ideal_binary_mask', 'source_magnitudes'])
1.0093998908996582 GB allocated
3.275390625 GB reserved
dict_keys(['index', 'mixture_magnitude', 'mixture_phase', 'source_phase', 'mix_magnitude', 'ideal_binary_mask', 'source_magnitudes'])
1.0093998908996582 GB allocated
3.275390625 GB reserved
dict_keys(['index', 'mixture_magnitude', 'mixture_phase', 'source_phase', 'mix_magnitude', 'ideal_binary_mask', 'source_magnitudes'])
1.0085468292236328 GB allocated
3.275390625 GB reserved
dict_keys(['index', 'mixture_magnitude', 'mixture_phase', 'source_phase', 'mix_magnitude', 'ideal_binary_mask', 'source_magnitudes'])
1.0093998908996582 GB allocated
3.275390625 GB reserved
dict_keys(['index', 'mixture_magnitude', 'mixture_phase', 'source_phase', 'mix_magnitude', 'ideal_binary_mask', 'source_magnitudes'])
1.0093998908996582 GB allocated
3.275390625 GB reserved
dict_keys(['index', 'mixture_magnitude', 'mixture_phase', 'source_phase', 'mix_magnitude', 'ideal_binary_mask', 'source_magnitudes'])
1.0093998908996582 GB allocated
3.275390625 GB reserved
dict_keys(['index', 'mixture_magnitude', 'mixture_phase', 'source_phase', 'mix_magnitude', 'ideal_binary_mask', 'source_magnitudes'])
1.0085468292236328 GB allocated
3.275390625 GB reserved
dict_keys(['index', 'mixture_magnitude', 'mixture_phase', 'source_phase', 'mix_magnitude', 'ideal_binary_mask', 'source_magnitudes'])
1.0093998908996582 GB allocated
3.275390625 GB reserved
dict_keys(['index', 'mixture_magnitude', 'mixture_phase', 'source_phase', 'mix_magnitude', 'ideal_binary_mask', 'source_magnitudes'])
1.0093998908996582 GB allocated
3.275390625 GB reserved
dict_keys(['index', 'mixture_magnitude', 'mixture_phase', 'source_phase', 'mix_magnitude', 'ideal_binary_mask', 'source_magnitudes'])
1.0093998908996582 GB allocated
3.275390625 GB reserved
dict_keys(['index', 'mixture_magnitude', 'mixture_phase', 'source_phase', 'mix_magnitude', 'ideal_binary_mask', 'source_magnitudes'])
1.0085468292236328 GB allocated
3.275390625 GB reserved
dict_keys(['index', 'mixture_magnitude', 'mixture_phase', 'source_phase', 'mix_magnitude', 'ideal_binary_mask', 'source_magnitudes'])
1.0093998908996582 GB allocated
3.275390625 GB reserved
dict_keys(['index', 'mixture_magnitude', 'mixture_phase', 'source_phase', 'mix_magnitude', 'ideal_binary_mask', 'source_magnitudes'])
1.0093998908996582 GB allocated
3.275390625 GB reserved
dict_keys(['index', 'mixture_magnitude', 'mixture_phase', 'source_phase', 'mix_magnitude', 'ideal_binary_mask', 'source_magnitudes'])
1.0093998908996582 GB allocated
3.275390625 GB reserved
dict_keys(['index', 'mixture_magnitude', 'mixture_phase', 'source_phase', 'mix_magnitude', 'ideal_binary_mask', 'source_magnitudes'])
1.0085468292236328 GB allocated
3.275390625 GB reserved
dict_keys(['index', 'mixture_magnitude', 'mixture_phase', 'source_phase', 'mix_magnitude', 'ideal_binary_mask', 'source_magnitudes'])
1.0093998908996582 GB allocated
3.275390625 GB reserved
dict_keys(['index', 'mixture_magnitude', 'mixture_phase', 'source_phase', 'mix_magnitude', 'ideal_binary_mask', 'source_magnitudes'])
1.0093998908996582 GB allocated
3.275390625 GB reserved
dict_keys(['index', 'mixture_magnitude', 'mixture_phase', 'source_phase', 'mix_magnitude', 'ideal_binary_mask', 'source_magnitudes'])
1.0093998908996582 GB allocated
3.275390625 GB reserved
dict_keys(['index', 'mixture_magnitude', 'mixture_phase', 'source_phase', 'mix_magnitude', 'ideal_binary_mask', 'source_magnitudes'])
1.0085468292236328 GB allocated
3.275390625 GB reserved
dict_keys(['index', 'mixture_magnitude', 'mixture_phase', 'source_phase', 'mix_magnitude', 'ideal_binary_mask', 'source_magnitudes'])
1.0093998908996582 GB allocated
3.275390625 GB reserved
dict_keys(['index', 'mixture_magnitude', 'mixture_phase', 'source_phase', 'mix_magnitude', 'ideal_binary_mask', 'source_magnitudes'])
1.0093998908996582 GB allocated
3.275390625 GB reserved
dict_keys(['index', 'mixture_magnitude', 'mixture_phase', 'source_phase', 'mix_magnitude', 'ideal_binary_mask', 'source_magnitudes'])
1.0093998908996582 GB allocated
3.275390625 GB reserved
dict_keys(['index', 'mixture_magnitude', 'mixture_phase', 'source_phase', 'mix_magnitude', 'ideal_binary_mask', 'source_magnitudes'])
1.0085468292236328 GB allocated
3.275390625 GB reserved
dict_keys(['index', 'mixture_magnitude', 'mixture_phase', 'source_phase', 'mix_magnitude', 'ideal_binary_mask', 'source_magnitudes'])
1.0093998908996582 GB allocated
3.275390625 GB reserved
dict_keys(['index', 'mixture_magnitude', 'mixture_phase', 'source_phase', 'mix_magnitude', 'ideal_binary_mask', 'source_magnitudes'])
1.0093998908996582 GB allocated
3.275390625 GB reserved
dict_keys(['index', 'mixture_magnitude', 'mixture_phase', 'source_phase', 'mix_magnitude', 'ideal_binary_mask', 'source_magnitudes'])
1.0093998908996582 GB allocated
3.275390625 GB reserved
dict_keys(['index', 'mixture_magnitude', 'mixture_phase', 'source_phase', 'mix_magnitude', 'ideal_binary_mask', 'source_magnitudes'])
1.0085468292236328 GB allocated
3.275390625 GB reserved
dict_keys(['index', 'mixture_magnitude', 'mixture_phase', 'source_phase', 'mix_magnitude', 'ideal_binary_mask', 'source_magnitudes'])
1.0093998908996582 GB allocated
3.275390625 GB reserved
dict_keys(['index', 'mixture_magnitude', 'mixture_phase', 'source_phase', 'mix_magnitude', 'ideal_binary_mask', 'source_magnitudes'])
1.0093998908996582 GB allocated
3.275390625 GB reserved
dict_keys(['index', 'mixture_magnitude', 'mixture_phase', 'source_phase', 'mix_magnitude', 'ideal_binary_mask', 'source_magnitudes'])
1.0093998908996582 GB allocated
3.275390625 GB reserved
dict_keys(['index', 'mixture_magnitude', 'mixture_phase', 'source_phase', 'mix_magnitude', 'ideal_binary_mask', 'source_magnitudes'])
1.0085468292236328 GB allocated
3.275390625 GB reserved
dict_keys(['index', 'mixture_magnitude', 'mixture_phase', 'source_phase', 'mix_magnitude', 'ideal_binary_mask', 'source_magnitudes'])
1.0093998908996582 GB allocated
3.275390625 GB reserved
dict_keys(['index', 'mixture_magnitude', 'mixture_phase', 'source_phase', 'mix_magnitude', 'ideal_binary_mask', 'source_magnitudes'])
1.0093998908996582 GB allocated
3.275390625 GB reserved
05/20/2026 12:09:57 PM | engine.py:906 Engine run starting with max_epochs=1.
05/20/2026 12:11:02 PM | engine.py:1010 Epoch[1] Complete. Time taken: 00:01:05.232
dict_keys(['index', 'mixture_magnitude', 'mixture_phase', 'source_phase', 'mix_magnitude', 'ideal_binary_mask', 'source_magnitudes'])
1.0093998908996582 GB allocated
3.275390625 GB reserved
dict_keys(['index', 'mixture_magnitude', 'mixture_phase', 'source_phase', 'mix_magnitude', 'ideal_binary_mask', 'source_magnitudes'])
1.0085468292236328 GB allocated
3.275390625 GB reserved
dict_keys(['index', 'mixture_magnitude', 'mixture_phase', 'source_phase', 'mix_magnitude', 'ideal_binary_mask', 'source_magnitudes'])
1.0093998908996582 GB allocated
3.275390625 GB reserved
dict_keys(['index', 'mixture_magnitude', 'mixture_phase', 'source_phase', 'mix_magnitude', 'ideal_binary_mask', 'source_magnitudes'])
1.0093998908996582 GB allocated
3.275390625 GB reserved
dict_keys(['index', 'mixture_magnitude', 'mixture_phase', 'source_phase', 'mix_magnitude', 'ideal_binary_mask', 'source_magnitudes'])
1.0093998908996582 GB allocated
3.275390625 GB reserved
dict_keys(['index', 'mixture_magnitude', 'mixture_phase', 'source_phase', 'mix_magnitude', 'ideal_binary_mask', 'source_magnitudes'])
1.0085468292236328 GB allocated
3.275390625 GB reserved
dict_keys(['index', 'mixture_magnitude', 'mixture_phase', 'source_phase', 'mix_magnitude', 'ideal_binary_mask', 'source_magnitudes'])
1.0093998908996582 GB allocated
3.275390625 GB reserved
dict_keys(['index', 'mixture_magnitude', 'mixture_phase', 'source_phase', 'mix_magnitude', 'ideal_binary_mask', 'source_magnitudes'])
1.0093998908996582 GB allocated
3.275390625 GB reserved
dict_keys(['index', 'mixture_magnitude', 'mixture_phase', 'source_phase', 'mix_magnitude', 'ideal_binary_mask', 'source_magnitudes'])
1.0093998908996582 GB allocated
3.275390625 GB reserved
dict_keys(['index', 'mixture_magnitude', 'mixture_phase', 'source_phase', 'mix_magnitude', 'ideal_binary_mask', 'source_magnitudes'])
1.0085468292236328 GB allocated
3.275390625 GB reserved
dict_keys(['index', 'mixture_magnitude', 'mixture_phase', 'source_phase', 'mix_magnitude', 'ideal_binary_mask', 'source_magnitudes'])
1.0093998908996582 GB allocated
3.275390625 GB reserved
dict_keys(['index', 'mixture_magnitude', 'mixture_phase', 'source_phase', 'mix_magnitude', 'ideal_binary_mask', 'source_magnitudes'])
1.0093998908996582 GB allocated
3.275390625 GB reserved
dict_keys(['index', 'mixture_magnitude', 'mixture_phase', 'source_phase', 'mix_magnitude', 'ideal_binary_mask', 'source_magnitudes'])
1.0093998908996582 GB allocated
3.275390625 GB reserved
dict_keys(['index', 'mixture_magnitude', 'mixture_phase', 'source_phase', 'mix_magnitude', 'ideal_binary_mask', 'source_magnitudes'])
1.0085468292236328 GB allocated
3.275390625 GB reserved
dict_keys(['index', 'mixture_magnitude', 'mixture_phase', 'source_phase', 'mix_magnitude', 'ideal_binary_mask', 'source_magnitudes'])
1.0093998908996582 GB allocated
3.275390625 GB reserved
dict_keys(['index', 'mixture_magnitude', 'mixture_phase', 'source_phase', 'mix_magnitude', 'ideal_binary_mask', 'source_magnitudes'])
1.0093998908996582 GB allocated
3.275390625 GB reserved
dict_keys(['index', 'mixture_magnitude', 'mixture_phase', 'source_phase', 'mix_magnitude', 'ideal_binary_mask', 'source_magnitudes'])
1.0093998908996582 GB allocated
3.275390625 GB reserved
dict_keys(['index', 'mixture_magnitude', 'mixture_phase', 'source_phase', 'mix_magnitude', 'ideal_binary_mask', 'source_magnitudes'])
1.0085468292236328 GB allocated
3.275390625 GB reserved
dict_keys(['index', 'mixture_magnitude', 'mixture_phase', 'source_phase', 'mix_magnitude', 'ideal_binary_mask', 'source_magnitudes'])
1.0093998908996582 GB allocated
3.275390625 GB reserved
dict_keys(['index', 'mixture_magnitude', 'mixture_phase', 'source_phase', 'mix_magnitude', 'ideal_binary_mask', 'source_magnitudes'])
1.0093998908996582 GB allocated
3.275390625 GB reserved
dict_keys(['index', 'mixture_magnitude', 'mixture_phase', 'source_phase', 'mix_magnitude', 'ideal_binary_mask', 'source_magnitudes'])
1.0093998908996582 GB allocated
3.275390625 GB reserved
dict_keys(['index', 'mixture_magnitude', 'mixture_phase', 'source_phase', 'mix_magnitude', 'ideal_binary_mask', 'source_magnitudes'])
1.0085468292236328 GB allocated
3.275390625 GB reserved
dict_keys(['index', 'mixture_magnitude', 'mixture_phase', 'source_phase', 'mix_magnitude', 'ideal_binary_mask', 'source_magnitudes'])
1.0093998908996582 GB allocated
3.275390625 GB reserved
dict_keys(['index', 'mixture_magnitude', 'mixture_phase', 'source_phase', 'mix_magnitude', 'ideal_binary_mask', 'source_magnitudes'])
1.0093998908996582 GB allocated
3.275390625 GB reserved
dict_keys(['index', 'mixture_magnitude', 'mixture_phase', 'source_phase', 'mix_magnitude', 'ideal_binary_mask', 'source_magnitudes'])
1.0093998908996582 GB allocated
3.275390625 GB reserved
dict_keys(['index', 'mixture_magnitude', 'mixture_phase', 'source_phase', 'mix_magnitude', 'ideal_binary_mask', 'source_magnitudes'])
1.0085468292236328 GB allocated
3.275390625 GB reserved
dict_keys(['index', 'mixture_magnitude', 'mixture_phase', 'source_phase', 'mix_magnitude', 'ideal_binary_mask', 'source_magnitudes'])
1.0093998908996582 GB allocated
3.275390625 GB reserved
dict_keys(['index', 'mixture_magnitude', 'mixture_phase', 'source_phase', 'mix_magnitude', 'ideal_binary_mask', 'source_magnitudes'])
1.0093998908996582 GB allocated
3.275390625 GB reserved
dict_keys(['index', 'mixture_magnitude', 'mixture_phase', 'source_phase', 'mix_magnitude', 'ideal_binary_mask', 'source_magnitudes'])
1.0093998908996582 GB allocated
3.275390625 GB reserved
dict_keys(['index', 'mixture_magnitude', 'mixture_phase', 'source_phase', 'mix_magnitude', 'ideal_binary_mask', 'source_magnitudes'])
1.0085468292236328 GB allocated
3.275390625 GB reserved
dict_keys(['index', 'mixture_magnitude', 'mixture_phase', 'source_phase', 'mix_magnitude', 'ideal_binary_mask', 'source_magnitudes'])
1.0093998908996582 GB allocated
3.275390625 GB reserved
dict_keys(['index', 'mixture_magnitude', 'mixture_phase', 'source_phase', 'mix_magnitude', 'ideal_binary_mask', 'source_magnitudes'])
1.0093998908996582 GB allocated
3.275390625 GB reserved
dict_keys(['index', 'mixture_magnitude', 'mixture_phase', 'source_phase', 'mix_magnitude', 'ideal_binary_mask', 'source_magnitudes'])
1.0093998908996582 GB allocated
3.275390625 GB reserved
dict_keys(['index', 'mixture_magnitude', 'mixture_phase', 'source_phase', 'mix_magnitude', 'ideal_binary_mask', 'source_magnitudes'])
1.0085468292236328 GB allocated
3.275390625 GB reserved
dict_keys(['index', 'mixture_magnitude', 'mixture_phase', 'source_phase', 'mix_magnitude', 'ideal_binary_mask', 'source_magnitudes'])
1.0093998908996582 GB allocated
3.275390625 GB reserved
dict_keys(['index', 'mixture_magnitude', 'mixture_phase', 'source_phase', 'mix_magnitude', 'ideal_binary_mask', 'source_magnitudes'])
1.0093998908996582 GB allocated
3.275390625 GB reserved
dict_keys(['index', 'mixture_magnitude', 'mixture_phase', 'source_phase', 'mix_magnitude', 'ideal_binary_mask', 'source_magnitudes'])
1.0093998908996582 GB allocated
3.275390625 GB reserved
dict_keys(['index', 'mixture_magnitude', 'mixture_phase', 'source_phase', 'mix_magnitude', 'ideal_binary_mask', 'source_magnitudes'])
1.0085468292236328 GB allocated
3.275390625 GB reserved
dict_keys(['index', 'mixture_magnitude', 'mixture_phase', 'source_phase', 'mix_magnitude', 'ideal_binary_mask', 'source_magnitudes'])
1.0093998908996582 GB allocated
3.275390625 GB reserved
dict_keys(['index', 'mixture_magnitude', 'mixture_phase', 'source_phase', 'mix_magnitude', 'ideal_binary_mask', 'source_magnitudes'])
1.0093998908996582 GB allocated
3.275390625 GB reserved
dict_keys(['index', 'mixture_magnitude', 'mixture_phase', 'source_phase', 'mix_magnitude', 'ideal_binary_mask', 'source_magnitudes'])
1.0093998908996582 GB allocated
3.275390625 GB reserved
dict_keys(['index', 'mixture_magnitude', 'mixture_phase', 'source_phase', 'mix_magnitude', 'ideal_binary_mask', 'source_magnitudes'])
1.0085468292236328 GB allocated
3.275390625 GB reserved
dict_keys(['index', 'mixture_magnitude', 'mixture_phase', 'source_phase', 'mix_magnitude', 'ideal_binary_mask', 'source_magnitudes'])
1.0093998908996582 GB allocated
3.275390625 GB reserved
dict_keys(['index', 'mixture_magnitude', 'mixture_phase', 'source_phase', 'mix_magnitude', 'ideal_binary_mask', 'source_magnitudes'])
1.0093998908996582 GB allocated
3.275390625 GB reserved
dict_keys(['index', 'mixture_magnitude', 'mixture_phase', 'source_phase', 'mix_magnitude', 'ideal_binary_mask', 'source_magnitudes'])
1.0093998908996582 GB allocated
3.275390625 GB reserved
dict_keys(['index', 'mixture_magnitude', 'mixture_phase', 'source_phase', 'mix_magnitude', 'ideal_binary_mask', 'source_magnitudes'])
1.0085468292236328 GB allocated
3.275390625 GB reserved
dict_keys(['index', 'mixture_magnitude', 'mixture_phase', 'source_phase', 'mix_magnitude', 'ideal_binary_mask', 'source_magnitudes'])
1.0093998908996582 GB allocated
3.275390625 GB reserved
dict_keys(['index', 'mixture_magnitude', 'mixture_phase', 'source_phase', 'mix_magnitude', 'ideal_binary_mask', 'source_magnitudes'])
1.0093998908996582 GB allocated
3.275390625 GB reserved
dict_keys(['index', 'mixture_magnitude', 'mixture_phase', 'source_phase', 'mix_magnitude', 'ideal_binary_mask', 'source_magnitudes'])
1.0093998908996582 GB allocated
3.275390625 GB reserved
dict_keys(['index', 'mixture_magnitude', 'mixture_phase', 'source_phase', 'mix_magnitude', 'ideal_binary_mask', 'source_magnitudes'])
1.0085468292236328 GB allocated
3.275390625 GB reserved
dict_keys(['index', 'mixture_magnitude', 'mixture_phase', 'source_phase', 'mix_magnitude', 'ideal_binary_mask', 'source_magnitudes'])
1.0093998908996582 GB allocated
3.275390625 GB reserved
dict_keys(['index', 'mixture_magnitude', 'mixture_phase', 'source_phase', 'mix_magnitude', 'ideal_binary_mask', 'source_magnitudes'])
1.0093998908996582 GB allocated
3.275390625 GB reserved
dict_keys(['index', 'mixture_magnitude', 'mixture_phase', 'source_phase', 'mix_magnitude', 'ideal_binary_mask', 'source_magnitudes'])
1.0093998908996582 GB allocated
3.275390625 GB reserved
dict_keys(['index', 'mixture_magnitude', 'mixture_phase', 'source_phase', 'mix_magnitude', 'ideal_binary_mask', 'source_magnitudes'])
1.0085468292236328 GB allocated
3.275390625 GB reserved
dict_keys(['index', 'mixture_magnitude', 'mixture_phase', 'source_phase', 'mix_magnitude', 'ideal_binary_mask', 'source_magnitudes'])
1.0093998908996582 GB allocated
3.275390625 GB reserved
dict_keys(['index', 'mixture_magnitude', 'mixture_phase', 'source_phase', 'mix_magnitude', 'ideal_binary_mask', 'source_magnitudes'])
1.0093998908996582 GB allocated
3.275390625 GB reserved
dict_keys(['index', 'mixture_magnitude', 'mixture_phase', 'source_phase', 'mix_magnitude', 'ideal_binary_mask', 'source_magnitudes'])
1.0093998908996582 GB allocated
3.275390625 GB reserved
dict_keys(['index', 'mixture_magnitude', 'mixture_phase', 'source_phase', 'mix_magnitude', 'ideal_binary_mask', 'source_magnitudes'])
[Validator] Epoch 33 - val_loss: 0.000596
[BEST CHECKPOINT] Guardado/actualizado en: checkpoints\Mis_modelos_v2\main\l1_freq checkpoints\4stems\best_checkpoint_24_val_loss=-0.0006.pt
05/20/2026 12:11:02 PM | engine.py:1037 Engine run finished. Time taken: 00:01:05.233
[Epoch 33] train_loss=0.000558 | val_loss=0.000596
05/20/2026 12:11:02 PM | engine.py:1010 Epoch[33] Complete. Time taken: 00:18:27.403
1.0085468292236328 GB allocated
3.275390625 GB reserved
dict_keys(['index', 'mixture_magnitude', 'mixture_phase', 'source_phase', 'mix_magnitude', 'ideal_binary_mask', 'source_magnitudes'])
1.0093998908996582 GB allocated
3.275390625 GB reserved
dict_keys(['index', 'mixture_magnitude', 'mixture_phase', 'source_phase', 'mix_magnitude', 'ideal_binary_mask', 'source_magnitudes'])
1.0093998908996582 GB allocated
3.275390625 GB reserved
dict_keys(['index', 'mixture_magnitude', 'mixture_phase', 'source_phase', 'mix_magnitude', 'ideal_binary_mask', 'source_magnitudes'])
1.0093998908996582 GB allocated
3.275390625 GB reserved
dict_keys(['index', 'mixture_magnitude', 'mixture_phase', 'source_phase', 'mix_magnitude', 'ideal_binary_mask', 'source_magnitudes'])
1.0085468292236328 GB allocated
3.275390625 GB reserved
dict_keys(['index', 'mixture_magnitude', 'mixture_phase', 'source_phase', 'mix_magnitude', 'ideal_binary_mask', 'source_magnitudes'])
1.0093998908996582 GB allocated
3.275390625 GB reserved
dict_keys(['index', 'mixture_magnitude', 'mixture_phase', 'source_phase', 'mix_magnitude', 'ideal_binary_mask', 'source_magnitudes'])
1.0093998908996582 GB allocated
3.275390625 GB reserved
dict_keys(['index', 'mixture_magnitude', 'mixture_phase', 'source_phase', 'mix_magnitude', 'ideal_binary_mask', 'source_magnitudes'])
1.0093998908996582 GB allocated
3.275390625 GB reserved
dict_keys(['index', 'mixture_magnitude', 'mixture_phase', 'source_phase', 'mix_magnitude', 'ideal_binary_mask', 'source_magnitudes'])
1.0085468292236328 GB allocated
3.275390625 GB reserved
dict_keys(['index', 'mixture_magnitude', 'mixture_phase', 'source_phase', 'mix_magnitude', 'ideal_binary_mask', 'source_magnitudes'])
1.0093998908996582 GB allocated
3.275390625 GB reserved
dict_keys(['index', 'mixture_magnitude', 'mixture_phase', 'source_phase', 'mix_magnitude', 'ideal_binary_mask', 'source_magnitudes'])
1.0093998908996582 GB allocated
3.275390625 GB reserved
dict_keys(['index', 'mixture_magnitude', 'mixture_phase', 'source_phase', 'mix_magnitude', 'ideal_binary_mask', 'source_magnitudes'])
1.0093998908996582 GB allocated
3.275390625 GB reserved
dict_keys(['index', 'mixture_magnitude', 'mixture_phase', 'source_phase', 'mix_magnitude', 'ideal_binary_mask', 'source_magnitudes'])
1.0085468292236328 GB allocated
3.275390625 GB reserved
dict_keys(['index', 'mixture_magnitude', 'mixture_phase', 'source_phase', 'mix_magnitude', 'ideal_binary_mask', 'source_magnitudes'])
1.0093998908996582 GB allocated
3.275390625 GB reserved
dict_keys(['index', 'mixture_magnitude', 'mixture_phase', 'source_phase', 'mix_magnitude', 'ideal_binary_mask', 'source_magnitudes'])
1.0093998908996582 GB allocated
3.275390625 GB reserved
dict_keys(['index', 'mixture_magnitude', 'mixture_phase', 'source_phase', 'mix_magnitude', 'ideal_binary_mask', 'source_magnitudes'])
1.0093998908996582 GB allocated
3.275390625 GB reserved
dict_keys(['index', 'mixture_magnitude', 'mixture_phase', 'source_phase', 'mix_magnitude', 'ideal_binary_mask', 'source_magnitudes'])
1.0085468292236328 GB allocated
3.275390625 GB reserved
dict_keys(['index', 'mixture_magnitude', 'mixture_phase', 'source_phase', 'mix_magnitude', 'ideal_binary_mask', 'source_magnitudes'])
1.0093998908996582 GB allocated
3.275390625 GB reserved
dict_keys(['index', 'mixture_magnitude', 'mixture_phase', 'source_phase', 'mix_magnitude', 'ideal_binary_mask', 'source_magnitudes'])
1.0093998908996582 GB allocated
3.275390625 GB reserved
dict_keys(['index', 'mixture_magnitude', 'mixture_phase', 'source_phase', 'mix_magnitude', 'ideal_binary_mask', 'source_magnitudes'])
1.0093998908996582 GB allocated
3.275390625 GB reserved
dict_keys(['index', 'mixture_magnitude', 'mixture_phase', 'source_phase', 'mix_magnitude', 'ideal_binary_mask', 'source_magnitudes'])
1.0085468292236328 GB allocated
3.275390625 GB reserved
dict_keys(['index', 'mixture_magnitude', 'mixture_phase', 'source_phase', 'mix_magnitude', 'ideal_binary_mask', 'source_magnitudes'])
1.0093998908996582 GB allocated
3.275390625 GB reserved
dict_keys(['index', 'mixture_magnitude', 'mixture_phase', 'source_phase', 'mix_magnitude', 'ideal_binary_mask', 'source_magnitudes'])
1.0093998908996582 GB allocated
3.275390625 GB reserved
dict_keys(['index', 'mixture_magnitude', 'mixture_phase', 'source_phase', 'mix_magnitude', 'ideal_binary_mask', 'source_magnitudes'])
1.0093998908996582 GB allocated
3.275390625 GB reserved
dict_keys(['index', 'mixture_magnitude', 'mixture_phase', 'source_phase', 'mix_magnitude', 'ideal_binary_mask', 'source_magnitudes'])
1.0085468292236328 GB allocated
3.275390625 GB reserved
dict_keys(['index', 'mixture_magnitude', 'mixture_phase', 'source_phase', 'mix_magnitude', 'ideal_binary_mask', 'source_magnitudes'])
1.0093998908996582 GB allocated
3.275390625 GB reserved
dict_keys(['index', 'mixture_magnitude', 'mixture_phase', 'source_phase', 'mix_magnitude', 'ideal_binary_mask', 'source_magnitudes'])
1.0093998908996582 GB allocated
3.275390625 GB reserved
dict_keys(['index', 'mixture_magnitude', 'mixture_phase', 'source_phase', 'mix_magnitude', 'ideal_binary_mask', 'source_magnitudes'])
1.0093998908996582 GB allocated
3.275390625 GB reserved
dict_keys(['index', 'mixture_magnitude', 'mixture_phase', 'source_phase', 'mix_magnitude', 'ideal_binary_mask', 'source_magnitudes'])
1.0085468292236328 GB allocated
3.275390625 GB reserved
dict_keys(['index', 'mixture_magnitude', 'mixture_phase', 'source_phase', 'mix_magnitude', 'ideal_binary_mask', 'source_magnitudes'])
1.0093998908996582 GB allocated
3.275390625 GB reserved
dict_keys(['index', 'mixture_magnitude', 'mixture_phase', 'source_phase', 'mix_magnitude', 'ideal_binary_mask', 'source_magnitudes'])
1.0093998908996582 GB allocated
3.275390625 GB reserved
dict_keys(['index', 'mixture_magnitude', 'mixture_phase', 'source_phase', 'mix_magnitude', 'ideal_binary_mask', 'source_magnitudes'])
1.0093998908996582 GB allocated
3.275390625 GB reserved
dict_keys(['index', 'mixture_magnitude', 'mixture_phase', 'source_phase', 'mix_magnitude', 'ideal_binary_mask', 'source_magnitudes'])
1.0085468292236328 GB allocated
3.275390625 GB reserved
dict_keys(['index', 'mixture_magnitude', 'mixture_phase', 'source_phase', 'mix_magnitude', 'ideal_binary_mask', 'source_magnitudes'])
1.0093998908996582 GB allocated
3.275390625 GB reserved
dict_keys(['index', 'mixture_magnitude', 'mixture_phase', 'source_phase', 'mix_magnitude', 'ideal_binary_mask', 'source_magnitudes'])
1.0093998908996582 GB allocated
3.275390625 GB reserved
dict_keys(['index', 'mixture_magnitude', 'mixture_phase', 'source_phase', 'mix_magnitude', 'ideal_binary_mask', 'source_magnitudes'])
1.0093998908996582 GB allocated
3.275390625 GB reserved
dict_keys(['index', 'mixture_magnitude', 'mixture_phase', 'source_phase', 'mix_magnitude', 'ideal_binary_mask', 'source_magnitudes'])
1.0085468292236328 GB allocated
3.275390625 GB reserved
dict_keys(['index', 'mixture_magnitude', 'mixture_phase', 'source_phase', 'mix_magnitude', 'ideal_binary_mask', 'source_magnitudes'])
1.0093998908996582 GB allocated
3.275390625 GB reserved
dict_keys(['index', 'mixture_magnitude', 'mixture_phase', 'source_phase', 'mix_magnitude', 'ideal_binary_mask', 'source_magnitudes'])
1.0093998908996582 GB allocated
3.275390625 GB reserved
dict_keys(['index', 'mixture_magnitude', 'mixture_phase', 'source_phase', 'mix_magnitude', 'ideal_binary_mask', 'source_magnitudes'])
1.0093998908996582 GB allocated
3.275390625 GB reserved
dict_keys(['index', 'mixture_magnitude', 'mixture_phase', 'source_phase', 'mix_magnitude', 'ideal_binary_mask', 'source_magnitudes'])
1.0085468292236328 GB allocated
3.275390625 GB reserved
dict_keys(['index', 'mixture_magnitude', 'mixture_phase', 'source_phase', 'mix_magnitude', 'ideal_binary_mask', 'source_magnitudes'])
1.0093998908996582 GB allocated
3.275390625 GB reserved
dict_keys(['index', 'mixture_magnitude', 'mixture_phase', 'source_phase', 'mix_magnitude', 'ideal_binary_mask', 'source_magnitudes'])
1.0093998908996582 GB allocated
3.275390625 GB reserved
05/20/2026 12:28:22 PM | engine.py:906 Engine run starting with max_epochs=1.
05/20/2026 12:29:26 PM | engine.py:1010 Epoch[1] Complete. Time taken: 00:01:04.301
2026-05-20 12:29:26,460 ignite.handlers.early_stopping.EarlyStopping INFO: EarlyStopping: Stop training
05/20/2026 12:29:26 PM | engine.py:648 Terminate signaled. Engine will stop after current iteration is finished.
dict_keys(['index', 'mixture_magnitude', 'mixture_phase', 'source_phase', 'mix_magnitude', 'ideal_binary_mask', 'source_magnitudes'])
1.0093998908996582 GB allocated
3.275390625 GB reserved
dict_keys(['index', 'mixture_magnitude', 'mixture_phase', 'source_phase', 'mix_magnitude', 'ideal_binary_mask', 'source_magnitudes'])
1.0085468292236328 GB allocated
3.275390625 GB reserved
dict_keys(['index', 'mixture_magnitude', 'mixture_phase', 'source_phase', 'mix_magnitude', 'ideal_binary_mask', 'source_magnitudes'])
1.0093998908996582 GB allocated
3.275390625 GB reserved
dict_keys(['index', 'mixture_magnitude', 'mixture_phase', 'source_phase', 'mix_magnitude', 'ideal_binary_mask', 'source_magnitudes'])
1.0093998908996582 GB allocated
3.275390625 GB reserved
dict_keys(['index', 'mixture_magnitude', 'mixture_phase', 'source_phase', 'mix_magnitude', 'ideal_binary_mask', 'source_magnitudes'])
1.0093998908996582 GB allocated
3.275390625 GB reserved
dict_keys(['index', 'mixture_magnitude', 'mixture_phase', 'source_phase', 'mix_magnitude', 'ideal_binary_mask', 'source_magnitudes'])
1.0085468292236328 GB allocated
3.275390625 GB reserved
dict_keys(['index', 'mixture_magnitude', 'mixture_phase', 'source_phase', 'mix_magnitude', 'ideal_binary_mask', 'source_magnitudes'])
1.0093998908996582 GB allocated
3.275390625 GB reserved
dict_keys(['index', 'mixture_magnitude', 'mixture_phase', 'source_phase', 'mix_magnitude', 'ideal_binary_mask', 'source_magnitudes'])
1.0093998908996582 GB allocated
3.275390625 GB reserved
dict_keys(['index', 'mixture_magnitude', 'mixture_phase', 'source_phase', 'mix_magnitude', 'ideal_binary_mask', 'source_magnitudes'])
1.0093998908996582 GB allocated
3.275390625 GB reserved
dict_keys(['index', 'mixture_magnitude', 'mixture_phase', 'source_phase', 'mix_magnitude', 'ideal_binary_mask', 'source_magnitudes'])
1.0085468292236328 GB allocated
3.275390625 GB reserved
dict_keys(['index', 'mixture_magnitude', 'mixture_phase', 'source_phase', 'mix_magnitude', 'ideal_binary_mask', 'source_magnitudes'])
1.0093998908996582 GB allocated
3.275390625 GB reserved
dict_keys(['index', 'mixture_magnitude', 'mixture_phase', 'source_phase', 'mix_magnitude', 'ideal_binary_mask', 'source_magnitudes'])
1.0093998908996582 GB allocated
3.275390625 GB reserved
dict_keys(['index', 'mixture_magnitude', 'mixture_phase', 'source_phase', 'mix_magnitude', 'ideal_binary_mask', 'source_magnitudes'])
1.0093998908996582 GB allocated
3.275390625 GB reserved
dict_keys(['index', 'mixture_magnitude', 'mixture_phase', 'source_phase', 'mix_magnitude', 'ideal_binary_mask', 'source_magnitudes'])
1.0085468292236328 GB allocated
3.275390625 GB reserved
dict_keys(['index', 'mixture_magnitude', 'mixture_phase', 'source_phase', 'mix_magnitude', 'ideal_binary_mask', 'source_magnitudes'])
1.0093998908996582 GB allocated
3.275390625 GB reserved
dict_keys(['index', 'mixture_magnitude', 'mixture_phase', 'source_phase', 'mix_magnitude', 'ideal_binary_mask', 'source_magnitudes'])
1.0093998908996582 GB allocated
3.275390625 GB reserved
dict_keys(['index', 'mixture_magnitude', 'mixture_phase', 'source_phase', 'mix_magnitude', 'ideal_binary_mask', 'source_magnitudes'])
1.0093998908996582 GB allocated
3.275390625 GB reserved
dict_keys(['index', 'mixture_magnitude', 'mixture_phase', 'source_phase', 'mix_magnitude', 'ideal_binary_mask', 'source_magnitudes'])
1.0085468292236328 GB allocated
3.275390625 GB reserved
dict_keys(['index', 'mixture_magnitude', 'mixture_phase', 'source_phase', 'mix_magnitude', 'ideal_binary_mask', 'source_magnitudes'])
1.0093998908996582 GB allocated
3.275390625 GB reserved
dict_keys(['index', 'mixture_magnitude', 'mixture_phase', 'source_phase', 'mix_magnitude', 'ideal_binary_mask', 'source_magnitudes'])
1.0093998908996582 GB allocated
3.275390625 GB reserved
dict_keys(['index', 'mixture_magnitude', 'mixture_phase', 'source_phase', 'mix_magnitude', 'ideal_binary_mask', 'source_magnitudes'])
1.0093998908996582 GB allocated
3.275390625 GB reserved
dict_keys(['index', 'mixture_magnitude', 'mixture_phase', 'source_phase', 'mix_magnitude', 'ideal_binary_mask', 'source_magnitudes'])
1.0085468292236328 GB allocated
3.275390625 GB reserved
dict_keys(['index', 'mixture_magnitude', 'mixture_phase', 'source_phase', 'mix_magnitude', 'ideal_binary_mask', 'source_magnitudes'])
1.0093998908996582 GB allocated
3.275390625 GB reserved
dict_keys(['index', 'mixture_magnitude', 'mixture_phase', 'source_phase', 'mix_magnitude', 'ideal_binary_mask', 'source_magnitudes'])
1.0093998908996582 GB allocated
3.275390625 GB reserved
dict_keys(['index', 'mixture_magnitude', 'mixture_phase', 'source_phase', 'mix_magnitude', 'ideal_binary_mask', 'source_magnitudes'])
1.0093998908996582 GB allocated
3.275390625 GB reserved
dict_keys(['index', 'mixture_magnitude', 'mixture_phase', 'source_phase', 'mix_magnitude', 'ideal_binary_mask', 'source_magnitudes'])
1.0085468292236328 GB allocated
3.275390625 GB reserved
dict_keys(['index', 'mixture_magnitude', 'mixture_phase', 'source_phase', 'mix_magnitude', 'ideal_binary_mask', 'source_magnitudes'])
1.0093998908996582 GB allocated
3.275390625 GB reserved
dict_keys(['index', 'mixture_magnitude', 'mixture_phase', 'source_phase', 'mix_magnitude', 'ideal_binary_mask', 'source_magnitudes'])
1.0093998908996582 GB allocated
3.275390625 GB reserved
dict_keys(['index', 'mixture_magnitude', 'mixture_phase', 'source_phase', 'mix_magnitude', 'ideal_binary_mask', 'source_magnitudes'])
1.0093998908996582 GB allocated
3.275390625 GB reserved
dict_keys(['index', 'mixture_magnitude', 'mixture_phase', 'source_phase', 'mix_magnitude', 'ideal_binary_mask', 'source_magnitudes'])
1.0085468292236328 GB allocated
3.275390625 GB reserved
dict_keys(['index', 'mixture_magnitude', 'mixture_phase', 'source_phase', 'mix_magnitude', 'ideal_binary_mask', 'source_magnitudes'])
1.0093998908996582 GB allocated
3.275390625 GB reserved
dict_keys(['index', 'mixture_magnitude', 'mixture_phase', 'source_phase', 'mix_magnitude', 'ideal_binary_mask', 'source_magnitudes'])
1.0093998908996582 GB allocated
3.275390625 GB reserved
dict_keys(['index', 'mixture_magnitude', 'mixture_phase', 'source_phase', 'mix_magnitude', 'ideal_binary_mask', 'source_magnitudes'])
1.0093998908996582 GB allocated
3.275390625 GB reserved
dict_keys(['index', 'mixture_magnitude', 'mixture_phase', 'source_phase', 'mix_magnitude', 'ideal_binary_mask', 'source_magnitudes'])
1.0085468292236328 GB allocated
3.275390625 GB reserved
dict_keys(['index', 'mixture_magnitude', 'mixture_phase', 'source_phase', 'mix_magnitude', 'ideal_binary_mask', 'source_magnitudes'])
1.0093998908996582 GB allocated
3.275390625 GB reserved
dict_keys(['index', 'mixture_magnitude', 'mixture_phase', 'source_phase', 'mix_magnitude', 'ideal_binary_mask', 'source_magnitudes'])
1.0093998908996582 GB allocated
3.275390625 GB reserved
dict_keys(['index', 'mixture_magnitude', 'mixture_phase', 'source_phase', 'mix_magnitude', 'ideal_binary_mask', 'source_magnitudes'])
1.0093998908996582 GB allocated
3.275390625 GB reserved
dict_keys(['index', 'mixture_magnitude', 'mixture_phase', 'source_phase', 'mix_magnitude', 'ideal_binary_mask', 'source_magnitudes'])
1.0085468292236328 GB allocated
3.275390625 GB reserved
dict_keys(['index', 'mixture_magnitude', 'mixture_phase', 'source_phase', 'mix_magnitude', 'ideal_binary_mask', 'source_magnitudes'])
1.0093998908996582 GB allocated
3.275390625 GB reserved
dict_keys(['index', 'mixture_magnitude', 'mixture_phase', 'source_phase', 'mix_magnitude', 'ideal_binary_mask', 'source_magnitudes'])
1.0093998908996582 GB allocated
3.275390625 GB reserved
dict_keys(['index', 'mixture_magnitude', 'mixture_phase', 'source_phase', 'mix_magnitude', 'ideal_binary_mask', 'source_magnitudes'])
1.0093998908996582 GB allocated
3.275390625 GB reserved
dict_keys(['index', 'mixture_magnitude', 'mixture_phase', 'source_phase', 'mix_magnitude', 'ideal_binary_mask', 'source_magnitudes'])
1.0085468292236328 GB allocated
3.275390625 GB reserved
dict_keys(['index', 'mixture_magnitude', 'mixture_phase', 'source_phase', 'mix_magnitude', 'ideal_binary_mask', 'source_magnitudes'])
1.0093998908996582 GB allocated
3.275390625 GB reserved
dict_keys(['index', 'mixture_magnitude', 'mixture_phase', 'source_phase', 'mix_magnitude', 'ideal_binary_mask', 'source_magnitudes'])
1.0093998908996582 GB allocated
3.275390625 GB reserved
dict_keys(['index', 'mixture_magnitude', 'mixture_phase', 'source_phase', 'mix_magnitude', 'ideal_binary_mask', 'source_magnitudes'])
1.0093998908996582 GB allocated
3.275390625 GB reserved
dict_keys(['index', 'mixture_magnitude', 'mixture_phase', 'source_phase', 'mix_magnitude', 'ideal_binary_mask', 'source_magnitudes'])
1.0085468292236328 GB allocated
3.275390625 GB reserved
dict_keys(['index', 'mixture_magnitude', 'mixture_phase', 'source_phase', 'mix_magnitude', 'ideal_binary_mask', 'source_magnitudes'])
1.0093998908996582 GB allocated
3.275390625 GB reserved
dict_keys(['index', 'mixture_magnitude', 'mixture_phase', 'source_phase', 'mix_magnitude', 'ideal_binary_mask', 'source_magnitudes'])
1.0093998908996582 GB allocated
3.275390625 GB reserved
dict_keys(['index', 'mixture_magnitude', 'mixture_phase', 'source_phase', 'mix_magnitude', 'ideal_binary_mask', 'source_magnitudes'])
1.0093998908996582 GB allocated
3.275390625 GB reserved
dict_keys(['index', 'mixture_magnitude', 'mixture_phase', 'source_phase', 'mix_magnitude', 'ideal_binary_mask', 'source_magnitudes'])
1.0085468292236328 GB allocated
3.275390625 GB reserved
dict_keys(['index', 'mixture_magnitude', 'mixture_phase', 'source_phase', 'mix_magnitude', 'ideal_binary_mask', 'source_magnitudes'])
1.0093998908996582 GB allocated
3.275390625 GB reserved
dict_keys(['index', 'mixture_magnitude', 'mixture_phase', 'source_phase', 'mix_magnitude', 'ideal_binary_mask', 'source_magnitudes'])
1.0093998908996582 GB allocated
3.275390625 GB reserved
dict_keys(['index', 'mixture_magnitude', 'mixture_phase', 'source_phase', 'mix_magnitude', 'ideal_binary_mask', 'source_magnitudes'])
1.0093998908996582 GB allocated
3.275390625 GB reserved
dict_keys(['index', 'mixture_magnitude', 'mixture_phase', 'source_phase', 'mix_magnitude', 'ideal_binary_mask', 'source_magnitudes'])
1.0085468292236328 GB allocated
3.275390625 GB reserved
dict_keys(['index', 'mixture_magnitude', 'mixture_phase', 'source_phase', 'mix_magnitude', 'ideal_binary_mask', 'source_magnitudes'])
1.0093998908996582 GB allocated
3.275390625 GB reserved
dict_keys(['index', 'mixture_magnitude', 'mixture_phase', 'source_phase', 'mix_magnitude', 'ideal_binary_mask', 'source_magnitudes'])
1.0093998908996582 GB allocated
3.275390625 GB reserved
dict_keys(['index', 'mixture_magnitude', 'mixture_phase', 'source_phase', 'mix_magnitude', 'ideal_binary_mask', 'source_magnitudes'])
1.0093998908996582 GB allocated
3.275390625 GB reserved
dict_keys(['index', 'mixture_magnitude', 'mixture_phase', 'source_phase', 'mix_magnitude', 'ideal_binary_mask', 'source_magnitudes'])
[Validator] Epoch 34 - val_loss: 0.000596
[BEST CHECKPOINT] Guardado/actualizado en: checkpoints\Mis_modelos_v2\main\l1_freq checkpoints\4stems\best_checkpoint_24_val_loss=-0.0006.pt
05/20/2026 12:29:26 PM | engine.py:1037 Engine run finished. Time taken: 00:01:04.302
[Epoch 34] train_loss=0.000560 | val_loss=0.000596
05/20/2026 12:29:26 PM | engine.py:1037 Engine run finished. Time taken: 10:44:16.745
[LOADING BEST MODEL] Cargando mejor checkpoint desde: checkpoints\Mis_modelos_v2\main\l1_freq checkpoints\4stems\best_checkpoint_24_val_loss=-0.0006.pt
C:\Users\rdpuser\TFG_Identificaci-n-de-voces-e-instrumentos-en-una-obra-musical\pipeline\train.py:459: FutureWarning: You are using `torch.load` with `weights_only=False` (the current default value), which uses the default pickle module implicitly. It is possible to construct malicious pickle data which will execute arbitrary code during unpickling (See https://github.com/pytorch/pytorch/blob/main/SECURITY.md#untrusted-models for more details). In a future release, the default value for `weights_only` will be flipped to `True`. This limits the functions that could be executed during unpickling. Arbitrary objects will no longer be allowed to be loaded via this mode unless they are explicitly allowlisted by the user via `torch.serialization.add_safe_globals`. We recommend you start setting `weights_only=True` for any use case where you don't have full control of the loaded file. Please open an issue on GitHub for any issues related to this experimental feature.
  checkpoint = torch.load(best_checkpoint_path, map_location=device)
