C:\Users\rdpuser\miniconda3\envs\tfg_py310\lib\site-packages\ignite\handlers\checkpoint.py:16: DeprecationWarning: `TorchScript` support for functional optimizers is deprecated and will be removed in a future PyTorch release. Consider using the `torch.compile` optimizer instead.
  from torch.distributed.optim import ZeroRedundancyOptimizer
Usando dispositivo: cuda
Using device: cuda | nf=257 | channels=1 | hidden=50 | stems=4 | loss=l_mrs
Batch settings: actual_batch=24 | accum_steps=4 | effective_batch=96
06/10/2026 06:57:54 PM | engine.py:906 Engine run starting with max_epochs=100.
Training model with training mixes in: C:\Users\rdpuser\TFG_Identificaci-n-de-voces-e-instrumentos-en-una-obra-musical\datasets\mix_generation\foreground_train
Validating data with validation mixes in: C:\Users\rdpuser\TFG_Identificaci-n-de-voces-e-instrumentos-en-una-obra-musical\datasets\mix_generation\foreground_valid
[DEBUG] Num de sources: 4
[DEBUG] Pipeline de 4 fuentes
0.7929577827453613 GB allocated
0.8046875 GB reserved
dict_keys(['index', 'mixture_magnitude', 'mixture_phase', 'source_phase', 'mix_magnitude', 'ideal_binary_mask', 'source_magnitudes'])
Batch keys: dict_keys(['index', 'mixture_magnitude', 'mixture_phase', 'source_phase', 'mix_magnitude', 'ideal_binary_mask', 'source_magnitudes'])
mixture_phase shape: torch.Size([32, 257, 1723])
source_phase shape: torch.Size([32, 4, 257, 1723])
source_magnitudes shape: torch.Size([32, 1724, 257, 1, 4])
Estimates stats - mean: 0.0009, std: 0.0037
est shape: torch.Size([32, 1724, 257, 1, 4])
tgt shape: torch.Size([32, 1724, 257, 1, 4])
0.8096809387207031 GB allocated
8.220703125 GB reserved
dict_keys(['index', 'mixture_magnitude', 'mixture_phase', 'source_phase', 'mix_magnitude', 'ideal_binary_mask', 'source_magnitudes'])
0.8096809387207031 GB allocated
8.220703125 GB reserved
dict_keys(['index', 'mixture_magnitude', 'mixture_phase', 'source_phase', 'mix_magnitude', 'ideal_binary_mask', 'source_magnitudes'])
0.8096809387207031 GB allocated
8.220703125 GB reserved
dict_keys(['index', 'mixture_magnitude', 'mixture_phase', 'source_phase', 'mix_magnitude', 'ideal_binary_mask', 'source_magnitudes'])
0.8105340003967285 GB allocated
8.220703125 GB reserved
dict_keys(['index', 'mixture_magnitude', 'mixture_phase', 'source_phase', 'mix_magnitude', 'ideal_binary_mask', 'source_magnitudes'])
0.8113870620727539 GB allocated
8.22265625 GB reserved
dict_keys(['index', 'mixture_magnitude', 'mixture_phase', 'source_phase', 'mix_magnitude', 'ideal_binary_mask', 'source_magnitudes'])
0.8113870620727539 GB allocated
8.22265625 GB reserved
dict_keys(['index', 'mixture_magnitude', 'mixture_phase', 'source_phase', 'mix_magnitude', 'ideal_binary_mask', 'source_magnitudes'])
0.8113870620727539 GB allocated
8.22265625 GB reserved
dict_keys(['index', 'mixture_magnitude', 'mixture_phase', 'source_phase', 'mix_magnitude', 'ideal_binary_mask', 'source_magnitudes'])
0.8105340003967285 GB allocated
8.22265625 GB reserved
dict_keys(['index', 'mixture_magnitude', 'mixture_phase', 'source_phase', 'mix_magnitude', 'ideal_binary_mask', 'source_magnitudes'])
0.8113870620727539 GB allocated
8.22265625 GB reserved
dict_keys(['index', 'mixture_magnitude', 'mixture_phase', 'source_phase', 'mix_magnitude', 'ideal_binary_mask', 'source_magnitudes'])
0.8113870620727539 GB allocated
8.22265625 GB reserved
dict_keys(['index', 'mixture_magnitude', 'mixture_phase', 'source_phase', 'mix_magnitude', 'ideal_binary_mask', 'source_magnitudes'])
0.8113870620727539 GB allocated
8.22265625 GB reserved
dict_keys(['index', 'mixture_magnitude', 'mixture_phase', 'source_phase', 'mix_magnitude', 'ideal_binary_mask', 'source_magnitudes'])
0.8105340003967285 GB allocated
8.22265625 GB reserved
dict_keys(['index', 'mixture_magnitude', 'mixture_phase', 'source_phase', 'mix_magnitude', 'ideal_binary_mask', 'source_magnitudes'])
0.8113870620727539 GB allocated
8.22265625 GB reserved
dict_keys(['index', 'mixture_magnitude', 'mixture_phase', 'source_phase', 'mix_magnitude', 'ideal_binary_mask', 'source_magnitudes'])
0.8113870620727539 GB allocated
8.22265625 GB reserved
dict_keys(['index', 'mixture_magnitude', 'mixture_phase', 'source_phase', 'mix_magnitude', 'ideal_binary_mask', 'source_magnitudes'])
0.8113870620727539 GB allocated
8.22265625 GB reserved
dict_keys(['index', 'mixture_magnitude', 'mixture_phase', 'source_phase', 'mix_magnitude', 'ideal_binary_mask', 'source_magnitudes'])
0.8105340003967285 GB allocated
8.22265625 GB reserved
dict_keys(['index', 'mixture_magnitude', 'mixture_phase', 'source_phase', 'mix_magnitude', 'ideal_binary_mask', 'source_magnitudes'])
0.8113870620727539 GB allocated
8.22265625 GB reserved
dict_keys(['index', 'mixture_magnitude', 'mixture_phase', 'source_phase', 'mix_magnitude', 'ideal_binary_mask', 'source_magnitudes'])
0.8113870620727539 GB allocated
8.22265625 GB reserved
dict_keys(['index', 'mixture_magnitude', 'mixture_phase', 'source_phase', 'mix_magnitude', 'ideal_binary_mask', 'source_magnitudes'])
0.8113870620727539 GB allocated
8.22265625 GB reserved
dict_keys(['index', 'mixture_magnitude', 'mixture_phase', 'source_phase', 'mix_magnitude', 'ideal_binary_mask', 'source_magnitudes'])
0.8105340003967285 GB allocated
8.22265625 GB reserved
dict_keys(['index', 'mixture_magnitude', 'mixture_phase', 'source_phase', 'mix_magnitude', 'ideal_binary_mask', 'source_magnitudes'])
0.8113870620727539 GB allocated
8.22265625 GB reserved
dict_keys(['index', 'mixture_magnitude', 'mixture_phase', 'source_phase', 'mix_magnitude', 'ideal_binary_mask', 'source_magnitudes'])
0.8113870620727539 GB allocated
8.22265625 GB reserved
dict_keys(['index', 'mixture_magnitude', 'mixture_phase', 'source_phase', 'mix_magnitude', 'ideal_binary_mask', 'source_magnitudes'])
0.8113870620727539 GB allocated
8.22265625 GB reserved
dict_keys(['index', 'mixture_magnitude', 'mixture_phase', 'source_phase', 'mix_magnitude', 'ideal_binary_mask', 'source_magnitudes'])
0.8105340003967285 GB allocated
8.22265625 GB reserved
dict_keys(['index', 'mixture_magnitude', 'mixture_phase', 'source_phase', 'mix_magnitude', 'ideal_binary_mask', 'source_magnitudes'])
0.8113870620727539 GB allocated
8.22265625 GB reserved
dict_keys(['index', 'mixture_magnitude', 'mixture_phase', 'source_phase', 'mix_magnitude', 'ideal_binary_mask', 'source_magnitudes'])
0.8113870620727539 GB allocated
8.22265625 GB reserved
dict_keys(['index', 'mixture_magnitude', 'mixture_phase', 'source_phase', 'mix_magnitude', 'ideal_binary_mask', 'source_magnitudes'])
0.8113870620727539 GB allocated
8.22265625 GB reserved
dict_keys(['index', 'mixture_magnitude', 'mixture_phase', 'source_phase', 'mix_magnitude', 'ideal_binary_mask', 'source_magnitudes'])
0.8105340003967285 GB allocated
8.22265625 GB reserved
dict_keys(['index', 'mixture_magnitude', 'mixture_phase', 'source_phase', 'mix_magnitude', 'ideal_binary_mask', 'source_magnitudes'])
0.8113870620727539 GB allocated
8.22265625 GB reserved
dict_keys(['index', 'mixture_magnitude', 'mixture_phase', 'source_phase', 'mix_magnitude', 'ideal_binary_mask', 'source_magnitudes'])
0.8113870620727539 GB allocated
8.22265625 GB reserved
dict_keys(['index', 'mixture_magnitude', 'mixture_phase', 'source_phase', 'mix_magnitude', 'ideal_binary_mask', 'source_magnitudes'])
0.8113870620727539 GB allocated
8.22265625 GB reserved
dict_keys(['index', 'mixture_magnitude', 'mixture_phase', 'source_phase', 'mix_magnitude', 'ideal_binary_mask', 'source_magnitudes'])
0.8105340003967285 GB allocated
8.22265625 GB reserved
dict_keys(['index', 'mixture_magnitude', 'mixture_phase', 'source_phase', 'mix_magnitude', 'ideal_binary_mask', 'source_magnitudes'])
0.8113870620727539 GB allocated
8.22265625 GB reserved
dict_keys(['index', 'mixture_magnitude', 'mixture_phase', 'source_phase', 'mix_magnitude', 'ideal_binary_mask', 'source_magnitudes'])
0.8113870620727539 GB allocated
8.22265625 GB reserved
dict_keys(['index', 'mixture_magnitude', 'mixture_phase', 'source_phase', 'mix_magnitude', 'ideal_binary_mask', 'source_magnitudes'])
0.8113870620727539 GB allocated
8.22265625 GB reserved
dict_keys(['index', 'mixture_magnitude', 'mixture_phase', 'source_phase', 'mix_magnitude', 'ideal_binary_mask', 'source_magnitudes'])
0.8105340003967285 GB allocated
8.22265625 GB reserved
dict_keys(['index', 'mixture_magnitude', 'mixture_phase', 'source_phase', 'mix_magnitude', 'ideal_binary_mask', 'source_magnitudes'])
0.8113870620727539 GB allocated
8.22265625 GB reserved
dict_keys(['index', 'mixture_magnitude', 'mixture_phase', 'source_phase', 'mix_magnitude', 'ideal_binary_mask', 'source_magnitudes'])
0.8113870620727539 GB allocated
8.22265625 GB reserved
dict_keys(['index', 'mixture_magnitude', 'mixture_phase', 'source_phase', 'mix_magnitude', 'ideal_binary_mask', 'source_magnitudes'])
0.8113870620727539 GB allocated
8.22265625 GB reserved
dict_keys(['index', 'mixture_magnitude', 'mixture_phase', 'source_phase', 'mix_magnitude', 'ideal_binary_mask', 'source_magnitudes'])
0.8105340003967285 GB allocated
8.22265625 GB reserved
dict_keys(['index', 'mixture_magnitude', 'mixture_phase', 'source_phase', 'mix_magnitude', 'ideal_binary_mask', 'source_magnitudes'])
0.8113870620727539 GB allocated
8.22265625 GB reserved
dict_keys(['index', 'mixture_magnitude', 'mixture_phase', 'source_phase', 'mix_magnitude', 'ideal_binary_mask', 'source_magnitudes'])
0.8113870620727539 GB allocated
8.22265625 GB reserved
dict_keys(['index', 'mixture_magnitude', 'mixture_phase', 'source_phase', 'mix_magnitude', 'ideal_binary_mask', 'source_magnitudes'])
0.8113870620727539 GB allocated
8.22265625 GB reserved
06/10/2026 07:18:04 PM | engine.py:906 Engine run starting with max_epochs=1.
06/10/2026 07:19:09 PM | engine.py:1010 Epoch[1] Complete. Time taken: 00:01:04.461
dict_keys(['index', 'mixture_magnitude', 'mixture_phase', 'source_phase', 'mix_magnitude', 'ideal_binary_mask', 'source_magnitudes'])
0.8105340003967285 GB allocated
8.22265625 GB reserved
dict_keys(['index', 'mixture_magnitude', 'mixture_phase', 'source_phase', 'mix_magnitude', 'ideal_binary_mask', 'source_magnitudes'])
0.8113870620727539 GB allocated
8.22265625 GB reserved
dict_keys(['index', 'mixture_magnitude', 'mixture_phase', 'source_phase', 'mix_magnitude', 'ideal_binary_mask', 'source_magnitudes'])
0.8113870620727539 GB allocated
8.22265625 GB reserved
dict_keys(['index', 'mixture_magnitude', 'mixture_phase', 'source_phase', 'mix_magnitude', 'ideal_binary_mask', 'source_magnitudes'])
0.8113870620727539 GB allocated
8.22265625 GB reserved
dict_keys(['index', 'mixture_magnitude', 'mixture_phase', 'source_phase', 'mix_magnitude', 'ideal_binary_mask', 'source_magnitudes'])
0.8105340003967285 GB allocated
8.22265625 GB reserved
dict_keys(['index', 'mixture_magnitude', 'mixture_phase', 'source_phase', 'mix_magnitude', 'ideal_binary_mask', 'source_magnitudes'])
0.8113870620727539 GB allocated
8.22265625 GB reserved
dict_keys(['index', 'mixture_magnitude', 'mixture_phase', 'source_phase', 'mix_magnitude', 'ideal_binary_mask', 'source_magnitudes'])
0.8113870620727539 GB allocated
8.22265625 GB reserved
dict_keys(['index', 'mixture_magnitude', 'mixture_phase', 'source_phase', 'mix_magnitude', 'ideal_binary_mask', 'source_magnitudes'])
0.8113870620727539 GB allocated
8.22265625 GB reserved
dict_keys(['index', 'mixture_magnitude', 'mixture_phase', 'source_phase', 'mix_magnitude', 'ideal_binary_mask', 'source_magnitudes'])
0.8105340003967285 GB allocated
8.22265625 GB reserved
dict_keys(['index', 'mixture_magnitude', 'mixture_phase', 'source_phase', 'mix_magnitude', 'ideal_binary_mask', 'source_magnitudes'])
0.8113870620727539 GB allocated
8.22265625 GB reserved
dict_keys(['index', 'mixture_magnitude', 'mixture_phase', 'source_phase', 'mix_magnitude', 'ideal_binary_mask', 'source_magnitudes'])
0.8113870620727539 GB allocated
8.22265625 GB reserved
dict_keys(['index', 'mixture_magnitude', 'mixture_phase', 'source_phase', 'mix_magnitude', 'ideal_binary_mask', 'source_magnitudes'])
0.8113870620727539 GB allocated
8.22265625 GB reserved
dict_keys(['index', 'mixture_magnitude', 'mixture_phase', 'source_phase', 'mix_magnitude', 'ideal_binary_mask', 'source_magnitudes'])
0.8105340003967285 GB allocated
8.22265625 GB reserved
dict_keys(['index', 'mixture_magnitude', 'mixture_phase', 'source_phase', 'mix_magnitude', 'ideal_binary_mask', 'source_magnitudes'])
0.8113870620727539 GB allocated
8.22265625 GB reserved
dict_keys(['index', 'mixture_magnitude', 'mixture_phase', 'source_phase', 'mix_magnitude', 'ideal_binary_mask', 'source_magnitudes'])
0.8113870620727539 GB allocated
8.22265625 GB reserved
dict_keys(['index', 'mixture_magnitude', 'mixture_phase', 'source_phase', 'mix_magnitude', 'ideal_binary_mask', 'source_magnitudes'])
0.8113870620727539 GB allocated
8.22265625 GB reserved
dict_keys(['index', 'mixture_magnitude', 'mixture_phase', 'source_phase', 'mix_magnitude', 'ideal_binary_mask', 'source_magnitudes'])
0.8105340003967285 GB allocated
8.22265625 GB reserved
dict_keys(['index', 'mixture_magnitude', 'mixture_phase', 'source_phase', 'mix_magnitude', 'ideal_binary_mask', 'source_magnitudes'])
0.8113870620727539 GB allocated
8.22265625 GB reserved
dict_keys(['index', 'mixture_magnitude', 'mixture_phase', 'source_phase', 'mix_magnitude', 'ideal_binary_mask', 'source_magnitudes'])
0.8113870620727539 GB allocated
8.22265625 GB reserved
dict_keys(['index', 'mixture_magnitude', 'mixture_phase', 'source_phase', 'mix_magnitude', 'ideal_binary_mask', 'source_magnitudes'])
0.8113870620727539 GB allocated
8.22265625 GB reserved
dict_keys(['index', 'mixture_magnitude', 'mixture_phase', 'source_phase', 'mix_magnitude', 'ideal_binary_mask', 'source_magnitudes'])
0.8105340003967285 GB allocated
8.22265625 GB reserved
dict_keys(['index', 'mixture_magnitude', 'mixture_phase', 'source_phase', 'mix_magnitude', 'ideal_binary_mask', 'source_magnitudes'])
0.8113870620727539 GB allocated
8.22265625 GB reserved
dict_keys(['index', 'mixture_magnitude', 'mixture_phase', 'source_phase', 'mix_magnitude', 'ideal_binary_mask', 'source_magnitudes'])
0.8113870620727539 GB allocated
8.22265625 GB reserved
dict_keys(['index', 'mixture_magnitude', 'mixture_phase', 'source_phase', 'mix_magnitude', 'ideal_binary_mask', 'source_magnitudes'])
0.8113870620727539 GB allocated
8.22265625 GB reserved
dict_keys(['index', 'mixture_magnitude', 'mixture_phase', 'source_phase', 'mix_magnitude', 'ideal_binary_mask', 'source_magnitudes'])
0.8105340003967285 GB allocated
8.22265625 GB reserved
dict_keys(['index', 'mixture_magnitude', 'mixture_phase', 'source_phase', 'mix_magnitude', 'ideal_binary_mask', 'source_magnitudes'])
0.8113870620727539 GB allocated
8.22265625 GB reserved
dict_keys(['index', 'mixture_magnitude', 'mixture_phase', 'source_phase', 'mix_magnitude', 'ideal_binary_mask', 'source_magnitudes'])
0.8113870620727539 GB allocated
8.22265625 GB reserved
dict_keys(['index', 'mixture_magnitude', 'mixture_phase', 'source_phase', 'mix_magnitude', 'ideal_binary_mask', 'source_magnitudes'])
0.8113870620727539 GB allocated
8.22265625 GB reserved
dict_keys(['index', 'mixture_magnitude', 'mixture_phase', 'source_phase', 'mix_magnitude', 'ideal_binary_mask', 'source_magnitudes'])
0.8105340003967285 GB allocated
8.22265625 GB reserved
dict_keys(['index', 'mixture_magnitude', 'mixture_phase', 'source_phase', 'mix_magnitude', 'ideal_binary_mask', 'source_magnitudes'])
0.8113870620727539 GB allocated
8.22265625 GB reserved
dict_keys(['index', 'mixture_magnitude', 'mixture_phase', 'source_phase', 'mix_magnitude', 'ideal_binary_mask', 'source_magnitudes'])
0.8113870620727539 GB allocated
8.22265625 GB reserved
dict_keys(['index', 'mixture_magnitude', 'mixture_phase', 'source_phase', 'mix_magnitude', 'ideal_binary_mask', 'source_magnitudes'])
0.8113870620727539 GB allocated
8.22265625 GB reserved
dict_keys(['index', 'mixture_magnitude', 'mixture_phase', 'source_phase', 'mix_magnitude', 'ideal_binary_mask', 'source_magnitudes'])
0.8105340003967285 GB allocated
8.22265625 GB reserved
dict_keys(['index', 'mixture_magnitude', 'mixture_phase', 'source_phase', 'mix_magnitude', 'ideal_binary_mask', 'source_magnitudes'])
0.8113870620727539 GB allocated
8.22265625 GB reserved
dict_keys(['index', 'mixture_magnitude', 'mixture_phase', 'source_phase', 'mix_magnitude', 'ideal_binary_mask', 'source_magnitudes'])
0.8113870620727539 GB allocated
8.22265625 GB reserved
dict_keys(['index', 'mixture_magnitude', 'mixture_phase', 'source_phase', 'mix_magnitude', 'ideal_binary_mask', 'source_magnitudes'])
0.8113870620727539 GB allocated
8.22265625 GB reserved
dict_keys(['index', 'mixture_magnitude', 'mixture_phase', 'source_phase', 'mix_magnitude', 'ideal_binary_mask', 'source_magnitudes'])
0.8105340003967285 GB allocated
8.22265625 GB reserved
dict_keys(['index', 'mixture_magnitude', 'mixture_phase', 'source_phase', 'mix_magnitude', 'ideal_binary_mask', 'source_magnitudes'])
0.8113870620727539 GB allocated
8.22265625 GB reserved
dict_keys(['index', 'mixture_magnitude', 'mixture_phase', 'source_phase', 'mix_magnitude', 'ideal_binary_mask', 'source_magnitudes'])
0.8113870620727539 GB allocated
8.22265625 GB reserved
dict_keys(['index', 'mixture_magnitude', 'mixture_phase', 'source_phase', 'mix_magnitude', 'ideal_binary_mask', 'source_magnitudes'])
0.8113870620727539 GB allocated
8.22265625 GB reserved
dict_keys(['index', 'mixture_magnitude', 'mixture_phase', 'source_phase', 'mix_magnitude', 'ideal_binary_mask', 'source_magnitudes'])
0.8105340003967285 GB allocated
8.22265625 GB reserved
dict_keys(['index', 'mixture_magnitude', 'mixture_phase', 'source_phase', 'mix_magnitude', 'ideal_binary_mask', 'source_magnitudes'])
0.8113870620727539 GB allocated
8.22265625 GB reserved
dict_keys(['index', 'mixture_magnitude', 'mixture_phase', 'source_phase', 'mix_magnitude', 'ideal_binary_mask', 'source_magnitudes'])
0.8113870620727539 GB allocated
8.22265625 GB reserved
dict_keys(['index', 'mixture_magnitude', 'mixture_phase', 'source_phase', 'mix_magnitude', 'ideal_binary_mask', 'source_magnitudes'])
0.8113870620727539 GB allocated
8.22265625 GB reserved
dict_keys(['index', 'mixture_magnitude', 'mixture_phase', 'source_phase', 'mix_magnitude', 'ideal_binary_mask', 'source_magnitudes'])
0.8105340003967285 GB allocated
8.22265625 GB reserved
dict_keys(['index', 'mixture_magnitude', 'mixture_phase', 'source_phase', 'mix_magnitude', 'ideal_binary_mask', 'source_magnitudes'])
0.8113870620727539 GB allocated
8.22265625 GB reserved
dict_keys(['index', 'mixture_magnitude', 'mixture_phase', 'source_phase', 'mix_magnitude', 'ideal_binary_mask', 'source_magnitudes'])
0.8113870620727539 GB allocated
8.22265625 GB reserved
dict_keys(['index', 'mixture_magnitude', 'mixture_phase', 'source_phase', 'mix_magnitude', 'ideal_binary_mask', 'source_magnitudes'])
0.8113870620727539 GB allocated
8.22265625 GB reserved
dict_keys(['index', 'mixture_magnitude', 'mixture_phase', 'source_phase', 'mix_magnitude', 'ideal_binary_mask', 'source_magnitudes'])
0.8105340003967285 GB allocated
8.22265625 GB reserved
dict_keys(['index', 'mixture_magnitude', 'mixture_phase', 'source_phase', 'mix_magnitude', 'ideal_binary_mask', 'source_magnitudes'])
0.8113870620727539 GB allocated
8.22265625 GB reserved
dict_keys(['index', 'mixture_magnitude', 'mixture_phase', 'source_phase', 'mix_magnitude', 'ideal_binary_mask', 'source_magnitudes'])
0.8113870620727539 GB allocated
8.22265625 GB reserved
dict_keys(['index', 'mixture_magnitude', 'mixture_phase', 'source_phase', 'mix_magnitude', 'ideal_binary_mask', 'source_magnitudes'])
0.8113870620727539 GB allocated
8.22265625 GB reserved
dict_keys(['index', 'mixture_magnitude', 'mixture_phase', 'source_phase', 'mix_magnitude', 'ideal_binary_mask', 'source_magnitudes'])
0.8105340003967285 GB allocated
8.22265625 GB reserved
dict_keys(['index', 'mixture_magnitude', 'mixture_phase', 'source_phase', 'mix_magnitude', 'ideal_binary_mask', 'source_magnitudes'])
0.8113870620727539 GB allocated
8.22265625 GB reserved
dict_keys(['index', 'mixture_magnitude', 'mixture_phase', 'source_phase', 'mix_magnitude', 'ideal_binary_mask', 'source_magnitudes'])
0.8113870620727539 GB allocated
8.22265625 GB reserved
dict_keys(['index', 'mixture_magnitude', 'mixture_phase', 'source_phase', 'mix_magnitude', 'ideal_binary_mask', 'source_magnitudes'])
0.8113870620727539 GB allocated
8.22265625 GB reserved
dict_keys(['index', 'mixture_magnitude', 'mixture_phase', 'source_phase', 'mix_magnitude', 'ideal_binary_mask', 'source_magnitudes'])
[Validator] Epoch 1 - val_loss: 1.303422
[BEST CHECKPOINT] Guardado/actualizado en: checkpoints\Mis_modelos_v2\advanced\l_mrs checkpoints\4stems\best_checkpoint_1_val_loss=-1.3034.pt
06/10/2026 07:19:09 PM | engine.py:1037 Engine run finished. Time taken: 00:01:04.470
[Epoch 1] train_loss=1.521979 | val_loss=1.303422
06/10/2026 07:19:09 PM | engine.py:1010 Epoch[1] Complete. Time taken: 00:21:14.289
1.0085558891296387 GB allocated
8.22265625 GB reserved
dict_keys(['index', 'mixture_magnitude', 'mixture_phase', 'source_phase', 'mix_magnitude', 'ideal_binary_mask', 'source_magnitudes'])
1.009408950805664 GB allocated
8.646484375 GB reserved
dict_keys(['index', 'mixture_magnitude', 'mixture_phase', 'source_phase', 'mix_magnitude', 'ideal_binary_mask', 'source_magnitudes'])
1.009408950805664 GB allocated
8.646484375 GB reserved
dict_keys(['index', 'mixture_magnitude', 'mixture_phase', 'source_phase', 'mix_magnitude', 'ideal_binary_mask', 'source_magnitudes'])
1.009408950805664 GB allocated
8.646484375 GB reserved
dict_keys(['index', 'mixture_magnitude', 'mixture_phase', 'source_phase', 'mix_magnitude', 'ideal_binary_mask', 'source_magnitudes'])
1.0085558891296387 GB allocated
8.646484375 GB reserved
dict_keys(['index', 'mixture_magnitude', 'mixture_phase', 'source_phase', 'mix_magnitude', 'ideal_binary_mask', 'source_magnitudes'])
1.009408950805664 GB allocated
8.646484375 GB reserved
dict_keys(['index', 'mixture_magnitude', 'mixture_phase', 'source_phase', 'mix_magnitude', 'ideal_binary_mask', 'source_magnitudes'])
1.009408950805664 GB allocated
8.646484375 GB reserved
dict_keys(['index', 'mixture_magnitude', 'mixture_phase', 'source_phase', 'mix_magnitude', 'ideal_binary_mask', 'source_magnitudes'])
1.009408950805664 GB allocated
8.646484375 GB reserved
dict_keys(['index', 'mixture_magnitude', 'mixture_phase', 'source_phase', 'mix_magnitude', 'ideal_binary_mask', 'source_magnitudes'])
1.0085558891296387 GB allocated
8.646484375 GB reserved
dict_keys(['index', 'mixture_magnitude', 'mixture_phase', 'source_phase', 'mix_magnitude', 'ideal_binary_mask', 'source_magnitudes'])
1.009408950805664 GB allocated
8.646484375 GB reserved
dict_keys(['index', 'mixture_magnitude', 'mixture_phase', 'source_phase', 'mix_magnitude', 'ideal_binary_mask', 'source_magnitudes'])
1.009408950805664 GB allocated
8.646484375 GB reserved
dict_keys(['index', 'mixture_magnitude', 'mixture_phase', 'source_phase', 'mix_magnitude', 'ideal_binary_mask', 'source_magnitudes'])
1.009408950805664 GB allocated
8.646484375 GB reserved
dict_keys(['index', 'mixture_magnitude', 'mixture_phase', 'source_phase', 'mix_magnitude', 'ideal_binary_mask', 'source_magnitudes'])
1.0085558891296387 GB allocated
8.646484375 GB reserved
dict_keys(['index', 'mixture_magnitude', 'mixture_phase', 'source_phase', 'mix_magnitude', 'ideal_binary_mask', 'source_magnitudes'])
1.009408950805664 GB allocated
8.646484375 GB reserved
dict_keys(['index', 'mixture_magnitude', 'mixture_phase', 'source_phase', 'mix_magnitude', 'ideal_binary_mask', 'source_magnitudes'])
1.009408950805664 GB allocated
8.646484375 GB reserved
dict_keys(['index', 'mixture_magnitude', 'mixture_phase', 'source_phase', 'mix_magnitude', 'ideal_binary_mask', 'source_magnitudes'])
1.009408950805664 GB allocated
8.646484375 GB reserved
dict_keys(['index', 'mixture_magnitude', 'mixture_phase', 'source_phase', 'mix_magnitude', 'ideal_binary_mask', 'source_magnitudes'])
1.0085558891296387 GB allocated
8.646484375 GB reserved
dict_keys(['index', 'mixture_magnitude', 'mixture_phase', 'source_phase', 'mix_magnitude', 'ideal_binary_mask', 'source_magnitudes'])
1.009408950805664 GB allocated
8.646484375 GB reserved
dict_keys(['index', 'mixture_magnitude', 'mixture_phase', 'source_phase', 'mix_magnitude', 'ideal_binary_mask', 'source_magnitudes'])
1.009408950805664 GB allocated
8.646484375 GB reserved
dict_keys(['index', 'mixture_magnitude', 'mixture_phase', 'source_phase', 'mix_magnitude', 'ideal_binary_mask', 'source_magnitudes'])
1.009408950805664 GB allocated
8.646484375 GB reserved
dict_keys(['index', 'mixture_magnitude', 'mixture_phase', 'source_phase', 'mix_magnitude', 'ideal_binary_mask', 'source_magnitudes'])
1.0085558891296387 GB allocated
8.646484375 GB reserved
dict_keys(['index', 'mixture_magnitude', 'mixture_phase', 'source_phase', 'mix_magnitude', 'ideal_binary_mask', 'source_magnitudes'])
1.009408950805664 GB allocated
8.646484375 GB reserved
dict_keys(['index', 'mixture_magnitude', 'mixture_phase', 'source_phase', 'mix_magnitude', 'ideal_binary_mask', 'source_magnitudes'])
1.009408950805664 GB allocated
8.646484375 GB reserved
dict_keys(['index', 'mixture_magnitude', 'mixture_phase', 'source_phase', 'mix_magnitude', 'ideal_binary_mask', 'source_magnitudes'])
1.009408950805664 GB allocated
8.646484375 GB reserved
dict_keys(['index', 'mixture_magnitude', 'mixture_phase', 'source_phase', 'mix_magnitude', 'ideal_binary_mask', 'source_magnitudes'])
1.0085558891296387 GB allocated
8.646484375 GB reserved
dict_keys(['index', 'mixture_magnitude', 'mixture_phase', 'source_phase', 'mix_magnitude', 'ideal_binary_mask', 'source_magnitudes'])
1.009408950805664 GB allocated
8.646484375 GB reserved
dict_keys(['index', 'mixture_magnitude', 'mixture_phase', 'source_phase', 'mix_magnitude', 'ideal_binary_mask', 'source_magnitudes'])
1.009408950805664 GB allocated
8.646484375 GB reserved
dict_keys(['index', 'mixture_magnitude', 'mixture_phase', 'source_phase', 'mix_magnitude', 'ideal_binary_mask', 'source_magnitudes'])
1.009408950805664 GB allocated
8.646484375 GB reserved
dict_keys(['index', 'mixture_magnitude', 'mixture_phase', 'source_phase', 'mix_magnitude', 'ideal_binary_mask', 'source_magnitudes'])
1.0085558891296387 GB allocated
8.646484375 GB reserved
dict_keys(['index', 'mixture_magnitude', 'mixture_phase', 'source_phase', 'mix_magnitude', 'ideal_binary_mask', 'source_magnitudes'])
1.009408950805664 GB allocated
8.646484375 GB reserved
dict_keys(['index', 'mixture_magnitude', 'mixture_phase', 'source_phase', 'mix_magnitude', 'ideal_binary_mask', 'source_magnitudes'])
1.009408950805664 GB allocated
8.646484375 GB reserved
dict_keys(['index', 'mixture_magnitude', 'mixture_phase', 'source_phase', 'mix_magnitude', 'ideal_binary_mask', 'source_magnitudes'])
1.009408950805664 GB allocated
8.646484375 GB reserved
dict_keys(['index', 'mixture_magnitude', 'mixture_phase', 'source_phase', 'mix_magnitude', 'ideal_binary_mask', 'source_magnitudes'])
1.0085558891296387 GB allocated
8.646484375 GB reserved
dict_keys(['index', 'mixture_magnitude', 'mixture_phase', 'source_phase', 'mix_magnitude', 'ideal_binary_mask', 'source_magnitudes'])
1.009408950805664 GB allocated
8.646484375 GB reserved
dict_keys(['index', 'mixture_magnitude', 'mixture_phase', 'source_phase', 'mix_magnitude', 'ideal_binary_mask', 'source_magnitudes'])
1.009408950805664 GB allocated
8.646484375 GB reserved
dict_keys(['index', 'mixture_magnitude', 'mixture_phase', 'source_phase', 'mix_magnitude', 'ideal_binary_mask', 'source_magnitudes'])
1.009408950805664 GB allocated
8.646484375 GB reserved
dict_keys(['index', 'mixture_magnitude', 'mixture_phase', 'source_phase', 'mix_magnitude', 'ideal_binary_mask', 'source_magnitudes'])
1.0085558891296387 GB allocated
8.646484375 GB reserved
dict_keys(['index', 'mixture_magnitude', 'mixture_phase', 'source_phase', 'mix_magnitude', 'ideal_binary_mask', 'source_magnitudes'])
1.009408950805664 GB allocated
8.646484375 GB reserved
dict_keys(['index', 'mixture_magnitude', 'mixture_phase', 'source_phase', 'mix_magnitude', 'ideal_binary_mask', 'source_magnitudes'])
1.009408950805664 GB allocated
8.646484375 GB reserved
dict_keys(['index', 'mixture_magnitude', 'mixture_phase', 'source_phase', 'mix_magnitude', 'ideal_binary_mask', 'source_magnitudes'])
1.009408950805664 GB allocated
8.646484375 GB reserved
dict_keys(['index', 'mixture_magnitude', 'mixture_phase', 'source_phase', 'mix_magnitude', 'ideal_binary_mask', 'source_magnitudes'])
1.0085558891296387 GB allocated
8.646484375 GB reserved
dict_keys(['index', 'mixture_magnitude', 'mixture_phase', 'source_phase', 'mix_magnitude', 'ideal_binary_mask', 'source_magnitudes'])
1.009408950805664 GB allocated
8.646484375 GB reserved
dict_keys(['index', 'mixture_magnitude', 'mixture_phase', 'source_phase', 'mix_magnitude', 'ideal_binary_mask', 'source_magnitudes'])
1.009408950805664 GB allocated
8.646484375 GB reserved
06/10/2026 07:58:07 PM | engine.py:906 Engine run starting with max_epochs=1.
06/10/2026 07:59:10 PM | engine.py:1010 Epoch[1] Complete. Time taken: 00:01:03.580
dict_keys(['index', 'mixture_magnitude', 'mixture_phase', 'source_phase', 'mix_magnitude', 'ideal_binary_mask', 'source_magnitudes'])
1.009408950805664 GB allocated
8.646484375 GB reserved
dict_keys(['index', 'mixture_magnitude', 'mixture_phase', 'source_phase', 'mix_magnitude', 'ideal_binary_mask', 'source_magnitudes'])
1.0085558891296387 GB allocated
8.646484375 GB reserved
dict_keys(['index', 'mixture_magnitude', 'mixture_phase', 'source_phase', 'mix_magnitude', 'ideal_binary_mask', 'source_magnitudes'])
1.009408950805664 GB allocated
8.646484375 GB reserved
dict_keys(['index', 'mixture_magnitude', 'mixture_phase', 'source_phase', 'mix_magnitude', 'ideal_binary_mask', 'source_magnitudes'])
1.009408950805664 GB allocated
8.646484375 GB reserved
dict_keys(['index', 'mixture_magnitude', 'mixture_phase', 'source_phase', 'mix_magnitude', 'ideal_binary_mask', 'source_magnitudes'])
1.009408950805664 GB allocated
8.646484375 GB reserved
dict_keys(['index', 'mixture_magnitude', 'mixture_phase', 'source_phase', 'mix_magnitude', 'ideal_binary_mask', 'source_magnitudes'])
1.0085558891296387 GB allocated
8.646484375 GB reserved
dict_keys(['index', 'mixture_magnitude', 'mixture_phase', 'source_phase', 'mix_magnitude', 'ideal_binary_mask', 'source_magnitudes'])
1.009408950805664 GB allocated
8.646484375 GB reserved
dict_keys(['index', 'mixture_magnitude', 'mixture_phase', 'source_phase', 'mix_magnitude', 'ideal_binary_mask', 'source_magnitudes'])
1.009408950805664 GB allocated
8.646484375 GB reserved
dict_keys(['index', 'mixture_magnitude', 'mixture_phase', 'source_phase', 'mix_magnitude', 'ideal_binary_mask', 'source_magnitudes'])
1.009408950805664 GB allocated
8.646484375 GB reserved
dict_keys(['index', 'mixture_magnitude', 'mixture_phase', 'source_phase', 'mix_magnitude', 'ideal_binary_mask', 'source_magnitudes'])
1.0085558891296387 GB allocated
8.646484375 GB reserved
dict_keys(['index', 'mixture_magnitude', 'mixture_phase', 'source_phase', 'mix_magnitude', 'ideal_binary_mask', 'source_magnitudes'])
1.009408950805664 GB allocated
8.646484375 GB reserved
dict_keys(['index', 'mixture_magnitude', 'mixture_phase', 'source_phase', 'mix_magnitude', 'ideal_binary_mask', 'source_magnitudes'])
1.009408950805664 GB allocated
8.646484375 GB reserved
dict_keys(['index', 'mixture_magnitude', 'mixture_phase', 'source_phase', 'mix_magnitude', 'ideal_binary_mask', 'source_magnitudes'])
1.009408950805664 GB allocated
8.646484375 GB reserved
dict_keys(['index', 'mixture_magnitude', 'mixture_phase', 'source_phase', 'mix_magnitude', 'ideal_binary_mask', 'source_magnitudes'])
1.0085558891296387 GB allocated
8.646484375 GB reserved
dict_keys(['index', 'mixture_magnitude', 'mixture_phase', 'source_phase', 'mix_magnitude', 'ideal_binary_mask', 'source_magnitudes'])
1.009408950805664 GB allocated
8.646484375 GB reserved
dict_keys(['index', 'mixture_magnitude', 'mixture_phase', 'source_phase', 'mix_magnitude', 'ideal_binary_mask', 'source_magnitudes'])
1.009408950805664 GB allocated
8.646484375 GB reserved
dict_keys(['index', 'mixture_magnitude', 'mixture_phase', 'source_phase', 'mix_magnitude', 'ideal_binary_mask', 'source_magnitudes'])
1.009408950805664 GB allocated
8.646484375 GB reserved
dict_keys(['index', 'mixture_magnitude', 'mixture_phase', 'source_phase', 'mix_magnitude', 'ideal_binary_mask', 'source_magnitudes'])
1.0085558891296387 GB allocated
8.646484375 GB reserved
dict_keys(['index', 'mixture_magnitude', 'mixture_phase', 'source_phase', 'mix_magnitude', 'ideal_binary_mask', 'source_magnitudes'])
1.009408950805664 GB allocated
8.646484375 GB reserved
dict_keys(['index', 'mixture_magnitude', 'mixture_phase', 'source_phase', 'mix_magnitude', 'ideal_binary_mask', 'source_magnitudes'])
1.009408950805664 GB allocated
8.646484375 GB reserved
dict_keys(['index', 'mixture_magnitude', 'mixture_phase', 'source_phase', 'mix_magnitude', 'ideal_binary_mask', 'source_magnitudes'])
1.009408950805664 GB allocated
8.646484375 GB reserved
dict_keys(['index', 'mixture_magnitude', 'mixture_phase', 'source_phase', 'mix_magnitude', 'ideal_binary_mask', 'source_magnitudes'])
1.0085558891296387 GB allocated
8.646484375 GB reserved
dict_keys(['index', 'mixture_magnitude', 'mixture_phase', 'source_phase', 'mix_magnitude', 'ideal_binary_mask', 'source_magnitudes'])
1.009408950805664 GB allocated
8.646484375 GB reserved
dict_keys(['index', 'mixture_magnitude', 'mixture_phase', 'source_phase', 'mix_magnitude', 'ideal_binary_mask', 'source_magnitudes'])
1.009408950805664 GB allocated
8.646484375 GB reserved
dict_keys(['index', 'mixture_magnitude', 'mixture_phase', 'source_phase', 'mix_magnitude', 'ideal_binary_mask', 'source_magnitudes'])
1.009408950805664 GB allocated
8.646484375 GB reserved
dict_keys(['index', 'mixture_magnitude', 'mixture_phase', 'source_phase', 'mix_magnitude', 'ideal_binary_mask', 'source_magnitudes'])
1.0085558891296387 GB allocated
8.646484375 GB reserved
dict_keys(['index', 'mixture_magnitude', 'mixture_phase', 'source_phase', 'mix_magnitude', 'ideal_binary_mask', 'source_magnitudes'])
1.009408950805664 GB allocated
8.646484375 GB reserved
dict_keys(['index', 'mixture_magnitude', 'mixture_phase', 'source_phase', 'mix_magnitude', 'ideal_binary_mask', 'source_magnitudes'])
1.009408950805664 GB allocated
8.646484375 GB reserved
dict_keys(['index', 'mixture_magnitude', 'mixture_phase', 'source_phase', 'mix_magnitude', 'ideal_binary_mask', 'source_magnitudes'])
1.009408950805664 GB allocated
8.646484375 GB reserved
dict_keys(['index', 'mixture_magnitude', 'mixture_phase', 'source_phase', 'mix_magnitude', 'ideal_binary_mask', 'source_magnitudes'])
1.0085558891296387 GB allocated
8.646484375 GB reserved
dict_keys(['index', 'mixture_magnitude', 'mixture_phase', 'source_phase', 'mix_magnitude', 'ideal_binary_mask', 'source_magnitudes'])
1.009408950805664 GB allocated
8.646484375 GB reserved
dict_keys(['index', 'mixture_magnitude', 'mixture_phase', 'source_phase', 'mix_magnitude', 'ideal_binary_mask', 'source_magnitudes'])
1.009408950805664 GB allocated
8.646484375 GB reserved
dict_keys(['index', 'mixture_magnitude', 'mixture_phase', 'source_phase', 'mix_magnitude', 'ideal_binary_mask', 'source_magnitudes'])
1.009408950805664 GB allocated
8.646484375 GB reserved
dict_keys(['index', 'mixture_magnitude', 'mixture_phase', 'source_phase', 'mix_magnitude', 'ideal_binary_mask', 'source_magnitudes'])
1.0085558891296387 GB allocated
8.646484375 GB reserved
dict_keys(['index', 'mixture_magnitude', 'mixture_phase', 'source_phase', 'mix_magnitude', 'ideal_binary_mask', 'source_magnitudes'])
1.009408950805664 GB allocated
8.646484375 GB reserved
dict_keys(['index', 'mixture_magnitude', 'mixture_phase', 'source_phase', 'mix_magnitude', 'ideal_binary_mask', 'source_magnitudes'])
1.009408950805664 GB allocated
8.646484375 GB reserved
dict_keys(['index', 'mixture_magnitude', 'mixture_phase', 'source_phase', 'mix_magnitude', 'ideal_binary_mask', 'source_magnitudes'])
1.009408950805664 GB allocated
8.646484375 GB reserved
dict_keys(['index', 'mixture_magnitude', 'mixture_phase', 'source_phase', 'mix_magnitude', 'ideal_binary_mask', 'source_magnitudes'])
1.0085558891296387 GB allocated
8.646484375 GB reserved
dict_keys(['index', 'mixture_magnitude', 'mixture_phase', 'source_phase', 'mix_magnitude', 'ideal_binary_mask', 'source_magnitudes'])
1.009408950805664 GB allocated
8.646484375 GB reserved
dict_keys(['index', 'mixture_magnitude', 'mixture_phase', 'source_phase', 'mix_magnitude', 'ideal_binary_mask', 'source_magnitudes'])
1.009408950805664 GB allocated
8.646484375 GB reserved
dict_keys(['index', 'mixture_magnitude', 'mixture_phase', 'source_phase', 'mix_magnitude', 'ideal_binary_mask', 'source_magnitudes'])
1.009408950805664 GB allocated
8.646484375 GB reserved
dict_keys(['index', 'mixture_magnitude', 'mixture_phase', 'source_phase', 'mix_magnitude', 'ideal_binary_mask', 'source_magnitudes'])
1.0085558891296387 GB allocated
8.646484375 GB reserved
dict_keys(['index', 'mixture_magnitude', 'mixture_phase', 'source_phase', 'mix_magnitude', 'ideal_binary_mask', 'source_magnitudes'])
1.009408950805664 GB allocated
8.646484375 GB reserved
dict_keys(['index', 'mixture_magnitude', 'mixture_phase', 'source_phase', 'mix_magnitude', 'ideal_binary_mask', 'source_magnitudes'])
1.009408950805664 GB allocated
8.646484375 GB reserved
dict_keys(['index', 'mixture_magnitude', 'mixture_phase', 'source_phase', 'mix_magnitude', 'ideal_binary_mask', 'source_magnitudes'])
1.009408950805664 GB allocated
8.646484375 GB reserved
dict_keys(['index', 'mixture_magnitude', 'mixture_phase', 'source_phase', 'mix_magnitude', 'ideal_binary_mask', 'source_magnitudes'])
1.0085558891296387 GB allocated
8.646484375 GB reserved
dict_keys(['index', 'mixture_magnitude', 'mixture_phase', 'source_phase', 'mix_magnitude', 'ideal_binary_mask', 'source_magnitudes'])
1.009408950805664 GB allocated
8.646484375 GB reserved
dict_keys(['index', 'mixture_magnitude', 'mixture_phase', 'source_phase', 'mix_magnitude', 'ideal_binary_mask', 'source_magnitudes'])
1.009408950805664 GB allocated
8.646484375 GB reserved
dict_keys(['index', 'mixture_magnitude', 'mixture_phase', 'source_phase', 'mix_magnitude', 'ideal_binary_mask', 'source_magnitudes'])
1.009408950805664 GB allocated
8.646484375 GB reserved
dict_keys(['index', 'mixture_magnitude', 'mixture_phase', 'source_phase', 'mix_magnitude', 'ideal_binary_mask', 'source_magnitudes'])
1.0085558891296387 GB allocated
8.646484375 GB reserved
dict_keys(['index', 'mixture_magnitude', 'mixture_phase', 'source_phase', 'mix_magnitude', 'ideal_binary_mask', 'source_magnitudes'])
1.009408950805664 GB allocated
8.646484375 GB reserved
dict_keys(['index', 'mixture_magnitude', 'mixture_phase', 'source_phase', 'mix_magnitude', 'ideal_binary_mask', 'source_magnitudes'])
1.009408950805664 GB allocated
8.646484375 GB reserved
dict_keys(['index', 'mixture_magnitude', 'mixture_phase', 'source_phase', 'mix_magnitude', 'ideal_binary_mask', 'source_magnitudes'])
1.009408950805664 GB allocated
8.646484375 GB reserved
dict_keys(['index', 'mixture_magnitude', 'mixture_phase', 'source_phase', 'mix_magnitude', 'ideal_binary_mask', 'source_magnitudes'])
1.0085558891296387 GB allocated
8.646484375 GB reserved
dict_keys(['index', 'mixture_magnitude', 'mixture_phase', 'source_phase', 'mix_magnitude', 'ideal_binary_mask', 'source_magnitudes'])
1.009408950805664 GB allocated
8.646484375 GB reserved
dict_keys(['index', 'mixture_magnitude', 'mixture_phase', 'source_phase', 'mix_magnitude', 'ideal_binary_mask', 'source_magnitudes'])
1.009408950805664 GB allocated
8.646484375 GB reserved
dict_keys(['index', 'mixture_magnitude', 'mixture_phase', 'source_phase', 'mix_magnitude', 'ideal_binary_mask', 'source_magnitudes'])
1.009408950805664 GB allocated
8.646484375 GB reserved
dict_keys(['index', 'mixture_magnitude', 'mixture_phase', 'source_phase', 'mix_magnitude', 'ideal_binary_mask', 'source_magnitudes'])
[Validator] Epoch 2 - val_loss: 1.095900
[BEST CHECKPOINT] Guardado/actualizado en: checkpoints\Mis_modelos_v2\advanced\l_mrs checkpoints\4stems\best_checkpoint_2_val_loss=-1.0959.pt
06/10/2026 07:59:10 PM | engine.py:1037 Engine run finished. Time taken: 00:01:03.589
[Epoch 2] train_loss=1.196897 | val_loss=1.095900
06/10/2026 07:59:10 PM | engine.py:1010 Epoch[2] Complete. Time taken: 00:40:01.529
1.0085558891296387 GB allocated
8.646484375 GB reserved
dict_keys(['index', 'mixture_magnitude', 'mixture_phase', 'source_phase', 'mix_magnitude', 'ideal_binary_mask', 'source_magnitudes'])
1.009408950805664 GB allocated
8.646484375 GB reserved
dict_keys(['index', 'mixture_magnitude', 'mixture_phase', 'source_phase', 'mix_magnitude', 'ideal_binary_mask', 'source_magnitudes'])
1.009408950805664 GB allocated
8.646484375 GB reserved
dict_keys(['index', 'mixture_magnitude', 'mixture_phase', 'source_phase', 'mix_magnitude', 'ideal_binary_mask', 'source_magnitudes'])
1.009408950805664 GB allocated
8.646484375 GB reserved
dict_keys(['index', 'mixture_magnitude', 'mixture_phase', 'source_phase', 'mix_magnitude', 'ideal_binary_mask', 'source_magnitudes'])
1.0085558891296387 GB allocated
8.646484375 GB reserved
dict_keys(['index', 'mixture_magnitude', 'mixture_phase', 'source_phase', 'mix_magnitude', 'ideal_binary_mask', 'source_magnitudes'])
1.009408950805664 GB allocated
8.646484375 GB reserved
dict_keys(['index', 'mixture_magnitude', 'mixture_phase', 'source_phase', 'mix_magnitude', 'ideal_binary_mask', 'source_magnitudes'])
1.009408950805664 GB allocated
8.646484375 GB reserved
dict_keys(['index', 'mixture_magnitude', 'mixture_phase', 'source_phase', 'mix_magnitude', 'ideal_binary_mask', 'source_magnitudes'])
1.009408950805664 GB allocated
8.646484375 GB reserved
dict_keys(['index', 'mixture_magnitude', 'mixture_phase', 'source_phase', 'mix_magnitude', 'ideal_binary_mask', 'source_magnitudes'])
1.0085558891296387 GB allocated
8.646484375 GB reserved
dict_keys(['index', 'mixture_magnitude', 'mixture_phase', 'source_phase', 'mix_magnitude', 'ideal_binary_mask', 'source_magnitudes'])
1.009408950805664 GB allocated
8.646484375 GB reserved
dict_keys(['index', 'mixture_magnitude', 'mixture_phase', 'source_phase', 'mix_magnitude', 'ideal_binary_mask', 'source_magnitudes'])
1.009408950805664 GB allocated
8.646484375 GB reserved
dict_keys(['index', 'mixture_magnitude', 'mixture_phase', 'source_phase', 'mix_magnitude', 'ideal_binary_mask', 'source_magnitudes'])
1.009408950805664 GB allocated
8.646484375 GB reserved
dict_keys(['index', 'mixture_magnitude', 'mixture_phase', 'source_phase', 'mix_magnitude', 'ideal_binary_mask', 'source_magnitudes'])
1.0085558891296387 GB allocated
8.646484375 GB reserved
dict_keys(['index', 'mixture_magnitude', 'mixture_phase', 'source_phase', 'mix_magnitude', 'ideal_binary_mask', 'source_magnitudes'])
1.009408950805664 GB allocated
8.646484375 GB reserved
dict_keys(['index', 'mixture_magnitude', 'mixture_phase', 'source_phase', 'mix_magnitude', 'ideal_binary_mask', 'source_magnitudes'])
1.009408950805664 GB allocated
8.646484375 GB reserved
dict_keys(['index', 'mixture_magnitude', 'mixture_phase', 'source_phase', 'mix_magnitude', 'ideal_binary_mask', 'source_magnitudes'])
1.009408950805664 GB allocated
8.646484375 GB reserved
dict_keys(['index', 'mixture_magnitude', 'mixture_phase', 'source_phase', 'mix_magnitude', 'ideal_binary_mask', 'source_magnitudes'])
1.0085558891296387 GB allocated
8.646484375 GB reserved
dict_keys(['index', 'mixture_magnitude', 'mixture_phase', 'source_phase', 'mix_magnitude', 'ideal_binary_mask', 'source_magnitudes'])
1.009408950805664 GB allocated
8.646484375 GB reserved
dict_keys(['index', 'mixture_magnitude', 'mixture_phase', 'source_phase', 'mix_magnitude', 'ideal_binary_mask', 'source_magnitudes'])
1.009408950805664 GB allocated
8.646484375 GB reserved
dict_keys(['index', 'mixture_magnitude', 'mixture_phase', 'source_phase', 'mix_magnitude', 'ideal_binary_mask', 'source_magnitudes'])
1.009408950805664 GB allocated
8.646484375 GB reserved
dict_keys(['index', 'mixture_magnitude', 'mixture_phase', 'source_phase', 'mix_magnitude', 'ideal_binary_mask', 'source_magnitudes'])
1.0085558891296387 GB allocated
8.646484375 GB reserved
dict_keys(['index', 'mixture_magnitude', 'mixture_phase', 'source_phase', 'mix_magnitude', 'ideal_binary_mask', 'source_magnitudes'])
1.009408950805664 GB allocated
8.646484375 GB reserved
dict_keys(['index', 'mixture_magnitude', 'mixture_phase', 'source_phase', 'mix_magnitude', 'ideal_binary_mask', 'source_magnitudes'])
1.009408950805664 GB allocated
8.646484375 GB reserved
dict_keys(['index', 'mixture_magnitude', 'mixture_phase', 'source_phase', 'mix_magnitude', 'ideal_binary_mask', 'source_magnitudes'])
1.009408950805664 GB allocated
8.646484375 GB reserved
dict_keys(['index', 'mixture_magnitude', 'mixture_phase', 'source_phase', 'mix_magnitude', 'ideal_binary_mask', 'source_magnitudes'])
1.0085558891296387 GB allocated
8.646484375 GB reserved
dict_keys(['index', 'mixture_magnitude', 'mixture_phase', 'source_phase', 'mix_magnitude', 'ideal_binary_mask', 'source_magnitudes'])
1.009408950805664 GB allocated
8.646484375 GB reserved
dict_keys(['index', 'mixture_magnitude', 'mixture_phase', 'source_phase', 'mix_magnitude', 'ideal_binary_mask', 'source_magnitudes'])
1.009408950805664 GB allocated
8.646484375 GB reserved
dict_keys(['index', 'mixture_magnitude', 'mixture_phase', 'source_phase', 'mix_magnitude', 'ideal_binary_mask', 'source_magnitudes'])
1.009408950805664 GB allocated
8.646484375 GB reserved
dict_keys(['index', 'mixture_magnitude', 'mixture_phase', 'source_phase', 'mix_magnitude', 'ideal_binary_mask', 'source_magnitudes'])
1.0085558891296387 GB allocated
8.646484375 GB reserved
dict_keys(['index', 'mixture_magnitude', 'mixture_phase', 'source_phase', 'mix_magnitude', 'ideal_binary_mask', 'source_magnitudes'])
1.009408950805664 GB allocated
8.646484375 GB reserved
dict_keys(['index', 'mixture_magnitude', 'mixture_phase', 'source_phase', 'mix_magnitude', 'ideal_binary_mask', 'source_magnitudes'])
1.009408950805664 GB allocated
8.646484375 GB reserved
dict_keys(['index', 'mixture_magnitude', 'mixture_phase', 'source_phase', 'mix_magnitude', 'ideal_binary_mask', 'source_magnitudes'])
1.009408950805664 GB allocated
8.646484375 GB reserved
dict_keys(['index', 'mixture_magnitude', 'mixture_phase', 'source_phase', 'mix_magnitude', 'ideal_binary_mask', 'source_magnitudes'])
1.0085558891296387 GB allocated
8.646484375 GB reserved
dict_keys(['index', 'mixture_magnitude', 'mixture_phase', 'source_phase', 'mix_magnitude', 'ideal_binary_mask', 'source_magnitudes'])
1.009408950805664 GB allocated
8.646484375 GB reserved
dict_keys(['index', 'mixture_magnitude', 'mixture_phase', 'source_phase', 'mix_magnitude', 'ideal_binary_mask', 'source_magnitudes'])
1.009408950805664 GB allocated
8.646484375 GB reserved
dict_keys(['index', 'mixture_magnitude', 'mixture_phase', 'source_phase', 'mix_magnitude', 'ideal_binary_mask', 'source_magnitudes'])
1.009408950805664 GB allocated
8.646484375 GB reserved
dict_keys(['index', 'mixture_magnitude', 'mixture_phase', 'source_phase', 'mix_magnitude', 'ideal_binary_mask', 'source_magnitudes'])
1.0085558891296387 GB allocated
8.646484375 GB reserved
dict_keys(['index', 'mixture_magnitude', 'mixture_phase', 'source_phase', 'mix_magnitude', 'ideal_binary_mask', 'source_magnitudes'])
1.009408950805664 GB allocated
8.646484375 GB reserved
dict_keys(['index', 'mixture_magnitude', 'mixture_phase', 'source_phase', 'mix_magnitude', 'ideal_binary_mask', 'source_magnitudes'])
1.009408950805664 GB allocated
8.646484375 GB reserved
dict_keys(['index', 'mixture_magnitude', 'mixture_phase', 'source_phase', 'mix_magnitude', 'ideal_binary_mask', 'source_magnitudes'])
1.009408950805664 GB allocated
8.646484375 GB reserved
dict_keys(['index', 'mixture_magnitude', 'mixture_phase', 'source_phase', 'mix_magnitude', 'ideal_binary_mask', 'source_magnitudes'])
1.0085558891296387 GB allocated
8.646484375 GB reserved
dict_keys(['index', 'mixture_magnitude', 'mixture_phase', 'source_phase', 'mix_magnitude', 'ideal_binary_mask', 'source_magnitudes'])
1.009408950805664 GB allocated
8.646484375 GB reserved
dict_keys(['index', 'mixture_magnitude', 'mixture_phase', 'source_phase', 'mix_magnitude', 'ideal_binary_mask', 'source_magnitudes'])
1.009408950805664 GB allocated
8.646484375 GB reserved
06/10/2026 08:39:54 PM | engine.py:906 Engine run starting with max_epochs=1.
06/10/2026 08:41:02 PM | engine.py:1010 Epoch[1] Complete. Time taken: 00:01:08.142
dict_keys(['index', 'mixture_magnitude', 'mixture_phase', 'source_phase', 'mix_magnitude', 'ideal_binary_mask', 'source_magnitudes'])
1.009408950805664 GB allocated
8.646484375 GB reserved
dict_keys(['index', 'mixture_magnitude', 'mixture_phase', 'source_phase', 'mix_magnitude', 'ideal_binary_mask', 'source_magnitudes'])
1.0085558891296387 GB allocated
8.646484375 GB reserved
dict_keys(['index', 'mixture_magnitude', 'mixture_phase', 'source_phase', 'mix_magnitude', 'ideal_binary_mask', 'source_magnitudes'])
1.009408950805664 GB allocated
8.646484375 GB reserved
dict_keys(['index', 'mixture_magnitude', 'mixture_phase', 'source_phase', 'mix_magnitude', 'ideal_binary_mask', 'source_magnitudes'])
1.009408950805664 GB allocated
8.646484375 GB reserved
dict_keys(['index', 'mixture_magnitude', 'mixture_phase', 'source_phase', 'mix_magnitude', 'ideal_binary_mask', 'source_magnitudes'])
1.009408950805664 GB allocated
8.646484375 GB reserved
dict_keys(['index', 'mixture_magnitude', 'mixture_phase', 'source_phase', 'mix_magnitude', 'ideal_binary_mask', 'source_magnitudes'])
1.0085558891296387 GB allocated
8.646484375 GB reserved
dict_keys(['index', 'mixture_magnitude', 'mixture_phase', 'source_phase', 'mix_magnitude', 'ideal_binary_mask', 'source_magnitudes'])
1.009408950805664 GB allocated
8.646484375 GB reserved
dict_keys(['index', 'mixture_magnitude', 'mixture_phase', 'source_phase', 'mix_magnitude', 'ideal_binary_mask', 'source_magnitudes'])
1.009408950805664 GB allocated
8.646484375 GB reserved
dict_keys(['index', 'mixture_magnitude', 'mixture_phase', 'source_phase', 'mix_magnitude', 'ideal_binary_mask', 'source_magnitudes'])
1.009408950805664 GB allocated
8.646484375 GB reserved
dict_keys(['index', 'mixture_magnitude', 'mixture_phase', 'source_phase', 'mix_magnitude', 'ideal_binary_mask', 'source_magnitudes'])
1.0085558891296387 GB allocated
8.646484375 GB reserved
dict_keys(['index', 'mixture_magnitude', 'mixture_phase', 'source_phase', 'mix_magnitude', 'ideal_binary_mask', 'source_magnitudes'])
1.009408950805664 GB allocated
8.646484375 GB reserved
dict_keys(['index', 'mixture_magnitude', 'mixture_phase', 'source_phase', 'mix_magnitude', 'ideal_binary_mask', 'source_magnitudes'])
1.009408950805664 GB allocated
8.646484375 GB reserved
dict_keys(['index', 'mixture_magnitude', 'mixture_phase', 'source_phase', 'mix_magnitude', 'ideal_binary_mask', 'source_magnitudes'])
1.009408950805664 GB allocated
8.646484375 GB reserved
dict_keys(['index', 'mixture_magnitude', 'mixture_phase', 'source_phase', 'mix_magnitude', 'ideal_binary_mask', 'source_magnitudes'])
1.0085558891296387 GB allocated
8.646484375 GB reserved
dict_keys(['index', 'mixture_magnitude', 'mixture_phase', 'source_phase', 'mix_magnitude', 'ideal_binary_mask', 'source_magnitudes'])
1.009408950805664 GB allocated
8.646484375 GB reserved
dict_keys(['index', 'mixture_magnitude', 'mixture_phase', 'source_phase', 'mix_magnitude', 'ideal_binary_mask', 'source_magnitudes'])
1.009408950805664 GB allocated
8.646484375 GB reserved
dict_keys(['index', 'mixture_magnitude', 'mixture_phase', 'source_phase', 'mix_magnitude', 'ideal_binary_mask', 'source_magnitudes'])
1.009408950805664 GB allocated
8.646484375 GB reserved
dict_keys(['index', 'mixture_magnitude', 'mixture_phase', 'source_phase', 'mix_magnitude', 'ideal_binary_mask', 'source_magnitudes'])
1.0085558891296387 GB allocated
8.646484375 GB reserved
dict_keys(['index', 'mixture_magnitude', 'mixture_phase', 'source_phase', 'mix_magnitude', 'ideal_binary_mask', 'source_magnitudes'])
1.009408950805664 GB allocated
8.646484375 GB reserved
dict_keys(['index', 'mixture_magnitude', 'mixture_phase', 'source_phase', 'mix_magnitude', 'ideal_binary_mask', 'source_magnitudes'])
1.009408950805664 GB allocated
8.646484375 GB reserved
dict_keys(['index', 'mixture_magnitude', 'mixture_phase', 'source_phase', 'mix_magnitude', 'ideal_binary_mask', 'source_magnitudes'])
1.009408950805664 GB allocated
8.646484375 GB reserved
dict_keys(['index', 'mixture_magnitude', 'mixture_phase', 'source_phase', 'mix_magnitude', 'ideal_binary_mask', 'source_magnitudes'])
1.0085558891296387 GB allocated
8.646484375 GB reserved
dict_keys(['index', 'mixture_magnitude', 'mixture_phase', 'source_phase', 'mix_magnitude', 'ideal_binary_mask', 'source_magnitudes'])
1.009408950805664 GB allocated
8.646484375 GB reserved
dict_keys(['index', 'mixture_magnitude', 'mixture_phase', 'source_phase', 'mix_magnitude', 'ideal_binary_mask', 'source_magnitudes'])
1.009408950805664 GB allocated
8.646484375 GB reserved
dict_keys(['index', 'mixture_magnitude', 'mixture_phase', 'source_phase', 'mix_magnitude', 'ideal_binary_mask', 'source_magnitudes'])
1.009408950805664 GB allocated
8.646484375 GB reserved
dict_keys(['index', 'mixture_magnitude', 'mixture_phase', 'source_phase', 'mix_magnitude', 'ideal_binary_mask', 'source_magnitudes'])
1.0085558891296387 GB allocated
8.646484375 GB reserved
dict_keys(['index', 'mixture_magnitude', 'mixture_phase', 'source_phase', 'mix_magnitude', 'ideal_binary_mask', 'source_magnitudes'])
1.009408950805664 GB allocated
8.646484375 GB reserved
dict_keys(['index', 'mixture_magnitude', 'mixture_phase', 'source_phase', 'mix_magnitude', 'ideal_binary_mask', 'source_magnitudes'])
1.009408950805664 GB allocated
8.646484375 GB reserved
dict_keys(['index', 'mixture_magnitude', 'mixture_phase', 'source_phase', 'mix_magnitude', 'ideal_binary_mask', 'source_magnitudes'])
1.009408950805664 GB allocated
8.646484375 GB reserved
dict_keys(['index', 'mixture_magnitude', 'mixture_phase', 'source_phase', 'mix_magnitude', 'ideal_binary_mask', 'source_magnitudes'])
1.0085558891296387 GB allocated
8.646484375 GB reserved
dict_keys(['index', 'mixture_magnitude', 'mixture_phase', 'source_phase', 'mix_magnitude', 'ideal_binary_mask', 'source_magnitudes'])
1.009408950805664 GB allocated
8.646484375 GB reserved
dict_keys(['index', 'mixture_magnitude', 'mixture_phase', 'source_phase', 'mix_magnitude', 'ideal_binary_mask', 'source_magnitudes'])
1.009408950805664 GB allocated
8.646484375 GB reserved
dict_keys(['index', 'mixture_magnitude', 'mixture_phase', 'source_phase', 'mix_magnitude', 'ideal_binary_mask', 'source_magnitudes'])
1.009408950805664 GB allocated
8.646484375 GB reserved
dict_keys(['index', 'mixture_magnitude', 'mixture_phase', 'source_phase', 'mix_magnitude', 'ideal_binary_mask', 'source_magnitudes'])
1.0085558891296387 GB allocated
8.646484375 GB reserved
dict_keys(['index', 'mixture_magnitude', 'mixture_phase', 'source_phase', 'mix_magnitude', 'ideal_binary_mask', 'source_magnitudes'])
1.009408950805664 GB allocated
8.646484375 GB reserved
dict_keys(['index', 'mixture_magnitude', 'mixture_phase', 'source_phase', 'mix_magnitude', 'ideal_binary_mask', 'source_magnitudes'])
1.009408950805664 GB allocated
8.646484375 GB reserved
dict_keys(['index', 'mixture_magnitude', 'mixture_phase', 'source_phase', 'mix_magnitude', 'ideal_binary_mask', 'source_magnitudes'])
1.009408950805664 GB allocated
8.646484375 GB reserved
dict_keys(['index', 'mixture_magnitude', 'mixture_phase', 'source_phase', 'mix_magnitude', 'ideal_binary_mask', 'source_magnitudes'])
1.0085558891296387 GB allocated
8.646484375 GB reserved
dict_keys(['index', 'mixture_magnitude', 'mixture_phase', 'source_phase', 'mix_magnitude', 'ideal_binary_mask', 'source_magnitudes'])
1.009408950805664 GB allocated
8.646484375 GB reserved
dict_keys(['index', 'mixture_magnitude', 'mixture_phase', 'source_phase', 'mix_magnitude', 'ideal_binary_mask', 'source_magnitudes'])
1.009408950805664 GB allocated
8.646484375 GB reserved
dict_keys(['index', 'mixture_magnitude', 'mixture_phase', 'source_phase', 'mix_magnitude', 'ideal_binary_mask', 'source_magnitudes'])
1.009408950805664 GB allocated
8.646484375 GB reserved
dict_keys(['index', 'mixture_magnitude', 'mixture_phase', 'source_phase', 'mix_magnitude', 'ideal_binary_mask', 'source_magnitudes'])
1.0085558891296387 GB allocated
8.646484375 GB reserved
dict_keys(['index', 'mixture_magnitude', 'mixture_phase', 'source_phase', 'mix_magnitude', 'ideal_binary_mask', 'source_magnitudes'])
1.009408950805664 GB allocated
8.646484375 GB reserved
dict_keys(['index', 'mixture_magnitude', 'mixture_phase', 'source_phase', 'mix_magnitude', 'ideal_binary_mask', 'source_magnitudes'])
1.009408950805664 GB allocated
8.646484375 GB reserved
dict_keys(['index', 'mixture_magnitude', 'mixture_phase', 'source_phase', 'mix_magnitude', 'ideal_binary_mask', 'source_magnitudes'])
1.009408950805664 GB allocated
8.646484375 GB reserved
dict_keys(['index', 'mixture_magnitude', 'mixture_phase', 'source_phase', 'mix_magnitude', 'ideal_binary_mask', 'source_magnitudes'])
1.0085558891296387 GB allocated
8.646484375 GB reserved
dict_keys(['index', 'mixture_magnitude', 'mixture_phase', 'source_phase', 'mix_magnitude', 'ideal_binary_mask', 'source_magnitudes'])
1.009408950805664 GB allocated
8.646484375 GB reserved
dict_keys(['index', 'mixture_magnitude', 'mixture_phase', 'source_phase', 'mix_magnitude', 'ideal_binary_mask', 'source_magnitudes'])
1.009408950805664 GB allocated
8.646484375 GB reserved
dict_keys(['index', 'mixture_magnitude', 'mixture_phase', 'source_phase', 'mix_magnitude', 'ideal_binary_mask', 'source_magnitudes'])
1.009408950805664 GB allocated
8.646484375 GB reserved
dict_keys(['index', 'mixture_magnitude', 'mixture_phase', 'source_phase', 'mix_magnitude', 'ideal_binary_mask', 'source_magnitudes'])
1.0085558891296387 GB allocated
8.646484375 GB reserved
dict_keys(['index', 'mixture_magnitude', 'mixture_phase', 'source_phase', 'mix_magnitude', 'ideal_binary_mask', 'source_magnitudes'])
1.009408950805664 GB allocated
8.646484375 GB reserved
dict_keys(['index', 'mixture_magnitude', 'mixture_phase', 'source_phase', 'mix_magnitude', 'ideal_binary_mask', 'source_magnitudes'])
1.009408950805664 GB allocated
8.646484375 GB reserved
dict_keys(['index', 'mixture_magnitude', 'mixture_phase', 'source_phase', 'mix_magnitude', 'ideal_binary_mask', 'source_magnitudes'])
1.009408950805664 GB allocated
8.646484375 GB reserved
dict_keys(['index', 'mixture_magnitude', 'mixture_phase', 'source_phase', 'mix_magnitude', 'ideal_binary_mask', 'source_magnitudes'])
1.0085558891296387 GB allocated
8.646484375 GB reserved
dict_keys(['index', 'mixture_magnitude', 'mixture_phase', 'source_phase', 'mix_magnitude', 'ideal_binary_mask', 'source_magnitudes'])
1.009408950805664 GB allocated
8.646484375 GB reserved
dict_keys(['index', 'mixture_magnitude', 'mixture_phase', 'source_phase', 'mix_magnitude', 'ideal_binary_mask', 'source_magnitudes'])
1.009408950805664 GB allocated
8.646484375 GB reserved
dict_keys(['index', 'mixture_magnitude', 'mixture_phase', 'source_phase', 'mix_magnitude', 'ideal_binary_mask', 'source_magnitudes'])
1.009408950805664 GB allocated
8.646484375 GB reserved
dict_keys(['index', 'mixture_magnitude', 'mixture_phase', 'source_phase', 'mix_magnitude', 'ideal_binary_mask', 'source_magnitudes'])
[Validator] Epoch 3 - val_loss: 1.033376
[BEST CHECKPOINT] Guardado/actualizado en: checkpoints\Mis_modelos_v2\advanced\l_mrs checkpoints\4stems\best_checkpoint_3_val_loss=-1.0334.pt
06/10/2026 08:41:02 PM | engine.py:1037 Engine run finished. Time taken: 00:01:08.153
[Epoch 3] train_loss=1.081324 | val_loss=1.033376
06/10/2026 08:41:02 PM | engine.py:1010 Epoch[3] Complete. Time taken: 00:41:51.733
1.0085558891296387 GB allocated
8.646484375 GB reserved
dict_keys(['index', 'mixture_magnitude', 'mixture_phase', 'source_phase', 'mix_magnitude', 'ideal_binary_mask', 'source_magnitudes'])
1.009408950805664 GB allocated
8.646484375 GB reserved
dict_keys(['index', 'mixture_magnitude', 'mixture_phase', 'source_phase', 'mix_magnitude', 'ideal_binary_mask', 'source_magnitudes'])
1.009408950805664 GB allocated
8.646484375 GB reserved
dict_keys(['index', 'mixture_magnitude', 'mixture_phase', 'source_phase', 'mix_magnitude', 'ideal_binary_mask', 'source_magnitudes'])
1.009408950805664 GB allocated
8.646484375 GB reserved
dict_keys(['index', 'mixture_magnitude', 'mixture_phase', 'source_phase', 'mix_magnitude', 'ideal_binary_mask', 'source_magnitudes'])
1.0085558891296387 GB allocated
8.646484375 GB reserved
dict_keys(['index', 'mixture_magnitude', 'mixture_phase', 'source_phase', 'mix_magnitude', 'ideal_binary_mask', 'source_magnitudes'])
1.009408950805664 GB allocated
8.646484375 GB reserved
dict_keys(['index', 'mixture_magnitude', 'mixture_phase', 'source_phase', 'mix_magnitude', 'ideal_binary_mask', 'source_magnitudes'])
1.009408950805664 GB allocated
8.646484375 GB reserved
dict_keys(['index', 'mixture_magnitude', 'mixture_phase', 'source_phase', 'mix_magnitude', 'ideal_binary_mask', 'source_magnitudes'])
1.009408950805664 GB allocated
8.646484375 GB reserved
dict_keys(['index', 'mixture_magnitude', 'mixture_phase', 'source_phase', 'mix_magnitude', 'ideal_binary_mask', 'source_magnitudes'])
1.0085558891296387 GB allocated
8.646484375 GB reserved
dict_keys(['index', 'mixture_magnitude', 'mixture_phase', 'source_phase', 'mix_magnitude', 'ideal_binary_mask', 'source_magnitudes'])
1.009408950805664 GB allocated
8.646484375 GB reserved
dict_keys(['index', 'mixture_magnitude', 'mixture_phase', 'source_phase', 'mix_magnitude', 'ideal_binary_mask', 'source_magnitudes'])
1.009408950805664 GB allocated
8.646484375 GB reserved
dict_keys(['index', 'mixture_magnitude', 'mixture_phase', 'source_phase', 'mix_magnitude', 'ideal_binary_mask', 'source_magnitudes'])
1.009408950805664 GB allocated
8.646484375 GB reserved
dict_keys(['index', 'mixture_magnitude', 'mixture_phase', 'source_phase', 'mix_magnitude', 'ideal_binary_mask', 'source_magnitudes'])
1.0085558891296387 GB allocated
8.646484375 GB reserved
dict_keys(['index', 'mixture_magnitude', 'mixture_phase', 'source_phase', 'mix_magnitude', 'ideal_binary_mask', 'source_magnitudes'])
1.009408950805664 GB allocated
8.646484375 GB reserved
dict_keys(['index', 'mixture_magnitude', 'mixture_phase', 'source_phase', 'mix_magnitude', 'ideal_binary_mask', 'source_magnitudes'])
1.009408950805664 GB allocated
8.646484375 GB reserved
dict_keys(['index', 'mixture_magnitude', 'mixture_phase', 'source_phase', 'mix_magnitude', 'ideal_binary_mask', 'source_magnitudes'])
1.009408950805664 GB allocated
8.646484375 GB reserved
dict_keys(['index', 'mixture_magnitude', 'mixture_phase', 'source_phase', 'mix_magnitude', 'ideal_binary_mask', 'source_magnitudes'])
1.0085558891296387 GB allocated
8.646484375 GB reserved
dict_keys(['index', 'mixture_magnitude', 'mixture_phase', 'source_phase', 'mix_magnitude', 'ideal_binary_mask', 'source_magnitudes'])
1.009408950805664 GB allocated
8.646484375 GB reserved
dict_keys(['index', 'mixture_magnitude', 'mixture_phase', 'source_phase', 'mix_magnitude', 'ideal_binary_mask', 'source_magnitudes'])
1.009408950805664 GB allocated
8.646484375 GB reserved
dict_keys(['index', 'mixture_magnitude', 'mixture_phase', 'source_phase', 'mix_magnitude', 'ideal_binary_mask', 'source_magnitudes'])
1.009408950805664 GB allocated
8.646484375 GB reserved
dict_keys(['index', 'mixture_magnitude', 'mixture_phase', 'source_phase', 'mix_magnitude', 'ideal_binary_mask', 'source_magnitudes'])
1.0085558891296387 GB allocated
8.646484375 GB reserved
dict_keys(['index', 'mixture_magnitude', 'mixture_phase', 'source_phase', 'mix_magnitude', 'ideal_binary_mask', 'source_magnitudes'])
1.009408950805664 GB allocated
8.646484375 GB reserved
dict_keys(['index', 'mixture_magnitude', 'mixture_phase', 'source_phase', 'mix_magnitude', 'ideal_binary_mask', 'source_magnitudes'])
1.009408950805664 GB allocated
8.646484375 GB reserved
dict_keys(['index', 'mixture_magnitude', 'mixture_phase', 'source_phase', 'mix_magnitude', 'ideal_binary_mask', 'source_magnitudes'])
1.009408950805664 GB allocated
8.646484375 GB reserved
dict_keys(['index', 'mixture_magnitude', 'mixture_phase', 'source_phase', 'mix_magnitude', 'ideal_binary_mask', 'source_magnitudes'])
1.0085558891296387 GB allocated
8.646484375 GB reserved
dict_keys(['index', 'mixture_magnitude', 'mixture_phase', 'source_phase', 'mix_magnitude', 'ideal_binary_mask', 'source_magnitudes'])
1.009408950805664 GB allocated
8.646484375 GB reserved
dict_keys(['index', 'mixture_magnitude', 'mixture_phase', 'source_phase', 'mix_magnitude', 'ideal_binary_mask', 'source_magnitudes'])
1.009408950805664 GB allocated
8.646484375 GB reserved
dict_keys(['index', 'mixture_magnitude', 'mixture_phase', 'source_phase', 'mix_magnitude', 'ideal_binary_mask', 'source_magnitudes'])
1.009408950805664 GB allocated
8.646484375 GB reserved
dict_keys(['index', 'mixture_magnitude', 'mixture_phase', 'source_phase', 'mix_magnitude', 'ideal_binary_mask', 'source_magnitudes'])
1.0085558891296387 GB allocated
8.646484375 GB reserved
dict_keys(['index', 'mixture_magnitude', 'mixture_phase', 'source_phase', 'mix_magnitude', 'ideal_binary_mask', 'source_magnitudes'])
1.009408950805664 GB allocated
8.646484375 GB reserved
dict_keys(['index', 'mixture_magnitude', 'mixture_phase', 'source_phase', 'mix_magnitude', 'ideal_binary_mask', 'source_magnitudes'])
1.009408950805664 GB allocated
8.646484375 GB reserved
dict_keys(['index', 'mixture_magnitude', 'mixture_phase', 'source_phase', 'mix_magnitude', 'ideal_binary_mask', 'source_magnitudes'])
1.009408950805664 GB allocated
8.646484375 GB reserved
dict_keys(['index', 'mixture_magnitude', 'mixture_phase', 'source_phase', 'mix_magnitude', 'ideal_binary_mask', 'source_magnitudes'])
1.0085558891296387 GB allocated
8.646484375 GB reserved
dict_keys(['index', 'mixture_magnitude', 'mixture_phase', 'source_phase', 'mix_magnitude', 'ideal_binary_mask', 'source_magnitudes'])
1.009408950805664 GB allocated
8.646484375 GB reserved
dict_keys(['index', 'mixture_magnitude', 'mixture_phase', 'source_phase', 'mix_magnitude', 'ideal_binary_mask', 'source_magnitudes'])
1.009408950805664 GB allocated
8.646484375 GB reserved
dict_keys(['index', 'mixture_magnitude', 'mixture_phase', 'source_phase', 'mix_magnitude', 'ideal_binary_mask', 'source_magnitudes'])
1.009408950805664 GB allocated
8.646484375 GB reserved
dict_keys(['index', 'mixture_magnitude', 'mixture_phase', 'source_phase', 'mix_magnitude', 'ideal_binary_mask', 'source_magnitudes'])
1.0085558891296387 GB allocated
8.646484375 GB reserved
dict_keys(['index', 'mixture_magnitude', 'mixture_phase', 'source_phase', 'mix_magnitude', 'ideal_binary_mask', 'source_magnitudes'])
1.009408950805664 GB allocated
8.646484375 GB reserved
dict_keys(['index', 'mixture_magnitude', 'mixture_phase', 'source_phase', 'mix_magnitude', 'ideal_binary_mask', 'source_magnitudes'])
1.009408950805664 GB allocated
8.646484375 GB reserved
dict_keys(['index', 'mixture_magnitude', 'mixture_phase', 'source_phase', 'mix_magnitude', 'ideal_binary_mask', 'source_magnitudes'])
1.009408950805664 GB allocated
8.646484375 GB reserved
dict_keys(['index', 'mixture_magnitude', 'mixture_phase', 'source_phase', 'mix_magnitude', 'ideal_binary_mask', 'source_magnitudes'])
1.0085558891296387 GB allocated
8.646484375 GB reserved
dict_keys(['index', 'mixture_magnitude', 'mixture_phase', 'source_phase', 'mix_magnitude', 'ideal_binary_mask', 'source_magnitudes'])
1.009408950805664 GB allocated
8.646484375 GB reserved
dict_keys(['index', 'mixture_magnitude', 'mixture_phase', 'source_phase', 'mix_magnitude', 'ideal_binary_mask', 'source_magnitudes'])
1.009408950805664 GB allocated
8.646484375 GB reserved
06/10/2026 09:21:38 PM | engine.py:906 Engine run starting with max_epochs=1.
06/10/2026 09:22:43 PM | engine.py:1010 Epoch[1] Complete. Time taken: 00:01:04.837
dict_keys(['index', 'mixture_magnitude', 'mixture_phase', 'source_phase', 'mix_magnitude', 'ideal_binary_mask', 'source_magnitudes'])
1.009408950805664 GB allocated
8.646484375 GB reserved
dict_keys(['index', 'mixture_magnitude', 'mixture_phase', 'source_phase', 'mix_magnitude', 'ideal_binary_mask', 'source_magnitudes'])
1.0085558891296387 GB allocated
8.646484375 GB reserved
dict_keys(['index', 'mixture_magnitude', 'mixture_phase', 'source_phase', 'mix_magnitude', 'ideal_binary_mask', 'source_magnitudes'])
1.009408950805664 GB allocated
8.646484375 GB reserved
dict_keys(['index', 'mixture_magnitude', 'mixture_phase', 'source_phase', 'mix_magnitude', 'ideal_binary_mask', 'source_magnitudes'])
1.009408950805664 GB allocated
8.646484375 GB reserved
dict_keys(['index', 'mixture_magnitude', 'mixture_phase', 'source_phase', 'mix_magnitude', 'ideal_binary_mask', 'source_magnitudes'])
1.009408950805664 GB allocated
8.646484375 GB reserved
dict_keys(['index', 'mixture_magnitude', 'mixture_phase', 'source_phase', 'mix_magnitude', 'ideal_binary_mask', 'source_magnitudes'])
1.0085558891296387 GB allocated
8.646484375 GB reserved
dict_keys(['index', 'mixture_magnitude', 'mixture_phase', 'source_phase', 'mix_magnitude', 'ideal_binary_mask', 'source_magnitudes'])
1.009408950805664 GB allocated
8.646484375 GB reserved
dict_keys(['index', 'mixture_magnitude', 'mixture_phase', 'source_phase', 'mix_magnitude', 'ideal_binary_mask', 'source_magnitudes'])
1.009408950805664 GB allocated
8.646484375 GB reserved
dict_keys(['index', 'mixture_magnitude', 'mixture_phase', 'source_phase', 'mix_magnitude', 'ideal_binary_mask', 'source_magnitudes'])
1.009408950805664 GB allocated
8.646484375 GB reserved
dict_keys(['index', 'mixture_magnitude', 'mixture_phase', 'source_phase', 'mix_magnitude', 'ideal_binary_mask', 'source_magnitudes'])
1.0085558891296387 GB allocated
8.646484375 GB reserved
dict_keys(['index', 'mixture_magnitude', 'mixture_phase', 'source_phase', 'mix_magnitude', 'ideal_binary_mask', 'source_magnitudes'])
1.009408950805664 GB allocated
8.646484375 GB reserved
dict_keys(['index', 'mixture_magnitude', 'mixture_phase', 'source_phase', 'mix_magnitude', 'ideal_binary_mask', 'source_magnitudes'])
1.009408950805664 GB allocated
8.646484375 GB reserved
dict_keys(['index', 'mixture_magnitude', 'mixture_phase', 'source_phase', 'mix_magnitude', 'ideal_binary_mask', 'source_magnitudes'])
1.009408950805664 GB allocated
8.646484375 GB reserved
dict_keys(['index', 'mixture_magnitude', 'mixture_phase', 'source_phase', 'mix_magnitude', 'ideal_binary_mask', 'source_magnitudes'])
1.0085558891296387 GB allocated
8.646484375 GB reserved
dict_keys(['index', 'mixture_magnitude', 'mixture_phase', 'source_phase', 'mix_magnitude', 'ideal_binary_mask', 'source_magnitudes'])
1.009408950805664 GB allocated
8.646484375 GB reserved
dict_keys(['index', 'mixture_magnitude', 'mixture_phase', 'source_phase', 'mix_magnitude', 'ideal_binary_mask', 'source_magnitudes'])
1.009408950805664 GB allocated
8.646484375 GB reserved
dict_keys(['index', 'mixture_magnitude', 'mixture_phase', 'source_phase', 'mix_magnitude', 'ideal_binary_mask', 'source_magnitudes'])
1.009408950805664 GB allocated
8.646484375 GB reserved
dict_keys(['index', 'mixture_magnitude', 'mixture_phase', 'source_phase', 'mix_magnitude', 'ideal_binary_mask', 'source_magnitudes'])
1.0085558891296387 GB allocated
8.646484375 GB reserved
dict_keys(['index', 'mixture_magnitude', 'mixture_phase', 'source_phase', 'mix_magnitude', 'ideal_binary_mask', 'source_magnitudes'])
1.009408950805664 GB allocated
8.646484375 GB reserved
dict_keys(['index', 'mixture_magnitude', 'mixture_phase', 'source_phase', 'mix_magnitude', 'ideal_binary_mask', 'source_magnitudes'])
1.009408950805664 GB allocated
8.646484375 GB reserved
dict_keys(['index', 'mixture_magnitude', 'mixture_phase', 'source_phase', 'mix_magnitude', 'ideal_binary_mask', 'source_magnitudes'])
1.009408950805664 GB allocated
8.646484375 GB reserved
dict_keys(['index', 'mixture_magnitude', 'mixture_phase', 'source_phase', 'mix_magnitude', 'ideal_binary_mask', 'source_magnitudes'])
1.0085558891296387 GB allocated
8.646484375 GB reserved
dict_keys(['index', 'mixture_magnitude', 'mixture_phase', 'source_phase', 'mix_magnitude', 'ideal_binary_mask', 'source_magnitudes'])
1.009408950805664 GB allocated
8.646484375 GB reserved
dict_keys(['index', 'mixture_magnitude', 'mixture_phase', 'source_phase', 'mix_magnitude', 'ideal_binary_mask', 'source_magnitudes'])
1.009408950805664 GB allocated
8.646484375 GB reserved
dict_keys(['index', 'mixture_magnitude', 'mixture_phase', 'source_phase', 'mix_magnitude', 'ideal_binary_mask', 'source_magnitudes'])
1.009408950805664 GB allocated
8.646484375 GB reserved
dict_keys(['index', 'mixture_magnitude', 'mixture_phase', 'source_phase', 'mix_magnitude', 'ideal_binary_mask', 'source_magnitudes'])
1.0085558891296387 GB allocated
8.646484375 GB reserved
dict_keys(['index', 'mixture_magnitude', 'mixture_phase', 'source_phase', 'mix_magnitude', 'ideal_binary_mask', 'source_magnitudes'])
1.009408950805664 GB allocated
8.646484375 GB reserved
dict_keys(['index', 'mixture_magnitude', 'mixture_phase', 'source_phase', 'mix_magnitude', 'ideal_binary_mask', 'source_magnitudes'])
1.009408950805664 GB allocated
8.646484375 GB reserved
dict_keys(['index', 'mixture_magnitude', 'mixture_phase', 'source_phase', 'mix_magnitude', 'ideal_binary_mask', 'source_magnitudes'])
1.009408950805664 GB allocated
8.646484375 GB reserved
dict_keys(['index', 'mixture_magnitude', 'mixture_phase', 'source_phase', 'mix_magnitude', 'ideal_binary_mask', 'source_magnitudes'])
1.0085558891296387 GB allocated
8.646484375 GB reserved
dict_keys(['index', 'mixture_magnitude', 'mixture_phase', 'source_phase', 'mix_magnitude', 'ideal_binary_mask', 'source_magnitudes'])
1.009408950805664 GB allocated
8.646484375 GB reserved
dict_keys(['index', 'mixture_magnitude', 'mixture_phase', 'source_phase', 'mix_magnitude', 'ideal_binary_mask', 'source_magnitudes'])
1.009408950805664 GB allocated
8.646484375 GB reserved
dict_keys(['index', 'mixture_magnitude', 'mixture_phase', 'source_phase', 'mix_magnitude', 'ideal_binary_mask', 'source_magnitudes'])
1.009408950805664 GB allocated
8.646484375 GB reserved
dict_keys(['index', 'mixture_magnitude', 'mixture_phase', 'source_phase', 'mix_magnitude', 'ideal_binary_mask', 'source_magnitudes'])
1.0085558891296387 GB allocated
8.646484375 GB reserved
dict_keys(['index', 'mixture_magnitude', 'mixture_phase', 'source_phase', 'mix_magnitude', 'ideal_binary_mask', 'source_magnitudes'])
1.009408950805664 GB allocated
8.646484375 GB reserved
dict_keys(['index', 'mixture_magnitude', 'mixture_phase', 'source_phase', 'mix_magnitude', 'ideal_binary_mask', 'source_magnitudes'])
1.009408950805664 GB allocated
8.646484375 GB reserved
dict_keys(['index', 'mixture_magnitude', 'mixture_phase', 'source_phase', 'mix_magnitude', 'ideal_binary_mask', 'source_magnitudes'])
1.009408950805664 GB allocated
8.646484375 GB reserved
dict_keys(['index', 'mixture_magnitude', 'mixture_phase', 'source_phase', 'mix_magnitude', 'ideal_binary_mask', 'source_magnitudes'])
1.0085558891296387 GB allocated
8.646484375 GB reserved
dict_keys(['index', 'mixture_magnitude', 'mixture_phase', 'source_phase', 'mix_magnitude', 'ideal_binary_mask', 'source_magnitudes'])
1.009408950805664 GB allocated
8.646484375 GB reserved
dict_keys(['index', 'mixture_magnitude', 'mixture_phase', 'source_phase', 'mix_magnitude', 'ideal_binary_mask', 'source_magnitudes'])
1.009408950805664 GB allocated
8.646484375 GB reserved
dict_keys(['index', 'mixture_magnitude', 'mixture_phase', 'source_phase', 'mix_magnitude', 'ideal_binary_mask', 'source_magnitudes'])
1.009408950805664 GB allocated
8.646484375 GB reserved
dict_keys(['index', 'mixture_magnitude', 'mixture_phase', 'source_phase', 'mix_magnitude', 'ideal_binary_mask', 'source_magnitudes'])
1.0085558891296387 GB allocated
8.646484375 GB reserved
dict_keys(['index', 'mixture_magnitude', 'mixture_phase', 'source_phase', 'mix_magnitude', 'ideal_binary_mask', 'source_magnitudes'])
1.009408950805664 GB allocated
8.646484375 GB reserved
dict_keys(['index', 'mixture_magnitude', 'mixture_phase', 'source_phase', 'mix_magnitude', 'ideal_binary_mask', 'source_magnitudes'])
1.009408950805664 GB allocated
8.646484375 GB reserved
dict_keys(['index', 'mixture_magnitude', 'mixture_phase', 'source_phase', 'mix_magnitude', 'ideal_binary_mask', 'source_magnitudes'])
1.009408950805664 GB allocated
8.646484375 GB reserved
dict_keys(['index', 'mixture_magnitude', 'mixture_phase', 'source_phase', 'mix_magnitude', 'ideal_binary_mask', 'source_magnitudes'])
1.0085558891296387 GB allocated
8.646484375 GB reserved
dict_keys(['index', 'mixture_magnitude', 'mixture_phase', 'source_phase', 'mix_magnitude', 'ideal_binary_mask', 'source_magnitudes'])
1.009408950805664 GB allocated
8.646484375 GB reserved
dict_keys(['index', 'mixture_magnitude', 'mixture_phase', 'source_phase', 'mix_magnitude', 'ideal_binary_mask', 'source_magnitudes'])
1.009408950805664 GB allocated
8.646484375 GB reserved
dict_keys(['index', 'mixture_magnitude', 'mixture_phase', 'source_phase', 'mix_magnitude', 'ideal_binary_mask', 'source_magnitudes'])
1.009408950805664 GB allocated
8.646484375 GB reserved
dict_keys(['index', 'mixture_magnitude', 'mixture_phase', 'source_phase', 'mix_magnitude', 'ideal_binary_mask', 'source_magnitudes'])
1.0085558891296387 GB allocated
8.646484375 GB reserved
dict_keys(['index', 'mixture_magnitude', 'mixture_phase', 'source_phase', 'mix_magnitude', 'ideal_binary_mask', 'source_magnitudes'])
1.009408950805664 GB allocated
8.646484375 GB reserved
dict_keys(['index', 'mixture_magnitude', 'mixture_phase', 'source_phase', 'mix_magnitude', 'ideal_binary_mask', 'source_magnitudes'])
1.009408950805664 GB allocated
8.646484375 GB reserved
dict_keys(['index', 'mixture_magnitude', 'mixture_phase', 'source_phase', 'mix_magnitude', 'ideal_binary_mask', 'source_magnitudes'])
1.009408950805664 GB allocated
8.646484375 GB reserved
dict_keys(['index', 'mixture_magnitude', 'mixture_phase', 'source_phase', 'mix_magnitude', 'ideal_binary_mask', 'source_magnitudes'])
1.0085558891296387 GB allocated
8.646484375 GB reserved
dict_keys(['index', 'mixture_magnitude', 'mixture_phase', 'source_phase', 'mix_magnitude', 'ideal_binary_mask', 'source_magnitudes'])
1.009408950805664 GB allocated
8.646484375 GB reserved
dict_keys(['index', 'mixture_magnitude', 'mixture_phase', 'source_phase', 'mix_magnitude', 'ideal_binary_mask', 'source_magnitudes'])
1.009408950805664 GB allocated
8.646484375 GB reserved
dict_keys(['index', 'mixture_magnitude', 'mixture_phase', 'source_phase', 'mix_magnitude', 'ideal_binary_mask', 'source_magnitudes'])
1.009408950805664 GB allocated
8.646484375 GB reserved
dict_keys(['index', 'mixture_magnitude', 'mixture_phase', 'source_phase', 'mix_magnitude', 'ideal_binary_mask', 'source_magnitudes'])
[Validator] Epoch 4 - val_loss: 1.018836
[BEST CHECKPOINT] Guardado/actualizado en: checkpoints\Mis_modelos_v2\advanced\l_mrs checkpoints\4stems\best_checkpoint_4_val_loss=-1.0188.pt
06/10/2026 09:22:43 PM | engine.py:1037 Engine run finished. Time taken: 00:01:04.847
[Epoch 4] train_loss=1.048582 | val_loss=1.018836
06/10/2026 09:22:43 PM | engine.py:1010 Epoch[4] Complete. Time taken: 00:41:41.280
1.0085558891296387 GB allocated
8.646484375 GB reserved
dict_keys(['index', 'mixture_magnitude', 'mixture_phase', 'source_phase', 'mix_magnitude', 'ideal_binary_mask', 'source_magnitudes'])
1.009408950805664 GB allocated
8.646484375 GB reserved
dict_keys(['index', 'mixture_magnitude', 'mixture_phase', 'source_phase', 'mix_magnitude', 'ideal_binary_mask', 'source_magnitudes'])
1.009408950805664 GB allocated
8.646484375 GB reserved
dict_keys(['index', 'mixture_magnitude', 'mixture_phase', 'source_phase', 'mix_magnitude', 'ideal_binary_mask', 'source_magnitudes'])
1.009408950805664 GB allocated
8.646484375 GB reserved
dict_keys(['index', 'mixture_magnitude', 'mixture_phase', 'source_phase', 'mix_magnitude', 'ideal_binary_mask', 'source_magnitudes'])
1.0085558891296387 GB allocated
8.646484375 GB reserved
dict_keys(['index', 'mixture_magnitude', 'mixture_phase', 'source_phase', 'mix_magnitude', 'ideal_binary_mask', 'source_magnitudes'])
1.009408950805664 GB allocated
8.646484375 GB reserved
dict_keys(['index', 'mixture_magnitude', 'mixture_phase', 'source_phase', 'mix_magnitude', 'ideal_binary_mask', 'source_magnitudes'])
1.009408950805664 GB allocated
8.646484375 GB reserved
dict_keys(['index', 'mixture_magnitude', 'mixture_phase', 'source_phase', 'mix_magnitude', 'ideal_binary_mask', 'source_magnitudes'])
1.009408950805664 GB allocated
8.646484375 GB reserved
dict_keys(['index', 'mixture_magnitude', 'mixture_phase', 'source_phase', 'mix_magnitude', 'ideal_binary_mask', 'source_magnitudes'])
1.0085558891296387 GB allocated
8.646484375 GB reserved
dict_keys(['index', 'mixture_magnitude', 'mixture_phase', 'source_phase', 'mix_magnitude', 'ideal_binary_mask', 'source_magnitudes'])
1.009408950805664 GB allocated
8.646484375 GB reserved
dict_keys(['index', 'mixture_magnitude', 'mixture_phase', 'source_phase', 'mix_magnitude', 'ideal_binary_mask', 'source_magnitudes'])
1.009408950805664 GB allocated
8.646484375 GB reserved
dict_keys(['index', 'mixture_magnitude', 'mixture_phase', 'source_phase', 'mix_magnitude', 'ideal_binary_mask', 'source_magnitudes'])
1.009408950805664 GB allocated
8.646484375 GB reserved
dict_keys(['index', 'mixture_magnitude', 'mixture_phase', 'source_phase', 'mix_magnitude', 'ideal_binary_mask', 'source_magnitudes'])
1.0085558891296387 GB allocated
8.646484375 GB reserved
dict_keys(['index', 'mixture_magnitude', 'mixture_phase', 'source_phase', 'mix_magnitude', 'ideal_binary_mask', 'source_magnitudes'])
1.009408950805664 GB allocated
8.646484375 GB reserved
dict_keys(['index', 'mixture_magnitude', 'mixture_phase', 'source_phase', 'mix_magnitude', 'ideal_binary_mask', 'source_magnitudes'])
1.009408950805664 GB allocated
8.646484375 GB reserved
dict_keys(['index', 'mixture_magnitude', 'mixture_phase', 'source_phase', 'mix_magnitude', 'ideal_binary_mask', 'source_magnitudes'])
1.009408950805664 GB allocated
8.646484375 GB reserved
dict_keys(['index', 'mixture_magnitude', 'mixture_phase', 'source_phase', 'mix_magnitude', 'ideal_binary_mask', 'source_magnitudes'])
1.0085558891296387 GB allocated
8.646484375 GB reserved
dict_keys(['index', 'mixture_magnitude', 'mixture_phase', 'source_phase', 'mix_magnitude', 'ideal_binary_mask', 'source_magnitudes'])
1.009408950805664 GB allocated
8.646484375 GB reserved
dict_keys(['index', 'mixture_magnitude', 'mixture_phase', 'source_phase', 'mix_magnitude', 'ideal_binary_mask', 'source_magnitudes'])
1.009408950805664 GB allocated
8.646484375 GB reserved
dict_keys(['index', 'mixture_magnitude', 'mixture_phase', 'source_phase', 'mix_magnitude', 'ideal_binary_mask', 'source_magnitudes'])
1.009408950805664 GB allocated
8.646484375 GB reserved
dict_keys(['index', 'mixture_magnitude', 'mixture_phase', 'source_phase', 'mix_magnitude', 'ideal_binary_mask', 'source_magnitudes'])
1.0085558891296387 GB allocated
8.646484375 GB reserved
dict_keys(['index', 'mixture_magnitude', 'mixture_phase', 'source_phase', 'mix_magnitude', 'ideal_binary_mask', 'source_magnitudes'])
1.009408950805664 GB allocated
8.646484375 GB reserved
dict_keys(['index', 'mixture_magnitude', 'mixture_phase', 'source_phase', 'mix_magnitude', 'ideal_binary_mask', 'source_magnitudes'])
1.009408950805664 GB allocated
8.646484375 GB reserved
dict_keys(['index', 'mixture_magnitude', 'mixture_phase', 'source_phase', 'mix_magnitude', 'ideal_binary_mask', 'source_magnitudes'])
1.009408950805664 GB allocated
8.646484375 GB reserved
dict_keys(['index', 'mixture_magnitude', 'mixture_phase', 'source_phase', 'mix_magnitude', 'ideal_binary_mask', 'source_magnitudes'])
1.0085558891296387 GB allocated
8.646484375 GB reserved
dict_keys(['index', 'mixture_magnitude', 'mixture_phase', 'source_phase', 'mix_magnitude', 'ideal_binary_mask', 'source_magnitudes'])
1.009408950805664 GB allocated
8.646484375 GB reserved
dict_keys(['index', 'mixture_magnitude', 'mixture_phase', 'source_phase', 'mix_magnitude', 'ideal_binary_mask', 'source_magnitudes'])
1.009408950805664 GB allocated
8.646484375 GB reserved
dict_keys(['index', 'mixture_magnitude', 'mixture_phase', 'source_phase', 'mix_magnitude', 'ideal_binary_mask', 'source_magnitudes'])
1.009408950805664 GB allocated
8.646484375 GB reserved
dict_keys(['index', 'mixture_magnitude', 'mixture_phase', 'source_phase', 'mix_magnitude', 'ideal_binary_mask', 'source_magnitudes'])
1.0085558891296387 GB allocated
8.646484375 GB reserved
dict_keys(['index', 'mixture_magnitude', 'mixture_phase', 'source_phase', 'mix_magnitude', 'ideal_binary_mask', 'source_magnitudes'])
1.009408950805664 GB allocated
8.646484375 GB reserved
dict_keys(['index', 'mixture_magnitude', 'mixture_phase', 'source_phase', 'mix_magnitude', 'ideal_binary_mask', 'source_magnitudes'])
1.009408950805664 GB allocated
8.646484375 GB reserved
dict_keys(['index', 'mixture_magnitude', 'mixture_phase', 'source_phase', 'mix_magnitude', 'ideal_binary_mask', 'source_magnitudes'])
1.009408950805664 GB allocated
8.646484375 GB reserved
dict_keys(['index', 'mixture_magnitude', 'mixture_phase', 'source_phase', 'mix_magnitude', 'ideal_binary_mask', 'source_magnitudes'])
1.0085558891296387 GB allocated
8.646484375 GB reserved
dict_keys(['index', 'mixture_magnitude', 'mixture_phase', 'source_phase', 'mix_magnitude', 'ideal_binary_mask', 'source_magnitudes'])
1.009408950805664 GB allocated
8.646484375 GB reserved
dict_keys(['index', 'mixture_magnitude', 'mixture_phase', 'source_phase', 'mix_magnitude', 'ideal_binary_mask', 'source_magnitudes'])
1.009408950805664 GB allocated
8.646484375 GB reserved
dict_keys(['index', 'mixture_magnitude', 'mixture_phase', 'source_phase', 'mix_magnitude', 'ideal_binary_mask', 'source_magnitudes'])
1.009408950805664 GB allocated
8.646484375 GB reserved
dict_keys(['index', 'mixture_magnitude', 'mixture_phase', 'source_phase', 'mix_magnitude', 'ideal_binary_mask', 'source_magnitudes'])
1.0085558891296387 GB allocated
8.646484375 GB reserved
dict_keys(['index', 'mixture_magnitude', 'mixture_phase', 'source_phase', 'mix_magnitude', 'ideal_binary_mask', 'source_magnitudes'])
1.009408950805664 GB allocated
8.646484375 GB reserved
dict_keys(['index', 'mixture_magnitude', 'mixture_phase', 'source_phase', 'mix_magnitude', 'ideal_binary_mask', 'source_magnitudes'])
1.009408950805664 GB allocated
8.646484375 GB reserved
dict_keys(['index', 'mixture_magnitude', 'mixture_phase', 'source_phase', 'mix_magnitude', 'ideal_binary_mask', 'source_magnitudes'])
1.009408950805664 GB allocated
8.646484375 GB reserved
dict_keys(['index', 'mixture_magnitude', 'mixture_phase', 'source_phase', 'mix_magnitude', 'ideal_binary_mask', 'source_magnitudes'])
1.0085558891296387 GB allocated
8.646484375 GB reserved
dict_keys(['index', 'mixture_magnitude', 'mixture_phase', 'source_phase', 'mix_magnitude', 'ideal_binary_mask', 'source_magnitudes'])
1.009408950805664 GB allocated
8.646484375 GB reserved
dict_keys(['index', 'mixture_magnitude', 'mixture_phase', 'source_phase', 'mix_magnitude', 'ideal_binary_mask', 'source_magnitudes'])
1.009408950805664 GB allocated
8.646484375 GB reserved
06/10/2026 10:01:47 PM | engine.py:906 Engine run starting with max_epochs=1.
06/10/2026 10:02:53 PM | engine.py:1010 Epoch[1] Complete. Time taken: 00:01:06.106
dict_keys(['index', 'mixture_magnitude', 'mixture_phase', 'source_phase', 'mix_magnitude', 'ideal_binary_mask', 'source_magnitudes'])
1.009408950805664 GB allocated
8.646484375 GB reserved
dict_keys(['index', 'mixture_magnitude', 'mixture_phase', 'source_phase', 'mix_magnitude', 'ideal_binary_mask', 'source_magnitudes'])
1.0085558891296387 GB allocated
8.646484375 GB reserved
dict_keys(['index', 'mixture_magnitude', 'mixture_phase', 'source_phase', 'mix_magnitude', 'ideal_binary_mask', 'source_magnitudes'])
1.009408950805664 GB allocated
8.646484375 GB reserved
dict_keys(['index', 'mixture_magnitude', 'mixture_phase', 'source_phase', 'mix_magnitude', 'ideal_binary_mask', 'source_magnitudes'])
1.009408950805664 GB allocated
8.646484375 GB reserved
dict_keys(['index', 'mixture_magnitude', 'mixture_phase', 'source_phase', 'mix_magnitude', 'ideal_binary_mask', 'source_magnitudes'])
1.009408950805664 GB allocated
8.646484375 GB reserved
dict_keys(['index', 'mixture_magnitude', 'mixture_phase', 'source_phase', 'mix_magnitude', 'ideal_binary_mask', 'source_magnitudes'])
1.0085558891296387 GB allocated
8.646484375 GB reserved
dict_keys(['index', 'mixture_magnitude', 'mixture_phase', 'source_phase', 'mix_magnitude', 'ideal_binary_mask', 'source_magnitudes'])
1.009408950805664 GB allocated
8.646484375 GB reserved
dict_keys(['index', 'mixture_magnitude', 'mixture_phase', 'source_phase', 'mix_magnitude', 'ideal_binary_mask', 'source_magnitudes'])
1.009408950805664 GB allocated
8.646484375 GB reserved
dict_keys(['index', 'mixture_magnitude', 'mixture_phase', 'source_phase', 'mix_magnitude', 'ideal_binary_mask', 'source_magnitudes'])
1.009408950805664 GB allocated
8.646484375 GB reserved
dict_keys(['index', 'mixture_magnitude', 'mixture_phase', 'source_phase', 'mix_magnitude', 'ideal_binary_mask', 'source_magnitudes'])
1.0085558891296387 GB allocated
8.646484375 GB reserved
dict_keys(['index', 'mixture_magnitude', 'mixture_phase', 'source_phase', 'mix_magnitude', 'ideal_binary_mask', 'source_magnitudes'])
1.009408950805664 GB allocated
8.646484375 GB reserved
dict_keys(['index', 'mixture_magnitude', 'mixture_phase', 'source_phase', 'mix_magnitude', 'ideal_binary_mask', 'source_magnitudes'])
1.009408950805664 GB allocated
8.646484375 GB reserved
dict_keys(['index', 'mixture_magnitude', 'mixture_phase', 'source_phase', 'mix_magnitude', 'ideal_binary_mask', 'source_magnitudes'])
1.009408950805664 GB allocated
8.646484375 GB reserved
dict_keys(['index', 'mixture_magnitude', 'mixture_phase', 'source_phase', 'mix_magnitude', 'ideal_binary_mask', 'source_magnitudes'])
1.0085558891296387 GB allocated
8.646484375 GB reserved
dict_keys(['index', 'mixture_magnitude', 'mixture_phase', 'source_phase', 'mix_magnitude', 'ideal_binary_mask', 'source_magnitudes'])
1.009408950805664 GB allocated
8.646484375 GB reserved
dict_keys(['index', 'mixture_magnitude', 'mixture_phase', 'source_phase', 'mix_magnitude', 'ideal_binary_mask', 'source_magnitudes'])
1.009408950805664 GB allocated
8.646484375 GB reserved
dict_keys(['index', 'mixture_magnitude', 'mixture_phase', 'source_phase', 'mix_magnitude', 'ideal_binary_mask', 'source_magnitudes'])
1.009408950805664 GB allocated
8.646484375 GB reserved
dict_keys(['index', 'mixture_magnitude', 'mixture_phase', 'source_phase', 'mix_magnitude', 'ideal_binary_mask', 'source_magnitudes'])
1.0085558891296387 GB allocated
8.646484375 GB reserved
dict_keys(['index', 'mixture_magnitude', 'mixture_phase', 'source_phase', 'mix_magnitude', 'ideal_binary_mask', 'source_magnitudes'])
1.009408950805664 GB allocated
8.646484375 GB reserved
dict_keys(['index', 'mixture_magnitude', 'mixture_phase', 'source_phase', 'mix_magnitude', 'ideal_binary_mask', 'source_magnitudes'])
1.009408950805664 GB allocated
8.646484375 GB reserved
dict_keys(['index', 'mixture_magnitude', 'mixture_phase', 'source_phase', 'mix_magnitude', 'ideal_binary_mask', 'source_magnitudes'])
1.009408950805664 GB allocated
8.646484375 GB reserved
dict_keys(['index', 'mixture_magnitude', 'mixture_phase', 'source_phase', 'mix_magnitude', 'ideal_binary_mask', 'source_magnitudes'])
1.0085558891296387 GB allocated
8.646484375 GB reserved
dict_keys(['index', 'mixture_magnitude', 'mixture_phase', 'source_phase', 'mix_magnitude', 'ideal_binary_mask', 'source_magnitudes'])
1.009408950805664 GB allocated
8.646484375 GB reserved
dict_keys(['index', 'mixture_magnitude', 'mixture_phase', 'source_phase', 'mix_magnitude', 'ideal_binary_mask', 'source_magnitudes'])
1.009408950805664 GB allocated
8.646484375 GB reserved
dict_keys(['index', 'mixture_magnitude', 'mixture_phase', 'source_phase', 'mix_magnitude', 'ideal_binary_mask', 'source_magnitudes'])
1.009408950805664 GB allocated
8.646484375 GB reserved
dict_keys(['index', 'mixture_magnitude', 'mixture_phase', 'source_phase', 'mix_magnitude', 'ideal_binary_mask', 'source_magnitudes'])
1.0085558891296387 GB allocated
8.646484375 GB reserved
dict_keys(['index', 'mixture_magnitude', 'mixture_phase', 'source_phase', 'mix_magnitude', 'ideal_binary_mask', 'source_magnitudes'])
1.009408950805664 GB allocated
8.646484375 GB reserved
dict_keys(['index', 'mixture_magnitude', 'mixture_phase', 'source_phase', 'mix_magnitude', 'ideal_binary_mask', 'source_magnitudes'])
1.009408950805664 GB allocated
8.646484375 GB reserved
dict_keys(['index', 'mixture_magnitude', 'mixture_phase', 'source_phase', 'mix_magnitude', 'ideal_binary_mask', 'source_magnitudes'])
1.009408950805664 GB allocated
8.646484375 GB reserved
dict_keys(['index', 'mixture_magnitude', 'mixture_phase', 'source_phase', 'mix_magnitude', 'ideal_binary_mask', 'source_magnitudes'])
1.0085558891296387 GB allocated
8.646484375 GB reserved
dict_keys(['index', 'mixture_magnitude', 'mixture_phase', 'source_phase', 'mix_magnitude', 'ideal_binary_mask', 'source_magnitudes'])
1.009408950805664 GB allocated
8.646484375 GB reserved
dict_keys(['index', 'mixture_magnitude', 'mixture_phase', 'source_phase', 'mix_magnitude', 'ideal_binary_mask', 'source_magnitudes'])
1.009408950805664 GB allocated
8.646484375 GB reserved
dict_keys(['index', 'mixture_magnitude', 'mixture_phase', 'source_phase', 'mix_magnitude', 'ideal_binary_mask', 'source_magnitudes'])
1.009408950805664 GB allocated
8.646484375 GB reserved
dict_keys(['index', 'mixture_magnitude', 'mixture_phase', 'source_phase', 'mix_magnitude', 'ideal_binary_mask', 'source_magnitudes'])
1.0085558891296387 GB allocated
8.646484375 GB reserved
dict_keys(['index', 'mixture_magnitude', 'mixture_phase', 'source_phase', 'mix_magnitude', 'ideal_binary_mask', 'source_magnitudes'])
1.009408950805664 GB allocated
8.646484375 GB reserved
dict_keys(['index', 'mixture_magnitude', 'mixture_phase', 'source_phase', 'mix_magnitude', 'ideal_binary_mask', 'source_magnitudes'])
1.009408950805664 GB allocated
8.646484375 GB reserved
dict_keys(['index', 'mixture_magnitude', 'mixture_phase', 'source_phase', 'mix_magnitude', 'ideal_binary_mask', 'source_magnitudes'])
1.009408950805664 GB allocated
8.646484375 GB reserved
dict_keys(['index', 'mixture_magnitude', 'mixture_phase', 'source_phase', 'mix_magnitude', 'ideal_binary_mask', 'source_magnitudes'])
1.0085558891296387 GB allocated
8.646484375 GB reserved
dict_keys(['index', 'mixture_magnitude', 'mixture_phase', 'source_phase', 'mix_magnitude', 'ideal_binary_mask', 'source_magnitudes'])
1.009408950805664 GB allocated
8.646484375 GB reserved
dict_keys(['index', 'mixture_magnitude', 'mixture_phase', 'source_phase', 'mix_magnitude', 'ideal_binary_mask', 'source_magnitudes'])
1.009408950805664 GB allocated
8.646484375 GB reserved
dict_keys(['index', 'mixture_magnitude', 'mixture_phase', 'source_phase', 'mix_magnitude', 'ideal_binary_mask', 'source_magnitudes'])
1.009408950805664 GB allocated
8.646484375 GB reserved
dict_keys(['index', 'mixture_magnitude', 'mixture_phase', 'source_phase', 'mix_magnitude', 'ideal_binary_mask', 'source_magnitudes'])
1.0085558891296387 GB allocated
8.646484375 GB reserved
dict_keys(['index', 'mixture_magnitude', 'mixture_phase', 'source_phase', 'mix_magnitude', 'ideal_binary_mask', 'source_magnitudes'])
1.009408950805664 GB allocated
8.646484375 GB reserved
dict_keys(['index', 'mixture_magnitude', 'mixture_phase', 'source_phase', 'mix_magnitude', 'ideal_binary_mask', 'source_magnitudes'])
1.009408950805664 GB allocated
8.646484375 GB reserved
dict_keys(['index', 'mixture_magnitude', 'mixture_phase', 'source_phase', 'mix_magnitude', 'ideal_binary_mask', 'source_magnitudes'])
1.009408950805664 GB allocated
8.646484375 GB reserved
dict_keys(['index', 'mixture_magnitude', 'mixture_phase', 'source_phase', 'mix_magnitude', 'ideal_binary_mask', 'source_magnitudes'])
1.0085558891296387 GB allocated
8.646484375 GB reserved
dict_keys(['index', 'mixture_magnitude', 'mixture_phase', 'source_phase', 'mix_magnitude', 'ideal_binary_mask', 'source_magnitudes'])
1.009408950805664 GB allocated
8.646484375 GB reserved
dict_keys(['index', 'mixture_magnitude', 'mixture_phase', 'source_phase', 'mix_magnitude', 'ideal_binary_mask', 'source_magnitudes'])
1.009408950805664 GB allocated
8.646484375 GB reserved
dict_keys(['index', 'mixture_magnitude', 'mixture_phase', 'source_phase', 'mix_magnitude', 'ideal_binary_mask', 'source_magnitudes'])
1.009408950805664 GB allocated
8.646484375 GB reserved
dict_keys(['index', 'mixture_magnitude', 'mixture_phase', 'source_phase', 'mix_magnitude', 'ideal_binary_mask', 'source_magnitudes'])
1.0085558891296387 GB allocated
8.646484375 GB reserved
dict_keys(['index', 'mixture_magnitude', 'mixture_phase', 'source_phase', 'mix_magnitude', 'ideal_binary_mask', 'source_magnitudes'])
1.009408950805664 GB allocated
8.646484375 GB reserved
dict_keys(['index', 'mixture_magnitude', 'mixture_phase', 'source_phase', 'mix_magnitude', 'ideal_binary_mask', 'source_magnitudes'])
1.009408950805664 GB allocated
8.646484375 GB reserved
dict_keys(['index', 'mixture_magnitude', 'mixture_phase', 'source_phase', 'mix_magnitude', 'ideal_binary_mask', 'source_magnitudes'])
1.009408950805664 GB allocated
8.646484375 GB reserved
dict_keys(['index', 'mixture_magnitude', 'mixture_phase', 'source_phase', 'mix_magnitude', 'ideal_binary_mask', 'source_magnitudes'])
1.0085558891296387 GB allocated
8.646484375 GB reserved
dict_keys(['index', 'mixture_magnitude', 'mixture_phase', 'source_phase', 'mix_magnitude', 'ideal_binary_mask', 'source_magnitudes'])
1.009408950805664 GB allocated
8.646484375 GB reserved
dict_keys(['index', 'mixture_magnitude', 'mixture_phase', 'source_phase', 'mix_magnitude', 'ideal_binary_mask', 'source_magnitudes'])
1.009408950805664 GB allocated
8.646484375 GB reserved
dict_keys(['index', 'mixture_magnitude', 'mixture_phase', 'source_phase', 'mix_magnitude', 'ideal_binary_mask', 'source_magnitudes'])
1.009408950805664 GB allocated
8.646484375 GB reserved
dict_keys(['index', 'mixture_magnitude', 'mixture_phase', 'source_phase', 'mix_magnitude', 'ideal_binary_mask', 'source_magnitudes'])
[Validator] Epoch 5 - val_loss: 1.013107
[BEST CHECKPOINT] Guardado/actualizado en: checkpoints\Mis_modelos_v2\advanced\l_mrs checkpoints\4stems\best_checkpoint_5_val_loss=-1.0131.pt
06/10/2026 10:02:53 PM | engine.py:1037 Engine run finished. Time taken: 00:01:06.107
[Epoch 5] train_loss=1.041507 | val_loss=1.013107
06/10/2026 10:02:53 PM | engine.py:1010 Epoch[5] Complete. Time taken: 00:40:10.079
1.0085558891296387 GB allocated
8.646484375 GB reserved
dict_keys(['index', 'mixture_magnitude', 'mixture_phase', 'source_phase', 'mix_magnitude', 'ideal_binary_mask', 'source_magnitudes'])
1.009408950805664 GB allocated
8.646484375 GB reserved
dict_keys(['index', 'mixture_magnitude', 'mixture_phase', 'source_phase', 'mix_magnitude', 'ideal_binary_mask', 'source_magnitudes'])
1.009408950805664 GB allocated
8.646484375 GB reserved
dict_keys(['index', 'mixture_magnitude', 'mixture_phase', 'source_phase', 'mix_magnitude', 'ideal_binary_mask', 'source_magnitudes'])
1.009408950805664 GB allocated
8.646484375 GB reserved
dict_keys(['index', 'mixture_magnitude', 'mixture_phase', 'source_phase', 'mix_magnitude', 'ideal_binary_mask', 'source_magnitudes'])
1.0085558891296387 GB allocated
8.646484375 GB reserved
dict_keys(['index', 'mixture_magnitude', 'mixture_phase', 'source_phase', 'mix_magnitude', 'ideal_binary_mask', 'source_magnitudes'])
1.009408950805664 GB allocated
8.646484375 GB reserved
dict_keys(['index', 'mixture_magnitude', 'mixture_phase', 'source_phase', 'mix_magnitude', 'ideal_binary_mask', 'source_magnitudes'])
1.009408950805664 GB allocated
8.646484375 GB reserved
dict_keys(['index', 'mixture_magnitude', 'mixture_phase', 'source_phase', 'mix_magnitude', 'ideal_binary_mask', 'source_magnitudes'])
1.009408950805664 GB allocated
8.646484375 GB reserved
dict_keys(['index', 'mixture_magnitude', 'mixture_phase', 'source_phase', 'mix_magnitude', 'ideal_binary_mask', 'source_magnitudes'])
1.0085558891296387 GB allocated
8.646484375 GB reserved
dict_keys(['index', 'mixture_magnitude', 'mixture_phase', 'source_phase', 'mix_magnitude', 'ideal_binary_mask', 'source_magnitudes'])
1.009408950805664 GB allocated
8.646484375 GB reserved
dict_keys(['index', 'mixture_magnitude', 'mixture_phase', 'source_phase', 'mix_magnitude', 'ideal_binary_mask', 'source_magnitudes'])
1.009408950805664 GB allocated
8.646484375 GB reserved
dict_keys(['index', 'mixture_magnitude', 'mixture_phase', 'source_phase', 'mix_magnitude', 'ideal_binary_mask', 'source_magnitudes'])
1.009408950805664 GB allocated
8.646484375 GB reserved
dict_keys(['index', 'mixture_magnitude', 'mixture_phase', 'source_phase', 'mix_magnitude', 'ideal_binary_mask', 'source_magnitudes'])
1.0085558891296387 GB allocated
8.646484375 GB reserved
dict_keys(['index', 'mixture_magnitude', 'mixture_phase', 'source_phase', 'mix_magnitude', 'ideal_binary_mask', 'source_magnitudes'])
1.009408950805664 GB allocated
8.646484375 GB reserved
dict_keys(['index', 'mixture_magnitude', 'mixture_phase', 'source_phase', 'mix_magnitude', 'ideal_binary_mask', 'source_magnitudes'])
1.009408950805664 GB allocated
8.646484375 GB reserved
dict_keys(['index', 'mixture_magnitude', 'mixture_phase', 'source_phase', 'mix_magnitude', 'ideal_binary_mask', 'source_magnitudes'])
1.009408950805664 GB allocated
8.646484375 GB reserved
dict_keys(['index', 'mixture_magnitude', 'mixture_phase', 'source_phase', 'mix_magnitude', 'ideal_binary_mask', 'source_magnitudes'])
1.0085558891296387 GB allocated
8.646484375 GB reserved
dict_keys(['index', 'mixture_magnitude', 'mixture_phase', 'source_phase', 'mix_magnitude', 'ideal_binary_mask', 'source_magnitudes'])
1.009408950805664 GB allocated
8.646484375 GB reserved
dict_keys(['index', 'mixture_magnitude', 'mixture_phase', 'source_phase', 'mix_magnitude', 'ideal_binary_mask', 'source_magnitudes'])
1.009408950805664 GB allocated
8.646484375 GB reserved
dict_keys(['index', 'mixture_magnitude', 'mixture_phase', 'source_phase', 'mix_magnitude', 'ideal_binary_mask', 'source_magnitudes'])
1.009408950805664 GB allocated
8.646484375 GB reserved
dict_keys(['index', 'mixture_magnitude', 'mixture_phase', 'source_phase', 'mix_magnitude', 'ideal_binary_mask', 'source_magnitudes'])
1.0085558891296387 GB allocated
8.646484375 GB reserved
dict_keys(['index', 'mixture_magnitude', 'mixture_phase', 'source_phase', 'mix_magnitude', 'ideal_binary_mask', 'source_magnitudes'])
1.009408950805664 GB allocated
8.646484375 GB reserved
dict_keys(['index', 'mixture_magnitude', 'mixture_phase', 'source_phase', 'mix_magnitude', 'ideal_binary_mask', 'source_magnitudes'])
1.009408950805664 GB allocated
8.646484375 GB reserved
dict_keys(['index', 'mixture_magnitude', 'mixture_phase', 'source_phase', 'mix_magnitude', 'ideal_binary_mask', 'source_magnitudes'])
1.009408950805664 GB allocated
8.646484375 GB reserved
dict_keys(['index', 'mixture_magnitude', 'mixture_phase', 'source_phase', 'mix_magnitude', 'ideal_binary_mask', 'source_magnitudes'])
1.0085558891296387 GB allocated
8.646484375 GB reserved
dict_keys(['index', 'mixture_magnitude', 'mixture_phase', 'source_phase', 'mix_magnitude', 'ideal_binary_mask', 'source_magnitudes'])
1.009408950805664 GB allocated
8.646484375 GB reserved
dict_keys(['index', 'mixture_magnitude', 'mixture_phase', 'source_phase', 'mix_magnitude', 'ideal_binary_mask', 'source_magnitudes'])
1.009408950805664 GB allocated
8.646484375 GB reserved
dict_keys(['index', 'mixture_magnitude', 'mixture_phase', 'source_phase', 'mix_magnitude', 'ideal_binary_mask', 'source_magnitudes'])
1.009408950805664 GB allocated
8.646484375 GB reserved
dict_keys(['index', 'mixture_magnitude', 'mixture_phase', 'source_phase', 'mix_magnitude', 'ideal_binary_mask', 'source_magnitudes'])
1.0085558891296387 GB allocated
8.646484375 GB reserved
dict_keys(['index', 'mixture_magnitude', 'mixture_phase', 'source_phase', 'mix_magnitude', 'ideal_binary_mask', 'source_magnitudes'])
1.009408950805664 GB allocated
8.646484375 GB reserved
dict_keys(['index', 'mixture_magnitude', 'mixture_phase', 'source_phase', 'mix_magnitude', 'ideal_binary_mask', 'source_magnitudes'])
1.009408950805664 GB allocated
8.646484375 GB reserved
dict_keys(['index', 'mixture_magnitude', 'mixture_phase', 'source_phase', 'mix_magnitude', 'ideal_binary_mask', 'source_magnitudes'])
1.009408950805664 GB allocated
8.646484375 GB reserved
dict_keys(['index', 'mixture_magnitude', 'mixture_phase', 'source_phase', 'mix_magnitude', 'ideal_binary_mask', 'source_magnitudes'])
1.0085558891296387 GB allocated
8.646484375 GB reserved
dict_keys(['index', 'mixture_magnitude', 'mixture_phase', 'source_phase', 'mix_magnitude', 'ideal_binary_mask', 'source_magnitudes'])
1.009408950805664 GB allocated
8.646484375 GB reserved
dict_keys(['index', 'mixture_magnitude', 'mixture_phase', 'source_phase', 'mix_magnitude', 'ideal_binary_mask', 'source_magnitudes'])
1.009408950805664 GB allocated
8.646484375 GB reserved
dict_keys(['index', 'mixture_magnitude', 'mixture_phase', 'source_phase', 'mix_magnitude', 'ideal_binary_mask', 'source_magnitudes'])
1.009408950805664 GB allocated
8.646484375 GB reserved
dict_keys(['index', 'mixture_magnitude', 'mixture_phase', 'source_phase', 'mix_magnitude', 'ideal_binary_mask', 'source_magnitudes'])
1.0085558891296387 GB allocated
8.646484375 GB reserved
dict_keys(['index', 'mixture_magnitude', 'mixture_phase', 'source_phase', 'mix_magnitude', 'ideal_binary_mask', 'source_magnitudes'])
1.009408950805664 GB allocated
8.646484375 GB reserved
dict_keys(['index', 'mixture_magnitude', 'mixture_phase', 'source_phase', 'mix_magnitude', 'ideal_binary_mask', 'source_magnitudes'])
1.009408950805664 GB allocated
8.646484375 GB reserved
dict_keys(['index', 'mixture_magnitude', 'mixture_phase', 'source_phase', 'mix_magnitude', 'ideal_binary_mask', 'source_magnitudes'])
1.009408950805664 GB allocated
8.646484375 GB reserved
dict_keys(['index', 'mixture_magnitude', 'mixture_phase', 'source_phase', 'mix_magnitude', 'ideal_binary_mask', 'source_magnitudes'])
1.0085558891296387 GB allocated
8.646484375 GB reserved
dict_keys(['index', 'mixture_magnitude', 'mixture_phase', 'source_phase', 'mix_magnitude', 'ideal_binary_mask', 'source_magnitudes'])
1.009408950805664 GB allocated
8.646484375 GB reserved
dict_keys(['index', 'mixture_magnitude', 'mixture_phase', 'source_phase', 'mix_magnitude', 'ideal_binary_mask', 'source_magnitudes'])
1.009408950805664 GB allocated
8.646484375 GB reserved
06/10/2026 10:44:09 PM | engine.py:906 Engine run starting with max_epochs=1.
06/10/2026 10:45:14 PM | engine.py:1010 Epoch[1] Complete. Time taken: 00:01:05.056
dict_keys(['index', 'mixture_magnitude', 'mixture_phase', 'source_phase', 'mix_magnitude', 'ideal_binary_mask', 'source_magnitudes'])
1.009408950805664 GB allocated
8.646484375 GB reserved
dict_keys(['index', 'mixture_magnitude', 'mixture_phase', 'source_phase', 'mix_magnitude', 'ideal_binary_mask', 'source_magnitudes'])
1.0085558891296387 GB allocated
8.646484375 GB reserved
dict_keys(['index', 'mixture_magnitude', 'mixture_phase', 'source_phase', 'mix_magnitude', 'ideal_binary_mask', 'source_magnitudes'])
1.009408950805664 GB allocated
8.646484375 GB reserved
dict_keys(['index', 'mixture_magnitude', 'mixture_phase', 'source_phase', 'mix_magnitude', 'ideal_binary_mask', 'source_magnitudes'])
1.009408950805664 GB allocated
8.646484375 GB reserved
dict_keys(['index', 'mixture_magnitude', 'mixture_phase', 'source_phase', 'mix_magnitude', 'ideal_binary_mask', 'source_magnitudes'])
1.009408950805664 GB allocated
8.646484375 GB reserved
dict_keys(['index', 'mixture_magnitude', 'mixture_phase', 'source_phase', 'mix_magnitude', 'ideal_binary_mask', 'source_magnitudes'])
1.0085558891296387 GB allocated
8.646484375 GB reserved
dict_keys(['index', 'mixture_magnitude', 'mixture_phase', 'source_phase', 'mix_magnitude', 'ideal_binary_mask', 'source_magnitudes'])
1.009408950805664 GB allocated
8.646484375 GB reserved
dict_keys(['index', 'mixture_magnitude', 'mixture_phase', 'source_phase', 'mix_magnitude', 'ideal_binary_mask', 'source_magnitudes'])
1.009408950805664 GB allocated
8.646484375 GB reserved
dict_keys(['index', 'mixture_magnitude', 'mixture_phase', 'source_phase', 'mix_magnitude', 'ideal_binary_mask', 'source_magnitudes'])
1.009408950805664 GB allocated
8.646484375 GB reserved
dict_keys(['index', 'mixture_magnitude', 'mixture_phase', 'source_phase', 'mix_magnitude', 'ideal_binary_mask', 'source_magnitudes'])
1.0085558891296387 GB allocated
8.646484375 GB reserved
dict_keys(['index', 'mixture_magnitude', 'mixture_phase', 'source_phase', 'mix_magnitude', 'ideal_binary_mask', 'source_magnitudes'])
1.009408950805664 GB allocated
8.646484375 GB reserved
dict_keys(['index', 'mixture_magnitude', 'mixture_phase', 'source_phase', 'mix_magnitude', 'ideal_binary_mask', 'source_magnitudes'])
1.009408950805664 GB allocated
8.646484375 GB reserved
dict_keys(['index', 'mixture_magnitude', 'mixture_phase', 'source_phase', 'mix_magnitude', 'ideal_binary_mask', 'source_magnitudes'])
1.009408950805664 GB allocated
8.646484375 GB reserved
dict_keys(['index', 'mixture_magnitude', 'mixture_phase', 'source_phase', 'mix_magnitude', 'ideal_binary_mask', 'source_magnitudes'])
1.0085558891296387 GB allocated
8.646484375 GB reserved
dict_keys(['index', 'mixture_magnitude', 'mixture_phase', 'source_phase', 'mix_magnitude', 'ideal_binary_mask', 'source_magnitudes'])
1.009408950805664 GB allocated
8.646484375 GB reserved
dict_keys(['index', 'mixture_magnitude', 'mixture_phase', 'source_phase', 'mix_magnitude', 'ideal_binary_mask', 'source_magnitudes'])
1.009408950805664 GB allocated
8.646484375 GB reserved
dict_keys(['index', 'mixture_magnitude', 'mixture_phase', 'source_phase', 'mix_magnitude', 'ideal_binary_mask', 'source_magnitudes'])
1.009408950805664 GB allocated
8.646484375 GB reserved
dict_keys(['index', 'mixture_magnitude', 'mixture_phase', 'source_phase', 'mix_magnitude', 'ideal_binary_mask', 'source_magnitudes'])
1.0085558891296387 GB allocated
8.646484375 GB reserved
dict_keys(['index', 'mixture_magnitude', 'mixture_phase', 'source_phase', 'mix_magnitude', 'ideal_binary_mask', 'source_magnitudes'])
1.009408950805664 GB allocated
8.646484375 GB reserved
dict_keys(['index', 'mixture_magnitude', 'mixture_phase', 'source_phase', 'mix_magnitude', 'ideal_binary_mask', 'source_magnitudes'])
1.009408950805664 GB allocated
8.646484375 GB reserved
dict_keys(['index', 'mixture_magnitude', 'mixture_phase', 'source_phase', 'mix_magnitude', 'ideal_binary_mask', 'source_magnitudes'])
1.009408950805664 GB allocated
8.646484375 GB reserved
dict_keys(['index', 'mixture_magnitude', 'mixture_phase', 'source_phase', 'mix_magnitude', 'ideal_binary_mask', 'source_magnitudes'])
1.0085558891296387 GB allocated
8.646484375 GB reserved
dict_keys(['index', 'mixture_magnitude', 'mixture_phase', 'source_phase', 'mix_magnitude', 'ideal_binary_mask', 'source_magnitudes'])
1.009408950805664 GB allocated
8.646484375 GB reserved
dict_keys(['index', 'mixture_magnitude', 'mixture_phase', 'source_phase', 'mix_magnitude', 'ideal_binary_mask', 'source_magnitudes'])
1.009408950805664 GB allocated
8.646484375 GB reserved
dict_keys(['index', 'mixture_magnitude', 'mixture_phase', 'source_phase', 'mix_magnitude', 'ideal_binary_mask', 'source_magnitudes'])
1.009408950805664 GB allocated
8.646484375 GB reserved
dict_keys(['index', 'mixture_magnitude', 'mixture_phase', 'source_phase', 'mix_magnitude', 'ideal_binary_mask', 'source_magnitudes'])
1.0085558891296387 GB allocated
8.646484375 GB reserved
dict_keys(['index', 'mixture_magnitude', 'mixture_phase', 'source_phase', 'mix_magnitude', 'ideal_binary_mask', 'source_magnitudes'])
1.009408950805664 GB allocated
8.646484375 GB reserved
dict_keys(['index', 'mixture_magnitude', 'mixture_phase', 'source_phase', 'mix_magnitude', 'ideal_binary_mask', 'source_magnitudes'])
1.009408950805664 GB allocated
8.646484375 GB reserved
dict_keys(['index', 'mixture_magnitude', 'mixture_phase', 'source_phase', 'mix_magnitude', 'ideal_binary_mask', 'source_magnitudes'])
1.009408950805664 GB allocated
8.646484375 GB reserved
dict_keys(['index', 'mixture_magnitude', 'mixture_phase', 'source_phase', 'mix_magnitude', 'ideal_binary_mask', 'source_magnitudes'])
1.0085558891296387 GB allocated
8.646484375 GB reserved
dict_keys(['index', 'mixture_magnitude', 'mixture_phase', 'source_phase', 'mix_magnitude', 'ideal_binary_mask', 'source_magnitudes'])
1.009408950805664 GB allocated
8.646484375 GB reserved
dict_keys(['index', 'mixture_magnitude', 'mixture_phase', 'source_phase', 'mix_magnitude', 'ideal_binary_mask', 'source_magnitudes'])
1.009408950805664 GB allocated
8.646484375 GB reserved
dict_keys(['index', 'mixture_magnitude', 'mixture_phase', 'source_phase', 'mix_magnitude', 'ideal_binary_mask', 'source_magnitudes'])
1.009408950805664 GB allocated
8.646484375 GB reserved
dict_keys(['index', 'mixture_magnitude', 'mixture_phase', 'source_phase', 'mix_magnitude', 'ideal_binary_mask', 'source_magnitudes'])
1.0085558891296387 GB allocated
8.646484375 GB reserved
dict_keys(['index', 'mixture_magnitude', 'mixture_phase', 'source_phase', 'mix_magnitude', 'ideal_binary_mask', 'source_magnitudes'])
1.009408950805664 GB allocated
8.646484375 GB reserved
dict_keys(['index', 'mixture_magnitude', 'mixture_phase', 'source_phase', 'mix_magnitude', 'ideal_binary_mask', 'source_magnitudes'])
1.009408950805664 GB allocated
8.646484375 GB reserved
dict_keys(['index', 'mixture_magnitude', 'mixture_phase', 'source_phase', 'mix_magnitude', 'ideal_binary_mask', 'source_magnitudes'])
1.009408950805664 GB allocated
8.646484375 GB reserved
dict_keys(['index', 'mixture_magnitude', 'mixture_phase', 'source_phase', 'mix_magnitude', 'ideal_binary_mask', 'source_magnitudes'])
1.0085558891296387 GB allocated
8.646484375 GB reserved
dict_keys(['index', 'mixture_magnitude', 'mixture_phase', 'source_phase', 'mix_magnitude', 'ideal_binary_mask', 'source_magnitudes'])
1.009408950805664 GB allocated
8.646484375 GB reserved
dict_keys(['index', 'mixture_magnitude', 'mixture_phase', 'source_phase', 'mix_magnitude', 'ideal_binary_mask', 'source_magnitudes'])
1.009408950805664 GB allocated
8.646484375 GB reserved
dict_keys(['index', 'mixture_magnitude', 'mixture_phase', 'source_phase', 'mix_magnitude', 'ideal_binary_mask', 'source_magnitudes'])
1.009408950805664 GB allocated
8.646484375 GB reserved
dict_keys(['index', 'mixture_magnitude', 'mixture_phase', 'source_phase', 'mix_magnitude', 'ideal_binary_mask', 'source_magnitudes'])
1.0085558891296387 GB allocated
8.646484375 GB reserved
dict_keys(['index', 'mixture_magnitude', 'mixture_phase', 'source_phase', 'mix_magnitude', 'ideal_binary_mask', 'source_magnitudes'])
1.009408950805664 GB allocated
8.646484375 GB reserved
dict_keys(['index', 'mixture_magnitude', 'mixture_phase', 'source_phase', 'mix_magnitude', 'ideal_binary_mask', 'source_magnitudes'])
1.009408950805664 GB allocated
8.646484375 GB reserved
dict_keys(['index', 'mixture_magnitude', 'mixture_phase', 'source_phase', 'mix_magnitude', 'ideal_binary_mask', 'source_magnitudes'])
1.009408950805664 GB allocated
8.646484375 GB reserved
dict_keys(['index', 'mixture_magnitude', 'mixture_phase', 'source_phase', 'mix_magnitude', 'ideal_binary_mask', 'source_magnitudes'])
1.0085558891296387 GB allocated
8.646484375 GB reserved
dict_keys(['index', 'mixture_magnitude', 'mixture_phase', 'source_phase', 'mix_magnitude', 'ideal_binary_mask', 'source_magnitudes'])
1.009408950805664 GB allocated
8.646484375 GB reserved
dict_keys(['index', 'mixture_magnitude', 'mixture_phase', 'source_phase', 'mix_magnitude', 'ideal_binary_mask', 'source_magnitudes'])
1.009408950805664 GB allocated
8.646484375 GB reserved
dict_keys(['index', 'mixture_magnitude', 'mixture_phase', 'source_phase', 'mix_magnitude', 'ideal_binary_mask', 'source_magnitudes'])
1.009408950805664 GB allocated
8.646484375 GB reserved
dict_keys(['index', 'mixture_magnitude', 'mixture_phase', 'source_phase', 'mix_magnitude', 'ideal_binary_mask', 'source_magnitudes'])
1.0085558891296387 GB allocated
8.646484375 GB reserved
dict_keys(['index', 'mixture_magnitude', 'mixture_phase', 'source_phase', 'mix_magnitude', 'ideal_binary_mask', 'source_magnitudes'])
1.009408950805664 GB allocated
8.646484375 GB reserved
dict_keys(['index', 'mixture_magnitude', 'mixture_phase', 'source_phase', 'mix_magnitude', 'ideal_binary_mask', 'source_magnitudes'])
1.009408950805664 GB allocated
8.646484375 GB reserved
dict_keys(['index', 'mixture_magnitude', 'mixture_phase', 'source_phase', 'mix_magnitude', 'ideal_binary_mask', 'source_magnitudes'])
1.009408950805664 GB allocated
8.646484375 GB reserved
dict_keys(['index', 'mixture_magnitude', 'mixture_phase', 'source_phase', 'mix_magnitude', 'ideal_binary_mask', 'source_magnitudes'])
1.0085558891296387 GB allocated
8.646484375 GB reserved
dict_keys(['index', 'mixture_magnitude', 'mixture_phase', 'source_phase', 'mix_magnitude', 'ideal_binary_mask', 'source_magnitudes'])
1.009408950805664 GB allocated
8.646484375 GB reserved
dict_keys(['index', 'mixture_magnitude', 'mixture_phase', 'source_phase', 'mix_magnitude', 'ideal_binary_mask', 'source_magnitudes'])
1.009408950805664 GB allocated
8.646484375 GB reserved
dict_keys(['index', 'mixture_magnitude', 'mixture_phase', 'source_phase', 'mix_magnitude', 'ideal_binary_mask', 'source_magnitudes'])
1.009408950805664 GB allocated
8.646484375 GB reserved
dict_keys(['index', 'mixture_magnitude', 'mixture_phase', 'source_phase', 'mix_magnitude', 'ideal_binary_mask', 'source_magnitudes'])
[Validator] Epoch 6 - val_loss: 1.006536
[BEST CHECKPOINT] Guardado/actualizado en: checkpoints\Mis_modelos_v2\advanced\l_mrs checkpoints\4stems\best_checkpoint_6_val_loss=-1.0065.pt
06/10/2026 10:45:14 PM | engine.py:1037 Engine run finished. Time taken: 00:01:05.067
[Epoch 6] train_loss=1.034448 | val_loss=1.006536
06/10/2026 10:45:14 PM | engine.py:1010 Epoch[6] Complete. Time taken: 00:42:20.898
1.0085558891296387 GB allocated
8.646484375 GB reserved
dict_keys(['index', 'mixture_magnitude', 'mixture_phase', 'source_phase', 'mix_magnitude', 'ideal_binary_mask', 'source_magnitudes'])
1.009408950805664 GB allocated
8.646484375 GB reserved
dict_keys(['index', 'mixture_magnitude', 'mixture_phase', 'source_phase', 'mix_magnitude', 'ideal_binary_mask', 'source_magnitudes'])
1.009408950805664 GB allocated
8.646484375 GB reserved
dict_keys(['index', 'mixture_magnitude', 'mixture_phase', 'source_phase', 'mix_magnitude', 'ideal_binary_mask', 'source_magnitudes'])
1.009408950805664 GB allocated
8.646484375 GB reserved
dict_keys(['index', 'mixture_magnitude', 'mixture_phase', 'source_phase', 'mix_magnitude', 'ideal_binary_mask', 'source_magnitudes'])
1.0085558891296387 GB allocated
8.646484375 GB reserved
dict_keys(['index', 'mixture_magnitude', 'mixture_phase', 'source_phase', 'mix_magnitude', 'ideal_binary_mask', 'source_magnitudes'])
1.009408950805664 GB allocated
8.646484375 GB reserved
dict_keys(['index', 'mixture_magnitude', 'mixture_phase', 'source_phase', 'mix_magnitude', 'ideal_binary_mask', 'source_magnitudes'])
1.009408950805664 GB allocated
8.646484375 GB reserved
dict_keys(['index', 'mixture_magnitude', 'mixture_phase', 'source_phase', 'mix_magnitude', 'ideal_binary_mask', 'source_magnitudes'])
1.009408950805664 GB allocated
8.646484375 GB reserved
dict_keys(['index', 'mixture_magnitude', 'mixture_phase', 'source_phase', 'mix_magnitude', 'ideal_binary_mask', 'source_magnitudes'])
1.0085558891296387 GB allocated
8.646484375 GB reserved
dict_keys(['index', 'mixture_magnitude', 'mixture_phase', 'source_phase', 'mix_magnitude', 'ideal_binary_mask', 'source_magnitudes'])
1.009408950805664 GB allocated
8.646484375 GB reserved
dict_keys(['index', 'mixture_magnitude', 'mixture_phase', 'source_phase', 'mix_magnitude', 'ideal_binary_mask', 'source_magnitudes'])
1.009408950805664 GB allocated
8.646484375 GB reserved
dict_keys(['index', 'mixture_magnitude', 'mixture_phase', 'source_phase', 'mix_magnitude', 'ideal_binary_mask', 'source_magnitudes'])
1.009408950805664 GB allocated
8.646484375 GB reserved
dict_keys(['index', 'mixture_magnitude', 'mixture_phase', 'source_phase', 'mix_magnitude', 'ideal_binary_mask', 'source_magnitudes'])
1.0085558891296387 GB allocated
8.646484375 GB reserved
dict_keys(['index', 'mixture_magnitude', 'mixture_phase', 'source_phase', 'mix_magnitude', 'ideal_binary_mask', 'source_magnitudes'])
1.009408950805664 GB allocated
8.646484375 GB reserved
dict_keys(['index', 'mixture_magnitude', 'mixture_phase', 'source_phase', 'mix_magnitude', 'ideal_binary_mask', 'source_magnitudes'])
1.009408950805664 GB allocated
8.646484375 GB reserved
dict_keys(['index', 'mixture_magnitude', 'mixture_phase', 'source_phase', 'mix_magnitude', 'ideal_binary_mask', 'source_magnitudes'])
1.009408950805664 GB allocated
8.646484375 GB reserved
dict_keys(['index', 'mixture_magnitude', 'mixture_phase', 'source_phase', 'mix_magnitude', 'ideal_binary_mask', 'source_magnitudes'])
1.0085558891296387 GB allocated
8.646484375 GB reserved
dict_keys(['index', 'mixture_magnitude', 'mixture_phase', 'source_phase', 'mix_magnitude', 'ideal_binary_mask', 'source_magnitudes'])
1.009408950805664 GB allocated
8.646484375 GB reserved
dict_keys(['index', 'mixture_magnitude', 'mixture_phase', 'source_phase', 'mix_magnitude', 'ideal_binary_mask', 'source_magnitudes'])
1.009408950805664 GB allocated
8.646484375 GB reserved
dict_keys(['index', 'mixture_magnitude', 'mixture_phase', 'source_phase', 'mix_magnitude', 'ideal_binary_mask', 'source_magnitudes'])
1.009408950805664 GB allocated
8.646484375 GB reserved
dict_keys(['index', 'mixture_magnitude', 'mixture_phase', 'source_phase', 'mix_magnitude', 'ideal_binary_mask', 'source_magnitudes'])
1.0085558891296387 GB allocated
8.646484375 GB reserved
dict_keys(['index', 'mixture_magnitude', 'mixture_phase', 'source_phase', 'mix_magnitude', 'ideal_binary_mask', 'source_magnitudes'])
1.009408950805664 GB allocated
8.646484375 GB reserved
dict_keys(['index', 'mixture_magnitude', 'mixture_phase', 'source_phase', 'mix_magnitude', 'ideal_binary_mask', 'source_magnitudes'])
1.009408950805664 GB allocated
8.646484375 GB reserved
dict_keys(['index', 'mixture_magnitude', 'mixture_phase', 'source_phase', 'mix_magnitude', 'ideal_binary_mask', 'source_magnitudes'])
1.009408950805664 GB allocated
8.646484375 GB reserved
dict_keys(['index', 'mixture_magnitude', 'mixture_phase', 'source_phase', 'mix_magnitude', 'ideal_binary_mask', 'source_magnitudes'])
1.0085558891296387 GB allocated
8.646484375 GB reserved
dict_keys(['index', 'mixture_magnitude', 'mixture_phase', 'source_phase', 'mix_magnitude', 'ideal_binary_mask', 'source_magnitudes'])
1.009408950805664 GB allocated
8.646484375 GB reserved
dict_keys(['index', 'mixture_magnitude', 'mixture_phase', 'source_phase', 'mix_magnitude', 'ideal_binary_mask', 'source_magnitudes'])
1.009408950805664 GB allocated
8.646484375 GB reserved
dict_keys(['index', 'mixture_magnitude', 'mixture_phase', 'source_phase', 'mix_magnitude', 'ideal_binary_mask', 'source_magnitudes'])
1.009408950805664 GB allocated
8.646484375 GB reserved
dict_keys(['index', 'mixture_magnitude', 'mixture_phase', 'source_phase', 'mix_magnitude', 'ideal_binary_mask', 'source_magnitudes'])
1.0085558891296387 GB allocated
8.646484375 GB reserved
dict_keys(['index', 'mixture_magnitude', 'mixture_phase', 'source_phase', 'mix_magnitude', 'ideal_binary_mask', 'source_magnitudes'])
1.009408950805664 GB allocated
8.646484375 GB reserved
dict_keys(['index', 'mixture_magnitude', 'mixture_phase', 'source_phase', 'mix_magnitude', 'ideal_binary_mask', 'source_magnitudes'])
1.009408950805664 GB allocated
8.646484375 GB reserved
dict_keys(['index', 'mixture_magnitude', 'mixture_phase', 'source_phase', 'mix_magnitude', 'ideal_binary_mask', 'source_magnitudes'])
1.009408950805664 GB allocated
8.646484375 GB reserved
dict_keys(['index', 'mixture_magnitude', 'mixture_phase', 'source_phase', 'mix_magnitude', 'ideal_binary_mask', 'source_magnitudes'])
1.0085558891296387 GB allocated
8.646484375 GB reserved
dict_keys(['index', 'mixture_magnitude', 'mixture_phase', 'source_phase', 'mix_magnitude', 'ideal_binary_mask', 'source_magnitudes'])
1.009408950805664 GB allocated
8.646484375 GB reserved
dict_keys(['index', 'mixture_magnitude', 'mixture_phase', 'source_phase', 'mix_magnitude', 'ideal_binary_mask', 'source_magnitudes'])
1.009408950805664 GB allocated
8.646484375 GB reserved
dict_keys(['index', 'mixture_magnitude', 'mixture_phase', 'source_phase', 'mix_magnitude', 'ideal_binary_mask', 'source_magnitudes'])
1.009408950805664 GB allocated
8.646484375 GB reserved
dict_keys(['index', 'mixture_magnitude', 'mixture_phase', 'source_phase', 'mix_magnitude', 'ideal_binary_mask', 'source_magnitudes'])
1.0085558891296387 GB allocated
8.646484375 GB reserved
dict_keys(['index', 'mixture_magnitude', 'mixture_phase', 'source_phase', 'mix_magnitude', 'ideal_binary_mask', 'source_magnitudes'])
1.009408950805664 GB allocated
8.646484375 GB reserved
dict_keys(['index', 'mixture_magnitude', 'mixture_phase', 'source_phase', 'mix_magnitude', 'ideal_binary_mask', 'source_magnitudes'])
1.009408950805664 GB allocated
8.646484375 GB reserved
dict_keys(['index', 'mixture_magnitude', 'mixture_phase', 'source_phase', 'mix_magnitude', 'ideal_binary_mask', 'source_magnitudes'])
1.009408950805664 GB allocated
8.646484375 GB reserved
dict_keys(['index', 'mixture_magnitude', 'mixture_phase', 'source_phase', 'mix_magnitude', 'ideal_binary_mask', 'source_magnitudes'])
1.0085558891296387 GB allocated
8.646484375 GB reserved
dict_keys(['index', 'mixture_magnitude', 'mixture_phase', 'source_phase', 'mix_magnitude', 'ideal_binary_mask', 'source_magnitudes'])
1.009408950805664 GB allocated
8.646484375 GB reserved
dict_keys(['index', 'mixture_magnitude', 'mixture_phase', 'source_phase', 'mix_magnitude', 'ideal_binary_mask', 'source_magnitudes'])
1.009408950805664 GB allocated
8.646484375 GB reserved
06/10/2026 11:25:04 PM | engine.py:906 Engine run starting with max_epochs=1.
06/10/2026 11:26:12 PM | engine.py:1010 Epoch[1] Complete. Time taken: 00:01:08.336
dict_keys(['index', 'mixture_magnitude', 'mixture_phase', 'source_phase', 'mix_magnitude', 'ideal_binary_mask', 'source_magnitudes'])
1.009408950805664 GB allocated
8.646484375 GB reserved
dict_keys(['index', 'mixture_magnitude', 'mixture_phase', 'source_phase', 'mix_magnitude', 'ideal_binary_mask', 'source_magnitudes'])
1.0085558891296387 GB allocated
8.646484375 GB reserved
dict_keys(['index', 'mixture_magnitude', 'mixture_phase', 'source_phase', 'mix_magnitude', 'ideal_binary_mask', 'source_magnitudes'])
1.009408950805664 GB allocated
8.646484375 GB reserved
dict_keys(['index', 'mixture_magnitude', 'mixture_phase', 'source_phase', 'mix_magnitude', 'ideal_binary_mask', 'source_magnitudes'])
1.009408950805664 GB allocated
8.646484375 GB reserved
dict_keys(['index', 'mixture_magnitude', 'mixture_phase', 'source_phase', 'mix_magnitude', 'ideal_binary_mask', 'source_magnitudes'])
1.009408950805664 GB allocated
8.646484375 GB reserved
dict_keys(['index', 'mixture_magnitude', 'mixture_phase', 'source_phase', 'mix_magnitude', 'ideal_binary_mask', 'source_magnitudes'])
1.0085558891296387 GB allocated
8.646484375 GB reserved
dict_keys(['index', 'mixture_magnitude', 'mixture_phase', 'source_phase', 'mix_magnitude', 'ideal_binary_mask', 'source_magnitudes'])
1.009408950805664 GB allocated
8.646484375 GB reserved
dict_keys(['index', 'mixture_magnitude', 'mixture_phase', 'source_phase', 'mix_magnitude', 'ideal_binary_mask', 'source_magnitudes'])
1.009408950805664 GB allocated
8.646484375 GB reserved
dict_keys(['index', 'mixture_magnitude', 'mixture_phase', 'source_phase', 'mix_magnitude', 'ideal_binary_mask', 'source_magnitudes'])
1.009408950805664 GB allocated
8.646484375 GB reserved
dict_keys(['index', 'mixture_magnitude', 'mixture_phase', 'source_phase', 'mix_magnitude', 'ideal_binary_mask', 'source_magnitudes'])
1.0085558891296387 GB allocated
8.646484375 GB reserved
dict_keys(['index', 'mixture_magnitude', 'mixture_phase', 'source_phase', 'mix_magnitude', 'ideal_binary_mask', 'source_magnitudes'])
1.009408950805664 GB allocated
8.646484375 GB reserved
dict_keys(['index', 'mixture_magnitude', 'mixture_phase', 'source_phase', 'mix_magnitude', 'ideal_binary_mask', 'source_magnitudes'])
1.009408950805664 GB allocated
8.646484375 GB reserved
dict_keys(['index', 'mixture_magnitude', 'mixture_phase', 'source_phase', 'mix_magnitude', 'ideal_binary_mask', 'source_magnitudes'])
1.009408950805664 GB allocated
8.646484375 GB reserved
dict_keys(['index', 'mixture_magnitude', 'mixture_phase', 'source_phase', 'mix_magnitude', 'ideal_binary_mask', 'source_magnitudes'])
1.0085558891296387 GB allocated
8.646484375 GB reserved
dict_keys(['index', 'mixture_magnitude', 'mixture_phase', 'source_phase', 'mix_magnitude', 'ideal_binary_mask', 'source_magnitudes'])
1.009408950805664 GB allocated
8.646484375 GB reserved
dict_keys(['index', 'mixture_magnitude', 'mixture_phase', 'source_phase', 'mix_magnitude', 'ideal_binary_mask', 'source_magnitudes'])
1.009408950805664 GB allocated
8.646484375 GB reserved
dict_keys(['index', 'mixture_magnitude', 'mixture_phase', 'source_phase', 'mix_magnitude', 'ideal_binary_mask', 'source_magnitudes'])
1.009408950805664 GB allocated
8.646484375 GB reserved
dict_keys(['index', 'mixture_magnitude', 'mixture_phase', 'source_phase', 'mix_magnitude', 'ideal_binary_mask', 'source_magnitudes'])
1.0085558891296387 GB allocated
8.646484375 GB reserved
dict_keys(['index', 'mixture_magnitude', 'mixture_phase', 'source_phase', 'mix_magnitude', 'ideal_binary_mask', 'source_magnitudes'])
1.009408950805664 GB allocated
8.646484375 GB reserved
dict_keys(['index', 'mixture_magnitude', 'mixture_phase', 'source_phase', 'mix_magnitude', 'ideal_binary_mask', 'source_magnitudes'])
1.009408950805664 GB allocated
8.646484375 GB reserved
dict_keys(['index', 'mixture_magnitude', 'mixture_phase', 'source_phase', 'mix_magnitude', 'ideal_binary_mask', 'source_magnitudes'])
1.009408950805664 GB allocated
8.646484375 GB reserved
dict_keys(['index', 'mixture_magnitude', 'mixture_phase', 'source_phase', 'mix_magnitude', 'ideal_binary_mask', 'source_magnitudes'])
1.0085558891296387 GB allocated
8.646484375 GB reserved
dict_keys(['index', 'mixture_magnitude', 'mixture_phase', 'source_phase', 'mix_magnitude', 'ideal_binary_mask', 'source_magnitudes'])
1.009408950805664 GB allocated
8.646484375 GB reserved
dict_keys(['index', 'mixture_magnitude', 'mixture_phase', 'source_phase', 'mix_magnitude', 'ideal_binary_mask', 'source_magnitudes'])
1.009408950805664 GB allocated
8.646484375 GB reserved
dict_keys(['index', 'mixture_magnitude', 'mixture_phase', 'source_phase', 'mix_magnitude', 'ideal_binary_mask', 'source_magnitudes'])
1.009408950805664 GB allocated
8.646484375 GB reserved
dict_keys(['index', 'mixture_magnitude', 'mixture_phase', 'source_phase', 'mix_magnitude', 'ideal_binary_mask', 'source_magnitudes'])
1.0085558891296387 GB allocated
8.646484375 GB reserved
dict_keys(['index', 'mixture_magnitude', 'mixture_phase', 'source_phase', 'mix_magnitude', 'ideal_binary_mask', 'source_magnitudes'])
1.009408950805664 GB allocated
8.646484375 GB reserved
dict_keys(['index', 'mixture_magnitude', 'mixture_phase', 'source_phase', 'mix_magnitude', 'ideal_binary_mask', 'source_magnitudes'])
1.009408950805664 GB allocated
8.646484375 GB reserved
dict_keys(['index', 'mixture_magnitude', 'mixture_phase', 'source_phase', 'mix_magnitude', 'ideal_binary_mask', 'source_magnitudes'])
1.009408950805664 GB allocated
8.646484375 GB reserved
dict_keys(['index', 'mixture_magnitude', 'mixture_phase', 'source_phase', 'mix_magnitude', 'ideal_binary_mask', 'source_magnitudes'])
1.0085558891296387 GB allocated
8.646484375 GB reserved
dict_keys(['index', 'mixture_magnitude', 'mixture_phase', 'source_phase', 'mix_magnitude', 'ideal_binary_mask', 'source_magnitudes'])
1.009408950805664 GB allocated
8.646484375 GB reserved
dict_keys(['index', 'mixture_magnitude', 'mixture_phase', 'source_phase', 'mix_magnitude', 'ideal_binary_mask', 'source_magnitudes'])
1.009408950805664 GB allocated
8.646484375 GB reserved
dict_keys(['index', 'mixture_magnitude', 'mixture_phase', 'source_phase', 'mix_magnitude', 'ideal_binary_mask', 'source_magnitudes'])
1.009408950805664 GB allocated
8.646484375 GB reserved
dict_keys(['index', 'mixture_magnitude', 'mixture_phase', 'source_phase', 'mix_magnitude', 'ideal_binary_mask', 'source_magnitudes'])
1.0085558891296387 GB allocated
8.646484375 GB reserved
dict_keys(['index', 'mixture_magnitude', 'mixture_phase', 'source_phase', 'mix_magnitude', 'ideal_binary_mask', 'source_magnitudes'])
1.009408950805664 GB allocated
8.646484375 GB reserved
dict_keys(['index', 'mixture_magnitude', 'mixture_phase', 'source_phase', 'mix_magnitude', 'ideal_binary_mask', 'source_magnitudes'])
1.009408950805664 GB allocated
8.646484375 GB reserved
dict_keys(['index', 'mixture_magnitude', 'mixture_phase', 'source_phase', 'mix_magnitude', 'ideal_binary_mask', 'source_magnitudes'])
1.009408950805664 GB allocated
8.646484375 GB reserved
dict_keys(['index', 'mixture_magnitude', 'mixture_phase', 'source_phase', 'mix_magnitude', 'ideal_binary_mask', 'source_magnitudes'])
1.0085558891296387 GB allocated
8.646484375 GB reserved
dict_keys(['index', 'mixture_magnitude', 'mixture_phase', 'source_phase', 'mix_magnitude', 'ideal_binary_mask', 'source_magnitudes'])
1.009408950805664 GB allocated
8.646484375 GB reserved
dict_keys(['index', 'mixture_magnitude', 'mixture_phase', 'source_phase', 'mix_magnitude', 'ideal_binary_mask', 'source_magnitudes'])
1.009408950805664 GB allocated
8.646484375 GB reserved
dict_keys(['index', 'mixture_magnitude', 'mixture_phase', 'source_phase', 'mix_magnitude', 'ideal_binary_mask', 'source_magnitudes'])
1.009408950805664 GB allocated
8.646484375 GB reserved
dict_keys(['index', 'mixture_magnitude', 'mixture_phase', 'source_phase', 'mix_magnitude', 'ideal_binary_mask', 'source_magnitudes'])
1.0085558891296387 GB allocated
8.646484375 GB reserved
dict_keys(['index', 'mixture_magnitude', 'mixture_phase', 'source_phase', 'mix_magnitude', 'ideal_binary_mask', 'source_magnitudes'])
1.009408950805664 GB allocated
8.646484375 GB reserved
dict_keys(['index', 'mixture_magnitude', 'mixture_phase', 'source_phase', 'mix_magnitude', 'ideal_binary_mask', 'source_magnitudes'])
1.009408950805664 GB allocated
8.646484375 GB reserved
dict_keys(['index', 'mixture_magnitude', 'mixture_phase', 'source_phase', 'mix_magnitude', 'ideal_binary_mask', 'source_magnitudes'])
1.009408950805664 GB allocated
8.646484375 GB reserved
dict_keys(['index', 'mixture_magnitude', 'mixture_phase', 'source_phase', 'mix_magnitude', 'ideal_binary_mask', 'source_magnitudes'])
1.0085558891296387 GB allocated
8.646484375 GB reserved
dict_keys(['index', 'mixture_magnitude', 'mixture_phase', 'source_phase', 'mix_magnitude', 'ideal_binary_mask', 'source_magnitudes'])
1.009408950805664 GB allocated
8.646484375 GB reserved
dict_keys(['index', 'mixture_magnitude', 'mixture_phase', 'source_phase', 'mix_magnitude', 'ideal_binary_mask', 'source_magnitudes'])
1.009408950805664 GB allocated
8.646484375 GB reserved
dict_keys(['index', 'mixture_magnitude', 'mixture_phase', 'source_phase', 'mix_magnitude', 'ideal_binary_mask', 'source_magnitudes'])
1.009408950805664 GB allocated
8.646484375 GB reserved
dict_keys(['index', 'mixture_magnitude', 'mixture_phase', 'source_phase', 'mix_magnitude', 'ideal_binary_mask', 'source_magnitudes'])
1.0085558891296387 GB allocated
8.646484375 GB reserved
dict_keys(['index', 'mixture_magnitude', 'mixture_phase', 'source_phase', 'mix_magnitude', 'ideal_binary_mask', 'source_magnitudes'])
1.009408950805664 GB allocated
8.646484375 GB reserved
dict_keys(['index', 'mixture_magnitude', 'mixture_phase', 'source_phase', 'mix_magnitude', 'ideal_binary_mask', 'source_magnitudes'])
1.009408950805664 GB allocated
8.646484375 GB reserved
dict_keys(['index', 'mixture_magnitude', 'mixture_phase', 'source_phase', 'mix_magnitude', 'ideal_binary_mask', 'source_magnitudes'])
1.009408950805664 GB allocated
8.646484375 GB reserved
dict_keys(['index', 'mixture_magnitude', 'mixture_phase', 'source_phase', 'mix_magnitude', 'ideal_binary_mask', 'source_magnitudes'])
1.0085558891296387 GB allocated
8.646484375 GB reserved
dict_keys(['index', 'mixture_magnitude', 'mixture_phase', 'source_phase', 'mix_magnitude', 'ideal_binary_mask', 'source_magnitudes'])
1.009408950805664 GB allocated
8.646484375 GB reserved
dict_keys(['index', 'mixture_magnitude', 'mixture_phase', 'source_phase', 'mix_magnitude', 'ideal_binary_mask', 'source_magnitudes'])
1.009408950805664 GB allocated
8.646484375 GB reserved
dict_keys(['index', 'mixture_magnitude', 'mixture_phase', 'source_phase', 'mix_magnitude', 'ideal_binary_mask', 'source_magnitudes'])
1.009408950805664 GB allocated
8.646484375 GB reserved
dict_keys(['index', 'mixture_magnitude', 'mixture_phase', 'source_phase', 'mix_magnitude', 'ideal_binary_mask', 'source_magnitudes'])
[Validator] Epoch 7 - val_loss: 0.999639
[BEST CHECKPOINT] Guardado/actualizado en: checkpoints\Mis_modelos_v2\advanced\l_mrs checkpoints\4stems\best_checkpoint_7_val_loss=-0.9996.pt
06/10/2026 11:26:12 PM | engine.py:1037 Engine run finished. Time taken: 00:01:08.347
[Epoch 7] train_loss=1.022983 | val_loss=0.999639
06/10/2026 11:26:12 PM | engine.py:1010 Epoch[7] Complete. Time taken: 00:40:57.873
1.0085558891296387 GB allocated
8.646484375 GB reserved
dict_keys(['index', 'mixture_magnitude', 'mixture_phase', 'source_phase', 'mix_magnitude', 'ideal_binary_mask', 'source_magnitudes'])
1.009408950805664 GB allocated
8.646484375 GB reserved
dict_keys(['index', 'mixture_magnitude', 'mixture_phase', 'source_phase', 'mix_magnitude', 'ideal_binary_mask', 'source_magnitudes'])
1.009408950805664 GB allocated
8.646484375 GB reserved
dict_keys(['index', 'mixture_magnitude', 'mixture_phase', 'source_phase', 'mix_magnitude', 'ideal_binary_mask', 'source_magnitudes'])
1.009408950805664 GB allocated
8.646484375 GB reserved
dict_keys(['index', 'mixture_magnitude', 'mixture_phase', 'source_phase', 'mix_magnitude', 'ideal_binary_mask', 'source_magnitudes'])
1.0085558891296387 GB allocated
8.646484375 GB reserved
dict_keys(['index', 'mixture_magnitude', 'mixture_phase', 'source_phase', 'mix_magnitude', 'ideal_binary_mask', 'source_magnitudes'])
1.009408950805664 GB allocated
8.646484375 GB reserved
dict_keys(['index', 'mixture_magnitude', 'mixture_phase', 'source_phase', 'mix_magnitude', 'ideal_binary_mask', 'source_magnitudes'])
1.009408950805664 GB allocated
8.646484375 GB reserved
dict_keys(['index', 'mixture_magnitude', 'mixture_phase', 'source_phase', 'mix_magnitude', 'ideal_binary_mask', 'source_magnitudes'])
1.009408950805664 GB allocated
8.646484375 GB reserved
dict_keys(['index', 'mixture_magnitude', 'mixture_phase', 'source_phase', 'mix_magnitude', 'ideal_binary_mask', 'source_magnitudes'])
1.0085558891296387 GB allocated
8.646484375 GB reserved
dict_keys(['index', 'mixture_magnitude', 'mixture_phase', 'source_phase', 'mix_magnitude', 'ideal_binary_mask', 'source_magnitudes'])
1.009408950805664 GB allocated
8.646484375 GB reserved
dict_keys(['index', 'mixture_magnitude', 'mixture_phase', 'source_phase', 'mix_magnitude', 'ideal_binary_mask', 'source_magnitudes'])
1.009408950805664 GB allocated
8.646484375 GB reserved
dict_keys(['index', 'mixture_magnitude', 'mixture_phase', 'source_phase', 'mix_magnitude', 'ideal_binary_mask', 'source_magnitudes'])
1.009408950805664 GB allocated
8.646484375 GB reserved
dict_keys(['index', 'mixture_magnitude', 'mixture_phase', 'source_phase', 'mix_magnitude', 'ideal_binary_mask', 'source_magnitudes'])
1.0085558891296387 GB allocated
8.646484375 GB reserved
dict_keys(['index', 'mixture_magnitude', 'mixture_phase', 'source_phase', 'mix_magnitude', 'ideal_binary_mask', 'source_magnitudes'])
1.009408950805664 GB allocated
8.646484375 GB reserved
dict_keys(['index', 'mixture_magnitude', 'mixture_phase', 'source_phase', 'mix_magnitude', 'ideal_binary_mask', 'source_magnitudes'])
1.009408950805664 GB allocated
8.646484375 GB reserved
dict_keys(['index', 'mixture_magnitude', 'mixture_phase', 'source_phase', 'mix_magnitude', 'ideal_binary_mask', 'source_magnitudes'])
1.009408950805664 GB allocated
8.646484375 GB reserved
dict_keys(['index', 'mixture_magnitude', 'mixture_phase', 'source_phase', 'mix_magnitude', 'ideal_binary_mask', 'source_magnitudes'])
1.0085558891296387 GB allocated
8.646484375 GB reserved
dict_keys(['index', 'mixture_magnitude', 'mixture_phase', 'source_phase', 'mix_magnitude', 'ideal_binary_mask', 'source_magnitudes'])
1.009408950805664 GB allocated
8.646484375 GB reserved
dict_keys(['index', 'mixture_magnitude', 'mixture_phase', 'source_phase', 'mix_magnitude', 'ideal_binary_mask', 'source_magnitudes'])
1.009408950805664 GB allocated
8.646484375 GB reserved
dict_keys(['index', 'mixture_magnitude', 'mixture_phase', 'source_phase', 'mix_magnitude', 'ideal_binary_mask', 'source_magnitudes'])
1.009408950805664 GB allocated
8.646484375 GB reserved
dict_keys(['index', 'mixture_magnitude', 'mixture_phase', 'source_phase', 'mix_magnitude', 'ideal_binary_mask', 'source_magnitudes'])
1.0085558891296387 GB allocated
8.646484375 GB reserved
dict_keys(['index', 'mixture_magnitude', 'mixture_phase', 'source_phase', 'mix_magnitude', 'ideal_binary_mask', 'source_magnitudes'])
1.009408950805664 GB allocated
8.646484375 GB reserved
dict_keys(['index', 'mixture_magnitude', 'mixture_phase', 'source_phase', 'mix_magnitude', 'ideal_binary_mask', 'source_magnitudes'])
1.009408950805664 GB allocated
8.646484375 GB reserved
dict_keys(['index', 'mixture_magnitude', 'mixture_phase', 'source_phase', 'mix_magnitude', 'ideal_binary_mask', 'source_magnitudes'])
1.009408950805664 GB allocated
8.646484375 GB reserved
dict_keys(['index', 'mixture_magnitude', 'mixture_phase', 'source_phase', 'mix_magnitude', 'ideal_binary_mask', 'source_magnitudes'])
1.0085558891296387 GB allocated
8.646484375 GB reserved
dict_keys(['index', 'mixture_magnitude', 'mixture_phase', 'source_phase', 'mix_magnitude', 'ideal_binary_mask', 'source_magnitudes'])
1.009408950805664 GB allocated
8.646484375 GB reserved
dict_keys(['index', 'mixture_magnitude', 'mixture_phase', 'source_phase', 'mix_magnitude', 'ideal_binary_mask', 'source_magnitudes'])
1.009408950805664 GB allocated
8.646484375 GB reserved
dict_keys(['index', 'mixture_magnitude', 'mixture_phase', 'source_phase', 'mix_magnitude', 'ideal_binary_mask', 'source_magnitudes'])
1.009408950805664 GB allocated
8.646484375 GB reserved
dict_keys(['index', 'mixture_magnitude', 'mixture_phase', 'source_phase', 'mix_magnitude', 'ideal_binary_mask', 'source_magnitudes'])
1.0085558891296387 GB allocated
8.646484375 GB reserved
dict_keys(['index', 'mixture_magnitude', 'mixture_phase', 'source_phase', 'mix_magnitude', 'ideal_binary_mask', 'source_magnitudes'])
1.009408950805664 GB allocated
8.646484375 GB reserved
dict_keys(['index', 'mixture_magnitude', 'mixture_phase', 'source_phase', 'mix_magnitude', 'ideal_binary_mask', 'source_magnitudes'])
1.009408950805664 GB allocated
8.646484375 GB reserved
dict_keys(['index', 'mixture_magnitude', 'mixture_phase', 'source_phase', 'mix_magnitude', 'ideal_binary_mask', 'source_magnitudes'])
1.009408950805664 GB allocated
8.646484375 GB reserved
dict_keys(['index', 'mixture_magnitude', 'mixture_phase', 'source_phase', 'mix_magnitude', 'ideal_binary_mask', 'source_magnitudes'])
1.0085558891296387 GB allocated
8.646484375 GB reserved
dict_keys(['index', 'mixture_magnitude', 'mixture_phase', 'source_phase', 'mix_magnitude', 'ideal_binary_mask', 'source_magnitudes'])
1.009408950805664 GB allocated
8.646484375 GB reserved
dict_keys(['index', 'mixture_magnitude', 'mixture_phase', 'source_phase', 'mix_magnitude', 'ideal_binary_mask', 'source_magnitudes'])
1.009408950805664 GB allocated
8.646484375 GB reserved
dict_keys(['index', 'mixture_magnitude', 'mixture_phase', 'source_phase', 'mix_magnitude', 'ideal_binary_mask', 'source_magnitudes'])
1.009408950805664 GB allocated
8.646484375 GB reserved
dict_keys(['index', 'mixture_magnitude', 'mixture_phase', 'source_phase', 'mix_magnitude', 'ideal_binary_mask', 'source_magnitudes'])
1.0085558891296387 GB allocated
8.646484375 GB reserved
dict_keys(['index', 'mixture_magnitude', 'mixture_phase', 'source_phase', 'mix_magnitude', 'ideal_binary_mask', 'source_magnitudes'])
1.009408950805664 GB allocated
8.646484375 GB reserved
dict_keys(['index', 'mixture_magnitude', 'mixture_phase', 'source_phase', 'mix_magnitude', 'ideal_binary_mask', 'source_magnitudes'])
1.009408950805664 GB allocated
8.646484375 GB reserved
dict_keys(['index', 'mixture_magnitude', 'mixture_phase', 'source_phase', 'mix_magnitude', 'ideal_binary_mask', 'source_magnitudes'])
1.009408950805664 GB allocated
8.646484375 GB reserved
dict_keys(['index', 'mixture_magnitude', 'mixture_phase', 'source_phase', 'mix_magnitude', 'ideal_binary_mask', 'source_magnitudes'])
1.0085558891296387 GB allocated
8.646484375 GB reserved
dict_keys(['index', 'mixture_magnitude', 'mixture_phase', 'source_phase', 'mix_magnitude', 'ideal_binary_mask', 'source_magnitudes'])
1.009408950805664 GB allocated
8.646484375 GB reserved
dict_keys(['index', 'mixture_magnitude', 'mixture_phase', 'source_phase', 'mix_magnitude', 'ideal_binary_mask', 'source_magnitudes'])
1.009408950805664 GB allocated
8.646484375 GB reserved
06/11/2026 12:06:42 AM | engine.py:906 Engine run starting with max_epochs=1.
06/11/2026 12:07:50 AM | engine.py:1010 Epoch[1] Complete. Time taken: 00:01:07.994
dict_keys(['index', 'mixture_magnitude', 'mixture_phase', 'source_phase', 'mix_magnitude', 'ideal_binary_mask', 'source_magnitudes'])
1.009408950805664 GB allocated
8.646484375 GB reserved
dict_keys(['index', 'mixture_magnitude', 'mixture_phase', 'source_phase', 'mix_magnitude', 'ideal_binary_mask', 'source_magnitudes'])
1.0085558891296387 GB allocated
8.646484375 GB reserved
dict_keys(['index', 'mixture_magnitude', 'mixture_phase', 'source_phase', 'mix_magnitude', 'ideal_binary_mask', 'source_magnitudes'])
1.009408950805664 GB allocated
8.646484375 GB reserved
dict_keys(['index', 'mixture_magnitude', 'mixture_phase', 'source_phase', 'mix_magnitude', 'ideal_binary_mask', 'source_magnitudes'])
1.009408950805664 GB allocated
8.646484375 GB reserved
dict_keys(['index', 'mixture_magnitude', 'mixture_phase', 'source_phase', 'mix_magnitude', 'ideal_binary_mask', 'source_magnitudes'])
1.009408950805664 GB allocated
8.646484375 GB reserved
dict_keys(['index', 'mixture_magnitude', 'mixture_phase', 'source_phase', 'mix_magnitude', 'ideal_binary_mask', 'source_magnitudes'])
1.0085558891296387 GB allocated
8.646484375 GB reserved
dict_keys(['index', 'mixture_magnitude', 'mixture_phase', 'source_phase', 'mix_magnitude', 'ideal_binary_mask', 'source_magnitudes'])
1.009408950805664 GB allocated
8.646484375 GB reserved
dict_keys(['index', 'mixture_magnitude', 'mixture_phase', 'source_phase', 'mix_magnitude', 'ideal_binary_mask', 'source_magnitudes'])
1.009408950805664 GB allocated
8.646484375 GB reserved
dict_keys(['index', 'mixture_magnitude', 'mixture_phase', 'source_phase', 'mix_magnitude', 'ideal_binary_mask', 'source_magnitudes'])
1.009408950805664 GB allocated
8.646484375 GB reserved
dict_keys(['index', 'mixture_magnitude', 'mixture_phase', 'source_phase', 'mix_magnitude', 'ideal_binary_mask', 'source_magnitudes'])
1.0085558891296387 GB allocated
8.646484375 GB reserved
dict_keys(['index', 'mixture_magnitude', 'mixture_phase', 'source_phase', 'mix_magnitude', 'ideal_binary_mask', 'source_magnitudes'])
1.009408950805664 GB allocated
8.646484375 GB reserved
dict_keys(['index', 'mixture_magnitude', 'mixture_phase', 'source_phase', 'mix_magnitude', 'ideal_binary_mask', 'source_magnitudes'])
1.009408950805664 GB allocated
8.646484375 GB reserved
dict_keys(['index', 'mixture_magnitude', 'mixture_phase', 'source_phase', 'mix_magnitude', 'ideal_binary_mask', 'source_magnitudes'])
1.009408950805664 GB allocated
8.646484375 GB reserved
dict_keys(['index', 'mixture_magnitude', 'mixture_phase', 'source_phase', 'mix_magnitude', 'ideal_binary_mask', 'source_magnitudes'])
1.0085558891296387 GB allocated
8.646484375 GB reserved
dict_keys(['index', 'mixture_magnitude', 'mixture_phase', 'source_phase', 'mix_magnitude', 'ideal_binary_mask', 'source_magnitudes'])
1.009408950805664 GB allocated
8.646484375 GB reserved
dict_keys(['index', 'mixture_magnitude', 'mixture_phase', 'source_phase', 'mix_magnitude', 'ideal_binary_mask', 'source_magnitudes'])
1.009408950805664 GB allocated
8.646484375 GB reserved
dict_keys(['index', 'mixture_magnitude', 'mixture_phase', 'source_phase', 'mix_magnitude', 'ideal_binary_mask', 'source_magnitudes'])
1.009408950805664 GB allocated
8.646484375 GB reserved
dict_keys(['index', 'mixture_magnitude', 'mixture_phase', 'source_phase', 'mix_magnitude', 'ideal_binary_mask', 'source_magnitudes'])
1.0085558891296387 GB allocated
8.646484375 GB reserved
dict_keys(['index', 'mixture_magnitude', 'mixture_phase', 'source_phase', 'mix_magnitude', 'ideal_binary_mask', 'source_magnitudes'])
1.009408950805664 GB allocated
8.646484375 GB reserved
dict_keys(['index', 'mixture_magnitude', 'mixture_phase', 'source_phase', 'mix_magnitude', 'ideal_binary_mask', 'source_magnitudes'])
1.009408950805664 GB allocated
8.646484375 GB reserved
dict_keys(['index', 'mixture_magnitude', 'mixture_phase', 'source_phase', 'mix_magnitude', 'ideal_binary_mask', 'source_magnitudes'])
1.009408950805664 GB allocated
8.646484375 GB reserved
dict_keys(['index', 'mixture_magnitude', 'mixture_phase', 'source_phase', 'mix_magnitude', 'ideal_binary_mask', 'source_magnitudes'])
1.0085558891296387 GB allocated
8.646484375 GB reserved
dict_keys(['index', 'mixture_magnitude', 'mixture_phase', 'source_phase', 'mix_magnitude', 'ideal_binary_mask', 'source_magnitudes'])
1.009408950805664 GB allocated
8.646484375 GB reserved
dict_keys(['index', 'mixture_magnitude', 'mixture_phase', 'source_phase', 'mix_magnitude', 'ideal_binary_mask', 'source_magnitudes'])
1.009408950805664 GB allocated
8.646484375 GB reserved
dict_keys(['index', 'mixture_magnitude', 'mixture_phase', 'source_phase', 'mix_magnitude', 'ideal_binary_mask', 'source_magnitudes'])
1.009408950805664 GB allocated
8.646484375 GB reserved
dict_keys(['index', 'mixture_magnitude', 'mixture_phase', 'source_phase', 'mix_magnitude', 'ideal_binary_mask', 'source_magnitudes'])
1.0085558891296387 GB allocated
8.646484375 GB reserved
dict_keys(['index', 'mixture_magnitude', 'mixture_phase', 'source_phase', 'mix_magnitude', 'ideal_binary_mask', 'source_magnitudes'])
1.009408950805664 GB allocated
8.646484375 GB reserved
dict_keys(['index', 'mixture_magnitude', 'mixture_phase', 'source_phase', 'mix_magnitude', 'ideal_binary_mask', 'source_magnitudes'])
1.009408950805664 GB allocated
8.646484375 GB reserved
dict_keys(['index', 'mixture_magnitude', 'mixture_phase', 'source_phase', 'mix_magnitude', 'ideal_binary_mask', 'source_magnitudes'])
1.009408950805664 GB allocated
8.646484375 GB reserved
dict_keys(['index', 'mixture_magnitude', 'mixture_phase', 'source_phase', 'mix_magnitude', 'ideal_binary_mask', 'source_magnitudes'])
1.0085558891296387 GB allocated
8.646484375 GB reserved
dict_keys(['index', 'mixture_magnitude', 'mixture_phase', 'source_phase', 'mix_magnitude', 'ideal_binary_mask', 'source_magnitudes'])
1.009408950805664 GB allocated
8.646484375 GB reserved
dict_keys(['index', 'mixture_magnitude', 'mixture_phase', 'source_phase', 'mix_magnitude', 'ideal_binary_mask', 'source_magnitudes'])
1.009408950805664 GB allocated
8.646484375 GB reserved
dict_keys(['index', 'mixture_magnitude', 'mixture_phase', 'source_phase', 'mix_magnitude', 'ideal_binary_mask', 'source_magnitudes'])
1.009408950805664 GB allocated
8.646484375 GB reserved
dict_keys(['index', 'mixture_magnitude', 'mixture_phase', 'source_phase', 'mix_magnitude', 'ideal_binary_mask', 'source_magnitudes'])
1.0085558891296387 GB allocated
8.646484375 GB reserved
dict_keys(['index', 'mixture_magnitude', 'mixture_phase', 'source_phase', 'mix_magnitude', 'ideal_binary_mask', 'source_magnitudes'])
1.009408950805664 GB allocated
8.646484375 GB reserved
dict_keys(['index', 'mixture_magnitude', 'mixture_phase', 'source_phase', 'mix_magnitude', 'ideal_binary_mask', 'source_magnitudes'])
1.009408950805664 GB allocated
8.646484375 GB reserved
dict_keys(['index', 'mixture_magnitude', 'mixture_phase', 'source_phase', 'mix_magnitude', 'ideal_binary_mask', 'source_magnitudes'])
1.009408950805664 GB allocated
8.646484375 GB reserved
dict_keys(['index', 'mixture_magnitude', 'mixture_phase', 'source_phase', 'mix_magnitude', 'ideal_binary_mask', 'source_magnitudes'])
1.0085558891296387 GB allocated
8.646484375 GB reserved
dict_keys(['index', 'mixture_magnitude', 'mixture_phase', 'source_phase', 'mix_magnitude', 'ideal_binary_mask', 'source_magnitudes'])
1.009408950805664 GB allocated
8.646484375 GB reserved
dict_keys(['index', 'mixture_magnitude', 'mixture_phase', 'source_phase', 'mix_magnitude', 'ideal_binary_mask', 'source_magnitudes'])
1.009408950805664 GB allocated
8.646484375 GB reserved
dict_keys(['index', 'mixture_magnitude', 'mixture_phase', 'source_phase', 'mix_magnitude', 'ideal_binary_mask', 'source_magnitudes'])
1.009408950805664 GB allocated
8.646484375 GB reserved
dict_keys(['index', 'mixture_magnitude', 'mixture_phase', 'source_phase', 'mix_magnitude', 'ideal_binary_mask', 'source_magnitudes'])
1.0085558891296387 GB allocated
8.646484375 GB reserved
dict_keys(['index', 'mixture_magnitude', 'mixture_phase', 'source_phase', 'mix_magnitude', 'ideal_binary_mask', 'source_magnitudes'])
1.009408950805664 GB allocated
8.646484375 GB reserved
dict_keys(['index', 'mixture_magnitude', 'mixture_phase', 'source_phase', 'mix_magnitude', 'ideal_binary_mask', 'source_magnitudes'])
1.009408950805664 GB allocated
8.646484375 GB reserved
dict_keys(['index', 'mixture_magnitude', 'mixture_phase', 'source_phase', 'mix_magnitude', 'ideal_binary_mask', 'source_magnitudes'])
1.009408950805664 GB allocated
8.646484375 GB reserved
dict_keys(['index', 'mixture_magnitude', 'mixture_phase', 'source_phase', 'mix_magnitude', 'ideal_binary_mask', 'source_magnitudes'])
1.0085558891296387 GB allocated
8.646484375 GB reserved
dict_keys(['index', 'mixture_magnitude', 'mixture_phase', 'source_phase', 'mix_magnitude', 'ideal_binary_mask', 'source_magnitudes'])
1.009408950805664 GB allocated
8.646484375 GB reserved
dict_keys(['index', 'mixture_magnitude', 'mixture_phase', 'source_phase', 'mix_magnitude', 'ideal_binary_mask', 'source_magnitudes'])
1.009408950805664 GB allocated
8.646484375 GB reserved
dict_keys(['index', 'mixture_magnitude', 'mixture_phase', 'source_phase', 'mix_magnitude', 'ideal_binary_mask', 'source_magnitudes'])
1.009408950805664 GB allocated
8.646484375 GB reserved
dict_keys(['index', 'mixture_magnitude', 'mixture_phase', 'source_phase', 'mix_magnitude', 'ideal_binary_mask', 'source_magnitudes'])
1.0085558891296387 GB allocated
8.646484375 GB reserved
dict_keys(['index', 'mixture_magnitude', 'mixture_phase', 'source_phase', 'mix_magnitude', 'ideal_binary_mask', 'source_magnitudes'])
1.009408950805664 GB allocated
8.646484375 GB reserved
dict_keys(['index', 'mixture_magnitude', 'mixture_phase', 'source_phase', 'mix_magnitude', 'ideal_binary_mask', 'source_magnitudes'])
1.009408950805664 GB allocated
8.646484375 GB reserved
dict_keys(['index', 'mixture_magnitude', 'mixture_phase', 'source_phase', 'mix_magnitude', 'ideal_binary_mask', 'source_magnitudes'])
1.009408950805664 GB allocated
8.646484375 GB reserved
dict_keys(['index', 'mixture_magnitude', 'mixture_phase', 'source_phase', 'mix_magnitude', 'ideal_binary_mask', 'source_magnitudes'])
1.0085558891296387 GB allocated
8.646484375 GB reserved
dict_keys(['index', 'mixture_magnitude', 'mixture_phase', 'source_phase', 'mix_magnitude', 'ideal_binary_mask', 'source_magnitudes'])
1.009408950805664 GB allocated
8.646484375 GB reserved
dict_keys(['index', 'mixture_magnitude', 'mixture_phase', 'source_phase', 'mix_magnitude', 'ideal_binary_mask', 'source_magnitudes'])
1.009408950805664 GB allocated
8.646484375 GB reserved
dict_keys(['index', 'mixture_magnitude', 'mixture_phase', 'source_phase', 'mix_magnitude', 'ideal_binary_mask', 'source_magnitudes'])
1.009408950805664 GB allocated
8.646484375 GB reserved
dict_keys(['index', 'mixture_magnitude', 'mixture_phase', 'source_phase', 'mix_magnitude', 'ideal_binary_mask', 'source_magnitudes'])
[Validator] Epoch 8 - val_loss: 0.988930
[BEST CHECKPOINT] Guardado/actualizado en: checkpoints\Mis_modelos_v2\advanced\l_mrs checkpoints\4stems\best_checkpoint_8_val_loss=-0.9889.pt
06/11/2026 12:07:50 AM | engine.py:1037 Engine run finished. Time taken: 00:01:08.003
[Epoch 8] train_loss=1.015038 | val_loss=0.988930
06/11/2026 12:07:50 AM | engine.py:1010 Epoch[8] Complete. Time taken: 00:41:37.653
1.0085558891296387 GB allocated
8.646484375 GB reserved
dict_keys(['index', 'mixture_magnitude', 'mixture_phase', 'source_phase', 'mix_magnitude', 'ideal_binary_mask', 'source_magnitudes'])
1.009408950805664 GB allocated
8.646484375 GB reserved
dict_keys(['index', 'mixture_magnitude', 'mixture_phase', 'source_phase', 'mix_magnitude', 'ideal_binary_mask', 'source_magnitudes'])
1.009408950805664 GB allocated
8.646484375 GB reserved
dict_keys(['index', 'mixture_magnitude', 'mixture_phase', 'source_phase', 'mix_magnitude', 'ideal_binary_mask', 'source_magnitudes'])
1.009408950805664 GB allocated
8.646484375 GB reserved
dict_keys(['index', 'mixture_magnitude', 'mixture_phase', 'source_phase', 'mix_magnitude', 'ideal_binary_mask', 'source_magnitudes'])
1.0085558891296387 GB allocated
8.646484375 GB reserved
dict_keys(['index', 'mixture_magnitude', 'mixture_phase', 'source_phase', 'mix_magnitude', 'ideal_binary_mask', 'source_magnitudes'])
1.009408950805664 GB allocated
8.646484375 GB reserved
dict_keys(['index', 'mixture_magnitude', 'mixture_phase', 'source_phase', 'mix_magnitude', 'ideal_binary_mask', 'source_magnitudes'])
1.009408950805664 GB allocated
8.646484375 GB reserved
dict_keys(['index', 'mixture_magnitude', 'mixture_phase', 'source_phase', 'mix_magnitude', 'ideal_binary_mask', 'source_magnitudes'])
1.009408950805664 GB allocated
8.646484375 GB reserved
dict_keys(['index', 'mixture_magnitude', 'mixture_phase', 'source_phase', 'mix_magnitude', 'ideal_binary_mask', 'source_magnitudes'])
1.0085558891296387 GB allocated
8.646484375 GB reserved
dict_keys(['index', 'mixture_magnitude', 'mixture_phase', 'source_phase', 'mix_magnitude', 'ideal_binary_mask', 'source_magnitudes'])
1.009408950805664 GB allocated
8.646484375 GB reserved
dict_keys(['index', 'mixture_magnitude', 'mixture_phase', 'source_phase', 'mix_magnitude', 'ideal_binary_mask', 'source_magnitudes'])
1.009408950805664 GB allocated
8.646484375 GB reserved
dict_keys(['index', 'mixture_magnitude', 'mixture_phase', 'source_phase', 'mix_magnitude', 'ideal_binary_mask', 'source_magnitudes'])
1.009408950805664 GB allocated
8.646484375 GB reserved
dict_keys(['index', 'mixture_magnitude', 'mixture_phase', 'source_phase', 'mix_magnitude', 'ideal_binary_mask', 'source_magnitudes'])
1.0085558891296387 GB allocated
8.646484375 GB reserved
dict_keys(['index', 'mixture_magnitude', 'mixture_phase', 'source_phase', 'mix_magnitude', 'ideal_binary_mask', 'source_magnitudes'])
1.009408950805664 GB allocated
8.646484375 GB reserved
dict_keys(['index', 'mixture_magnitude', 'mixture_phase', 'source_phase', 'mix_magnitude', 'ideal_binary_mask', 'source_magnitudes'])
1.009408950805664 GB allocated
8.646484375 GB reserved
dict_keys(['index', 'mixture_magnitude', 'mixture_phase', 'source_phase', 'mix_magnitude', 'ideal_binary_mask', 'source_magnitudes'])
1.009408950805664 GB allocated
8.646484375 GB reserved
dict_keys(['index', 'mixture_magnitude', 'mixture_phase', 'source_phase', 'mix_magnitude', 'ideal_binary_mask', 'source_magnitudes'])
1.0085558891296387 GB allocated
8.646484375 GB reserved
dict_keys(['index', 'mixture_magnitude', 'mixture_phase', 'source_phase', 'mix_magnitude', 'ideal_binary_mask', 'source_magnitudes'])
1.009408950805664 GB allocated
8.646484375 GB reserved
dict_keys(['index', 'mixture_magnitude', 'mixture_phase', 'source_phase', 'mix_magnitude', 'ideal_binary_mask', 'source_magnitudes'])
1.009408950805664 GB allocated
8.646484375 GB reserved
dict_keys(['index', 'mixture_magnitude', 'mixture_phase', 'source_phase', 'mix_magnitude', 'ideal_binary_mask', 'source_magnitudes'])
1.009408950805664 GB allocated
8.646484375 GB reserved
dict_keys(['index', 'mixture_magnitude', 'mixture_phase', 'source_phase', 'mix_magnitude', 'ideal_binary_mask', 'source_magnitudes'])
1.0085558891296387 GB allocated
8.646484375 GB reserved
dict_keys(['index', 'mixture_magnitude', 'mixture_phase', 'source_phase', 'mix_magnitude', 'ideal_binary_mask', 'source_magnitudes'])
1.009408950805664 GB allocated
8.646484375 GB reserved
dict_keys(['index', 'mixture_magnitude', 'mixture_phase', 'source_phase', 'mix_magnitude', 'ideal_binary_mask', 'source_magnitudes'])
1.009408950805664 GB allocated
8.646484375 GB reserved
dict_keys(['index', 'mixture_magnitude', 'mixture_phase', 'source_phase', 'mix_magnitude', 'ideal_binary_mask', 'source_magnitudes'])
1.009408950805664 GB allocated
8.646484375 GB reserved
dict_keys(['index', 'mixture_magnitude', 'mixture_phase', 'source_phase', 'mix_magnitude', 'ideal_binary_mask', 'source_magnitudes'])
1.0085558891296387 GB allocated
8.646484375 GB reserved
dict_keys(['index', 'mixture_magnitude', 'mixture_phase', 'source_phase', 'mix_magnitude', 'ideal_binary_mask', 'source_magnitudes'])
1.009408950805664 GB allocated
8.646484375 GB reserved
dict_keys(['index', 'mixture_magnitude', 'mixture_phase', 'source_phase', 'mix_magnitude', 'ideal_binary_mask', 'source_magnitudes'])
1.009408950805664 GB allocated
8.646484375 GB reserved
dict_keys(['index', 'mixture_magnitude', 'mixture_phase', 'source_phase', 'mix_magnitude', 'ideal_binary_mask', 'source_magnitudes'])
1.009408950805664 GB allocated
8.646484375 GB reserved
dict_keys(['index', 'mixture_magnitude', 'mixture_phase', 'source_phase', 'mix_magnitude', 'ideal_binary_mask', 'source_magnitudes'])
1.0085558891296387 GB allocated
8.646484375 GB reserved
dict_keys(['index', 'mixture_magnitude', 'mixture_phase', 'source_phase', 'mix_magnitude', 'ideal_binary_mask', 'source_magnitudes'])
1.009408950805664 GB allocated
8.646484375 GB reserved
dict_keys(['index', 'mixture_magnitude', 'mixture_phase', 'source_phase', 'mix_magnitude', 'ideal_binary_mask', 'source_magnitudes'])
1.009408950805664 GB allocated
8.646484375 GB reserved
dict_keys(['index', 'mixture_magnitude', 'mixture_phase', 'source_phase', 'mix_magnitude', 'ideal_binary_mask', 'source_magnitudes'])
1.009408950805664 GB allocated
8.646484375 GB reserved
dict_keys(['index', 'mixture_magnitude', 'mixture_phase', 'source_phase', 'mix_magnitude', 'ideal_binary_mask', 'source_magnitudes'])
1.0085558891296387 GB allocated
8.646484375 GB reserved
dict_keys(['index', 'mixture_magnitude', 'mixture_phase', 'source_phase', 'mix_magnitude', 'ideal_binary_mask', 'source_magnitudes'])
1.009408950805664 GB allocated
8.646484375 GB reserved
dict_keys(['index', 'mixture_magnitude', 'mixture_phase', 'source_phase', 'mix_magnitude', 'ideal_binary_mask', 'source_magnitudes'])
1.009408950805664 GB allocated
8.646484375 GB reserved
dict_keys(['index', 'mixture_magnitude', 'mixture_phase', 'source_phase', 'mix_magnitude', 'ideal_binary_mask', 'source_magnitudes'])
1.009408950805664 GB allocated
8.646484375 GB reserved
dict_keys(['index', 'mixture_magnitude', 'mixture_phase', 'source_phase', 'mix_magnitude', 'ideal_binary_mask', 'source_magnitudes'])
1.0085558891296387 GB allocated
8.646484375 GB reserved
dict_keys(['index', 'mixture_magnitude', 'mixture_phase', 'source_phase', 'mix_magnitude', 'ideal_binary_mask', 'source_magnitudes'])
1.009408950805664 GB allocated
8.646484375 GB reserved
dict_keys(['index', 'mixture_magnitude', 'mixture_phase', 'source_phase', 'mix_magnitude', 'ideal_binary_mask', 'source_magnitudes'])
1.009408950805664 GB allocated
8.646484375 GB reserved
dict_keys(['index', 'mixture_magnitude', 'mixture_phase', 'source_phase', 'mix_magnitude', 'ideal_binary_mask', 'source_magnitudes'])
1.009408950805664 GB allocated
8.646484375 GB reserved
dict_keys(['index', 'mixture_magnitude', 'mixture_phase', 'source_phase', 'mix_magnitude', 'ideal_binary_mask', 'source_magnitudes'])
1.0085558891296387 GB allocated
8.646484375 GB reserved
dict_keys(['index', 'mixture_magnitude', 'mixture_phase', 'source_phase', 'mix_magnitude', 'ideal_binary_mask', 'source_magnitudes'])
1.009408950805664 GB allocated
8.646484375 GB reserved
dict_keys(['index', 'mixture_magnitude', 'mixture_phase', 'source_phase', 'mix_magnitude', 'ideal_binary_mask', 'source_magnitudes'])
1.009408950805664 GB allocated
8.646484375 GB reserved
06/11/2026 12:48:16 AM | engine.py:906 Engine run starting with max_epochs=1.
06/11/2026 12:49:20 AM | engine.py:1010 Epoch[1] Complete. Time taken: 00:01:03.496
dict_keys(['index', 'mixture_magnitude', 'mixture_phase', 'source_phase', 'mix_magnitude', 'ideal_binary_mask', 'source_magnitudes'])
1.009408950805664 GB allocated
8.646484375 GB reserved
dict_keys(['index', 'mixture_magnitude', 'mixture_phase', 'source_phase', 'mix_magnitude', 'ideal_binary_mask', 'source_magnitudes'])
1.0085558891296387 GB allocated
8.646484375 GB reserved
dict_keys(['index', 'mixture_magnitude', 'mixture_phase', 'source_phase', 'mix_magnitude', 'ideal_binary_mask', 'source_magnitudes'])
1.009408950805664 GB allocated
8.646484375 GB reserved
dict_keys(['index', 'mixture_magnitude', 'mixture_phase', 'source_phase', 'mix_magnitude', 'ideal_binary_mask', 'source_magnitudes'])
1.009408950805664 GB allocated
8.646484375 GB reserved
dict_keys(['index', 'mixture_magnitude', 'mixture_phase', 'source_phase', 'mix_magnitude', 'ideal_binary_mask', 'source_magnitudes'])
1.009408950805664 GB allocated
8.646484375 GB reserved
dict_keys(['index', 'mixture_magnitude', 'mixture_phase', 'source_phase', 'mix_magnitude', 'ideal_binary_mask', 'source_magnitudes'])
1.0085558891296387 GB allocated
8.646484375 GB reserved
dict_keys(['index', 'mixture_magnitude', 'mixture_phase', 'source_phase', 'mix_magnitude', 'ideal_binary_mask', 'source_magnitudes'])
1.009408950805664 GB allocated
8.646484375 GB reserved
dict_keys(['index', 'mixture_magnitude', 'mixture_phase', 'source_phase', 'mix_magnitude', 'ideal_binary_mask', 'source_magnitudes'])
1.009408950805664 GB allocated
8.646484375 GB reserved
dict_keys(['index', 'mixture_magnitude', 'mixture_phase', 'source_phase', 'mix_magnitude', 'ideal_binary_mask', 'source_magnitudes'])
1.009408950805664 GB allocated
8.646484375 GB reserved
dict_keys(['index', 'mixture_magnitude', 'mixture_phase', 'source_phase', 'mix_magnitude', 'ideal_binary_mask', 'source_magnitudes'])
1.0085558891296387 GB allocated
8.646484375 GB reserved
dict_keys(['index', 'mixture_magnitude', 'mixture_phase', 'source_phase', 'mix_magnitude', 'ideal_binary_mask', 'source_magnitudes'])
1.009408950805664 GB allocated
8.646484375 GB reserved
dict_keys(['index', 'mixture_magnitude', 'mixture_phase', 'source_phase', 'mix_magnitude', 'ideal_binary_mask', 'source_magnitudes'])
1.009408950805664 GB allocated
8.646484375 GB reserved
dict_keys(['index', 'mixture_magnitude', 'mixture_phase', 'source_phase', 'mix_magnitude', 'ideal_binary_mask', 'source_magnitudes'])
1.009408950805664 GB allocated
8.646484375 GB reserved
dict_keys(['index', 'mixture_magnitude', 'mixture_phase', 'source_phase', 'mix_magnitude', 'ideal_binary_mask', 'source_magnitudes'])
1.0085558891296387 GB allocated
8.646484375 GB reserved
dict_keys(['index', 'mixture_magnitude', 'mixture_phase', 'source_phase', 'mix_magnitude', 'ideal_binary_mask', 'source_magnitudes'])
1.009408950805664 GB allocated
8.646484375 GB reserved
dict_keys(['index', 'mixture_magnitude', 'mixture_phase', 'source_phase', 'mix_magnitude', 'ideal_binary_mask', 'source_magnitudes'])
1.009408950805664 GB allocated
8.646484375 GB reserved
dict_keys(['index', 'mixture_magnitude', 'mixture_phase', 'source_phase', 'mix_magnitude', 'ideal_binary_mask', 'source_magnitudes'])
1.009408950805664 GB allocated
8.646484375 GB reserved
dict_keys(['index', 'mixture_magnitude', 'mixture_phase', 'source_phase', 'mix_magnitude', 'ideal_binary_mask', 'source_magnitudes'])
1.0085558891296387 GB allocated
8.646484375 GB reserved
dict_keys(['index', 'mixture_magnitude', 'mixture_phase', 'source_phase', 'mix_magnitude', 'ideal_binary_mask', 'source_magnitudes'])
1.009408950805664 GB allocated
8.646484375 GB reserved
dict_keys(['index', 'mixture_magnitude', 'mixture_phase', 'source_phase', 'mix_magnitude', 'ideal_binary_mask', 'source_magnitudes'])
1.009408950805664 GB allocated
8.646484375 GB reserved
dict_keys(['index', 'mixture_magnitude', 'mixture_phase', 'source_phase', 'mix_magnitude', 'ideal_binary_mask', 'source_magnitudes'])
1.009408950805664 GB allocated
8.646484375 GB reserved
dict_keys(['index', 'mixture_magnitude', 'mixture_phase', 'source_phase', 'mix_magnitude', 'ideal_binary_mask', 'source_magnitudes'])
1.0085558891296387 GB allocated
8.646484375 GB reserved
dict_keys(['index', 'mixture_magnitude', 'mixture_phase', 'source_phase', 'mix_magnitude', 'ideal_binary_mask', 'source_magnitudes'])
1.009408950805664 GB allocated
8.646484375 GB reserved
dict_keys(['index', 'mixture_magnitude', 'mixture_phase', 'source_phase', 'mix_magnitude', 'ideal_binary_mask', 'source_magnitudes'])
1.009408950805664 GB allocated
8.646484375 GB reserved
dict_keys(['index', 'mixture_magnitude', 'mixture_phase', 'source_phase', 'mix_magnitude', 'ideal_binary_mask', 'source_magnitudes'])
1.009408950805664 GB allocated
8.646484375 GB reserved
dict_keys(['index', 'mixture_magnitude', 'mixture_phase', 'source_phase', 'mix_magnitude', 'ideal_binary_mask', 'source_magnitudes'])
1.0085558891296387 GB allocated
8.646484375 GB reserved
dict_keys(['index', 'mixture_magnitude', 'mixture_phase', 'source_phase', 'mix_magnitude', 'ideal_binary_mask', 'source_magnitudes'])
1.009408950805664 GB allocated
8.646484375 GB reserved
dict_keys(['index', 'mixture_magnitude', 'mixture_phase', 'source_phase', 'mix_magnitude', 'ideal_binary_mask', 'source_magnitudes'])
1.009408950805664 GB allocated
8.646484375 GB reserved
dict_keys(['index', 'mixture_magnitude', 'mixture_phase', 'source_phase', 'mix_magnitude', 'ideal_binary_mask', 'source_magnitudes'])
1.009408950805664 GB allocated
8.646484375 GB reserved
dict_keys(['index', 'mixture_magnitude', 'mixture_phase', 'source_phase', 'mix_magnitude', 'ideal_binary_mask', 'source_magnitudes'])
1.0085558891296387 GB allocated
8.646484375 GB reserved
dict_keys(['index', 'mixture_magnitude', 'mixture_phase', 'source_phase', 'mix_magnitude', 'ideal_binary_mask', 'source_magnitudes'])
1.009408950805664 GB allocated
8.646484375 GB reserved
dict_keys(['index', 'mixture_magnitude', 'mixture_phase', 'source_phase', 'mix_magnitude', 'ideal_binary_mask', 'source_magnitudes'])
1.009408950805664 GB allocated
8.646484375 GB reserved
dict_keys(['index', 'mixture_magnitude', 'mixture_phase', 'source_phase', 'mix_magnitude', 'ideal_binary_mask', 'source_magnitudes'])
1.009408950805664 GB allocated
8.646484375 GB reserved
dict_keys(['index', 'mixture_magnitude', 'mixture_phase', 'source_phase', 'mix_magnitude', 'ideal_binary_mask', 'source_magnitudes'])
1.0085558891296387 GB allocated
8.646484375 GB reserved
dict_keys(['index', 'mixture_magnitude', 'mixture_phase', 'source_phase', 'mix_magnitude', 'ideal_binary_mask', 'source_magnitudes'])
1.009408950805664 GB allocated
8.646484375 GB reserved
dict_keys(['index', 'mixture_magnitude', 'mixture_phase', 'source_phase', 'mix_magnitude', 'ideal_binary_mask', 'source_magnitudes'])
1.009408950805664 GB allocated
8.646484375 GB reserved
dict_keys(['index', 'mixture_magnitude', 'mixture_phase', 'source_phase', 'mix_magnitude', 'ideal_binary_mask', 'source_magnitudes'])
1.009408950805664 GB allocated
8.646484375 GB reserved
dict_keys(['index', 'mixture_magnitude', 'mixture_phase', 'source_phase', 'mix_magnitude', 'ideal_binary_mask', 'source_magnitudes'])
1.0085558891296387 GB allocated
8.646484375 GB reserved
dict_keys(['index', 'mixture_magnitude', 'mixture_phase', 'source_phase', 'mix_magnitude', 'ideal_binary_mask', 'source_magnitudes'])
1.009408950805664 GB allocated
8.646484375 GB reserved
dict_keys(['index', 'mixture_magnitude', 'mixture_phase', 'source_phase', 'mix_magnitude', 'ideal_binary_mask', 'source_magnitudes'])
1.009408950805664 GB allocated
8.646484375 GB reserved
dict_keys(['index', 'mixture_magnitude', 'mixture_phase', 'source_phase', 'mix_magnitude', 'ideal_binary_mask', 'source_magnitudes'])
1.009408950805664 GB allocated
8.646484375 GB reserved
dict_keys(['index', 'mixture_magnitude', 'mixture_phase', 'source_phase', 'mix_magnitude', 'ideal_binary_mask', 'source_magnitudes'])
1.0085558891296387 GB allocated
8.646484375 GB reserved
dict_keys(['index', 'mixture_magnitude', 'mixture_phase', 'source_phase', 'mix_magnitude', 'ideal_binary_mask', 'source_magnitudes'])
1.009408950805664 GB allocated
8.646484375 GB reserved
dict_keys(['index', 'mixture_magnitude', 'mixture_phase', 'source_phase', 'mix_magnitude', 'ideal_binary_mask', 'source_magnitudes'])
1.009408950805664 GB allocated
8.646484375 GB reserved
dict_keys(['index', 'mixture_magnitude', 'mixture_phase', 'source_phase', 'mix_magnitude', 'ideal_binary_mask', 'source_magnitudes'])
1.009408950805664 GB allocated
8.646484375 GB reserved
dict_keys(['index', 'mixture_magnitude', 'mixture_phase', 'source_phase', 'mix_magnitude', 'ideal_binary_mask', 'source_magnitudes'])
1.0085558891296387 GB allocated
8.646484375 GB reserved
dict_keys(['index', 'mixture_magnitude', 'mixture_phase', 'source_phase', 'mix_magnitude', 'ideal_binary_mask', 'source_magnitudes'])
1.009408950805664 GB allocated
8.646484375 GB reserved
dict_keys(['index', 'mixture_magnitude', 'mixture_phase', 'source_phase', 'mix_magnitude', 'ideal_binary_mask', 'source_magnitudes'])
1.009408950805664 GB allocated
8.646484375 GB reserved
dict_keys(['index', 'mixture_magnitude', 'mixture_phase', 'source_phase', 'mix_magnitude', 'ideal_binary_mask', 'source_magnitudes'])
1.009408950805664 GB allocated
8.646484375 GB reserved
dict_keys(['index', 'mixture_magnitude', 'mixture_phase', 'source_phase', 'mix_magnitude', 'ideal_binary_mask', 'source_magnitudes'])
1.0085558891296387 GB allocated
8.646484375 GB reserved
dict_keys(['index', 'mixture_magnitude', 'mixture_phase', 'source_phase', 'mix_magnitude', 'ideal_binary_mask', 'source_magnitudes'])
1.009408950805664 GB allocated
8.646484375 GB reserved
dict_keys(['index', 'mixture_magnitude', 'mixture_phase', 'source_phase', 'mix_magnitude', 'ideal_binary_mask', 'source_magnitudes'])
1.009408950805664 GB allocated
8.646484375 GB reserved
dict_keys(['index', 'mixture_magnitude', 'mixture_phase', 'source_phase', 'mix_magnitude', 'ideal_binary_mask', 'source_magnitudes'])
1.009408950805664 GB allocated
8.646484375 GB reserved
dict_keys(['index', 'mixture_magnitude', 'mixture_phase', 'source_phase', 'mix_magnitude', 'ideal_binary_mask', 'source_magnitudes'])
1.0085558891296387 GB allocated
8.646484375 GB reserved
dict_keys(['index', 'mixture_magnitude', 'mixture_phase', 'source_phase', 'mix_magnitude', 'ideal_binary_mask', 'source_magnitudes'])
1.009408950805664 GB allocated
8.646484375 GB reserved
dict_keys(['index', 'mixture_magnitude', 'mixture_phase', 'source_phase', 'mix_magnitude', 'ideal_binary_mask', 'source_magnitudes'])
1.009408950805664 GB allocated
8.646484375 GB reserved
dict_keys(['index', 'mixture_magnitude', 'mixture_phase', 'source_phase', 'mix_magnitude', 'ideal_binary_mask', 'source_magnitudes'])
1.009408950805664 GB allocated
8.646484375 GB reserved
dict_keys(['index', 'mixture_magnitude', 'mixture_phase', 'source_phase', 'mix_magnitude', 'ideal_binary_mask', 'source_magnitudes'])
[Validator] Epoch 9 - val_loss: 0.977747
[BEST CHECKPOINT] Guardado/actualizado en: checkpoints\Mis_modelos_v2\advanced\l_mrs checkpoints\4stems\best_checkpoint_9_val_loss=-0.9777.pt
06/11/2026 12:49:20 AM | engine.py:1037 Engine run finished. Time taken: 00:01:03.508
[Epoch 9] train_loss=1.007741 | val_loss=0.977747
06/11/2026 12:49:20 AM | engine.py:1010 Epoch[9] Complete. Time taken: 00:41:30.336
1.0085558891296387 GB allocated
8.646484375 GB reserved
dict_keys(['index', 'mixture_magnitude', 'mixture_phase', 'source_phase', 'mix_magnitude', 'ideal_binary_mask', 'source_magnitudes'])
1.009408950805664 GB allocated
8.646484375 GB reserved
dict_keys(['index', 'mixture_magnitude', 'mixture_phase', 'source_phase', 'mix_magnitude', 'ideal_binary_mask', 'source_magnitudes'])
1.009408950805664 GB allocated
8.646484375 GB reserved
dict_keys(['index', 'mixture_magnitude', 'mixture_phase', 'source_phase', 'mix_magnitude', 'ideal_binary_mask', 'source_magnitudes'])
1.009408950805664 GB allocated
8.646484375 GB reserved
dict_keys(['index', 'mixture_magnitude', 'mixture_phase', 'source_phase', 'mix_magnitude', 'ideal_binary_mask', 'source_magnitudes'])
1.0085558891296387 GB allocated
8.646484375 GB reserved
dict_keys(['index', 'mixture_magnitude', 'mixture_phase', 'source_phase', 'mix_magnitude', 'ideal_binary_mask', 'source_magnitudes'])
1.009408950805664 GB allocated
8.646484375 GB reserved
dict_keys(['index', 'mixture_magnitude', 'mixture_phase', 'source_phase', 'mix_magnitude', 'ideal_binary_mask', 'source_magnitudes'])
1.009408950805664 GB allocated
8.646484375 GB reserved
dict_keys(['index', 'mixture_magnitude', 'mixture_phase', 'source_phase', 'mix_magnitude', 'ideal_binary_mask', 'source_magnitudes'])
1.009408950805664 GB allocated
8.646484375 GB reserved
dict_keys(['index', 'mixture_magnitude', 'mixture_phase', 'source_phase', 'mix_magnitude', 'ideal_binary_mask', 'source_magnitudes'])
1.0085558891296387 GB allocated
8.646484375 GB reserved
dict_keys(['index', 'mixture_magnitude', 'mixture_phase', 'source_phase', 'mix_magnitude', 'ideal_binary_mask', 'source_magnitudes'])
1.009408950805664 GB allocated
8.646484375 GB reserved
dict_keys(['index', 'mixture_magnitude', 'mixture_phase', 'source_phase', 'mix_magnitude', 'ideal_binary_mask', 'source_magnitudes'])
1.009408950805664 GB allocated
8.646484375 GB reserved
dict_keys(['index', 'mixture_magnitude', 'mixture_phase', 'source_phase', 'mix_magnitude', 'ideal_binary_mask', 'source_magnitudes'])
1.009408950805664 GB allocated
8.646484375 GB reserved
dict_keys(['index', 'mixture_magnitude', 'mixture_phase', 'source_phase', 'mix_magnitude', 'ideal_binary_mask', 'source_magnitudes'])
1.0085558891296387 GB allocated
8.646484375 GB reserved
dict_keys(['index', 'mixture_magnitude', 'mixture_phase', 'source_phase', 'mix_magnitude', 'ideal_binary_mask', 'source_magnitudes'])
1.009408950805664 GB allocated
8.646484375 GB reserved
dict_keys(['index', 'mixture_magnitude', 'mixture_phase', 'source_phase', 'mix_magnitude', 'ideal_binary_mask', 'source_magnitudes'])
1.009408950805664 GB allocated
8.646484375 GB reserved
dict_keys(['index', 'mixture_magnitude', 'mixture_phase', 'source_phase', 'mix_magnitude', 'ideal_binary_mask', 'source_magnitudes'])
1.009408950805664 GB allocated
8.646484375 GB reserved
dict_keys(['index', 'mixture_magnitude', 'mixture_phase', 'source_phase', 'mix_magnitude', 'ideal_binary_mask', 'source_magnitudes'])
1.0085558891296387 GB allocated
8.646484375 GB reserved
dict_keys(['index', 'mixture_magnitude', 'mixture_phase', 'source_phase', 'mix_magnitude', 'ideal_binary_mask', 'source_magnitudes'])
1.009408950805664 GB allocated
8.646484375 GB reserved
dict_keys(['index', 'mixture_magnitude', 'mixture_phase', 'source_phase', 'mix_magnitude', 'ideal_binary_mask', 'source_magnitudes'])
1.009408950805664 GB allocated
8.646484375 GB reserved
dict_keys(['index', 'mixture_magnitude', 'mixture_phase', 'source_phase', 'mix_magnitude', 'ideal_binary_mask', 'source_magnitudes'])
1.009408950805664 GB allocated
8.646484375 GB reserved
dict_keys(['index', 'mixture_magnitude', 'mixture_phase', 'source_phase', 'mix_magnitude', 'ideal_binary_mask', 'source_magnitudes'])
1.0085558891296387 GB allocated
8.646484375 GB reserved
dict_keys(['index', 'mixture_magnitude', 'mixture_phase', 'source_phase', 'mix_magnitude', 'ideal_binary_mask', 'source_magnitudes'])
1.009408950805664 GB allocated
8.646484375 GB reserved
dict_keys(['index', 'mixture_magnitude', 'mixture_phase', 'source_phase', 'mix_magnitude', 'ideal_binary_mask', 'source_magnitudes'])
1.009408950805664 GB allocated
8.646484375 GB reserved
dict_keys(['index', 'mixture_magnitude', 'mixture_phase', 'source_phase', 'mix_magnitude', 'ideal_binary_mask', 'source_magnitudes'])
1.009408950805664 GB allocated
8.646484375 GB reserved
dict_keys(['index', 'mixture_magnitude', 'mixture_phase', 'source_phase', 'mix_magnitude', 'ideal_binary_mask', 'source_magnitudes'])
1.0085558891296387 GB allocated
8.646484375 GB reserved
dict_keys(['index', 'mixture_magnitude', 'mixture_phase', 'source_phase', 'mix_magnitude', 'ideal_binary_mask', 'source_magnitudes'])
1.009408950805664 GB allocated
8.646484375 GB reserved
dict_keys(['index', 'mixture_magnitude', 'mixture_phase', 'source_phase', 'mix_magnitude', 'ideal_binary_mask', 'source_magnitudes'])
1.009408950805664 GB allocated
8.646484375 GB reserved
dict_keys(['index', 'mixture_magnitude', 'mixture_phase', 'source_phase', 'mix_magnitude', 'ideal_binary_mask', 'source_magnitudes'])
1.009408950805664 GB allocated
8.646484375 GB reserved
dict_keys(['index', 'mixture_magnitude', 'mixture_phase', 'source_phase', 'mix_magnitude', 'ideal_binary_mask', 'source_magnitudes'])
1.0085558891296387 GB allocated
8.646484375 GB reserved
dict_keys(['index', 'mixture_magnitude', 'mixture_phase', 'source_phase', 'mix_magnitude', 'ideal_binary_mask', 'source_magnitudes'])
1.009408950805664 GB allocated
8.646484375 GB reserved
dict_keys(['index', 'mixture_magnitude', 'mixture_phase', 'source_phase', 'mix_magnitude', 'ideal_binary_mask', 'source_magnitudes'])
1.009408950805664 GB allocated
8.646484375 GB reserved
dict_keys(['index', 'mixture_magnitude', 'mixture_phase', 'source_phase', 'mix_magnitude', 'ideal_binary_mask', 'source_magnitudes'])
1.009408950805664 GB allocated
8.646484375 GB reserved
dict_keys(['index', 'mixture_magnitude', 'mixture_phase', 'source_phase', 'mix_magnitude', 'ideal_binary_mask', 'source_magnitudes'])
1.0085558891296387 GB allocated
8.646484375 GB reserved
dict_keys(['index', 'mixture_magnitude', 'mixture_phase', 'source_phase', 'mix_magnitude', 'ideal_binary_mask', 'source_magnitudes'])
1.009408950805664 GB allocated
8.646484375 GB reserved
dict_keys(['index', 'mixture_magnitude', 'mixture_phase', 'source_phase', 'mix_magnitude', 'ideal_binary_mask', 'source_magnitudes'])
1.009408950805664 GB allocated
8.646484375 GB reserved
dict_keys(['index', 'mixture_magnitude', 'mixture_phase', 'source_phase', 'mix_magnitude', 'ideal_binary_mask', 'source_magnitudes'])
1.009408950805664 GB allocated
8.646484375 GB reserved
dict_keys(['index', 'mixture_magnitude', 'mixture_phase', 'source_phase', 'mix_magnitude', 'ideal_binary_mask', 'source_magnitudes'])
1.0085558891296387 GB allocated
8.646484375 GB reserved
dict_keys(['index', 'mixture_magnitude', 'mixture_phase', 'source_phase', 'mix_magnitude', 'ideal_binary_mask', 'source_magnitudes'])
1.009408950805664 GB allocated
8.646484375 GB reserved
dict_keys(['index', 'mixture_magnitude', 'mixture_phase', 'source_phase', 'mix_magnitude', 'ideal_binary_mask', 'source_magnitudes'])
1.009408950805664 GB allocated
8.646484375 GB reserved
dict_keys(['index', 'mixture_magnitude', 'mixture_phase', 'source_phase', 'mix_magnitude', 'ideal_binary_mask', 'source_magnitudes'])
1.009408950805664 GB allocated
8.646484375 GB reserved
dict_keys(['index', 'mixture_magnitude', 'mixture_phase', 'source_phase', 'mix_magnitude', 'ideal_binary_mask', 'source_magnitudes'])
1.0085558891296387 GB allocated
8.646484375 GB reserved
dict_keys(['index', 'mixture_magnitude', 'mixture_phase', 'source_phase', 'mix_magnitude', 'ideal_binary_mask', 'source_magnitudes'])
1.009408950805664 GB allocated
8.646484375 GB reserved
dict_keys(['index', 'mixture_magnitude', 'mixture_phase', 'source_phase', 'mix_magnitude', 'ideal_binary_mask', 'source_magnitudes'])
1.009408950805664 GB allocated
8.646484375 GB reserved
06/11/2026 01:27:27 AM | engine.py:906 Engine run starting with max_epochs=1.
06/11/2026 01:28:31 AM | engine.py:1010 Epoch[1] Complete. Time taken: 00:01:03.150
dict_keys(['index', 'mixture_magnitude', 'mixture_phase', 'source_phase', 'mix_magnitude', 'ideal_binary_mask', 'source_magnitudes'])
1.009408950805664 GB allocated
8.646484375 GB reserved
dict_keys(['index', 'mixture_magnitude', 'mixture_phase', 'source_phase', 'mix_magnitude', 'ideal_binary_mask', 'source_magnitudes'])
1.0085558891296387 GB allocated
8.646484375 GB reserved
dict_keys(['index', 'mixture_magnitude', 'mixture_phase', 'source_phase', 'mix_magnitude', 'ideal_binary_mask', 'source_magnitudes'])
1.009408950805664 GB allocated
8.646484375 GB reserved
dict_keys(['index', 'mixture_magnitude', 'mixture_phase', 'source_phase', 'mix_magnitude', 'ideal_binary_mask', 'source_magnitudes'])
1.009408950805664 GB allocated
8.646484375 GB reserved
dict_keys(['index', 'mixture_magnitude', 'mixture_phase', 'source_phase', 'mix_magnitude', 'ideal_binary_mask', 'source_magnitudes'])
1.009408950805664 GB allocated
8.646484375 GB reserved
dict_keys(['index', 'mixture_magnitude', 'mixture_phase', 'source_phase', 'mix_magnitude', 'ideal_binary_mask', 'source_magnitudes'])
1.0085558891296387 GB allocated
8.646484375 GB reserved
dict_keys(['index', 'mixture_magnitude', 'mixture_phase', 'source_phase', 'mix_magnitude', 'ideal_binary_mask', 'source_magnitudes'])
1.009408950805664 GB allocated
8.646484375 GB reserved
dict_keys(['index', 'mixture_magnitude', 'mixture_phase', 'source_phase', 'mix_magnitude', 'ideal_binary_mask', 'source_magnitudes'])
1.009408950805664 GB allocated
8.646484375 GB reserved
dict_keys(['index', 'mixture_magnitude', 'mixture_phase', 'source_phase', 'mix_magnitude', 'ideal_binary_mask', 'source_magnitudes'])
1.009408950805664 GB allocated
8.646484375 GB reserved
dict_keys(['index', 'mixture_magnitude', 'mixture_phase', 'source_phase', 'mix_magnitude', 'ideal_binary_mask', 'source_magnitudes'])
1.0085558891296387 GB allocated
8.646484375 GB reserved
dict_keys(['index', 'mixture_magnitude', 'mixture_phase', 'source_phase', 'mix_magnitude', 'ideal_binary_mask', 'source_magnitudes'])
1.009408950805664 GB allocated
8.646484375 GB reserved
dict_keys(['index', 'mixture_magnitude', 'mixture_phase', 'source_phase', 'mix_magnitude', 'ideal_binary_mask', 'source_magnitudes'])
1.009408950805664 GB allocated
8.646484375 GB reserved
dict_keys(['index', 'mixture_magnitude', 'mixture_phase', 'source_phase', 'mix_magnitude', 'ideal_binary_mask', 'source_magnitudes'])
1.009408950805664 GB allocated
8.646484375 GB reserved
dict_keys(['index', 'mixture_magnitude', 'mixture_phase', 'source_phase', 'mix_magnitude', 'ideal_binary_mask', 'source_magnitudes'])
1.0085558891296387 GB allocated
8.646484375 GB reserved
dict_keys(['index', 'mixture_magnitude', 'mixture_phase', 'source_phase', 'mix_magnitude', 'ideal_binary_mask', 'source_magnitudes'])
1.009408950805664 GB allocated
8.646484375 GB reserved
dict_keys(['index', 'mixture_magnitude', 'mixture_phase', 'source_phase', 'mix_magnitude', 'ideal_binary_mask', 'source_magnitudes'])
1.009408950805664 GB allocated
8.646484375 GB reserved
dict_keys(['index', 'mixture_magnitude', 'mixture_phase', 'source_phase', 'mix_magnitude', 'ideal_binary_mask', 'source_magnitudes'])
1.009408950805664 GB allocated
8.646484375 GB reserved
dict_keys(['index', 'mixture_magnitude', 'mixture_phase', 'source_phase', 'mix_magnitude', 'ideal_binary_mask', 'source_magnitudes'])
1.0085558891296387 GB allocated
8.646484375 GB reserved
dict_keys(['index', 'mixture_magnitude', 'mixture_phase', 'source_phase', 'mix_magnitude', 'ideal_binary_mask', 'source_magnitudes'])
1.009408950805664 GB allocated
8.646484375 GB reserved
dict_keys(['index', 'mixture_magnitude', 'mixture_phase', 'source_phase', 'mix_magnitude', 'ideal_binary_mask', 'source_magnitudes'])
1.009408950805664 GB allocated
8.646484375 GB reserved
dict_keys(['index', 'mixture_magnitude', 'mixture_phase', 'source_phase', 'mix_magnitude', 'ideal_binary_mask', 'source_magnitudes'])
1.009408950805664 GB allocated
8.646484375 GB reserved
dict_keys(['index', 'mixture_magnitude', 'mixture_phase', 'source_phase', 'mix_magnitude', 'ideal_binary_mask', 'source_magnitudes'])
1.0085558891296387 GB allocated
8.646484375 GB reserved
dict_keys(['index', 'mixture_magnitude', 'mixture_phase', 'source_phase', 'mix_magnitude', 'ideal_binary_mask', 'source_magnitudes'])
1.009408950805664 GB allocated
8.646484375 GB reserved
dict_keys(['index', 'mixture_magnitude', 'mixture_phase', 'source_phase', 'mix_magnitude', 'ideal_binary_mask', 'source_magnitudes'])
1.009408950805664 GB allocated
8.646484375 GB reserved
dict_keys(['index', 'mixture_magnitude', 'mixture_phase', 'source_phase', 'mix_magnitude', 'ideal_binary_mask', 'source_magnitudes'])
1.009408950805664 GB allocated
8.646484375 GB reserved
dict_keys(['index', 'mixture_magnitude', 'mixture_phase', 'source_phase', 'mix_magnitude', 'ideal_binary_mask', 'source_magnitudes'])
1.0085558891296387 GB allocated
8.646484375 GB reserved
dict_keys(['index', 'mixture_magnitude', 'mixture_phase', 'source_phase', 'mix_magnitude', 'ideal_binary_mask', 'source_magnitudes'])
1.009408950805664 GB allocated
8.646484375 GB reserved
dict_keys(['index', 'mixture_magnitude', 'mixture_phase', 'source_phase', 'mix_magnitude', 'ideal_binary_mask', 'source_magnitudes'])
1.009408950805664 GB allocated
8.646484375 GB reserved
dict_keys(['index', 'mixture_magnitude', 'mixture_phase', 'source_phase', 'mix_magnitude', 'ideal_binary_mask', 'source_magnitudes'])
1.009408950805664 GB allocated
8.646484375 GB reserved
dict_keys(['index', 'mixture_magnitude', 'mixture_phase', 'source_phase', 'mix_magnitude', 'ideal_binary_mask', 'source_magnitudes'])
1.0085558891296387 GB allocated
8.646484375 GB reserved
dict_keys(['index', 'mixture_magnitude', 'mixture_phase', 'source_phase', 'mix_magnitude', 'ideal_binary_mask', 'source_magnitudes'])
1.009408950805664 GB allocated
8.646484375 GB reserved
dict_keys(['index', 'mixture_magnitude', 'mixture_phase', 'source_phase', 'mix_magnitude', 'ideal_binary_mask', 'source_magnitudes'])
1.009408950805664 GB allocated
8.646484375 GB reserved
dict_keys(['index', 'mixture_magnitude', 'mixture_phase', 'source_phase', 'mix_magnitude', 'ideal_binary_mask', 'source_magnitudes'])
1.009408950805664 GB allocated
8.646484375 GB reserved
dict_keys(['index', 'mixture_magnitude', 'mixture_phase', 'source_phase', 'mix_magnitude', 'ideal_binary_mask', 'source_magnitudes'])
1.0085558891296387 GB allocated
8.646484375 GB reserved
dict_keys(['index', 'mixture_magnitude', 'mixture_phase', 'source_phase', 'mix_magnitude', 'ideal_binary_mask', 'source_magnitudes'])
1.009408950805664 GB allocated
8.646484375 GB reserved
dict_keys(['index', 'mixture_magnitude', 'mixture_phase', 'source_phase', 'mix_magnitude', 'ideal_binary_mask', 'source_magnitudes'])
1.009408950805664 GB allocated
8.646484375 GB reserved
dict_keys(['index', 'mixture_magnitude', 'mixture_phase', 'source_phase', 'mix_magnitude', 'ideal_binary_mask', 'source_magnitudes'])
1.009408950805664 GB allocated
8.646484375 GB reserved
dict_keys(['index', 'mixture_magnitude', 'mixture_phase', 'source_phase', 'mix_magnitude', 'ideal_binary_mask', 'source_magnitudes'])
1.0085558891296387 GB allocated
8.646484375 GB reserved
dict_keys(['index', 'mixture_magnitude', 'mixture_phase', 'source_phase', 'mix_magnitude', 'ideal_binary_mask', 'source_magnitudes'])
1.009408950805664 GB allocated
8.646484375 GB reserved
dict_keys(['index', 'mixture_magnitude', 'mixture_phase', 'source_phase', 'mix_magnitude', 'ideal_binary_mask', 'source_magnitudes'])
1.009408950805664 GB allocated
8.646484375 GB reserved
dict_keys(['index', 'mixture_magnitude', 'mixture_phase', 'source_phase', 'mix_magnitude', 'ideal_binary_mask', 'source_magnitudes'])
1.009408950805664 GB allocated
8.646484375 GB reserved
dict_keys(['index', 'mixture_magnitude', 'mixture_phase', 'source_phase', 'mix_magnitude', 'ideal_binary_mask', 'source_magnitudes'])
1.0085558891296387 GB allocated
8.646484375 GB reserved
dict_keys(['index', 'mixture_magnitude', 'mixture_phase', 'source_phase', 'mix_magnitude', 'ideal_binary_mask', 'source_magnitudes'])
1.009408950805664 GB allocated
8.646484375 GB reserved
dict_keys(['index', 'mixture_magnitude', 'mixture_phase', 'source_phase', 'mix_magnitude', 'ideal_binary_mask', 'source_magnitudes'])
1.009408950805664 GB allocated
8.646484375 GB reserved
dict_keys(['index', 'mixture_magnitude', 'mixture_phase', 'source_phase', 'mix_magnitude', 'ideal_binary_mask', 'source_magnitudes'])
1.009408950805664 GB allocated
8.646484375 GB reserved
dict_keys(['index', 'mixture_magnitude', 'mixture_phase', 'source_phase', 'mix_magnitude', 'ideal_binary_mask', 'source_magnitudes'])
1.0085558891296387 GB allocated
8.646484375 GB reserved
dict_keys(['index', 'mixture_magnitude', 'mixture_phase', 'source_phase', 'mix_magnitude', 'ideal_binary_mask', 'source_magnitudes'])
1.009408950805664 GB allocated
8.646484375 GB reserved
dict_keys(['index', 'mixture_magnitude', 'mixture_phase', 'source_phase', 'mix_magnitude', 'ideal_binary_mask', 'source_magnitudes'])
1.009408950805664 GB allocated
8.646484375 GB reserved
dict_keys(['index', 'mixture_magnitude', 'mixture_phase', 'source_phase', 'mix_magnitude', 'ideal_binary_mask', 'source_magnitudes'])
1.009408950805664 GB allocated
8.646484375 GB reserved
dict_keys(['index', 'mixture_magnitude', 'mixture_phase', 'source_phase', 'mix_magnitude', 'ideal_binary_mask', 'source_magnitudes'])
1.0085558891296387 GB allocated
8.646484375 GB reserved
dict_keys(['index', 'mixture_magnitude', 'mixture_phase', 'source_phase', 'mix_magnitude', 'ideal_binary_mask', 'source_magnitudes'])
1.009408950805664 GB allocated
8.646484375 GB reserved
dict_keys(['index', 'mixture_magnitude', 'mixture_phase', 'source_phase', 'mix_magnitude', 'ideal_binary_mask', 'source_magnitudes'])
1.009408950805664 GB allocated
8.646484375 GB reserved
dict_keys(['index', 'mixture_magnitude', 'mixture_phase', 'source_phase', 'mix_magnitude', 'ideal_binary_mask', 'source_magnitudes'])
1.009408950805664 GB allocated
8.646484375 GB reserved
dict_keys(['index', 'mixture_magnitude', 'mixture_phase', 'source_phase', 'mix_magnitude', 'ideal_binary_mask', 'source_magnitudes'])
1.0085558891296387 GB allocated
8.646484375 GB reserved
dict_keys(['index', 'mixture_magnitude', 'mixture_phase', 'source_phase', 'mix_magnitude', 'ideal_binary_mask', 'source_magnitudes'])
1.009408950805664 GB allocated
8.646484375 GB reserved
dict_keys(['index', 'mixture_magnitude', 'mixture_phase', 'source_phase', 'mix_magnitude', 'ideal_binary_mask', 'source_magnitudes'])
1.009408950805664 GB allocated
8.646484375 GB reserved
dict_keys(['index', 'mixture_magnitude', 'mixture_phase', 'source_phase', 'mix_magnitude', 'ideal_binary_mask', 'source_magnitudes'])
1.009408950805664 GB allocated
8.646484375 GB reserved
dict_keys(['index', 'mixture_magnitude', 'mixture_phase', 'source_phase', 'mix_magnitude', 'ideal_binary_mask', 'source_magnitudes'])
[Validator] Epoch 10 - val_loss: 0.966124
[BEST CHECKPOINT] Guardado/actualizado en: checkpoints\Mis_modelos_v2\advanced\l_mrs checkpoints\4stems\best_checkpoint_10_val_loss=-0.9661.pt
06/11/2026 01:28:31 AM | engine.py:1037 Engine run finished. Time taken: 00:01:03.160
[Epoch 10] train_loss=1.000717 | val_loss=0.966124
06/11/2026 01:28:31 AM | engine.py:1010 Epoch[10] Complete. Time taken: 00:39:10.582
1.0085558891296387 GB allocated
8.646484375 GB reserved
dict_keys(['index', 'mixture_magnitude', 'mixture_phase', 'source_phase', 'mix_magnitude', 'ideal_binary_mask', 'source_magnitudes'])
1.009408950805664 GB allocated
8.646484375 GB reserved
dict_keys(['index', 'mixture_magnitude', 'mixture_phase', 'source_phase', 'mix_magnitude', 'ideal_binary_mask', 'source_magnitudes'])
1.009408950805664 GB allocated
8.646484375 GB reserved
dict_keys(['index', 'mixture_magnitude', 'mixture_phase', 'source_phase', 'mix_magnitude', 'ideal_binary_mask', 'source_magnitudes'])
1.009408950805664 GB allocated
8.646484375 GB reserved
dict_keys(['index', 'mixture_magnitude', 'mixture_phase', 'source_phase', 'mix_magnitude', 'ideal_binary_mask', 'source_magnitudes'])
1.0085558891296387 GB allocated
8.646484375 GB reserved
dict_keys(['index', 'mixture_magnitude', 'mixture_phase', 'source_phase', 'mix_magnitude', 'ideal_binary_mask', 'source_magnitudes'])
1.009408950805664 GB allocated
8.646484375 GB reserved
dict_keys(['index', 'mixture_magnitude', 'mixture_phase', 'source_phase', 'mix_magnitude', 'ideal_binary_mask', 'source_magnitudes'])
1.009408950805664 GB allocated
8.646484375 GB reserved
dict_keys(['index', 'mixture_magnitude', 'mixture_phase', 'source_phase', 'mix_magnitude', 'ideal_binary_mask', 'source_magnitudes'])
1.009408950805664 GB allocated
8.646484375 GB reserved
dict_keys(['index', 'mixture_magnitude', 'mixture_phase', 'source_phase', 'mix_magnitude', 'ideal_binary_mask', 'source_magnitudes'])
1.0085558891296387 GB allocated
8.646484375 GB reserved
dict_keys(['index', 'mixture_magnitude', 'mixture_phase', 'source_phase', 'mix_magnitude', 'ideal_binary_mask', 'source_magnitudes'])
1.009408950805664 GB allocated
8.646484375 GB reserved
dict_keys(['index', 'mixture_magnitude', 'mixture_phase', 'source_phase', 'mix_magnitude', 'ideal_binary_mask', 'source_magnitudes'])
1.009408950805664 GB allocated
8.646484375 GB reserved
dict_keys(['index', 'mixture_magnitude', 'mixture_phase', 'source_phase', 'mix_magnitude', 'ideal_binary_mask', 'source_magnitudes'])
1.009408950805664 GB allocated
8.646484375 GB reserved
dict_keys(['index', 'mixture_magnitude', 'mixture_phase', 'source_phase', 'mix_magnitude', 'ideal_binary_mask', 'source_magnitudes'])
1.0085558891296387 GB allocated
8.646484375 GB reserved
dict_keys(['index', 'mixture_magnitude', 'mixture_phase', 'source_phase', 'mix_magnitude', 'ideal_binary_mask', 'source_magnitudes'])
1.009408950805664 GB allocated
8.646484375 GB reserved
dict_keys(['index', 'mixture_magnitude', 'mixture_phase', 'source_phase', 'mix_magnitude', 'ideal_binary_mask', 'source_magnitudes'])
1.009408950805664 GB allocated
8.646484375 GB reserved
dict_keys(['index', 'mixture_magnitude', 'mixture_phase', 'source_phase', 'mix_magnitude', 'ideal_binary_mask', 'source_magnitudes'])
1.009408950805664 GB allocated
8.646484375 GB reserved
dict_keys(['index', 'mixture_magnitude', 'mixture_phase', 'source_phase', 'mix_magnitude', 'ideal_binary_mask', 'source_magnitudes'])
1.0085558891296387 GB allocated
8.646484375 GB reserved
dict_keys(['index', 'mixture_magnitude', 'mixture_phase', 'source_phase', 'mix_magnitude', 'ideal_binary_mask', 'source_magnitudes'])
1.009408950805664 GB allocated
8.646484375 GB reserved
dict_keys(['index', 'mixture_magnitude', 'mixture_phase', 'source_phase', 'mix_magnitude', 'ideal_binary_mask', 'source_magnitudes'])
1.009408950805664 GB allocated
8.646484375 GB reserved
dict_keys(['index', 'mixture_magnitude', 'mixture_phase', 'source_phase', 'mix_magnitude', 'ideal_binary_mask', 'source_magnitudes'])
1.009408950805664 GB allocated
8.646484375 GB reserved
dict_keys(['index', 'mixture_magnitude', 'mixture_phase', 'source_phase', 'mix_magnitude', 'ideal_binary_mask', 'source_magnitudes'])
1.0085558891296387 GB allocated
8.646484375 GB reserved
dict_keys(['index', 'mixture_magnitude', 'mixture_phase', 'source_phase', 'mix_magnitude', 'ideal_binary_mask', 'source_magnitudes'])
1.009408950805664 GB allocated
8.646484375 GB reserved
dict_keys(['index', 'mixture_magnitude', 'mixture_phase', 'source_phase', 'mix_magnitude', 'ideal_binary_mask', 'source_magnitudes'])
1.009408950805664 GB allocated
8.646484375 GB reserved
dict_keys(['index', 'mixture_magnitude', 'mixture_phase', 'source_phase', 'mix_magnitude', 'ideal_binary_mask', 'source_magnitudes'])
1.009408950805664 GB allocated
8.646484375 GB reserved
dict_keys(['index', 'mixture_magnitude', 'mixture_phase', 'source_phase', 'mix_magnitude', 'ideal_binary_mask', 'source_magnitudes'])
1.0085558891296387 GB allocated
8.646484375 GB reserved
dict_keys(['index', 'mixture_magnitude', 'mixture_phase', 'source_phase', 'mix_magnitude', 'ideal_binary_mask', 'source_magnitudes'])
1.009408950805664 GB allocated
8.646484375 GB reserved
dict_keys(['index', 'mixture_magnitude', 'mixture_phase', 'source_phase', 'mix_magnitude', 'ideal_binary_mask', 'source_magnitudes'])
1.009408950805664 GB allocated
8.646484375 GB reserved
dict_keys(['index', 'mixture_magnitude', 'mixture_phase', 'source_phase', 'mix_magnitude', 'ideal_binary_mask', 'source_magnitudes'])
1.009408950805664 GB allocated
8.646484375 GB reserved
dict_keys(['index', 'mixture_magnitude', 'mixture_phase', 'source_phase', 'mix_magnitude', 'ideal_binary_mask', 'source_magnitudes'])
1.0085558891296387 GB allocated
8.646484375 GB reserved
dict_keys(['index', 'mixture_magnitude', 'mixture_phase', 'source_phase', 'mix_magnitude', 'ideal_binary_mask', 'source_magnitudes'])
1.009408950805664 GB allocated
8.646484375 GB reserved
dict_keys(['index', 'mixture_magnitude', 'mixture_phase', 'source_phase', 'mix_magnitude', 'ideal_binary_mask', 'source_magnitudes'])
1.009408950805664 GB allocated
8.646484375 GB reserved
dict_keys(['index', 'mixture_magnitude', 'mixture_phase', 'source_phase', 'mix_magnitude', 'ideal_binary_mask', 'source_magnitudes'])
1.009408950805664 GB allocated
8.646484375 GB reserved
dict_keys(['index', 'mixture_magnitude', 'mixture_phase', 'source_phase', 'mix_magnitude', 'ideal_binary_mask', 'source_magnitudes'])
1.0085558891296387 GB allocated
8.646484375 GB reserved
dict_keys(['index', 'mixture_magnitude', 'mixture_phase', 'source_phase', 'mix_magnitude', 'ideal_binary_mask', 'source_magnitudes'])
1.009408950805664 GB allocated
8.646484375 GB reserved
dict_keys(['index', 'mixture_magnitude', 'mixture_phase', 'source_phase', 'mix_magnitude', 'ideal_binary_mask', 'source_magnitudes'])
1.009408950805664 GB allocated
8.646484375 GB reserved
dict_keys(['index', 'mixture_magnitude', 'mixture_phase', 'source_phase', 'mix_magnitude', 'ideal_binary_mask', 'source_magnitudes'])
1.009408950805664 GB allocated
8.646484375 GB reserved
dict_keys(['index', 'mixture_magnitude', 'mixture_phase', 'source_phase', 'mix_magnitude', 'ideal_binary_mask', 'source_magnitudes'])
1.0085558891296387 GB allocated
8.646484375 GB reserved
dict_keys(['index', 'mixture_magnitude', 'mixture_phase', 'source_phase', 'mix_magnitude', 'ideal_binary_mask', 'source_magnitudes'])
1.009408950805664 GB allocated
8.646484375 GB reserved
dict_keys(['index', 'mixture_magnitude', 'mixture_phase', 'source_phase', 'mix_magnitude', 'ideal_binary_mask', 'source_magnitudes'])
1.009408950805664 GB allocated
8.646484375 GB reserved
dict_keys(['index', 'mixture_magnitude', 'mixture_phase', 'source_phase', 'mix_magnitude', 'ideal_binary_mask', 'source_magnitudes'])
1.009408950805664 GB allocated
8.646484375 GB reserved
dict_keys(['index', 'mixture_magnitude', 'mixture_phase', 'source_phase', 'mix_magnitude', 'ideal_binary_mask', 'source_magnitudes'])
1.0085558891296387 GB allocated
8.646484375 GB reserved
dict_keys(['index', 'mixture_magnitude', 'mixture_phase', 'source_phase', 'mix_magnitude', 'ideal_binary_mask', 'source_magnitudes'])
1.009408950805664 GB allocated
8.646484375 GB reserved
dict_keys(['index', 'mixture_magnitude', 'mixture_phase', 'source_phase', 'mix_magnitude', 'ideal_binary_mask', 'source_magnitudes'])
1.009408950805664 GB allocated
8.646484375 GB reserved
06/11/2026 02:06:41 AM | engine.py:906 Engine run starting with max_epochs=1.
06/11/2026 02:07:45 AM | engine.py:1010 Epoch[1] Complete. Time taken: 00:01:04.064
dict_keys(['index', 'mixture_magnitude', 'mixture_phase', 'source_phase', 'mix_magnitude', 'ideal_binary_mask', 'source_magnitudes'])
1.009408950805664 GB allocated
8.646484375 GB reserved
dict_keys(['index', 'mixture_magnitude', 'mixture_phase', 'source_phase', 'mix_magnitude', 'ideal_binary_mask', 'source_magnitudes'])
1.0085558891296387 GB allocated
8.646484375 GB reserved
dict_keys(['index', 'mixture_magnitude', 'mixture_phase', 'source_phase', 'mix_magnitude', 'ideal_binary_mask', 'source_magnitudes'])
1.009408950805664 GB allocated
8.646484375 GB reserved
dict_keys(['index', 'mixture_magnitude', 'mixture_phase', 'source_phase', 'mix_magnitude', 'ideal_binary_mask', 'source_magnitudes'])
1.009408950805664 GB allocated
8.646484375 GB reserved
dict_keys(['index', 'mixture_magnitude', 'mixture_phase', 'source_phase', 'mix_magnitude', 'ideal_binary_mask', 'source_magnitudes'])
1.009408950805664 GB allocated
8.646484375 GB reserved
dict_keys(['index', 'mixture_magnitude', 'mixture_phase', 'source_phase', 'mix_magnitude', 'ideal_binary_mask', 'source_magnitudes'])
1.0085558891296387 GB allocated
8.646484375 GB reserved
dict_keys(['index', 'mixture_magnitude', 'mixture_phase', 'source_phase', 'mix_magnitude', 'ideal_binary_mask', 'source_magnitudes'])
1.009408950805664 GB allocated
8.646484375 GB reserved
dict_keys(['index', 'mixture_magnitude', 'mixture_phase', 'source_phase', 'mix_magnitude', 'ideal_binary_mask', 'source_magnitudes'])
1.009408950805664 GB allocated
8.646484375 GB reserved
dict_keys(['index', 'mixture_magnitude', 'mixture_phase', 'source_phase', 'mix_magnitude', 'ideal_binary_mask', 'source_magnitudes'])
1.009408950805664 GB allocated
8.646484375 GB reserved
dict_keys(['index', 'mixture_magnitude', 'mixture_phase', 'source_phase', 'mix_magnitude', 'ideal_binary_mask', 'source_magnitudes'])
1.0085558891296387 GB allocated
8.646484375 GB reserved
dict_keys(['index', 'mixture_magnitude', 'mixture_phase', 'source_phase', 'mix_magnitude', 'ideal_binary_mask', 'source_magnitudes'])
1.009408950805664 GB allocated
8.646484375 GB reserved
dict_keys(['index', 'mixture_magnitude', 'mixture_phase', 'source_phase', 'mix_magnitude', 'ideal_binary_mask', 'source_magnitudes'])
1.009408950805664 GB allocated
8.646484375 GB reserved
dict_keys(['index', 'mixture_magnitude', 'mixture_phase', 'source_phase', 'mix_magnitude', 'ideal_binary_mask', 'source_magnitudes'])
1.009408950805664 GB allocated
8.646484375 GB reserved
dict_keys(['index', 'mixture_magnitude', 'mixture_phase', 'source_phase', 'mix_magnitude', 'ideal_binary_mask', 'source_magnitudes'])
1.0085558891296387 GB allocated
8.646484375 GB reserved
dict_keys(['index', 'mixture_magnitude', 'mixture_phase', 'source_phase', 'mix_magnitude', 'ideal_binary_mask', 'source_magnitudes'])
1.009408950805664 GB allocated
8.646484375 GB reserved
dict_keys(['index', 'mixture_magnitude', 'mixture_phase', 'source_phase', 'mix_magnitude', 'ideal_binary_mask', 'source_magnitudes'])
1.009408950805664 GB allocated
8.646484375 GB reserved
dict_keys(['index', 'mixture_magnitude', 'mixture_phase', 'source_phase', 'mix_magnitude', 'ideal_binary_mask', 'source_magnitudes'])
1.009408950805664 GB allocated
8.646484375 GB reserved
dict_keys(['index', 'mixture_magnitude', 'mixture_phase', 'source_phase', 'mix_magnitude', 'ideal_binary_mask', 'source_magnitudes'])
1.0085558891296387 GB allocated
8.646484375 GB reserved
dict_keys(['index', 'mixture_magnitude', 'mixture_phase', 'source_phase', 'mix_magnitude', 'ideal_binary_mask', 'source_magnitudes'])
1.009408950805664 GB allocated
8.646484375 GB reserved
dict_keys(['index', 'mixture_magnitude', 'mixture_phase', 'source_phase', 'mix_magnitude', 'ideal_binary_mask', 'source_magnitudes'])
1.009408950805664 GB allocated
8.646484375 GB reserved
dict_keys(['index', 'mixture_magnitude', 'mixture_phase', 'source_phase', 'mix_magnitude', 'ideal_binary_mask', 'source_magnitudes'])
1.009408950805664 GB allocated
8.646484375 GB reserved
dict_keys(['index', 'mixture_magnitude', 'mixture_phase', 'source_phase', 'mix_magnitude', 'ideal_binary_mask', 'source_magnitudes'])
1.0085558891296387 GB allocated
8.646484375 GB reserved
dict_keys(['index', 'mixture_magnitude', 'mixture_phase', 'source_phase', 'mix_magnitude', 'ideal_binary_mask', 'source_magnitudes'])
1.009408950805664 GB allocated
8.646484375 GB reserved
dict_keys(['index', 'mixture_magnitude', 'mixture_phase', 'source_phase', 'mix_magnitude', 'ideal_binary_mask', 'source_magnitudes'])
1.009408950805664 GB allocated
8.646484375 GB reserved
dict_keys(['index', 'mixture_magnitude', 'mixture_phase', 'source_phase', 'mix_magnitude', 'ideal_binary_mask', 'source_magnitudes'])
1.009408950805664 GB allocated
8.646484375 GB reserved
dict_keys(['index', 'mixture_magnitude', 'mixture_phase', 'source_phase', 'mix_magnitude', 'ideal_binary_mask', 'source_magnitudes'])
1.0085558891296387 GB allocated
8.646484375 GB reserved
dict_keys(['index', 'mixture_magnitude', 'mixture_phase', 'source_phase', 'mix_magnitude', 'ideal_binary_mask', 'source_magnitudes'])
1.009408950805664 GB allocated
8.646484375 GB reserved
dict_keys(['index', 'mixture_magnitude', 'mixture_phase', 'source_phase', 'mix_magnitude', 'ideal_binary_mask', 'source_magnitudes'])
1.009408950805664 GB allocated
8.646484375 GB reserved
dict_keys(['index', 'mixture_magnitude', 'mixture_phase', 'source_phase', 'mix_magnitude', 'ideal_binary_mask', 'source_magnitudes'])
1.009408950805664 GB allocated
8.646484375 GB reserved
dict_keys(['index', 'mixture_magnitude', 'mixture_phase', 'source_phase', 'mix_magnitude', 'ideal_binary_mask', 'source_magnitudes'])
1.0085558891296387 GB allocated
8.646484375 GB reserved
dict_keys(['index', 'mixture_magnitude', 'mixture_phase', 'source_phase', 'mix_magnitude', 'ideal_binary_mask', 'source_magnitudes'])
1.009408950805664 GB allocated
8.646484375 GB reserved
dict_keys(['index', 'mixture_magnitude', 'mixture_phase', 'source_phase', 'mix_magnitude', 'ideal_binary_mask', 'source_magnitudes'])
1.009408950805664 GB allocated
8.646484375 GB reserved
dict_keys(['index', 'mixture_magnitude', 'mixture_phase', 'source_phase', 'mix_magnitude', 'ideal_binary_mask', 'source_magnitudes'])
1.009408950805664 GB allocated
8.646484375 GB reserved
dict_keys(['index', 'mixture_magnitude', 'mixture_phase', 'source_phase', 'mix_magnitude', 'ideal_binary_mask', 'source_magnitudes'])
1.0085558891296387 GB allocated
8.646484375 GB reserved
dict_keys(['index', 'mixture_magnitude', 'mixture_phase', 'source_phase', 'mix_magnitude', 'ideal_binary_mask', 'source_magnitudes'])
1.009408950805664 GB allocated
8.646484375 GB reserved
dict_keys(['index', 'mixture_magnitude', 'mixture_phase', 'source_phase', 'mix_magnitude', 'ideal_binary_mask', 'source_magnitudes'])
1.009408950805664 GB allocated
8.646484375 GB reserved
dict_keys(['index', 'mixture_magnitude', 'mixture_phase', 'source_phase', 'mix_magnitude', 'ideal_binary_mask', 'source_magnitudes'])
1.009408950805664 GB allocated
8.646484375 GB reserved
dict_keys(['index', 'mixture_magnitude', 'mixture_phase', 'source_phase', 'mix_magnitude', 'ideal_binary_mask', 'source_magnitudes'])
1.0085558891296387 GB allocated
8.646484375 GB reserved
dict_keys(['index', 'mixture_magnitude', 'mixture_phase', 'source_phase', 'mix_magnitude', 'ideal_binary_mask', 'source_magnitudes'])
1.009408950805664 GB allocated
8.646484375 GB reserved
dict_keys(['index', 'mixture_magnitude', 'mixture_phase', 'source_phase', 'mix_magnitude', 'ideal_binary_mask', 'source_magnitudes'])
1.009408950805664 GB allocated
8.646484375 GB reserved
dict_keys(['index', 'mixture_magnitude', 'mixture_phase', 'source_phase', 'mix_magnitude', 'ideal_binary_mask', 'source_magnitudes'])
1.009408950805664 GB allocated
8.646484375 GB reserved
dict_keys(['index', 'mixture_magnitude', 'mixture_phase', 'source_phase', 'mix_magnitude', 'ideal_binary_mask', 'source_magnitudes'])
1.0085558891296387 GB allocated
8.646484375 GB reserved
dict_keys(['index', 'mixture_magnitude', 'mixture_phase', 'source_phase', 'mix_magnitude', 'ideal_binary_mask', 'source_magnitudes'])
1.009408950805664 GB allocated
8.646484375 GB reserved
dict_keys(['index', 'mixture_magnitude', 'mixture_phase', 'source_phase', 'mix_magnitude', 'ideal_binary_mask', 'source_magnitudes'])
1.009408950805664 GB allocated
8.646484375 GB reserved
dict_keys(['index', 'mixture_magnitude', 'mixture_phase', 'source_phase', 'mix_magnitude', 'ideal_binary_mask', 'source_magnitudes'])
1.009408950805664 GB allocated
8.646484375 GB reserved
dict_keys(['index', 'mixture_magnitude', 'mixture_phase', 'source_phase', 'mix_magnitude', 'ideal_binary_mask', 'source_magnitudes'])
1.0085558891296387 GB allocated
8.646484375 GB reserved
dict_keys(['index', 'mixture_magnitude', 'mixture_phase', 'source_phase', 'mix_magnitude', 'ideal_binary_mask', 'source_magnitudes'])
1.009408950805664 GB allocated
8.646484375 GB reserved
dict_keys(['index', 'mixture_magnitude', 'mixture_phase', 'source_phase', 'mix_magnitude', 'ideal_binary_mask', 'source_magnitudes'])
1.009408950805664 GB allocated
8.646484375 GB reserved
dict_keys(['index', 'mixture_magnitude', 'mixture_phase', 'source_phase', 'mix_magnitude', 'ideal_binary_mask', 'source_magnitudes'])
1.009408950805664 GB allocated
8.646484375 GB reserved
dict_keys(['index', 'mixture_magnitude', 'mixture_phase', 'source_phase', 'mix_magnitude', 'ideal_binary_mask', 'source_magnitudes'])
1.0085558891296387 GB allocated
8.646484375 GB reserved
dict_keys(['index', 'mixture_magnitude', 'mixture_phase', 'source_phase', 'mix_magnitude', 'ideal_binary_mask', 'source_magnitudes'])
1.009408950805664 GB allocated
8.646484375 GB reserved
dict_keys(['index', 'mixture_magnitude', 'mixture_phase', 'source_phase', 'mix_magnitude', 'ideal_binary_mask', 'source_magnitudes'])
1.009408950805664 GB allocated
8.646484375 GB reserved
dict_keys(['index', 'mixture_magnitude', 'mixture_phase', 'source_phase', 'mix_magnitude', 'ideal_binary_mask', 'source_magnitudes'])
1.009408950805664 GB allocated
8.646484375 GB reserved
dict_keys(['index', 'mixture_magnitude', 'mixture_phase', 'source_phase', 'mix_magnitude', 'ideal_binary_mask', 'source_magnitudes'])
1.0085558891296387 GB allocated
8.646484375 GB reserved
dict_keys(['index', 'mixture_magnitude', 'mixture_phase', 'source_phase', 'mix_magnitude', 'ideal_binary_mask', 'source_magnitudes'])
1.009408950805664 GB allocated
8.646484375 GB reserved
dict_keys(['index', 'mixture_magnitude', 'mixture_phase', 'source_phase', 'mix_magnitude', 'ideal_binary_mask', 'source_magnitudes'])
1.009408950805664 GB allocated
8.646484375 GB reserved
dict_keys(['index', 'mixture_magnitude', 'mixture_phase', 'source_phase', 'mix_magnitude', 'ideal_binary_mask', 'source_magnitudes'])
1.009408950805664 GB allocated
8.646484375 GB reserved
dict_keys(['index', 'mixture_magnitude', 'mixture_phase', 'source_phase', 'mix_magnitude', 'ideal_binary_mask', 'source_magnitudes'])
[Validator] Epoch 11 - val_loss: 0.954071
[BEST CHECKPOINT] Guardado/actualizado en: checkpoints\Mis_modelos_v2\advanced\l_mrs checkpoints\4stems\best_checkpoint_11_val_loss=-0.9541.pt
06/11/2026 02:07:45 AM | engine.py:1037 Engine run finished. Time taken: 00:01:04.065
[Epoch 11] train_loss=0.986158 | val_loss=0.954071
06/11/2026 02:07:45 AM | engine.py:1010 Epoch[11] Complete. Time taken: 00:39:14.845
1.0085558891296387 GB allocated
8.646484375 GB reserved
dict_keys(['index', 'mixture_magnitude', 'mixture_phase', 'source_phase', 'mix_magnitude', 'ideal_binary_mask', 'source_magnitudes'])
1.009408950805664 GB allocated
8.646484375 GB reserved
dict_keys(['index', 'mixture_magnitude', 'mixture_phase', 'source_phase', 'mix_magnitude', 'ideal_binary_mask', 'source_magnitudes'])
1.009408950805664 GB allocated
8.646484375 GB reserved
dict_keys(['index', 'mixture_magnitude', 'mixture_phase', 'source_phase', 'mix_magnitude', 'ideal_binary_mask', 'source_magnitudes'])
1.009408950805664 GB allocated
8.646484375 GB reserved
dict_keys(['index', 'mixture_magnitude', 'mixture_phase', 'source_phase', 'mix_magnitude', 'ideal_binary_mask', 'source_magnitudes'])
1.0085558891296387 GB allocated
8.646484375 GB reserved
dict_keys(['index', 'mixture_magnitude', 'mixture_phase', 'source_phase', 'mix_magnitude', 'ideal_binary_mask', 'source_magnitudes'])
1.009408950805664 GB allocated
8.646484375 GB reserved
dict_keys(['index', 'mixture_magnitude', 'mixture_phase', 'source_phase', 'mix_magnitude', 'ideal_binary_mask', 'source_magnitudes'])
1.009408950805664 GB allocated
8.646484375 GB reserved
dict_keys(['index', 'mixture_magnitude', 'mixture_phase', 'source_phase', 'mix_magnitude', 'ideal_binary_mask', 'source_magnitudes'])
1.009408950805664 GB allocated
8.646484375 GB reserved
dict_keys(['index', 'mixture_magnitude', 'mixture_phase', 'source_phase', 'mix_magnitude', 'ideal_binary_mask', 'source_magnitudes'])
1.0085558891296387 GB allocated
8.646484375 GB reserved
dict_keys(['index', 'mixture_magnitude', 'mixture_phase', 'source_phase', 'mix_magnitude', 'ideal_binary_mask', 'source_magnitudes'])
1.009408950805664 GB allocated
8.646484375 GB reserved
dict_keys(['index', 'mixture_magnitude', 'mixture_phase', 'source_phase', 'mix_magnitude', 'ideal_binary_mask', 'source_magnitudes'])
1.009408950805664 GB allocated
8.646484375 GB reserved
dict_keys(['index', 'mixture_magnitude', 'mixture_phase', 'source_phase', 'mix_magnitude', 'ideal_binary_mask', 'source_magnitudes'])
1.009408950805664 GB allocated
8.646484375 GB reserved
dict_keys(['index', 'mixture_magnitude', 'mixture_phase', 'source_phase', 'mix_magnitude', 'ideal_binary_mask', 'source_magnitudes'])
1.0085558891296387 GB allocated
8.646484375 GB reserved
dict_keys(['index', 'mixture_magnitude', 'mixture_phase', 'source_phase', 'mix_magnitude', 'ideal_binary_mask', 'source_magnitudes'])
1.009408950805664 GB allocated
8.646484375 GB reserved
dict_keys(['index', 'mixture_magnitude', 'mixture_phase', 'source_phase', 'mix_magnitude', 'ideal_binary_mask', 'source_magnitudes'])
1.009408950805664 GB allocated
8.646484375 GB reserved
dict_keys(['index', 'mixture_magnitude', 'mixture_phase', 'source_phase', 'mix_magnitude', 'ideal_binary_mask', 'source_magnitudes'])
1.009408950805664 GB allocated
8.646484375 GB reserved
dict_keys(['index', 'mixture_magnitude', 'mixture_phase', 'source_phase', 'mix_magnitude', 'ideal_binary_mask', 'source_magnitudes'])
1.0085558891296387 GB allocated
8.646484375 GB reserved
dict_keys(['index', 'mixture_magnitude', 'mixture_phase', 'source_phase', 'mix_magnitude', 'ideal_binary_mask', 'source_magnitudes'])
1.009408950805664 GB allocated
8.646484375 GB reserved
dict_keys(['index', 'mixture_magnitude', 'mixture_phase', 'source_phase', 'mix_magnitude', 'ideal_binary_mask', 'source_magnitudes'])
1.009408950805664 GB allocated
8.646484375 GB reserved
dict_keys(['index', 'mixture_magnitude', 'mixture_phase', 'source_phase', 'mix_magnitude', 'ideal_binary_mask', 'source_magnitudes'])
1.009408950805664 GB allocated
8.646484375 GB reserved
dict_keys(['index', 'mixture_magnitude', 'mixture_phase', 'source_phase', 'mix_magnitude', 'ideal_binary_mask', 'source_magnitudes'])
1.0085558891296387 GB allocated
8.646484375 GB reserved
dict_keys(['index', 'mixture_magnitude', 'mixture_phase', 'source_phase', 'mix_magnitude', 'ideal_binary_mask', 'source_magnitudes'])
1.009408950805664 GB allocated
8.646484375 GB reserved
dict_keys(['index', 'mixture_magnitude', 'mixture_phase', 'source_phase', 'mix_magnitude', 'ideal_binary_mask', 'source_magnitudes'])
1.009408950805664 GB allocated
8.646484375 GB reserved
dict_keys(['index', 'mixture_magnitude', 'mixture_phase', 'source_phase', 'mix_magnitude', 'ideal_binary_mask', 'source_magnitudes'])
1.009408950805664 GB allocated
8.646484375 GB reserved
dict_keys(['index', 'mixture_magnitude', 'mixture_phase', 'source_phase', 'mix_magnitude', 'ideal_binary_mask', 'source_magnitudes'])
1.0085558891296387 GB allocated
8.646484375 GB reserved
dict_keys(['index', 'mixture_magnitude', 'mixture_phase', 'source_phase', 'mix_magnitude', 'ideal_binary_mask', 'source_magnitudes'])
1.009408950805664 GB allocated
8.646484375 GB reserved
dict_keys(['index', 'mixture_magnitude', 'mixture_phase', 'source_phase', 'mix_magnitude', 'ideal_binary_mask', 'source_magnitudes'])
1.009408950805664 GB allocated
8.646484375 GB reserved
dict_keys(['index', 'mixture_magnitude', 'mixture_phase', 'source_phase', 'mix_magnitude', 'ideal_binary_mask', 'source_magnitudes'])
1.009408950805664 GB allocated
8.646484375 GB reserved
dict_keys(['index', 'mixture_magnitude', 'mixture_phase', 'source_phase', 'mix_magnitude', 'ideal_binary_mask', 'source_magnitudes'])
1.0085558891296387 GB allocated
8.646484375 GB reserved
dict_keys(['index', 'mixture_magnitude', 'mixture_phase', 'source_phase', 'mix_magnitude', 'ideal_binary_mask', 'source_magnitudes'])
1.009408950805664 GB allocated
8.646484375 GB reserved
dict_keys(['index', 'mixture_magnitude', 'mixture_phase', 'source_phase', 'mix_magnitude', 'ideal_binary_mask', 'source_magnitudes'])
1.009408950805664 GB allocated
8.646484375 GB reserved
dict_keys(['index', 'mixture_magnitude', 'mixture_phase', 'source_phase', 'mix_magnitude', 'ideal_binary_mask', 'source_magnitudes'])
1.009408950805664 GB allocated
8.646484375 GB reserved
dict_keys(['index', 'mixture_magnitude', 'mixture_phase', 'source_phase', 'mix_magnitude', 'ideal_binary_mask', 'source_magnitudes'])
1.0085558891296387 GB allocated
8.646484375 GB reserved
dict_keys(['index', 'mixture_magnitude', 'mixture_phase', 'source_phase', 'mix_magnitude', 'ideal_binary_mask', 'source_magnitudes'])
1.009408950805664 GB allocated
8.646484375 GB reserved
dict_keys(['index', 'mixture_magnitude', 'mixture_phase', 'source_phase', 'mix_magnitude', 'ideal_binary_mask', 'source_magnitudes'])
1.009408950805664 GB allocated
8.646484375 GB reserved
dict_keys(['index', 'mixture_magnitude', 'mixture_phase', 'source_phase', 'mix_magnitude', 'ideal_binary_mask', 'source_magnitudes'])
1.009408950805664 GB allocated
8.646484375 GB reserved
dict_keys(['index', 'mixture_magnitude', 'mixture_phase', 'source_phase', 'mix_magnitude', 'ideal_binary_mask', 'source_magnitudes'])
1.0085558891296387 GB allocated
8.646484375 GB reserved
dict_keys(['index', 'mixture_magnitude', 'mixture_phase', 'source_phase', 'mix_magnitude', 'ideal_binary_mask', 'source_magnitudes'])
1.009408950805664 GB allocated
8.646484375 GB reserved
dict_keys(['index', 'mixture_magnitude', 'mixture_phase', 'source_phase', 'mix_magnitude', 'ideal_binary_mask', 'source_magnitudes'])
1.009408950805664 GB allocated
8.646484375 GB reserved
dict_keys(['index', 'mixture_magnitude', 'mixture_phase', 'source_phase', 'mix_magnitude', 'ideal_binary_mask', 'source_magnitudes'])
1.009408950805664 GB allocated
8.646484375 GB reserved
dict_keys(['index', 'mixture_magnitude', 'mixture_phase', 'source_phase', 'mix_magnitude', 'ideal_binary_mask', 'source_magnitudes'])
1.0085558891296387 GB allocated
8.646484375 GB reserved
dict_keys(['index', 'mixture_magnitude', 'mixture_phase', 'source_phase', 'mix_magnitude', 'ideal_binary_mask', 'source_magnitudes'])
1.009408950805664 GB allocated
8.646484375 GB reserved
dict_keys(['index', 'mixture_magnitude', 'mixture_phase', 'source_phase', 'mix_magnitude', 'ideal_binary_mask', 'source_magnitudes'])
1.009408950805664 GB allocated
8.646484375 GB reserved
06/11/2026 02:45:50 AM | engine.py:906 Engine run starting with max_epochs=1.
06/11/2026 02:46:52 AM | engine.py:1010 Epoch[1] Complete. Time taken: 00:01:02.894
dict_keys(['index', 'mixture_magnitude', 'mixture_phase', 'source_phase', 'mix_magnitude', 'ideal_binary_mask', 'source_magnitudes'])
1.009408950805664 GB allocated
8.646484375 GB reserved
dict_keys(['index', 'mixture_magnitude', 'mixture_phase', 'source_phase', 'mix_magnitude', 'ideal_binary_mask', 'source_magnitudes'])
1.0085558891296387 GB allocated
8.646484375 GB reserved
dict_keys(['index', 'mixture_magnitude', 'mixture_phase', 'source_phase', 'mix_magnitude', 'ideal_binary_mask', 'source_magnitudes'])
1.009408950805664 GB allocated
8.646484375 GB reserved
dict_keys(['index', 'mixture_magnitude', 'mixture_phase', 'source_phase', 'mix_magnitude', 'ideal_binary_mask', 'source_magnitudes'])
1.009408950805664 GB allocated
8.646484375 GB reserved
dict_keys(['index', 'mixture_magnitude', 'mixture_phase', 'source_phase', 'mix_magnitude', 'ideal_binary_mask', 'source_magnitudes'])
1.009408950805664 GB allocated
8.646484375 GB reserved
dict_keys(['index', 'mixture_magnitude', 'mixture_phase', 'source_phase', 'mix_magnitude', 'ideal_binary_mask', 'source_magnitudes'])
1.0085558891296387 GB allocated
8.646484375 GB reserved
dict_keys(['index', 'mixture_magnitude', 'mixture_phase', 'source_phase', 'mix_magnitude', 'ideal_binary_mask', 'source_magnitudes'])
1.009408950805664 GB allocated
8.646484375 GB reserved
dict_keys(['index', 'mixture_magnitude', 'mixture_phase', 'source_phase', 'mix_magnitude', 'ideal_binary_mask', 'source_magnitudes'])
1.009408950805664 GB allocated
8.646484375 GB reserved
dict_keys(['index', 'mixture_magnitude', 'mixture_phase', 'source_phase', 'mix_magnitude', 'ideal_binary_mask', 'source_magnitudes'])
1.009408950805664 GB allocated
8.646484375 GB reserved
dict_keys(['index', 'mixture_magnitude', 'mixture_phase', 'source_phase', 'mix_magnitude', 'ideal_binary_mask', 'source_magnitudes'])
1.0085558891296387 GB allocated
8.646484375 GB reserved
dict_keys(['index', 'mixture_magnitude', 'mixture_phase', 'source_phase', 'mix_magnitude', 'ideal_binary_mask', 'source_magnitudes'])
1.009408950805664 GB allocated
8.646484375 GB reserved
dict_keys(['index', 'mixture_magnitude', 'mixture_phase', 'source_phase', 'mix_magnitude', 'ideal_binary_mask', 'source_magnitudes'])
1.009408950805664 GB allocated
8.646484375 GB reserved
dict_keys(['index', 'mixture_magnitude', 'mixture_phase', 'source_phase', 'mix_magnitude', 'ideal_binary_mask', 'source_magnitudes'])
1.009408950805664 GB allocated
8.646484375 GB reserved
dict_keys(['index', 'mixture_magnitude', 'mixture_phase', 'source_phase', 'mix_magnitude', 'ideal_binary_mask', 'source_magnitudes'])
1.0085558891296387 GB allocated
8.646484375 GB reserved
dict_keys(['index', 'mixture_magnitude', 'mixture_phase', 'source_phase', 'mix_magnitude', 'ideal_binary_mask', 'source_magnitudes'])
1.009408950805664 GB allocated
8.646484375 GB reserved
dict_keys(['index', 'mixture_magnitude', 'mixture_phase', 'source_phase', 'mix_magnitude', 'ideal_binary_mask', 'source_magnitudes'])
1.009408950805664 GB allocated
8.646484375 GB reserved
dict_keys(['index', 'mixture_magnitude', 'mixture_phase', 'source_phase', 'mix_magnitude', 'ideal_binary_mask', 'source_magnitudes'])
1.009408950805664 GB allocated
8.646484375 GB reserved
dict_keys(['index', 'mixture_magnitude', 'mixture_phase', 'source_phase', 'mix_magnitude', 'ideal_binary_mask', 'source_magnitudes'])
1.0085558891296387 GB allocated
8.646484375 GB reserved
dict_keys(['index', 'mixture_magnitude', 'mixture_phase', 'source_phase', 'mix_magnitude', 'ideal_binary_mask', 'source_magnitudes'])
1.009408950805664 GB allocated
8.646484375 GB reserved
dict_keys(['index', 'mixture_magnitude', 'mixture_phase', 'source_phase', 'mix_magnitude', 'ideal_binary_mask', 'source_magnitudes'])
1.009408950805664 GB allocated
8.646484375 GB reserved
dict_keys(['index', 'mixture_magnitude', 'mixture_phase', 'source_phase', 'mix_magnitude', 'ideal_binary_mask', 'source_magnitudes'])
1.009408950805664 GB allocated
8.646484375 GB reserved
dict_keys(['index', 'mixture_magnitude', 'mixture_phase', 'source_phase', 'mix_magnitude', 'ideal_binary_mask', 'source_magnitudes'])
1.0085558891296387 GB allocated
8.646484375 GB reserved
dict_keys(['index', 'mixture_magnitude', 'mixture_phase', 'source_phase', 'mix_magnitude', 'ideal_binary_mask', 'source_magnitudes'])
1.009408950805664 GB allocated
8.646484375 GB reserved
dict_keys(['index', 'mixture_magnitude', 'mixture_phase', 'source_phase', 'mix_magnitude', 'ideal_binary_mask', 'source_magnitudes'])
1.009408950805664 GB allocated
8.646484375 GB reserved
dict_keys(['index', 'mixture_magnitude', 'mixture_phase', 'source_phase', 'mix_magnitude', 'ideal_binary_mask', 'source_magnitudes'])
1.009408950805664 GB allocated
8.646484375 GB reserved
dict_keys(['index', 'mixture_magnitude', 'mixture_phase', 'source_phase', 'mix_magnitude', 'ideal_binary_mask', 'source_magnitudes'])
1.0085558891296387 GB allocated
8.646484375 GB reserved
dict_keys(['index', 'mixture_magnitude', 'mixture_phase', 'source_phase', 'mix_magnitude', 'ideal_binary_mask', 'source_magnitudes'])
1.009408950805664 GB allocated
8.646484375 GB reserved
dict_keys(['index', 'mixture_magnitude', 'mixture_phase', 'source_phase', 'mix_magnitude', 'ideal_binary_mask', 'source_magnitudes'])
1.009408950805664 GB allocated
8.646484375 GB reserved
dict_keys(['index', 'mixture_magnitude', 'mixture_phase', 'source_phase', 'mix_magnitude', 'ideal_binary_mask', 'source_magnitudes'])
1.009408950805664 GB allocated
8.646484375 GB reserved
dict_keys(['index', 'mixture_magnitude', 'mixture_phase', 'source_phase', 'mix_magnitude', 'ideal_binary_mask', 'source_magnitudes'])
1.0085558891296387 GB allocated
8.646484375 GB reserved
dict_keys(['index', 'mixture_magnitude', 'mixture_phase', 'source_phase', 'mix_magnitude', 'ideal_binary_mask', 'source_magnitudes'])
1.009408950805664 GB allocated
8.646484375 GB reserved
dict_keys(['index', 'mixture_magnitude', 'mixture_phase', 'source_phase', 'mix_magnitude', 'ideal_binary_mask', 'source_magnitudes'])
1.009408950805664 GB allocated
8.646484375 GB reserved
dict_keys(['index', 'mixture_magnitude', 'mixture_phase', 'source_phase', 'mix_magnitude', 'ideal_binary_mask', 'source_magnitudes'])
1.009408950805664 GB allocated
8.646484375 GB reserved
dict_keys(['index', 'mixture_magnitude', 'mixture_phase', 'source_phase', 'mix_magnitude', 'ideal_binary_mask', 'source_magnitudes'])
1.0085558891296387 GB allocated
8.646484375 GB reserved
dict_keys(['index', 'mixture_magnitude', 'mixture_phase', 'source_phase', 'mix_magnitude', 'ideal_binary_mask', 'source_magnitudes'])
1.009408950805664 GB allocated
8.646484375 GB reserved
dict_keys(['index', 'mixture_magnitude', 'mixture_phase', 'source_phase', 'mix_magnitude', 'ideal_binary_mask', 'source_magnitudes'])
1.009408950805664 GB allocated
8.646484375 GB reserved
dict_keys(['index', 'mixture_magnitude', 'mixture_phase', 'source_phase', 'mix_magnitude', 'ideal_binary_mask', 'source_magnitudes'])
1.009408950805664 GB allocated
8.646484375 GB reserved
dict_keys(['index', 'mixture_magnitude', 'mixture_phase', 'source_phase', 'mix_magnitude', 'ideal_binary_mask', 'source_magnitudes'])
1.0085558891296387 GB allocated
8.646484375 GB reserved
dict_keys(['index', 'mixture_magnitude', 'mixture_phase', 'source_phase', 'mix_magnitude', 'ideal_binary_mask', 'source_magnitudes'])
1.009408950805664 GB allocated
8.646484375 GB reserved
dict_keys(['index', 'mixture_magnitude', 'mixture_phase', 'source_phase', 'mix_magnitude', 'ideal_binary_mask', 'source_magnitudes'])
1.009408950805664 GB allocated
8.646484375 GB reserved
dict_keys(['index', 'mixture_magnitude', 'mixture_phase', 'source_phase', 'mix_magnitude', 'ideal_binary_mask', 'source_magnitudes'])
1.009408950805664 GB allocated
8.646484375 GB reserved
dict_keys(['index', 'mixture_magnitude', 'mixture_phase', 'source_phase', 'mix_magnitude', 'ideal_binary_mask', 'source_magnitudes'])
1.0085558891296387 GB allocated
8.646484375 GB reserved
dict_keys(['index', 'mixture_magnitude', 'mixture_phase', 'source_phase', 'mix_magnitude', 'ideal_binary_mask', 'source_magnitudes'])
1.009408950805664 GB allocated
8.646484375 GB reserved
dict_keys(['index', 'mixture_magnitude', 'mixture_phase', 'source_phase', 'mix_magnitude', 'ideal_binary_mask', 'source_magnitudes'])
1.009408950805664 GB allocated
8.646484375 GB reserved
dict_keys(['index', 'mixture_magnitude', 'mixture_phase', 'source_phase', 'mix_magnitude', 'ideal_binary_mask', 'source_magnitudes'])
1.009408950805664 GB allocated
8.646484375 GB reserved
dict_keys(['index', 'mixture_magnitude', 'mixture_phase', 'source_phase', 'mix_magnitude', 'ideal_binary_mask', 'source_magnitudes'])
1.0085558891296387 GB allocated
8.646484375 GB reserved
dict_keys(['index', 'mixture_magnitude', 'mixture_phase', 'source_phase', 'mix_magnitude', 'ideal_binary_mask', 'source_magnitudes'])
1.009408950805664 GB allocated
8.646484375 GB reserved
dict_keys(['index', 'mixture_magnitude', 'mixture_phase', 'source_phase', 'mix_magnitude', 'ideal_binary_mask', 'source_magnitudes'])
1.009408950805664 GB allocated
8.646484375 GB reserved
dict_keys(['index', 'mixture_magnitude', 'mixture_phase', 'source_phase', 'mix_magnitude', 'ideal_binary_mask', 'source_magnitudes'])
1.009408950805664 GB allocated
8.646484375 GB reserved
dict_keys(['index', 'mixture_magnitude', 'mixture_phase', 'source_phase', 'mix_magnitude', 'ideal_binary_mask', 'source_magnitudes'])
1.0085558891296387 GB allocated
8.646484375 GB reserved
dict_keys(['index', 'mixture_magnitude', 'mixture_phase', 'source_phase', 'mix_magnitude', 'ideal_binary_mask', 'source_magnitudes'])
1.009408950805664 GB allocated
8.646484375 GB reserved
dict_keys(['index', 'mixture_magnitude', 'mixture_phase', 'source_phase', 'mix_magnitude', 'ideal_binary_mask', 'source_magnitudes'])
1.009408950805664 GB allocated
8.646484375 GB reserved
dict_keys(['index', 'mixture_magnitude', 'mixture_phase', 'source_phase', 'mix_magnitude', 'ideal_binary_mask', 'source_magnitudes'])
1.009408950805664 GB allocated
8.646484375 GB reserved
dict_keys(['index', 'mixture_magnitude', 'mixture_phase', 'source_phase', 'mix_magnitude', 'ideal_binary_mask', 'source_magnitudes'])
1.0085558891296387 GB allocated
8.646484375 GB reserved
dict_keys(['index', 'mixture_magnitude', 'mixture_phase', 'source_phase', 'mix_magnitude', 'ideal_binary_mask', 'source_magnitudes'])
1.009408950805664 GB allocated
8.646484375 GB reserved
dict_keys(['index', 'mixture_magnitude', 'mixture_phase', 'source_phase', 'mix_magnitude', 'ideal_binary_mask', 'source_magnitudes'])
1.009408950805664 GB allocated
8.646484375 GB reserved
dict_keys(['index', 'mixture_magnitude', 'mixture_phase', 'source_phase', 'mix_magnitude', 'ideal_binary_mask', 'source_magnitudes'])
1.009408950805664 GB allocated
8.646484375 GB reserved
dict_keys(['index', 'mixture_magnitude', 'mixture_phase', 'source_phase', 'mix_magnitude', 'ideal_binary_mask', 'source_magnitudes'])
[Validator] Epoch 12 - val_loss: 0.945398
[BEST CHECKPOINT] Guardado/actualizado en: checkpoints\Mis_modelos_v2\advanced\l_mrs checkpoints\4stems\best_checkpoint_12_val_loss=-0.9454.pt
06/11/2026 02:46:52 AM | engine.py:1037 Engine run finished. Time taken: 00:01:02.896
[Epoch 12] train_loss=0.972373 | val_loss=0.945398
06/11/2026 02:46:52 AM | engine.py:1010 Epoch[12] Complete. Time taken: 00:39:07.064
1.0085558891296387 GB allocated
8.646484375 GB reserved
dict_keys(['index', 'mixture_magnitude', 'mixture_phase', 'source_phase', 'mix_magnitude', 'ideal_binary_mask', 'source_magnitudes'])
1.009408950805664 GB allocated
8.646484375 GB reserved
dict_keys(['index', 'mixture_magnitude', 'mixture_phase', 'source_phase', 'mix_magnitude', 'ideal_binary_mask', 'source_magnitudes'])
1.009408950805664 GB allocated
8.646484375 GB reserved
dict_keys(['index', 'mixture_magnitude', 'mixture_phase', 'source_phase', 'mix_magnitude', 'ideal_binary_mask', 'source_magnitudes'])
1.009408950805664 GB allocated
8.646484375 GB reserved
dict_keys(['index', 'mixture_magnitude', 'mixture_phase', 'source_phase', 'mix_magnitude', 'ideal_binary_mask', 'source_magnitudes'])
1.0085558891296387 GB allocated
8.646484375 GB reserved
dict_keys(['index', 'mixture_magnitude', 'mixture_phase', 'source_phase', 'mix_magnitude', 'ideal_binary_mask', 'source_magnitudes'])
1.009408950805664 GB allocated
8.646484375 GB reserved
dict_keys(['index', 'mixture_magnitude', 'mixture_phase', 'source_phase', 'mix_magnitude', 'ideal_binary_mask', 'source_magnitudes'])
1.009408950805664 GB allocated
8.646484375 GB reserved
dict_keys(['index', 'mixture_magnitude', 'mixture_phase', 'source_phase', 'mix_magnitude', 'ideal_binary_mask', 'source_magnitudes'])
1.009408950805664 GB allocated
8.646484375 GB reserved
dict_keys(['index', 'mixture_magnitude', 'mixture_phase', 'source_phase', 'mix_magnitude', 'ideal_binary_mask', 'source_magnitudes'])
1.0085558891296387 GB allocated
8.646484375 GB reserved
dict_keys(['index', 'mixture_magnitude', 'mixture_phase', 'source_phase', 'mix_magnitude', 'ideal_binary_mask', 'source_magnitudes'])
1.009408950805664 GB allocated
8.646484375 GB reserved
dict_keys(['index', 'mixture_magnitude', 'mixture_phase', 'source_phase', 'mix_magnitude', 'ideal_binary_mask', 'source_magnitudes'])
1.009408950805664 GB allocated
8.646484375 GB reserved
dict_keys(['index', 'mixture_magnitude', 'mixture_phase', 'source_phase', 'mix_magnitude', 'ideal_binary_mask', 'source_magnitudes'])
1.009408950805664 GB allocated
8.646484375 GB reserved
dict_keys(['index', 'mixture_magnitude', 'mixture_phase', 'source_phase', 'mix_magnitude', 'ideal_binary_mask', 'source_magnitudes'])
1.0085558891296387 GB allocated
8.646484375 GB reserved
dict_keys(['index', 'mixture_magnitude', 'mixture_phase', 'source_phase', 'mix_magnitude', 'ideal_binary_mask', 'source_magnitudes'])
1.009408950805664 GB allocated
8.646484375 GB reserved
dict_keys(['index', 'mixture_magnitude', 'mixture_phase', 'source_phase', 'mix_magnitude', 'ideal_binary_mask', 'source_magnitudes'])
1.009408950805664 GB allocated
8.646484375 GB reserved
dict_keys(['index', 'mixture_magnitude', 'mixture_phase', 'source_phase', 'mix_magnitude', 'ideal_binary_mask', 'source_magnitudes'])
1.009408950805664 GB allocated
8.646484375 GB reserved
dict_keys(['index', 'mixture_magnitude', 'mixture_phase', 'source_phase', 'mix_magnitude', 'ideal_binary_mask', 'source_magnitudes'])
1.0085558891296387 GB allocated
8.646484375 GB reserved
dict_keys(['index', 'mixture_magnitude', 'mixture_phase', 'source_phase', 'mix_magnitude', 'ideal_binary_mask', 'source_magnitudes'])
1.009408950805664 GB allocated
8.646484375 GB reserved
dict_keys(['index', 'mixture_magnitude', 'mixture_phase', 'source_phase', 'mix_magnitude', 'ideal_binary_mask', 'source_magnitudes'])
1.009408950805664 GB allocated
8.646484375 GB reserved
dict_keys(['index', 'mixture_magnitude', 'mixture_phase', 'source_phase', 'mix_magnitude', 'ideal_binary_mask', 'source_magnitudes'])
1.009408950805664 GB allocated
8.646484375 GB reserved
dict_keys(['index', 'mixture_magnitude', 'mixture_phase', 'source_phase', 'mix_magnitude', 'ideal_binary_mask', 'source_magnitudes'])
1.0085558891296387 GB allocated
8.646484375 GB reserved
dict_keys(['index', 'mixture_magnitude', 'mixture_phase', 'source_phase', 'mix_magnitude', 'ideal_binary_mask', 'source_magnitudes'])
1.009408950805664 GB allocated
8.646484375 GB reserved
dict_keys(['index', 'mixture_magnitude', 'mixture_phase', 'source_phase', 'mix_magnitude', 'ideal_binary_mask', 'source_magnitudes'])
1.009408950805664 GB allocated
8.646484375 GB reserved
dict_keys(['index', 'mixture_magnitude', 'mixture_phase', 'source_phase', 'mix_magnitude', 'ideal_binary_mask', 'source_magnitudes'])
1.009408950805664 GB allocated
8.646484375 GB reserved
dict_keys(['index', 'mixture_magnitude', 'mixture_phase', 'source_phase', 'mix_magnitude', 'ideal_binary_mask', 'source_magnitudes'])
1.0085558891296387 GB allocated
8.646484375 GB reserved
dict_keys(['index', 'mixture_magnitude', 'mixture_phase', 'source_phase', 'mix_magnitude', 'ideal_binary_mask', 'source_magnitudes'])
1.009408950805664 GB allocated
8.646484375 GB reserved
dict_keys(['index', 'mixture_magnitude', 'mixture_phase', 'source_phase', 'mix_magnitude', 'ideal_binary_mask', 'source_magnitudes'])
1.009408950805664 GB allocated
8.646484375 GB reserved
dict_keys(['index', 'mixture_magnitude', 'mixture_phase', 'source_phase', 'mix_magnitude', 'ideal_binary_mask', 'source_magnitudes'])
1.009408950805664 GB allocated
8.646484375 GB reserved
dict_keys(['index', 'mixture_magnitude', 'mixture_phase', 'source_phase', 'mix_magnitude', 'ideal_binary_mask', 'source_magnitudes'])
1.0085558891296387 GB allocated
8.646484375 GB reserved
dict_keys(['index', 'mixture_magnitude', 'mixture_phase', 'source_phase', 'mix_magnitude', 'ideal_binary_mask', 'source_magnitudes'])
1.009408950805664 GB allocated
8.646484375 GB reserved
dict_keys(['index', 'mixture_magnitude', 'mixture_phase', 'source_phase', 'mix_magnitude', 'ideal_binary_mask', 'source_magnitudes'])
1.009408950805664 GB allocated
8.646484375 GB reserved
dict_keys(['index', 'mixture_magnitude', 'mixture_phase', 'source_phase', 'mix_magnitude', 'ideal_binary_mask', 'source_magnitudes'])
1.009408950805664 GB allocated
8.646484375 GB reserved
dict_keys(['index', 'mixture_magnitude', 'mixture_phase', 'source_phase', 'mix_magnitude', 'ideal_binary_mask', 'source_magnitudes'])
1.0085558891296387 GB allocated
8.646484375 GB reserved
dict_keys(['index', 'mixture_magnitude', 'mixture_phase', 'source_phase', 'mix_magnitude', 'ideal_binary_mask', 'source_magnitudes'])
1.009408950805664 GB allocated
8.646484375 GB reserved
dict_keys(['index', 'mixture_magnitude', 'mixture_phase', 'source_phase', 'mix_magnitude', 'ideal_binary_mask', 'source_magnitudes'])
1.009408950805664 GB allocated
8.646484375 GB reserved
dict_keys(['index', 'mixture_magnitude', 'mixture_phase', 'source_phase', 'mix_magnitude', 'ideal_binary_mask', 'source_magnitudes'])
1.009408950805664 GB allocated
8.646484375 GB reserved
dict_keys(['index', 'mixture_magnitude', 'mixture_phase', 'source_phase', 'mix_magnitude', 'ideal_binary_mask', 'source_magnitudes'])
1.0085558891296387 GB allocated
8.646484375 GB reserved
dict_keys(['index', 'mixture_magnitude', 'mixture_phase', 'source_phase', 'mix_magnitude', 'ideal_binary_mask', 'source_magnitudes'])
1.009408950805664 GB allocated
8.646484375 GB reserved
dict_keys(['index', 'mixture_magnitude', 'mixture_phase', 'source_phase', 'mix_magnitude', 'ideal_binary_mask', 'source_magnitudes'])
1.009408950805664 GB allocated
8.646484375 GB reserved
dict_keys(['index', 'mixture_magnitude', 'mixture_phase', 'source_phase', 'mix_magnitude', 'ideal_binary_mask', 'source_magnitudes'])
1.009408950805664 GB allocated
8.646484375 GB reserved
dict_keys(['index', 'mixture_magnitude', 'mixture_phase', 'source_phase', 'mix_magnitude', 'ideal_binary_mask', 'source_magnitudes'])
1.0085558891296387 GB allocated
8.646484375 GB reserved
dict_keys(['index', 'mixture_magnitude', 'mixture_phase', 'source_phase', 'mix_magnitude', 'ideal_binary_mask', 'source_magnitudes'])
1.009408950805664 GB allocated
8.646484375 GB reserved
dict_keys(['index', 'mixture_magnitude', 'mixture_phase', 'source_phase', 'mix_magnitude', 'ideal_binary_mask', 'source_magnitudes'])
1.009408950805664 GB allocated
8.646484375 GB reserved
06/11/2026 03:25:04 AM | engine.py:906 Engine run starting with max_epochs=1.
06/11/2026 03:26:07 AM | engine.py:1010 Epoch[1] Complete. Time taken: 00:01:02.867
dict_keys(['index', 'mixture_magnitude', 'mixture_phase', 'source_phase', 'mix_magnitude', 'ideal_binary_mask', 'source_magnitudes'])
1.009408950805664 GB allocated
8.646484375 GB reserved
dict_keys(['index', 'mixture_magnitude', 'mixture_phase', 'source_phase', 'mix_magnitude', 'ideal_binary_mask', 'source_magnitudes'])
1.0085558891296387 GB allocated
8.646484375 GB reserved
dict_keys(['index', 'mixture_magnitude', 'mixture_phase', 'source_phase', 'mix_magnitude', 'ideal_binary_mask', 'source_magnitudes'])
1.009408950805664 GB allocated
8.646484375 GB reserved
dict_keys(['index', 'mixture_magnitude', 'mixture_phase', 'source_phase', 'mix_magnitude', 'ideal_binary_mask', 'source_magnitudes'])
1.009408950805664 GB allocated
8.646484375 GB reserved
dict_keys(['index', 'mixture_magnitude', 'mixture_phase', 'source_phase', 'mix_magnitude', 'ideal_binary_mask', 'source_magnitudes'])
1.009408950805664 GB allocated
8.646484375 GB reserved
dict_keys(['index', 'mixture_magnitude', 'mixture_phase', 'source_phase', 'mix_magnitude', 'ideal_binary_mask', 'source_magnitudes'])
1.0085558891296387 GB allocated
8.646484375 GB reserved
dict_keys(['index', 'mixture_magnitude', 'mixture_phase', 'source_phase', 'mix_magnitude', 'ideal_binary_mask', 'source_magnitudes'])
1.009408950805664 GB allocated
8.646484375 GB reserved
dict_keys(['index', 'mixture_magnitude', 'mixture_phase', 'source_phase', 'mix_magnitude', 'ideal_binary_mask', 'source_magnitudes'])
1.009408950805664 GB allocated
8.646484375 GB reserved
dict_keys(['index', 'mixture_magnitude', 'mixture_phase', 'source_phase', 'mix_magnitude', 'ideal_binary_mask', 'source_magnitudes'])
1.009408950805664 GB allocated
8.646484375 GB reserved
dict_keys(['index', 'mixture_magnitude', 'mixture_phase', 'source_phase', 'mix_magnitude', 'ideal_binary_mask', 'source_magnitudes'])
1.0085558891296387 GB allocated
8.646484375 GB reserved
dict_keys(['index', 'mixture_magnitude', 'mixture_phase', 'source_phase', 'mix_magnitude', 'ideal_binary_mask', 'source_magnitudes'])
1.009408950805664 GB allocated
8.646484375 GB reserved
dict_keys(['index', 'mixture_magnitude', 'mixture_phase', 'source_phase', 'mix_magnitude', 'ideal_binary_mask', 'source_magnitudes'])
1.009408950805664 GB allocated
8.646484375 GB reserved
dict_keys(['index', 'mixture_magnitude', 'mixture_phase', 'source_phase', 'mix_magnitude', 'ideal_binary_mask', 'source_magnitudes'])
1.009408950805664 GB allocated
8.646484375 GB reserved
dict_keys(['index', 'mixture_magnitude', 'mixture_phase', 'source_phase', 'mix_magnitude', 'ideal_binary_mask', 'source_magnitudes'])
1.0085558891296387 GB allocated
8.646484375 GB reserved
dict_keys(['index', 'mixture_magnitude', 'mixture_phase', 'source_phase', 'mix_magnitude', 'ideal_binary_mask', 'source_magnitudes'])
1.009408950805664 GB allocated
8.646484375 GB reserved
dict_keys(['index', 'mixture_magnitude', 'mixture_phase', 'source_phase', 'mix_magnitude', 'ideal_binary_mask', 'source_magnitudes'])
1.009408950805664 GB allocated
8.646484375 GB reserved
dict_keys(['index', 'mixture_magnitude', 'mixture_phase', 'source_phase', 'mix_magnitude', 'ideal_binary_mask', 'source_magnitudes'])
1.009408950805664 GB allocated
8.646484375 GB reserved
dict_keys(['index', 'mixture_magnitude', 'mixture_phase', 'source_phase', 'mix_magnitude', 'ideal_binary_mask', 'source_magnitudes'])
1.0085558891296387 GB allocated
8.646484375 GB reserved
dict_keys(['index', 'mixture_magnitude', 'mixture_phase', 'source_phase', 'mix_magnitude', 'ideal_binary_mask', 'source_magnitudes'])
1.009408950805664 GB allocated
8.646484375 GB reserved
dict_keys(['index', 'mixture_magnitude', 'mixture_phase', 'source_phase', 'mix_magnitude', 'ideal_binary_mask', 'source_magnitudes'])
1.009408950805664 GB allocated
8.646484375 GB reserved
dict_keys(['index', 'mixture_magnitude', 'mixture_phase', 'source_phase', 'mix_magnitude', 'ideal_binary_mask', 'source_magnitudes'])
1.009408950805664 GB allocated
8.646484375 GB reserved
dict_keys(['index', 'mixture_magnitude', 'mixture_phase', 'source_phase', 'mix_magnitude', 'ideal_binary_mask', 'source_magnitudes'])
1.0085558891296387 GB allocated
8.646484375 GB reserved
dict_keys(['index', 'mixture_magnitude', 'mixture_phase', 'source_phase', 'mix_magnitude', 'ideal_binary_mask', 'source_magnitudes'])
1.009408950805664 GB allocated
8.646484375 GB reserved
dict_keys(['index', 'mixture_magnitude', 'mixture_phase', 'source_phase', 'mix_magnitude', 'ideal_binary_mask', 'source_magnitudes'])
1.009408950805664 GB allocated
8.646484375 GB reserved
dict_keys(['index', 'mixture_magnitude', 'mixture_phase', 'source_phase', 'mix_magnitude', 'ideal_binary_mask', 'source_magnitudes'])
1.009408950805664 GB allocated
8.646484375 GB reserved
dict_keys(['index', 'mixture_magnitude', 'mixture_phase', 'source_phase', 'mix_magnitude', 'ideal_binary_mask', 'source_magnitudes'])
1.0085558891296387 GB allocated
8.646484375 GB reserved
dict_keys(['index', 'mixture_magnitude', 'mixture_phase', 'source_phase', 'mix_magnitude', 'ideal_binary_mask', 'source_magnitudes'])
1.009408950805664 GB allocated
8.646484375 GB reserved
dict_keys(['index', 'mixture_magnitude', 'mixture_phase', 'source_phase', 'mix_magnitude', 'ideal_binary_mask', 'source_magnitudes'])
1.009408950805664 GB allocated
8.646484375 GB reserved
dict_keys(['index', 'mixture_magnitude', 'mixture_phase', 'source_phase', 'mix_magnitude', 'ideal_binary_mask', 'source_magnitudes'])
1.009408950805664 GB allocated
8.646484375 GB reserved
dict_keys(['index', 'mixture_magnitude', 'mixture_phase', 'source_phase', 'mix_magnitude', 'ideal_binary_mask', 'source_magnitudes'])
1.0085558891296387 GB allocated
8.646484375 GB reserved
dict_keys(['index', 'mixture_magnitude', 'mixture_phase', 'source_phase', 'mix_magnitude', 'ideal_binary_mask', 'source_magnitudes'])
1.009408950805664 GB allocated
8.646484375 GB reserved
dict_keys(['index', 'mixture_magnitude', 'mixture_phase', 'source_phase', 'mix_magnitude', 'ideal_binary_mask', 'source_magnitudes'])
1.009408950805664 GB allocated
8.646484375 GB reserved
dict_keys(['index', 'mixture_magnitude', 'mixture_phase', 'source_phase', 'mix_magnitude', 'ideal_binary_mask', 'source_magnitudes'])
1.009408950805664 GB allocated
8.646484375 GB reserved
dict_keys(['index', 'mixture_magnitude', 'mixture_phase', 'source_phase', 'mix_magnitude', 'ideal_binary_mask', 'source_magnitudes'])
1.0085558891296387 GB allocated
8.646484375 GB reserved
dict_keys(['index', 'mixture_magnitude', 'mixture_phase', 'source_phase', 'mix_magnitude', 'ideal_binary_mask', 'source_magnitudes'])
1.009408950805664 GB allocated
8.646484375 GB reserved
dict_keys(['index', 'mixture_magnitude', 'mixture_phase', 'source_phase', 'mix_magnitude', 'ideal_binary_mask', 'source_magnitudes'])
1.009408950805664 GB allocated
8.646484375 GB reserved
dict_keys(['index', 'mixture_magnitude', 'mixture_phase', 'source_phase', 'mix_magnitude', 'ideal_binary_mask', 'source_magnitudes'])
1.009408950805664 GB allocated
8.646484375 GB reserved
dict_keys(['index', 'mixture_magnitude', 'mixture_phase', 'source_phase', 'mix_magnitude', 'ideal_binary_mask', 'source_magnitudes'])
1.0085558891296387 GB allocated
8.646484375 GB reserved
dict_keys(['index', 'mixture_magnitude', 'mixture_phase', 'source_phase', 'mix_magnitude', 'ideal_binary_mask', 'source_magnitudes'])
1.009408950805664 GB allocated
8.646484375 GB reserved
dict_keys(['index', 'mixture_magnitude', 'mixture_phase', 'source_phase', 'mix_magnitude', 'ideal_binary_mask', 'source_magnitudes'])
1.009408950805664 GB allocated
8.646484375 GB reserved
dict_keys(['index', 'mixture_magnitude', 'mixture_phase', 'source_phase', 'mix_magnitude', 'ideal_binary_mask', 'source_magnitudes'])
1.009408950805664 GB allocated
8.646484375 GB reserved
dict_keys(['index', 'mixture_magnitude', 'mixture_phase', 'source_phase', 'mix_magnitude', 'ideal_binary_mask', 'source_magnitudes'])
1.0085558891296387 GB allocated
8.646484375 GB reserved
dict_keys(['index', 'mixture_magnitude', 'mixture_phase', 'source_phase', 'mix_magnitude', 'ideal_binary_mask', 'source_magnitudes'])
1.009408950805664 GB allocated
8.646484375 GB reserved
dict_keys(['index', 'mixture_magnitude', 'mixture_phase', 'source_phase', 'mix_magnitude', 'ideal_binary_mask', 'source_magnitudes'])
1.009408950805664 GB allocated
8.646484375 GB reserved
dict_keys(['index', 'mixture_magnitude', 'mixture_phase', 'source_phase', 'mix_magnitude', 'ideal_binary_mask', 'source_magnitudes'])
1.009408950805664 GB allocated
8.646484375 GB reserved
dict_keys(['index', 'mixture_magnitude', 'mixture_phase', 'source_phase', 'mix_magnitude', 'ideal_binary_mask', 'source_magnitudes'])
1.0085558891296387 GB allocated
8.646484375 GB reserved
dict_keys(['index', 'mixture_magnitude', 'mixture_phase', 'source_phase', 'mix_magnitude', 'ideal_binary_mask', 'source_magnitudes'])
1.009408950805664 GB allocated
8.646484375 GB reserved
dict_keys(['index', 'mixture_magnitude', 'mixture_phase', 'source_phase', 'mix_magnitude', 'ideal_binary_mask', 'source_magnitudes'])
1.009408950805664 GB allocated
8.646484375 GB reserved
dict_keys(['index', 'mixture_magnitude', 'mixture_phase', 'source_phase', 'mix_magnitude', 'ideal_binary_mask', 'source_magnitudes'])
1.009408950805664 GB allocated
8.646484375 GB reserved
dict_keys(['index', 'mixture_magnitude', 'mixture_phase', 'source_phase', 'mix_magnitude', 'ideal_binary_mask', 'source_magnitudes'])
1.0085558891296387 GB allocated
8.646484375 GB reserved
dict_keys(['index', 'mixture_magnitude', 'mixture_phase', 'source_phase', 'mix_magnitude', 'ideal_binary_mask', 'source_magnitudes'])
1.009408950805664 GB allocated
8.646484375 GB reserved
dict_keys(['index', 'mixture_magnitude', 'mixture_phase', 'source_phase', 'mix_magnitude', 'ideal_binary_mask', 'source_magnitudes'])
1.009408950805664 GB allocated
8.646484375 GB reserved
dict_keys(['index', 'mixture_magnitude', 'mixture_phase', 'source_phase', 'mix_magnitude', 'ideal_binary_mask', 'source_magnitudes'])
1.009408950805664 GB allocated
8.646484375 GB reserved
dict_keys(['index', 'mixture_magnitude', 'mixture_phase', 'source_phase', 'mix_magnitude', 'ideal_binary_mask', 'source_magnitudes'])
1.0085558891296387 GB allocated
8.646484375 GB reserved
dict_keys(['index', 'mixture_magnitude', 'mixture_phase', 'source_phase', 'mix_magnitude', 'ideal_binary_mask', 'source_magnitudes'])
1.009408950805664 GB allocated
8.646484375 GB reserved
dict_keys(['index', 'mixture_magnitude', 'mixture_phase', 'source_phase', 'mix_magnitude', 'ideal_binary_mask', 'source_magnitudes'])
1.009408950805664 GB allocated
8.646484375 GB reserved
dict_keys(['index', 'mixture_magnitude', 'mixture_phase', 'source_phase', 'mix_magnitude', 'ideal_binary_mask', 'source_magnitudes'])
1.009408950805664 GB allocated
8.646484375 GB reserved
dict_keys(['index', 'mixture_magnitude', 'mixture_phase', 'source_phase', 'mix_magnitude', 'ideal_binary_mask', 'source_magnitudes'])
[Validator] Epoch 13 - val_loss: 0.931625
[BEST CHECKPOINT] Guardado/actualizado en: checkpoints\Mis_modelos_v2\advanced\l_mrs checkpoints\4stems\best_checkpoint_13_val_loss=-0.9316.pt
06/11/2026 03:26:07 AM | engine.py:1037 Engine run finished. Time taken: 00:01:02.867
[Epoch 13] train_loss=0.966370 | val_loss=0.931625
06/11/2026 03:26:07 AM | engine.py:1010 Epoch[13] Complete. Time taken: 00:39:14.288
1.0085558891296387 GB allocated
8.646484375 GB reserved
dict_keys(['index', 'mixture_magnitude', 'mixture_phase', 'source_phase', 'mix_magnitude', 'ideal_binary_mask', 'source_magnitudes'])
1.009408950805664 GB allocated
8.646484375 GB reserved
dict_keys(['index', 'mixture_magnitude', 'mixture_phase', 'source_phase', 'mix_magnitude', 'ideal_binary_mask', 'source_magnitudes'])
1.009408950805664 GB allocated
8.646484375 GB reserved
dict_keys(['index', 'mixture_magnitude', 'mixture_phase', 'source_phase', 'mix_magnitude', 'ideal_binary_mask', 'source_magnitudes'])
1.009408950805664 GB allocated
8.646484375 GB reserved
dict_keys(['index', 'mixture_magnitude', 'mixture_phase', 'source_phase', 'mix_magnitude', 'ideal_binary_mask', 'source_magnitudes'])
1.0085558891296387 GB allocated
8.646484375 GB reserved
dict_keys(['index', 'mixture_magnitude', 'mixture_phase', 'source_phase', 'mix_magnitude', 'ideal_binary_mask', 'source_magnitudes'])
1.009408950805664 GB allocated
8.646484375 GB reserved
dict_keys(['index', 'mixture_magnitude', 'mixture_phase', 'source_phase', 'mix_magnitude', 'ideal_binary_mask', 'source_magnitudes'])
1.009408950805664 GB allocated
8.646484375 GB reserved
dict_keys(['index', 'mixture_magnitude', 'mixture_phase', 'source_phase', 'mix_magnitude', 'ideal_binary_mask', 'source_magnitudes'])
1.009408950805664 GB allocated
8.646484375 GB reserved
dict_keys(['index', 'mixture_magnitude', 'mixture_phase', 'source_phase', 'mix_magnitude', 'ideal_binary_mask', 'source_magnitudes'])
1.0085558891296387 GB allocated
8.646484375 GB reserved
dict_keys(['index', 'mixture_magnitude', 'mixture_phase', 'source_phase', 'mix_magnitude', 'ideal_binary_mask', 'source_magnitudes'])
1.009408950805664 GB allocated
8.646484375 GB reserved
dict_keys(['index', 'mixture_magnitude', 'mixture_phase', 'source_phase', 'mix_magnitude', 'ideal_binary_mask', 'source_magnitudes'])
1.009408950805664 GB allocated
8.646484375 GB reserved
dict_keys(['index', 'mixture_magnitude', 'mixture_phase', 'source_phase', 'mix_magnitude', 'ideal_binary_mask', 'source_magnitudes'])
1.009408950805664 GB allocated
8.646484375 GB reserved
dict_keys(['index', 'mixture_magnitude', 'mixture_phase', 'source_phase', 'mix_magnitude', 'ideal_binary_mask', 'source_magnitudes'])
1.0085558891296387 GB allocated
8.646484375 GB reserved
dict_keys(['index', 'mixture_magnitude', 'mixture_phase', 'source_phase', 'mix_magnitude', 'ideal_binary_mask', 'source_magnitudes'])
1.009408950805664 GB allocated
8.646484375 GB reserved
dict_keys(['index', 'mixture_magnitude', 'mixture_phase', 'source_phase', 'mix_magnitude', 'ideal_binary_mask', 'source_magnitudes'])
1.009408950805664 GB allocated
8.646484375 GB reserved
dict_keys(['index', 'mixture_magnitude', 'mixture_phase', 'source_phase', 'mix_magnitude', 'ideal_binary_mask', 'source_magnitudes'])
1.009408950805664 GB allocated
8.646484375 GB reserved
dict_keys(['index', 'mixture_magnitude', 'mixture_phase', 'source_phase', 'mix_magnitude', 'ideal_binary_mask', 'source_magnitudes'])
1.0085558891296387 GB allocated
8.646484375 GB reserved
dict_keys(['index', 'mixture_magnitude', 'mixture_phase', 'source_phase', 'mix_magnitude', 'ideal_binary_mask', 'source_magnitudes'])
1.009408950805664 GB allocated
8.646484375 GB reserved
dict_keys(['index', 'mixture_magnitude', 'mixture_phase', 'source_phase', 'mix_magnitude', 'ideal_binary_mask', 'source_magnitudes'])
1.009408950805664 GB allocated
8.646484375 GB reserved
dict_keys(['index', 'mixture_magnitude', 'mixture_phase', 'source_phase', 'mix_magnitude', 'ideal_binary_mask', 'source_magnitudes'])
1.009408950805664 GB allocated
8.646484375 GB reserved
dict_keys(['index', 'mixture_magnitude', 'mixture_phase', 'source_phase', 'mix_magnitude', 'ideal_binary_mask', 'source_magnitudes'])
1.0085558891296387 GB allocated
8.646484375 GB reserved
dict_keys(['index', 'mixture_magnitude', 'mixture_phase', 'source_phase', 'mix_magnitude', 'ideal_binary_mask', 'source_magnitudes'])
1.009408950805664 GB allocated
8.646484375 GB reserved
dict_keys(['index', 'mixture_magnitude', 'mixture_phase', 'source_phase', 'mix_magnitude', 'ideal_binary_mask', 'source_magnitudes'])
1.009408950805664 GB allocated
8.646484375 GB reserved
dict_keys(['index', 'mixture_magnitude', 'mixture_phase', 'source_phase', 'mix_magnitude', 'ideal_binary_mask', 'source_magnitudes'])
1.009408950805664 GB allocated
8.646484375 GB reserved
dict_keys(['index', 'mixture_magnitude', 'mixture_phase', 'source_phase', 'mix_magnitude', 'ideal_binary_mask', 'source_magnitudes'])
1.0085558891296387 GB allocated
8.646484375 GB reserved
dict_keys(['index', 'mixture_magnitude', 'mixture_phase', 'source_phase', 'mix_magnitude', 'ideal_binary_mask', 'source_magnitudes'])
1.009408950805664 GB allocated
8.646484375 GB reserved
dict_keys(['index', 'mixture_magnitude', 'mixture_phase', 'source_phase', 'mix_magnitude', 'ideal_binary_mask', 'source_magnitudes'])
1.009408950805664 GB allocated
8.646484375 GB reserved
dict_keys(['index', 'mixture_magnitude', 'mixture_phase', 'source_phase', 'mix_magnitude', 'ideal_binary_mask', 'source_magnitudes'])
1.009408950805664 GB allocated
8.646484375 GB reserved
dict_keys(['index', 'mixture_magnitude', 'mixture_phase', 'source_phase', 'mix_magnitude', 'ideal_binary_mask', 'source_magnitudes'])
1.0085558891296387 GB allocated
8.646484375 GB reserved
dict_keys(['index', 'mixture_magnitude', 'mixture_phase', 'source_phase', 'mix_magnitude', 'ideal_binary_mask', 'source_magnitudes'])
1.009408950805664 GB allocated
8.646484375 GB reserved
dict_keys(['index', 'mixture_magnitude', 'mixture_phase', 'source_phase', 'mix_magnitude', 'ideal_binary_mask', 'source_magnitudes'])
1.009408950805664 GB allocated
8.646484375 GB reserved
dict_keys(['index', 'mixture_magnitude', 'mixture_phase', 'source_phase', 'mix_magnitude', 'ideal_binary_mask', 'source_magnitudes'])
1.009408950805664 GB allocated
8.646484375 GB reserved
dict_keys(['index', 'mixture_magnitude', 'mixture_phase', 'source_phase', 'mix_magnitude', 'ideal_binary_mask', 'source_magnitudes'])
1.0085558891296387 GB allocated
8.646484375 GB reserved
dict_keys(['index', 'mixture_magnitude', 'mixture_phase', 'source_phase', 'mix_magnitude', 'ideal_binary_mask', 'source_magnitudes'])
1.009408950805664 GB allocated
8.646484375 GB reserved
dict_keys(['index', 'mixture_magnitude', 'mixture_phase', 'source_phase', 'mix_magnitude', 'ideal_binary_mask', 'source_magnitudes'])
1.009408950805664 GB allocated
8.646484375 GB reserved
dict_keys(['index', 'mixture_magnitude', 'mixture_phase', 'source_phase', 'mix_magnitude', 'ideal_binary_mask', 'source_magnitudes'])
1.009408950805664 GB allocated
8.646484375 GB reserved
dict_keys(['index', 'mixture_magnitude', 'mixture_phase', 'source_phase', 'mix_magnitude', 'ideal_binary_mask', 'source_magnitudes'])
1.0085558891296387 GB allocated
8.646484375 GB reserved
dict_keys(['index', 'mixture_magnitude', 'mixture_phase', 'source_phase', 'mix_magnitude', 'ideal_binary_mask', 'source_magnitudes'])
1.009408950805664 GB allocated
8.646484375 GB reserved
dict_keys(['index', 'mixture_magnitude', 'mixture_phase', 'source_phase', 'mix_magnitude', 'ideal_binary_mask', 'source_magnitudes'])
1.009408950805664 GB allocated
8.646484375 GB reserved
dict_keys(['index', 'mixture_magnitude', 'mixture_phase', 'source_phase', 'mix_magnitude', 'ideal_binary_mask', 'source_magnitudes'])
1.009408950805664 GB allocated
8.646484375 GB reserved
dict_keys(['index', 'mixture_magnitude', 'mixture_phase', 'source_phase', 'mix_magnitude', 'ideal_binary_mask', 'source_magnitudes'])
1.0085558891296387 GB allocated
8.646484375 GB reserved
dict_keys(['index', 'mixture_magnitude', 'mixture_phase', 'source_phase', 'mix_magnitude', 'ideal_binary_mask', 'source_magnitudes'])
1.009408950805664 GB allocated
8.646484375 GB reserved
dict_keys(['index', 'mixture_magnitude', 'mixture_phase', 'source_phase', 'mix_magnitude', 'ideal_binary_mask', 'source_magnitudes'])
1.009408950805664 GB allocated
8.646484375 GB reserved
06/11/2026 04:04:11 AM | engine.py:906 Engine run starting with max_epochs=1.
06/11/2026 04:05:15 AM | engine.py:1010 Epoch[1] Complete. Time taken: 00:01:04.279
dict_keys(['index', 'mixture_magnitude', 'mixture_phase', 'source_phase', 'mix_magnitude', 'ideal_binary_mask', 'source_magnitudes'])
1.009408950805664 GB allocated
8.646484375 GB reserved
dict_keys(['index', 'mixture_magnitude', 'mixture_phase', 'source_phase', 'mix_magnitude', 'ideal_binary_mask', 'source_magnitudes'])
1.0085558891296387 GB allocated
8.646484375 GB reserved
dict_keys(['index', 'mixture_magnitude', 'mixture_phase', 'source_phase', 'mix_magnitude', 'ideal_binary_mask', 'source_magnitudes'])
1.009408950805664 GB allocated
8.646484375 GB reserved
dict_keys(['index', 'mixture_magnitude', 'mixture_phase', 'source_phase', 'mix_magnitude', 'ideal_binary_mask', 'source_magnitudes'])
1.009408950805664 GB allocated
8.646484375 GB reserved
dict_keys(['index', 'mixture_magnitude', 'mixture_phase', 'source_phase', 'mix_magnitude', 'ideal_binary_mask', 'source_magnitudes'])
1.009408950805664 GB allocated
8.646484375 GB reserved
dict_keys(['index', 'mixture_magnitude', 'mixture_phase', 'source_phase', 'mix_magnitude', 'ideal_binary_mask', 'source_magnitudes'])
1.0085558891296387 GB allocated
8.646484375 GB reserved
dict_keys(['index', 'mixture_magnitude', 'mixture_phase', 'source_phase', 'mix_magnitude', 'ideal_binary_mask', 'source_magnitudes'])
1.009408950805664 GB allocated
8.646484375 GB reserved
dict_keys(['index', 'mixture_magnitude', 'mixture_phase', 'source_phase', 'mix_magnitude', 'ideal_binary_mask', 'source_magnitudes'])
1.009408950805664 GB allocated
8.646484375 GB reserved
dict_keys(['index', 'mixture_magnitude', 'mixture_phase', 'source_phase', 'mix_magnitude', 'ideal_binary_mask', 'source_magnitudes'])
1.009408950805664 GB allocated
8.646484375 GB reserved
dict_keys(['index', 'mixture_magnitude', 'mixture_phase', 'source_phase', 'mix_magnitude', 'ideal_binary_mask', 'source_magnitudes'])
1.0085558891296387 GB allocated
8.646484375 GB reserved
dict_keys(['index', 'mixture_magnitude', 'mixture_phase', 'source_phase', 'mix_magnitude', 'ideal_binary_mask', 'source_magnitudes'])
1.009408950805664 GB allocated
8.646484375 GB reserved
dict_keys(['index', 'mixture_magnitude', 'mixture_phase', 'source_phase', 'mix_magnitude', 'ideal_binary_mask', 'source_magnitudes'])
1.009408950805664 GB allocated
8.646484375 GB reserved
dict_keys(['index', 'mixture_magnitude', 'mixture_phase', 'source_phase', 'mix_magnitude', 'ideal_binary_mask', 'source_magnitudes'])
1.009408950805664 GB allocated
8.646484375 GB reserved
dict_keys(['index', 'mixture_magnitude', 'mixture_phase', 'source_phase', 'mix_magnitude', 'ideal_binary_mask', 'source_magnitudes'])
1.0085558891296387 GB allocated
8.646484375 GB reserved
dict_keys(['index', 'mixture_magnitude', 'mixture_phase', 'source_phase', 'mix_magnitude', 'ideal_binary_mask', 'source_magnitudes'])
1.009408950805664 GB allocated
8.646484375 GB reserved
dict_keys(['index', 'mixture_magnitude', 'mixture_phase', 'source_phase', 'mix_magnitude', 'ideal_binary_mask', 'source_magnitudes'])
1.009408950805664 GB allocated
8.646484375 GB reserved
dict_keys(['index', 'mixture_magnitude', 'mixture_phase', 'source_phase', 'mix_magnitude', 'ideal_binary_mask', 'source_magnitudes'])
1.009408950805664 GB allocated
8.646484375 GB reserved
dict_keys(['index', 'mixture_magnitude', 'mixture_phase', 'source_phase', 'mix_magnitude', 'ideal_binary_mask', 'source_magnitudes'])
1.0085558891296387 GB allocated
8.646484375 GB reserved
dict_keys(['index', 'mixture_magnitude', 'mixture_phase', 'source_phase', 'mix_magnitude', 'ideal_binary_mask', 'source_magnitudes'])
1.009408950805664 GB allocated
8.646484375 GB reserved
dict_keys(['index', 'mixture_magnitude', 'mixture_phase', 'source_phase', 'mix_magnitude', 'ideal_binary_mask', 'source_magnitudes'])
1.009408950805664 GB allocated
8.646484375 GB reserved
dict_keys(['index', 'mixture_magnitude', 'mixture_phase', 'source_phase', 'mix_magnitude', 'ideal_binary_mask', 'source_magnitudes'])
1.009408950805664 GB allocated
8.646484375 GB reserved
dict_keys(['index', 'mixture_magnitude', 'mixture_phase', 'source_phase', 'mix_magnitude', 'ideal_binary_mask', 'source_magnitudes'])
1.0085558891296387 GB allocated
8.646484375 GB reserved
dict_keys(['index', 'mixture_magnitude', 'mixture_phase', 'source_phase', 'mix_magnitude', 'ideal_binary_mask', 'source_magnitudes'])
1.009408950805664 GB allocated
8.646484375 GB reserved
dict_keys(['index', 'mixture_magnitude', 'mixture_phase', 'source_phase', 'mix_magnitude', 'ideal_binary_mask', 'source_magnitudes'])
1.009408950805664 GB allocated
8.646484375 GB reserved
dict_keys(['index', 'mixture_magnitude', 'mixture_phase', 'source_phase', 'mix_magnitude', 'ideal_binary_mask', 'source_magnitudes'])
1.009408950805664 GB allocated
8.646484375 GB reserved
dict_keys(['index', 'mixture_magnitude', 'mixture_phase', 'source_phase', 'mix_magnitude', 'ideal_binary_mask', 'source_magnitudes'])
1.0085558891296387 GB allocated
8.646484375 GB reserved
dict_keys(['index', 'mixture_magnitude', 'mixture_phase', 'source_phase', 'mix_magnitude', 'ideal_binary_mask', 'source_magnitudes'])
1.009408950805664 GB allocated
8.646484375 GB reserved
dict_keys(['index', 'mixture_magnitude', 'mixture_phase', 'source_phase', 'mix_magnitude', 'ideal_binary_mask', 'source_magnitudes'])
1.009408950805664 GB allocated
8.646484375 GB reserved
dict_keys(['index', 'mixture_magnitude', 'mixture_phase', 'source_phase', 'mix_magnitude', 'ideal_binary_mask', 'source_magnitudes'])
1.009408950805664 GB allocated
8.646484375 GB reserved
dict_keys(['index', 'mixture_magnitude', 'mixture_phase', 'source_phase', 'mix_magnitude', 'ideal_binary_mask', 'source_magnitudes'])
1.0085558891296387 GB allocated
8.646484375 GB reserved
dict_keys(['index', 'mixture_magnitude', 'mixture_phase', 'source_phase', 'mix_magnitude', 'ideal_binary_mask', 'source_magnitudes'])
1.009408950805664 GB allocated
8.646484375 GB reserved
dict_keys(['index', 'mixture_magnitude', 'mixture_phase', 'source_phase', 'mix_magnitude', 'ideal_binary_mask', 'source_magnitudes'])
1.009408950805664 GB allocated
8.646484375 GB reserved
dict_keys(['index', 'mixture_magnitude', 'mixture_phase', 'source_phase', 'mix_magnitude', 'ideal_binary_mask', 'source_magnitudes'])
1.009408950805664 GB allocated
8.646484375 GB reserved
dict_keys(['index', 'mixture_magnitude', 'mixture_phase', 'source_phase', 'mix_magnitude', 'ideal_binary_mask', 'source_magnitudes'])
1.0085558891296387 GB allocated
8.646484375 GB reserved
dict_keys(['index', 'mixture_magnitude', 'mixture_phase', 'source_phase', 'mix_magnitude', 'ideal_binary_mask', 'source_magnitudes'])
1.009408950805664 GB allocated
8.646484375 GB reserved
dict_keys(['index', 'mixture_magnitude', 'mixture_phase', 'source_phase', 'mix_magnitude', 'ideal_binary_mask', 'source_magnitudes'])
1.009408950805664 GB allocated
8.646484375 GB reserved
dict_keys(['index', 'mixture_magnitude', 'mixture_phase', 'source_phase', 'mix_magnitude', 'ideal_binary_mask', 'source_magnitudes'])
1.009408950805664 GB allocated
8.646484375 GB reserved
dict_keys(['index', 'mixture_magnitude', 'mixture_phase', 'source_phase', 'mix_magnitude', 'ideal_binary_mask', 'source_magnitudes'])
1.0085558891296387 GB allocated
8.646484375 GB reserved
dict_keys(['index', 'mixture_magnitude', 'mixture_phase', 'source_phase', 'mix_magnitude', 'ideal_binary_mask', 'source_magnitudes'])
1.009408950805664 GB allocated
8.646484375 GB reserved
dict_keys(['index', 'mixture_magnitude', 'mixture_phase', 'source_phase', 'mix_magnitude', 'ideal_binary_mask', 'source_magnitudes'])
1.009408950805664 GB allocated
8.646484375 GB reserved
dict_keys(['index', 'mixture_magnitude', 'mixture_phase', 'source_phase', 'mix_magnitude', 'ideal_binary_mask', 'source_magnitudes'])
1.009408950805664 GB allocated
8.646484375 GB reserved
dict_keys(['index', 'mixture_magnitude', 'mixture_phase', 'source_phase', 'mix_magnitude', 'ideal_binary_mask', 'source_magnitudes'])
1.0085558891296387 GB allocated
8.646484375 GB reserved
dict_keys(['index', 'mixture_magnitude', 'mixture_phase', 'source_phase', 'mix_magnitude', 'ideal_binary_mask', 'source_magnitudes'])
1.009408950805664 GB allocated
8.646484375 GB reserved
dict_keys(['index', 'mixture_magnitude', 'mixture_phase', 'source_phase', 'mix_magnitude', 'ideal_binary_mask', 'source_magnitudes'])
1.009408950805664 GB allocated
8.646484375 GB reserved
dict_keys(['index', 'mixture_magnitude', 'mixture_phase', 'source_phase', 'mix_magnitude', 'ideal_binary_mask', 'source_magnitudes'])
1.009408950805664 GB allocated
8.646484375 GB reserved
dict_keys(['index', 'mixture_magnitude', 'mixture_phase', 'source_phase', 'mix_magnitude', 'ideal_binary_mask', 'source_magnitudes'])
1.0085558891296387 GB allocated
8.646484375 GB reserved
dict_keys(['index', 'mixture_magnitude', 'mixture_phase', 'source_phase', 'mix_magnitude', 'ideal_binary_mask', 'source_magnitudes'])
1.009408950805664 GB allocated
8.646484375 GB reserved
dict_keys(['index', 'mixture_magnitude', 'mixture_phase', 'source_phase', 'mix_magnitude', 'ideal_binary_mask', 'source_magnitudes'])
1.009408950805664 GB allocated
8.646484375 GB reserved
dict_keys(['index', 'mixture_magnitude', 'mixture_phase', 'source_phase', 'mix_magnitude', 'ideal_binary_mask', 'source_magnitudes'])
1.009408950805664 GB allocated
8.646484375 GB reserved
dict_keys(['index', 'mixture_magnitude', 'mixture_phase', 'source_phase', 'mix_magnitude', 'ideal_binary_mask', 'source_magnitudes'])
1.0085558891296387 GB allocated
8.646484375 GB reserved
dict_keys(['index', 'mixture_magnitude', 'mixture_phase', 'source_phase', 'mix_magnitude', 'ideal_binary_mask', 'source_magnitudes'])
1.009408950805664 GB allocated
8.646484375 GB reserved
dict_keys(['index', 'mixture_magnitude', 'mixture_phase', 'source_phase', 'mix_magnitude', 'ideal_binary_mask', 'source_magnitudes'])
1.009408950805664 GB allocated
8.646484375 GB reserved
dict_keys(['index', 'mixture_magnitude', 'mixture_phase', 'source_phase', 'mix_magnitude', 'ideal_binary_mask', 'source_magnitudes'])
1.009408950805664 GB allocated
8.646484375 GB reserved
dict_keys(['index', 'mixture_magnitude', 'mixture_phase', 'source_phase', 'mix_magnitude', 'ideal_binary_mask', 'source_magnitudes'])
1.0085558891296387 GB allocated
8.646484375 GB reserved
dict_keys(['index', 'mixture_magnitude', 'mixture_phase', 'source_phase', 'mix_magnitude', 'ideal_binary_mask', 'source_magnitudes'])
1.009408950805664 GB allocated
8.646484375 GB reserved
dict_keys(['index', 'mixture_magnitude', 'mixture_phase', 'source_phase', 'mix_magnitude', 'ideal_binary_mask', 'source_magnitudes'])
1.009408950805664 GB allocated
8.646484375 GB reserved
dict_keys(['index', 'mixture_magnitude', 'mixture_phase', 'source_phase', 'mix_magnitude', 'ideal_binary_mask', 'source_magnitudes'])
1.009408950805664 GB allocated
8.646484375 GB reserved
dict_keys(['index', 'mixture_magnitude', 'mixture_phase', 'source_phase', 'mix_magnitude', 'ideal_binary_mask', 'source_magnitudes'])
[Validator] Epoch 14 - val_loss: 0.927969
[BEST CHECKPOINT] Guardado/actualizado en: checkpoints\Mis_modelos_v2\advanced\l_mrs checkpoints\4stems\best_checkpoint_14_val_loss=-0.9280.pt
06/11/2026 04:05:15 AM | engine.py:1037 Engine run finished. Time taken: 00:01:04.288
[Epoch 14] train_loss=0.953022 | val_loss=0.927969
06/11/2026 04:05:15 AM | engine.py:1010 Epoch[14] Complete. Time taken: 00:39:08.226
1.0085558891296387 GB allocated
8.646484375 GB reserved
dict_keys(['index', 'mixture_magnitude', 'mixture_phase', 'source_phase', 'mix_magnitude', 'ideal_binary_mask', 'source_magnitudes'])
1.009408950805664 GB allocated
8.646484375 GB reserved
dict_keys(['index', 'mixture_magnitude', 'mixture_phase', 'source_phase', 'mix_magnitude', 'ideal_binary_mask', 'source_magnitudes'])
1.009408950805664 GB allocated
8.646484375 GB reserved
dict_keys(['index', 'mixture_magnitude', 'mixture_phase', 'source_phase', 'mix_magnitude', 'ideal_binary_mask', 'source_magnitudes'])
1.009408950805664 GB allocated
8.646484375 GB reserved
dict_keys(['index', 'mixture_magnitude', 'mixture_phase', 'source_phase', 'mix_magnitude', 'ideal_binary_mask', 'source_magnitudes'])
1.0085558891296387 GB allocated
8.646484375 GB reserved
dict_keys(['index', 'mixture_magnitude', 'mixture_phase', 'source_phase', 'mix_magnitude', 'ideal_binary_mask', 'source_magnitudes'])
1.009408950805664 GB allocated
8.646484375 GB reserved
dict_keys(['index', 'mixture_magnitude', 'mixture_phase', 'source_phase', 'mix_magnitude', 'ideal_binary_mask', 'source_magnitudes'])
1.009408950805664 GB allocated
8.646484375 GB reserved
dict_keys(['index', 'mixture_magnitude', 'mixture_phase', 'source_phase', 'mix_magnitude', 'ideal_binary_mask', 'source_magnitudes'])
1.009408950805664 GB allocated
8.646484375 GB reserved
dict_keys(['index', 'mixture_magnitude', 'mixture_phase', 'source_phase', 'mix_magnitude', 'ideal_binary_mask', 'source_magnitudes'])
1.0085558891296387 GB allocated
8.646484375 GB reserved
dict_keys(['index', 'mixture_magnitude', 'mixture_phase', 'source_phase', 'mix_magnitude', 'ideal_binary_mask', 'source_magnitudes'])
1.009408950805664 GB allocated
8.646484375 GB reserved
dict_keys(['index', 'mixture_magnitude', 'mixture_phase', 'source_phase', 'mix_magnitude', 'ideal_binary_mask', 'source_magnitudes'])
1.009408950805664 GB allocated
8.646484375 GB reserved
dict_keys(['index', 'mixture_magnitude', 'mixture_phase', 'source_phase', 'mix_magnitude', 'ideal_binary_mask', 'source_magnitudes'])
1.009408950805664 GB allocated
8.646484375 GB reserved
dict_keys(['index', 'mixture_magnitude', 'mixture_phase', 'source_phase', 'mix_magnitude', 'ideal_binary_mask', 'source_magnitudes'])
1.0085558891296387 GB allocated
8.646484375 GB reserved
dict_keys(['index', 'mixture_magnitude', 'mixture_phase', 'source_phase', 'mix_magnitude', 'ideal_binary_mask', 'source_magnitudes'])
1.009408950805664 GB allocated
8.646484375 GB reserved
dict_keys(['index', 'mixture_magnitude', 'mixture_phase', 'source_phase', 'mix_magnitude', 'ideal_binary_mask', 'source_magnitudes'])
1.009408950805664 GB allocated
8.646484375 GB reserved
dict_keys(['index', 'mixture_magnitude', 'mixture_phase', 'source_phase', 'mix_magnitude', 'ideal_binary_mask', 'source_magnitudes'])
1.009408950805664 GB allocated
8.646484375 GB reserved
dict_keys(['index', 'mixture_magnitude', 'mixture_phase', 'source_phase', 'mix_magnitude', 'ideal_binary_mask', 'source_magnitudes'])
1.0085558891296387 GB allocated
8.646484375 GB reserved
dict_keys(['index', 'mixture_magnitude', 'mixture_phase', 'source_phase', 'mix_magnitude', 'ideal_binary_mask', 'source_magnitudes'])
1.009408950805664 GB allocated
8.646484375 GB reserved
dict_keys(['index', 'mixture_magnitude', 'mixture_phase', 'source_phase', 'mix_magnitude', 'ideal_binary_mask', 'source_magnitudes'])
1.009408950805664 GB allocated
8.646484375 GB reserved
dict_keys(['index', 'mixture_magnitude', 'mixture_phase', 'source_phase', 'mix_magnitude', 'ideal_binary_mask', 'source_magnitudes'])
1.009408950805664 GB allocated
8.646484375 GB reserved
dict_keys(['index', 'mixture_magnitude', 'mixture_phase', 'source_phase', 'mix_magnitude', 'ideal_binary_mask', 'source_magnitudes'])
1.0085558891296387 GB allocated
8.646484375 GB reserved
dict_keys(['index', 'mixture_magnitude', 'mixture_phase', 'source_phase', 'mix_magnitude', 'ideal_binary_mask', 'source_magnitudes'])
1.009408950805664 GB allocated
8.646484375 GB reserved
dict_keys(['index', 'mixture_magnitude', 'mixture_phase', 'source_phase', 'mix_magnitude', 'ideal_binary_mask', 'source_magnitudes'])
1.009408950805664 GB allocated
8.646484375 GB reserved
dict_keys(['index', 'mixture_magnitude', 'mixture_phase', 'source_phase', 'mix_magnitude', 'ideal_binary_mask', 'source_magnitudes'])
1.009408950805664 GB allocated
8.646484375 GB reserved
dict_keys(['index', 'mixture_magnitude', 'mixture_phase', 'source_phase', 'mix_magnitude', 'ideal_binary_mask', 'source_magnitudes'])
1.0085558891296387 GB allocated
8.646484375 GB reserved
dict_keys(['index', 'mixture_magnitude', 'mixture_phase', 'source_phase', 'mix_magnitude', 'ideal_binary_mask', 'source_magnitudes'])
1.009408950805664 GB allocated
8.646484375 GB reserved
dict_keys(['index', 'mixture_magnitude', 'mixture_phase', 'source_phase', 'mix_magnitude', 'ideal_binary_mask', 'source_magnitudes'])
1.009408950805664 GB allocated
8.646484375 GB reserved
dict_keys(['index', 'mixture_magnitude', 'mixture_phase', 'source_phase', 'mix_magnitude', 'ideal_binary_mask', 'source_magnitudes'])
1.009408950805664 GB allocated
8.646484375 GB reserved
dict_keys(['index', 'mixture_magnitude', 'mixture_phase', 'source_phase', 'mix_magnitude', 'ideal_binary_mask', 'source_magnitudes'])
1.0085558891296387 GB allocated
8.646484375 GB reserved
dict_keys(['index', 'mixture_magnitude', 'mixture_phase', 'source_phase', 'mix_magnitude', 'ideal_binary_mask', 'source_magnitudes'])
1.009408950805664 GB allocated
8.646484375 GB reserved
dict_keys(['index', 'mixture_magnitude', 'mixture_phase', 'source_phase', 'mix_magnitude', 'ideal_binary_mask', 'source_magnitudes'])
1.009408950805664 GB allocated
8.646484375 GB reserved
dict_keys(['index', 'mixture_magnitude', 'mixture_phase', 'source_phase', 'mix_magnitude', 'ideal_binary_mask', 'source_magnitudes'])
1.009408950805664 GB allocated
8.646484375 GB reserved
dict_keys(['index', 'mixture_magnitude', 'mixture_phase', 'source_phase', 'mix_magnitude', 'ideal_binary_mask', 'source_magnitudes'])
1.0085558891296387 GB allocated
8.646484375 GB reserved
dict_keys(['index', 'mixture_magnitude', 'mixture_phase', 'source_phase', 'mix_magnitude', 'ideal_binary_mask', 'source_magnitudes'])
1.009408950805664 GB allocated
8.646484375 GB reserved
dict_keys(['index', 'mixture_magnitude', 'mixture_phase', 'source_phase', 'mix_magnitude', 'ideal_binary_mask', 'source_magnitudes'])
1.009408950805664 GB allocated
8.646484375 GB reserved
dict_keys(['index', 'mixture_magnitude', 'mixture_phase', 'source_phase', 'mix_magnitude', 'ideal_binary_mask', 'source_magnitudes'])
1.009408950805664 GB allocated
8.646484375 GB reserved
dict_keys(['index', 'mixture_magnitude', 'mixture_phase', 'source_phase', 'mix_magnitude', 'ideal_binary_mask', 'source_magnitudes'])
1.0085558891296387 GB allocated
8.646484375 GB reserved
dict_keys(['index', 'mixture_magnitude', 'mixture_phase', 'source_phase', 'mix_magnitude', 'ideal_binary_mask', 'source_magnitudes'])
1.009408950805664 GB allocated
8.646484375 GB reserved
dict_keys(['index', 'mixture_magnitude', 'mixture_phase', 'source_phase', 'mix_magnitude', 'ideal_binary_mask', 'source_magnitudes'])
1.009408950805664 GB allocated
8.646484375 GB reserved
dict_keys(['index', 'mixture_magnitude', 'mixture_phase', 'source_phase', 'mix_magnitude', 'ideal_binary_mask', 'source_magnitudes'])
1.009408950805664 GB allocated
8.646484375 GB reserved
dict_keys(['index', 'mixture_magnitude', 'mixture_phase', 'source_phase', 'mix_magnitude', 'ideal_binary_mask', 'source_magnitudes'])
1.0085558891296387 GB allocated
8.646484375 GB reserved
dict_keys(['index', 'mixture_magnitude', 'mixture_phase', 'source_phase', 'mix_magnitude', 'ideal_binary_mask', 'source_magnitudes'])
1.009408950805664 GB allocated
8.646484375 GB reserved
dict_keys(['index', 'mixture_magnitude', 'mixture_phase', 'source_phase', 'mix_magnitude', 'ideal_binary_mask', 'source_magnitudes'])
1.009408950805664 GB allocated
8.646484375 GB reserved
06/11/2026 04:43:22 AM | engine.py:906 Engine run starting with max_epochs=1.
06/11/2026 04:44:25 AM | engine.py:1010 Epoch[1] Complete. Time taken: 00:01:02.772
dict_keys(['index', 'mixture_magnitude', 'mixture_phase', 'source_phase', 'mix_magnitude', 'ideal_binary_mask', 'source_magnitudes'])
1.009408950805664 GB allocated
8.646484375 GB reserved
dict_keys(['index', 'mixture_magnitude', 'mixture_phase', 'source_phase', 'mix_magnitude', 'ideal_binary_mask', 'source_magnitudes'])
1.0085558891296387 GB allocated
8.646484375 GB reserved
dict_keys(['index', 'mixture_magnitude', 'mixture_phase', 'source_phase', 'mix_magnitude', 'ideal_binary_mask', 'source_magnitudes'])
1.009408950805664 GB allocated
8.646484375 GB reserved
dict_keys(['index', 'mixture_magnitude', 'mixture_phase', 'source_phase', 'mix_magnitude', 'ideal_binary_mask', 'source_magnitudes'])
1.009408950805664 GB allocated
8.646484375 GB reserved
dict_keys(['index', 'mixture_magnitude', 'mixture_phase', 'source_phase', 'mix_magnitude', 'ideal_binary_mask', 'source_magnitudes'])
1.009408950805664 GB allocated
8.646484375 GB reserved
dict_keys(['index', 'mixture_magnitude', 'mixture_phase', 'source_phase', 'mix_magnitude', 'ideal_binary_mask', 'source_magnitudes'])
1.0085558891296387 GB allocated
8.646484375 GB reserved
dict_keys(['index', 'mixture_magnitude', 'mixture_phase', 'source_phase', 'mix_magnitude', 'ideal_binary_mask', 'source_magnitudes'])
1.009408950805664 GB allocated
8.646484375 GB reserved
dict_keys(['index', 'mixture_magnitude', 'mixture_phase', 'source_phase', 'mix_magnitude', 'ideal_binary_mask', 'source_magnitudes'])
1.009408950805664 GB allocated
8.646484375 GB reserved
dict_keys(['index', 'mixture_magnitude', 'mixture_phase', 'source_phase', 'mix_magnitude', 'ideal_binary_mask', 'source_magnitudes'])
1.009408950805664 GB allocated
8.646484375 GB reserved
dict_keys(['index', 'mixture_magnitude', 'mixture_phase', 'source_phase', 'mix_magnitude', 'ideal_binary_mask', 'source_magnitudes'])
1.0085558891296387 GB allocated
8.646484375 GB reserved
dict_keys(['index', 'mixture_magnitude', 'mixture_phase', 'source_phase', 'mix_magnitude', 'ideal_binary_mask', 'source_magnitudes'])
1.009408950805664 GB allocated
8.646484375 GB reserved
dict_keys(['index', 'mixture_magnitude', 'mixture_phase', 'source_phase', 'mix_magnitude', 'ideal_binary_mask', 'source_magnitudes'])
1.009408950805664 GB allocated
8.646484375 GB reserved
dict_keys(['index', 'mixture_magnitude', 'mixture_phase', 'source_phase', 'mix_magnitude', 'ideal_binary_mask', 'source_magnitudes'])
1.009408950805664 GB allocated
8.646484375 GB reserved
dict_keys(['index', 'mixture_magnitude', 'mixture_phase', 'source_phase', 'mix_magnitude', 'ideal_binary_mask', 'source_magnitudes'])
1.0085558891296387 GB allocated
8.646484375 GB reserved
dict_keys(['index', 'mixture_magnitude', 'mixture_phase', 'source_phase', 'mix_magnitude', 'ideal_binary_mask', 'source_magnitudes'])
1.009408950805664 GB allocated
8.646484375 GB reserved
dict_keys(['index', 'mixture_magnitude', 'mixture_phase', 'source_phase', 'mix_magnitude', 'ideal_binary_mask', 'source_magnitudes'])
1.009408950805664 GB allocated
8.646484375 GB reserved
dict_keys(['index', 'mixture_magnitude', 'mixture_phase', 'source_phase', 'mix_magnitude', 'ideal_binary_mask', 'source_magnitudes'])
1.009408950805664 GB allocated
8.646484375 GB reserved
dict_keys(['index', 'mixture_magnitude', 'mixture_phase', 'source_phase', 'mix_magnitude', 'ideal_binary_mask', 'source_magnitudes'])
1.0085558891296387 GB allocated
8.646484375 GB reserved
dict_keys(['index', 'mixture_magnitude', 'mixture_phase', 'source_phase', 'mix_magnitude', 'ideal_binary_mask', 'source_magnitudes'])
1.009408950805664 GB allocated
8.646484375 GB reserved
dict_keys(['index', 'mixture_magnitude', 'mixture_phase', 'source_phase', 'mix_magnitude', 'ideal_binary_mask', 'source_magnitudes'])
1.009408950805664 GB allocated
8.646484375 GB reserved
dict_keys(['index', 'mixture_magnitude', 'mixture_phase', 'source_phase', 'mix_magnitude', 'ideal_binary_mask', 'source_magnitudes'])
1.009408950805664 GB allocated
8.646484375 GB reserved
dict_keys(['index', 'mixture_magnitude', 'mixture_phase', 'source_phase', 'mix_magnitude', 'ideal_binary_mask', 'source_magnitudes'])
1.0085558891296387 GB allocated
8.646484375 GB reserved
dict_keys(['index', 'mixture_magnitude', 'mixture_phase', 'source_phase', 'mix_magnitude', 'ideal_binary_mask', 'source_magnitudes'])
1.009408950805664 GB allocated
8.646484375 GB reserved
dict_keys(['index', 'mixture_magnitude', 'mixture_phase', 'source_phase', 'mix_magnitude', 'ideal_binary_mask', 'source_magnitudes'])
1.009408950805664 GB allocated
8.646484375 GB reserved
dict_keys(['index', 'mixture_magnitude', 'mixture_phase', 'source_phase', 'mix_magnitude', 'ideal_binary_mask', 'source_magnitudes'])
1.009408950805664 GB allocated
8.646484375 GB reserved
dict_keys(['index', 'mixture_magnitude', 'mixture_phase', 'source_phase', 'mix_magnitude', 'ideal_binary_mask', 'source_magnitudes'])
1.0085558891296387 GB allocated
8.646484375 GB reserved
dict_keys(['index', 'mixture_magnitude', 'mixture_phase', 'source_phase', 'mix_magnitude', 'ideal_binary_mask', 'source_magnitudes'])
1.009408950805664 GB allocated
8.646484375 GB reserved
dict_keys(['index', 'mixture_magnitude', 'mixture_phase', 'source_phase', 'mix_magnitude', 'ideal_binary_mask', 'source_magnitudes'])
1.009408950805664 GB allocated
8.646484375 GB reserved
dict_keys(['index', 'mixture_magnitude', 'mixture_phase', 'source_phase', 'mix_magnitude', 'ideal_binary_mask', 'source_magnitudes'])
1.009408950805664 GB allocated
8.646484375 GB reserved
dict_keys(['index', 'mixture_magnitude', 'mixture_phase', 'source_phase', 'mix_magnitude', 'ideal_binary_mask', 'source_magnitudes'])
1.0085558891296387 GB allocated
8.646484375 GB reserved
dict_keys(['index', 'mixture_magnitude', 'mixture_phase', 'source_phase', 'mix_magnitude', 'ideal_binary_mask', 'source_magnitudes'])
1.009408950805664 GB allocated
8.646484375 GB reserved
dict_keys(['index', 'mixture_magnitude', 'mixture_phase', 'source_phase', 'mix_magnitude', 'ideal_binary_mask', 'source_magnitudes'])
1.009408950805664 GB allocated
8.646484375 GB reserved
dict_keys(['index', 'mixture_magnitude', 'mixture_phase', 'source_phase', 'mix_magnitude', 'ideal_binary_mask', 'source_magnitudes'])
1.009408950805664 GB allocated
8.646484375 GB reserved
dict_keys(['index', 'mixture_magnitude', 'mixture_phase', 'source_phase', 'mix_magnitude', 'ideal_binary_mask', 'source_magnitudes'])
1.0085558891296387 GB allocated
8.646484375 GB reserved
dict_keys(['index', 'mixture_magnitude', 'mixture_phase', 'source_phase', 'mix_magnitude', 'ideal_binary_mask', 'source_magnitudes'])
1.009408950805664 GB allocated
8.646484375 GB reserved
dict_keys(['index', 'mixture_magnitude', 'mixture_phase', 'source_phase', 'mix_magnitude', 'ideal_binary_mask', 'source_magnitudes'])
1.009408950805664 GB allocated
8.646484375 GB reserved
dict_keys(['index', 'mixture_magnitude', 'mixture_phase', 'source_phase', 'mix_magnitude', 'ideal_binary_mask', 'source_magnitudes'])
1.009408950805664 GB allocated
8.646484375 GB reserved
dict_keys(['index', 'mixture_magnitude', 'mixture_phase', 'source_phase', 'mix_magnitude', 'ideal_binary_mask', 'source_magnitudes'])
1.0085558891296387 GB allocated
8.646484375 GB reserved
dict_keys(['index', 'mixture_magnitude', 'mixture_phase', 'source_phase', 'mix_magnitude', 'ideal_binary_mask', 'source_magnitudes'])
1.009408950805664 GB allocated
8.646484375 GB reserved
dict_keys(['index', 'mixture_magnitude', 'mixture_phase', 'source_phase', 'mix_magnitude', 'ideal_binary_mask', 'source_magnitudes'])
1.009408950805664 GB allocated
8.646484375 GB reserved
dict_keys(['index', 'mixture_magnitude', 'mixture_phase', 'source_phase', 'mix_magnitude', 'ideal_binary_mask', 'source_magnitudes'])
1.009408950805664 GB allocated
8.646484375 GB reserved
dict_keys(['index', 'mixture_magnitude', 'mixture_phase', 'source_phase', 'mix_magnitude', 'ideal_binary_mask', 'source_magnitudes'])
1.0085558891296387 GB allocated
8.646484375 GB reserved
dict_keys(['index', 'mixture_magnitude', 'mixture_phase', 'source_phase', 'mix_magnitude', 'ideal_binary_mask', 'source_magnitudes'])
1.009408950805664 GB allocated
8.646484375 GB reserved
dict_keys(['index', 'mixture_magnitude', 'mixture_phase', 'source_phase', 'mix_magnitude', 'ideal_binary_mask', 'source_magnitudes'])
1.009408950805664 GB allocated
8.646484375 GB reserved
dict_keys(['index', 'mixture_magnitude', 'mixture_phase', 'source_phase', 'mix_magnitude', 'ideal_binary_mask', 'source_magnitudes'])
1.009408950805664 GB allocated
8.646484375 GB reserved
dict_keys(['index', 'mixture_magnitude', 'mixture_phase', 'source_phase', 'mix_magnitude', 'ideal_binary_mask', 'source_magnitudes'])
1.0085558891296387 GB allocated
8.646484375 GB reserved
dict_keys(['index', 'mixture_magnitude', 'mixture_phase', 'source_phase', 'mix_magnitude', 'ideal_binary_mask', 'source_magnitudes'])
1.009408950805664 GB allocated
8.646484375 GB reserved
dict_keys(['index', 'mixture_magnitude', 'mixture_phase', 'source_phase', 'mix_magnitude', 'ideal_binary_mask', 'source_magnitudes'])
1.009408950805664 GB allocated
8.646484375 GB reserved
dict_keys(['index', 'mixture_magnitude', 'mixture_phase', 'source_phase', 'mix_magnitude', 'ideal_binary_mask', 'source_magnitudes'])
1.009408950805664 GB allocated
8.646484375 GB reserved
dict_keys(['index', 'mixture_magnitude', 'mixture_phase', 'source_phase', 'mix_magnitude', 'ideal_binary_mask', 'source_magnitudes'])
1.0085558891296387 GB allocated
8.646484375 GB reserved
dict_keys(['index', 'mixture_magnitude', 'mixture_phase', 'source_phase', 'mix_magnitude', 'ideal_binary_mask', 'source_magnitudes'])
1.009408950805664 GB allocated
8.646484375 GB reserved
dict_keys(['index', 'mixture_magnitude', 'mixture_phase', 'source_phase', 'mix_magnitude', 'ideal_binary_mask', 'source_magnitudes'])
1.009408950805664 GB allocated
8.646484375 GB reserved
dict_keys(['index', 'mixture_magnitude', 'mixture_phase', 'source_phase', 'mix_magnitude', 'ideal_binary_mask', 'source_magnitudes'])
1.009408950805664 GB allocated
8.646484375 GB reserved
dict_keys(['index', 'mixture_magnitude', 'mixture_phase', 'source_phase', 'mix_magnitude', 'ideal_binary_mask', 'source_magnitudes'])
1.0085558891296387 GB allocated
8.646484375 GB reserved
dict_keys(['index', 'mixture_magnitude', 'mixture_phase', 'source_phase', 'mix_magnitude', 'ideal_binary_mask', 'source_magnitudes'])
1.009408950805664 GB allocated
8.646484375 GB reserved
dict_keys(['index', 'mixture_magnitude', 'mixture_phase', 'source_phase', 'mix_magnitude', 'ideal_binary_mask', 'source_magnitudes'])
1.009408950805664 GB allocated
8.646484375 GB reserved
dict_keys(['index', 'mixture_magnitude', 'mixture_phase', 'source_phase', 'mix_magnitude', 'ideal_binary_mask', 'source_magnitudes'])
1.009408950805664 GB allocated
8.646484375 GB reserved
dict_keys(['index', 'mixture_magnitude', 'mixture_phase', 'source_phase', 'mix_magnitude', 'ideal_binary_mask', 'source_magnitudes'])
[Validator] Epoch 15 - val_loss: 0.920695
[BEST CHECKPOINT] Guardado/actualizado en: checkpoints\Mis_modelos_v2\advanced\l_mrs checkpoints\4stems\best_checkpoint_15_val_loss=-0.9207.pt
06/11/2026 04:44:25 AM | engine.py:1037 Engine run finished. Time taken: 00:01:02.796
[Epoch 15] train_loss=0.948650 | val_loss=0.920695
06/11/2026 04:44:25 AM | engine.py:1010 Epoch[15] Complete. Time taken: 00:39:10.195
1.0085558891296387 GB allocated
8.646484375 GB reserved
dict_keys(['index', 'mixture_magnitude', 'mixture_phase', 'source_phase', 'mix_magnitude', 'ideal_binary_mask', 'source_magnitudes'])
1.009408950805664 GB allocated
8.646484375 GB reserved
dict_keys(['index', 'mixture_magnitude', 'mixture_phase', 'source_phase', 'mix_magnitude', 'ideal_binary_mask', 'source_magnitudes'])
1.009408950805664 GB allocated
8.646484375 GB reserved
dict_keys(['index', 'mixture_magnitude', 'mixture_phase', 'source_phase', 'mix_magnitude', 'ideal_binary_mask', 'source_magnitudes'])
1.009408950805664 GB allocated
8.646484375 GB reserved
dict_keys(['index', 'mixture_magnitude', 'mixture_phase', 'source_phase', 'mix_magnitude', 'ideal_binary_mask', 'source_magnitudes'])
1.0085558891296387 GB allocated
8.646484375 GB reserved
dict_keys(['index', 'mixture_magnitude', 'mixture_phase', 'source_phase', 'mix_magnitude', 'ideal_binary_mask', 'source_magnitudes'])
1.009408950805664 GB allocated
8.646484375 GB reserved
dict_keys(['index', 'mixture_magnitude', 'mixture_phase', 'source_phase', 'mix_magnitude', 'ideal_binary_mask', 'source_magnitudes'])
1.009408950805664 GB allocated
8.646484375 GB reserved
dict_keys(['index', 'mixture_magnitude', 'mixture_phase', 'source_phase', 'mix_magnitude', 'ideal_binary_mask', 'source_magnitudes'])
1.009408950805664 GB allocated
8.646484375 GB reserved
dict_keys(['index', 'mixture_magnitude', 'mixture_phase', 'source_phase', 'mix_magnitude', 'ideal_binary_mask', 'source_magnitudes'])
1.0085558891296387 GB allocated
8.646484375 GB reserved
dict_keys(['index', 'mixture_magnitude', 'mixture_phase', 'source_phase', 'mix_magnitude', 'ideal_binary_mask', 'source_magnitudes'])
1.009408950805664 GB allocated
8.646484375 GB reserved
dict_keys(['index', 'mixture_magnitude', 'mixture_phase', 'source_phase', 'mix_magnitude', 'ideal_binary_mask', 'source_magnitudes'])
1.009408950805664 GB allocated
8.646484375 GB reserved
dict_keys(['index', 'mixture_magnitude', 'mixture_phase', 'source_phase', 'mix_magnitude', 'ideal_binary_mask', 'source_magnitudes'])
1.009408950805664 GB allocated
8.646484375 GB reserved
dict_keys(['index', 'mixture_magnitude', 'mixture_phase', 'source_phase', 'mix_magnitude', 'ideal_binary_mask', 'source_magnitudes'])
1.0085558891296387 GB allocated
8.646484375 GB reserved
dict_keys(['index', 'mixture_magnitude', 'mixture_phase', 'source_phase', 'mix_magnitude', 'ideal_binary_mask', 'source_magnitudes'])
1.009408950805664 GB allocated
8.646484375 GB reserved
dict_keys(['index', 'mixture_magnitude', 'mixture_phase', 'source_phase', 'mix_magnitude', 'ideal_binary_mask', 'source_magnitudes'])
1.009408950805664 GB allocated
8.646484375 GB reserved
dict_keys(['index', 'mixture_magnitude', 'mixture_phase', 'source_phase', 'mix_magnitude', 'ideal_binary_mask', 'source_magnitudes'])
1.009408950805664 GB allocated
8.646484375 GB reserved
dict_keys(['index', 'mixture_magnitude', 'mixture_phase', 'source_phase', 'mix_magnitude', 'ideal_binary_mask', 'source_magnitudes'])
1.0085558891296387 GB allocated
8.646484375 GB reserved
dict_keys(['index', 'mixture_magnitude', 'mixture_phase', 'source_phase', 'mix_magnitude', 'ideal_binary_mask', 'source_magnitudes'])
1.009408950805664 GB allocated
8.646484375 GB reserved
dict_keys(['index', 'mixture_magnitude', 'mixture_phase', 'source_phase', 'mix_magnitude', 'ideal_binary_mask', 'source_magnitudes'])
1.009408950805664 GB allocated
8.646484375 GB reserved
dict_keys(['index', 'mixture_magnitude', 'mixture_phase', 'source_phase', 'mix_magnitude', 'ideal_binary_mask', 'source_magnitudes'])
1.009408950805664 GB allocated
8.646484375 GB reserved
dict_keys(['index', 'mixture_magnitude', 'mixture_phase', 'source_phase', 'mix_magnitude', 'ideal_binary_mask', 'source_magnitudes'])
1.0085558891296387 GB allocated
8.646484375 GB reserved
dict_keys(['index', 'mixture_magnitude', 'mixture_phase', 'source_phase', 'mix_magnitude', 'ideal_binary_mask', 'source_magnitudes'])
1.009408950805664 GB allocated
8.646484375 GB reserved
dict_keys(['index', 'mixture_magnitude', 'mixture_phase', 'source_phase', 'mix_magnitude', 'ideal_binary_mask', 'source_magnitudes'])
1.009408950805664 GB allocated
8.646484375 GB reserved
dict_keys(['index', 'mixture_magnitude', 'mixture_phase', 'source_phase', 'mix_magnitude', 'ideal_binary_mask', 'source_magnitudes'])
1.009408950805664 GB allocated
8.646484375 GB reserved
dict_keys(['index', 'mixture_magnitude', 'mixture_phase', 'source_phase', 'mix_magnitude', 'ideal_binary_mask', 'source_magnitudes'])
1.0085558891296387 GB allocated
8.646484375 GB reserved
dict_keys(['index', 'mixture_magnitude', 'mixture_phase', 'source_phase', 'mix_magnitude', 'ideal_binary_mask', 'source_magnitudes'])
1.009408950805664 GB allocated
8.646484375 GB reserved
dict_keys(['index', 'mixture_magnitude', 'mixture_phase', 'source_phase', 'mix_magnitude', 'ideal_binary_mask', 'source_magnitudes'])
1.009408950805664 GB allocated
8.646484375 GB reserved
dict_keys(['index', 'mixture_magnitude', 'mixture_phase', 'source_phase', 'mix_magnitude', 'ideal_binary_mask', 'source_magnitudes'])
1.009408950805664 GB allocated
8.646484375 GB reserved
dict_keys(['index', 'mixture_magnitude', 'mixture_phase', 'source_phase', 'mix_magnitude', 'ideal_binary_mask', 'source_magnitudes'])
1.0085558891296387 GB allocated
8.646484375 GB reserved
dict_keys(['index', 'mixture_magnitude', 'mixture_phase', 'source_phase', 'mix_magnitude', 'ideal_binary_mask', 'source_magnitudes'])
1.009408950805664 GB allocated
8.646484375 GB reserved
dict_keys(['index', 'mixture_magnitude', 'mixture_phase', 'source_phase', 'mix_magnitude', 'ideal_binary_mask', 'source_magnitudes'])
1.009408950805664 GB allocated
8.646484375 GB reserved
dict_keys(['index', 'mixture_magnitude', 'mixture_phase', 'source_phase', 'mix_magnitude', 'ideal_binary_mask', 'source_magnitudes'])
1.009408950805664 GB allocated
8.646484375 GB reserved
dict_keys(['index', 'mixture_magnitude', 'mixture_phase', 'source_phase', 'mix_magnitude', 'ideal_binary_mask', 'source_magnitudes'])
1.0085558891296387 GB allocated
8.646484375 GB reserved
dict_keys(['index', 'mixture_magnitude', 'mixture_phase', 'source_phase', 'mix_magnitude', 'ideal_binary_mask', 'source_magnitudes'])
1.009408950805664 GB allocated
8.646484375 GB reserved
dict_keys(['index', 'mixture_magnitude', 'mixture_phase', 'source_phase', 'mix_magnitude', 'ideal_binary_mask', 'source_magnitudes'])
1.009408950805664 GB allocated
8.646484375 GB reserved
dict_keys(['index', 'mixture_magnitude', 'mixture_phase', 'source_phase', 'mix_magnitude', 'ideal_binary_mask', 'source_magnitudes'])
1.009408950805664 GB allocated
8.646484375 GB reserved
dict_keys(['index', 'mixture_magnitude', 'mixture_phase', 'source_phase', 'mix_magnitude', 'ideal_binary_mask', 'source_magnitudes'])
1.0085558891296387 GB allocated
8.646484375 GB reserved
dict_keys(['index', 'mixture_magnitude', 'mixture_phase', 'source_phase', 'mix_magnitude', 'ideal_binary_mask', 'source_magnitudes'])
1.009408950805664 GB allocated
8.646484375 GB reserved
dict_keys(['index', 'mixture_magnitude', 'mixture_phase', 'source_phase', 'mix_magnitude', 'ideal_binary_mask', 'source_magnitudes'])
1.009408950805664 GB allocated
8.646484375 GB reserved
dict_keys(['index', 'mixture_magnitude', 'mixture_phase', 'source_phase', 'mix_magnitude', 'ideal_binary_mask', 'source_magnitudes'])
1.009408950805664 GB allocated
8.646484375 GB reserved
dict_keys(['index', 'mixture_magnitude', 'mixture_phase', 'source_phase', 'mix_magnitude', 'ideal_binary_mask', 'source_magnitudes'])
1.0085558891296387 GB allocated
8.646484375 GB reserved
dict_keys(['index', 'mixture_magnitude', 'mixture_phase', 'source_phase', 'mix_magnitude', 'ideal_binary_mask', 'source_magnitudes'])
1.009408950805664 GB allocated
8.646484375 GB reserved
dict_keys(['index', 'mixture_magnitude', 'mixture_phase', 'source_phase', 'mix_magnitude', 'ideal_binary_mask', 'source_magnitudes'])
1.009408950805664 GB allocated
8.646484375 GB reserved
06/11/2026 05:22:32 AM | engine.py:906 Engine run starting with max_epochs=1.
06/11/2026 05:23:37 AM | engine.py:1010 Epoch[1] Complete. Time taken: 00:01:04.728
dict_keys(['index', 'mixture_magnitude', 'mixture_phase', 'source_phase', 'mix_magnitude', 'ideal_binary_mask', 'source_magnitudes'])
1.009408950805664 GB allocated
8.646484375 GB reserved
dict_keys(['index', 'mixture_magnitude', 'mixture_phase', 'source_phase', 'mix_magnitude', 'ideal_binary_mask', 'source_magnitudes'])
1.0085558891296387 GB allocated
8.646484375 GB reserved
dict_keys(['index', 'mixture_magnitude', 'mixture_phase', 'source_phase', 'mix_magnitude', 'ideal_binary_mask', 'source_magnitudes'])
1.009408950805664 GB allocated
8.646484375 GB reserved
dict_keys(['index', 'mixture_magnitude', 'mixture_phase', 'source_phase', 'mix_magnitude', 'ideal_binary_mask', 'source_magnitudes'])
1.009408950805664 GB allocated
8.646484375 GB reserved
dict_keys(['index', 'mixture_magnitude', 'mixture_phase', 'source_phase', 'mix_magnitude', 'ideal_binary_mask', 'source_magnitudes'])
1.009408950805664 GB allocated
8.646484375 GB reserved
dict_keys(['index', 'mixture_magnitude', 'mixture_phase', 'source_phase', 'mix_magnitude', 'ideal_binary_mask', 'source_magnitudes'])
1.0085558891296387 GB allocated
8.646484375 GB reserved
dict_keys(['index', 'mixture_magnitude', 'mixture_phase', 'source_phase', 'mix_magnitude', 'ideal_binary_mask', 'source_magnitudes'])
1.009408950805664 GB allocated
8.646484375 GB reserved
dict_keys(['index', 'mixture_magnitude', 'mixture_phase', 'source_phase', 'mix_magnitude', 'ideal_binary_mask', 'source_magnitudes'])
1.009408950805664 GB allocated
8.646484375 GB reserved
dict_keys(['index', 'mixture_magnitude', 'mixture_phase', 'source_phase', 'mix_magnitude', 'ideal_binary_mask', 'source_magnitudes'])
1.009408950805664 GB allocated
8.646484375 GB reserved
dict_keys(['index', 'mixture_magnitude', 'mixture_phase', 'source_phase', 'mix_magnitude', 'ideal_binary_mask', 'source_magnitudes'])
1.0085558891296387 GB allocated
8.646484375 GB reserved
dict_keys(['index', 'mixture_magnitude', 'mixture_phase', 'source_phase', 'mix_magnitude', 'ideal_binary_mask', 'source_magnitudes'])
1.009408950805664 GB allocated
8.646484375 GB reserved
dict_keys(['index', 'mixture_magnitude', 'mixture_phase', 'source_phase', 'mix_magnitude', 'ideal_binary_mask', 'source_magnitudes'])
1.009408950805664 GB allocated
8.646484375 GB reserved
dict_keys(['index', 'mixture_magnitude', 'mixture_phase', 'source_phase', 'mix_magnitude', 'ideal_binary_mask', 'source_magnitudes'])
1.009408950805664 GB allocated
8.646484375 GB reserved
dict_keys(['index', 'mixture_magnitude', 'mixture_phase', 'source_phase', 'mix_magnitude', 'ideal_binary_mask', 'source_magnitudes'])
1.0085558891296387 GB allocated
8.646484375 GB reserved
dict_keys(['index', 'mixture_magnitude', 'mixture_phase', 'source_phase', 'mix_magnitude', 'ideal_binary_mask', 'source_magnitudes'])
1.009408950805664 GB allocated
8.646484375 GB reserved
dict_keys(['index', 'mixture_magnitude', 'mixture_phase', 'source_phase', 'mix_magnitude', 'ideal_binary_mask', 'source_magnitudes'])
1.009408950805664 GB allocated
8.646484375 GB reserved
dict_keys(['index', 'mixture_magnitude', 'mixture_phase', 'source_phase', 'mix_magnitude', 'ideal_binary_mask', 'source_magnitudes'])
1.009408950805664 GB allocated
8.646484375 GB reserved
dict_keys(['index', 'mixture_magnitude', 'mixture_phase', 'source_phase', 'mix_magnitude', 'ideal_binary_mask', 'source_magnitudes'])
1.0085558891296387 GB allocated
8.646484375 GB reserved
dict_keys(['index', 'mixture_magnitude', 'mixture_phase', 'source_phase', 'mix_magnitude', 'ideal_binary_mask', 'source_magnitudes'])
1.009408950805664 GB allocated
8.646484375 GB reserved
dict_keys(['index', 'mixture_magnitude', 'mixture_phase', 'source_phase', 'mix_magnitude', 'ideal_binary_mask', 'source_magnitudes'])
1.009408950805664 GB allocated
8.646484375 GB reserved
dict_keys(['index', 'mixture_magnitude', 'mixture_phase', 'source_phase', 'mix_magnitude', 'ideal_binary_mask', 'source_magnitudes'])
1.009408950805664 GB allocated
8.646484375 GB reserved
dict_keys(['index', 'mixture_magnitude', 'mixture_phase', 'source_phase', 'mix_magnitude', 'ideal_binary_mask', 'source_magnitudes'])
1.0085558891296387 GB allocated
8.646484375 GB reserved
dict_keys(['index', 'mixture_magnitude', 'mixture_phase', 'source_phase', 'mix_magnitude', 'ideal_binary_mask', 'source_magnitudes'])
1.009408950805664 GB allocated
8.646484375 GB reserved
dict_keys(['index', 'mixture_magnitude', 'mixture_phase', 'source_phase', 'mix_magnitude', 'ideal_binary_mask', 'source_magnitudes'])
1.009408950805664 GB allocated
8.646484375 GB reserved
dict_keys(['index', 'mixture_magnitude', 'mixture_phase', 'source_phase', 'mix_magnitude', 'ideal_binary_mask', 'source_magnitudes'])
1.009408950805664 GB allocated
8.646484375 GB reserved
dict_keys(['index', 'mixture_magnitude', 'mixture_phase', 'source_phase', 'mix_magnitude', 'ideal_binary_mask', 'source_magnitudes'])
1.0085558891296387 GB allocated
8.646484375 GB reserved
dict_keys(['index', 'mixture_magnitude', 'mixture_phase', 'source_phase', 'mix_magnitude', 'ideal_binary_mask', 'source_magnitudes'])
1.009408950805664 GB allocated
8.646484375 GB reserved
dict_keys(['index', 'mixture_magnitude', 'mixture_phase', 'source_phase', 'mix_magnitude', 'ideal_binary_mask', 'source_magnitudes'])
1.009408950805664 GB allocated
8.646484375 GB reserved
dict_keys(['index', 'mixture_magnitude', 'mixture_phase', 'source_phase', 'mix_magnitude', 'ideal_binary_mask', 'source_magnitudes'])
1.009408950805664 GB allocated
8.646484375 GB reserved
dict_keys(['index', 'mixture_magnitude', 'mixture_phase', 'source_phase', 'mix_magnitude', 'ideal_binary_mask', 'source_magnitudes'])
1.0085558891296387 GB allocated
8.646484375 GB reserved
dict_keys(['index', 'mixture_magnitude', 'mixture_phase', 'source_phase', 'mix_magnitude', 'ideal_binary_mask', 'source_magnitudes'])
1.009408950805664 GB allocated
8.646484375 GB reserved
dict_keys(['index', 'mixture_magnitude', 'mixture_phase', 'source_phase', 'mix_magnitude', 'ideal_binary_mask', 'source_magnitudes'])
1.009408950805664 GB allocated
8.646484375 GB reserved
dict_keys(['index', 'mixture_magnitude', 'mixture_phase', 'source_phase', 'mix_magnitude', 'ideal_binary_mask', 'source_magnitudes'])
1.009408950805664 GB allocated
8.646484375 GB reserved
dict_keys(['index', 'mixture_magnitude', 'mixture_phase', 'source_phase', 'mix_magnitude', 'ideal_binary_mask', 'source_magnitudes'])
1.0085558891296387 GB allocated
8.646484375 GB reserved
dict_keys(['index', 'mixture_magnitude', 'mixture_phase', 'source_phase', 'mix_magnitude', 'ideal_binary_mask', 'source_magnitudes'])
1.009408950805664 GB allocated
8.646484375 GB reserved
dict_keys(['index', 'mixture_magnitude', 'mixture_phase', 'source_phase', 'mix_magnitude', 'ideal_binary_mask', 'source_magnitudes'])
1.009408950805664 GB allocated
8.646484375 GB reserved
dict_keys(['index', 'mixture_magnitude', 'mixture_phase', 'source_phase', 'mix_magnitude', 'ideal_binary_mask', 'source_magnitudes'])
1.009408950805664 GB allocated
8.646484375 GB reserved
dict_keys(['index', 'mixture_magnitude', 'mixture_phase', 'source_phase', 'mix_magnitude', 'ideal_binary_mask', 'source_magnitudes'])
1.0085558891296387 GB allocated
8.646484375 GB reserved
dict_keys(['index', 'mixture_magnitude', 'mixture_phase', 'source_phase', 'mix_magnitude', 'ideal_binary_mask', 'source_magnitudes'])
1.009408950805664 GB allocated
8.646484375 GB reserved
dict_keys(['index', 'mixture_magnitude', 'mixture_phase', 'source_phase', 'mix_magnitude', 'ideal_binary_mask', 'source_magnitudes'])
1.009408950805664 GB allocated
8.646484375 GB reserved
dict_keys(['index', 'mixture_magnitude', 'mixture_phase', 'source_phase', 'mix_magnitude', 'ideal_binary_mask', 'source_magnitudes'])
1.009408950805664 GB allocated
8.646484375 GB reserved
dict_keys(['index', 'mixture_magnitude', 'mixture_phase', 'source_phase', 'mix_magnitude', 'ideal_binary_mask', 'source_magnitudes'])
1.0085558891296387 GB allocated
8.646484375 GB reserved
dict_keys(['index', 'mixture_magnitude', 'mixture_phase', 'source_phase', 'mix_magnitude', 'ideal_binary_mask', 'source_magnitudes'])
1.009408950805664 GB allocated
8.646484375 GB reserved
dict_keys(['index', 'mixture_magnitude', 'mixture_phase', 'source_phase', 'mix_magnitude', 'ideal_binary_mask', 'source_magnitudes'])
1.009408950805664 GB allocated
8.646484375 GB reserved
dict_keys(['index', 'mixture_magnitude', 'mixture_phase', 'source_phase', 'mix_magnitude', 'ideal_binary_mask', 'source_magnitudes'])
1.009408950805664 GB allocated
8.646484375 GB reserved
dict_keys(['index', 'mixture_magnitude', 'mixture_phase', 'source_phase', 'mix_magnitude', 'ideal_binary_mask', 'source_magnitudes'])
1.0085558891296387 GB allocated
8.646484375 GB reserved
dict_keys(['index', 'mixture_magnitude', 'mixture_phase', 'source_phase', 'mix_magnitude', 'ideal_binary_mask', 'source_magnitudes'])
1.009408950805664 GB allocated
8.646484375 GB reserved
dict_keys(['index', 'mixture_magnitude', 'mixture_phase', 'source_phase', 'mix_magnitude', 'ideal_binary_mask', 'source_magnitudes'])
1.009408950805664 GB allocated
8.646484375 GB reserved
dict_keys(['index', 'mixture_magnitude', 'mixture_phase', 'source_phase', 'mix_magnitude', 'ideal_binary_mask', 'source_magnitudes'])
1.009408950805664 GB allocated
8.646484375 GB reserved
dict_keys(['index', 'mixture_magnitude', 'mixture_phase', 'source_phase', 'mix_magnitude', 'ideal_binary_mask', 'source_magnitudes'])
1.0085558891296387 GB allocated
8.646484375 GB reserved
dict_keys(['index', 'mixture_magnitude', 'mixture_phase', 'source_phase', 'mix_magnitude', 'ideal_binary_mask', 'source_magnitudes'])
1.009408950805664 GB allocated
8.646484375 GB reserved
dict_keys(['index', 'mixture_magnitude', 'mixture_phase', 'source_phase', 'mix_magnitude', 'ideal_binary_mask', 'source_magnitudes'])
1.009408950805664 GB allocated
8.646484375 GB reserved
dict_keys(['index', 'mixture_magnitude', 'mixture_phase', 'source_phase', 'mix_magnitude', 'ideal_binary_mask', 'source_magnitudes'])
1.009408950805664 GB allocated
8.646484375 GB reserved
dict_keys(['index', 'mixture_magnitude', 'mixture_phase', 'source_phase', 'mix_magnitude', 'ideal_binary_mask', 'source_magnitudes'])
1.0085558891296387 GB allocated
8.646484375 GB reserved
dict_keys(['index', 'mixture_magnitude', 'mixture_phase', 'source_phase', 'mix_magnitude', 'ideal_binary_mask', 'source_magnitudes'])
1.009408950805664 GB allocated
8.646484375 GB reserved
dict_keys(['index', 'mixture_magnitude', 'mixture_phase', 'source_phase', 'mix_magnitude', 'ideal_binary_mask', 'source_magnitudes'])
1.009408950805664 GB allocated
8.646484375 GB reserved
dict_keys(['index', 'mixture_magnitude', 'mixture_phase', 'source_phase', 'mix_magnitude', 'ideal_binary_mask', 'source_magnitudes'])
1.009408950805664 GB allocated
8.646484375 GB reserved
dict_keys(['index', 'mixture_magnitude', 'mixture_phase', 'source_phase', 'mix_magnitude', 'ideal_binary_mask', 'source_magnitudes'])
[Validator] Epoch 16 - val_loss: 0.916498
[BEST CHECKPOINT] Guardado/actualizado en: checkpoints\Mis_modelos_v2\advanced\l_mrs checkpoints\4stems\best_checkpoint_16_val_loss=-0.9165.pt
06/11/2026 05:23:37 AM | engine.py:1037 Engine run finished. Time taken: 00:01:04.735
[Epoch 16] train_loss=0.943439 | val_loss=0.916498
06/11/2026 05:23:37 AM | engine.py:1010 Epoch[16] Complete. Time taken: 00:39:11.790
1.0085558891296387 GB allocated
8.646484375 GB reserved
dict_keys(['index', 'mixture_magnitude', 'mixture_phase', 'source_phase', 'mix_magnitude', 'ideal_binary_mask', 'source_magnitudes'])
1.009408950805664 GB allocated
8.646484375 GB reserved
dict_keys(['index', 'mixture_magnitude', 'mixture_phase', 'source_phase', 'mix_magnitude', 'ideal_binary_mask', 'source_magnitudes'])
1.009408950805664 GB allocated
8.646484375 GB reserved
dict_keys(['index', 'mixture_magnitude', 'mixture_phase', 'source_phase', 'mix_magnitude', 'ideal_binary_mask', 'source_magnitudes'])
1.009408950805664 GB allocated
8.646484375 GB reserved
dict_keys(['index', 'mixture_magnitude', 'mixture_phase', 'source_phase', 'mix_magnitude', 'ideal_binary_mask', 'source_magnitudes'])
1.0085558891296387 GB allocated
8.646484375 GB reserved
dict_keys(['index', 'mixture_magnitude', 'mixture_phase', 'source_phase', 'mix_magnitude', 'ideal_binary_mask', 'source_magnitudes'])
1.009408950805664 GB allocated
8.646484375 GB reserved
dict_keys(['index', 'mixture_magnitude', 'mixture_phase', 'source_phase', 'mix_magnitude', 'ideal_binary_mask', 'source_magnitudes'])
1.009408950805664 GB allocated
8.646484375 GB reserved
dict_keys(['index', 'mixture_magnitude', 'mixture_phase', 'source_phase', 'mix_magnitude', 'ideal_binary_mask', 'source_magnitudes'])
1.009408950805664 GB allocated
8.646484375 GB reserved
dict_keys(['index', 'mixture_magnitude', 'mixture_phase', 'source_phase', 'mix_magnitude', 'ideal_binary_mask', 'source_magnitudes'])
1.0085558891296387 GB allocated
8.646484375 GB reserved
dict_keys(['index', 'mixture_magnitude', 'mixture_phase', 'source_phase', 'mix_magnitude', 'ideal_binary_mask', 'source_magnitudes'])
1.009408950805664 GB allocated
8.646484375 GB reserved
dict_keys(['index', 'mixture_magnitude', 'mixture_phase', 'source_phase', 'mix_magnitude', 'ideal_binary_mask', 'source_magnitudes'])
1.009408950805664 GB allocated
8.646484375 GB reserved
dict_keys(['index', 'mixture_magnitude', 'mixture_phase', 'source_phase', 'mix_magnitude', 'ideal_binary_mask', 'source_magnitudes'])
1.009408950805664 GB allocated
8.646484375 GB reserved
dict_keys(['index', 'mixture_magnitude', 'mixture_phase', 'source_phase', 'mix_magnitude', 'ideal_binary_mask', 'source_magnitudes'])
1.0085558891296387 GB allocated
8.646484375 GB reserved
dict_keys(['index', 'mixture_magnitude', 'mixture_phase', 'source_phase', 'mix_magnitude', 'ideal_binary_mask', 'source_magnitudes'])
1.009408950805664 GB allocated
8.646484375 GB reserved
dict_keys(['index', 'mixture_magnitude', 'mixture_phase', 'source_phase', 'mix_magnitude', 'ideal_binary_mask', 'source_magnitudes'])
1.009408950805664 GB allocated
8.646484375 GB reserved
dict_keys(['index', 'mixture_magnitude', 'mixture_phase', 'source_phase', 'mix_magnitude', 'ideal_binary_mask', 'source_magnitudes'])
1.009408950805664 GB allocated
8.646484375 GB reserved
dict_keys(['index', 'mixture_magnitude', 'mixture_phase', 'source_phase', 'mix_magnitude', 'ideal_binary_mask', 'source_magnitudes'])
1.0085558891296387 GB allocated
8.646484375 GB reserved
dict_keys(['index', 'mixture_magnitude', 'mixture_phase', 'source_phase', 'mix_magnitude', 'ideal_binary_mask', 'source_magnitudes'])
1.009408950805664 GB allocated
8.646484375 GB reserved
dict_keys(['index', 'mixture_magnitude', 'mixture_phase', 'source_phase', 'mix_magnitude', 'ideal_binary_mask', 'source_magnitudes'])
1.009408950805664 GB allocated
8.646484375 GB reserved
dict_keys(['index', 'mixture_magnitude', 'mixture_phase', 'source_phase', 'mix_magnitude', 'ideal_binary_mask', 'source_magnitudes'])
1.009408950805664 GB allocated
8.646484375 GB reserved
dict_keys(['index', 'mixture_magnitude', 'mixture_phase', 'source_phase', 'mix_magnitude', 'ideal_binary_mask', 'source_magnitudes'])
1.0085558891296387 GB allocated
8.646484375 GB reserved
dict_keys(['index', 'mixture_magnitude', 'mixture_phase', 'source_phase', 'mix_magnitude', 'ideal_binary_mask', 'source_magnitudes'])
1.009408950805664 GB allocated
8.646484375 GB reserved
dict_keys(['index', 'mixture_magnitude', 'mixture_phase', 'source_phase', 'mix_magnitude', 'ideal_binary_mask', 'source_magnitudes'])
1.009408950805664 GB allocated
8.646484375 GB reserved
dict_keys(['index', 'mixture_magnitude', 'mixture_phase', 'source_phase', 'mix_magnitude', 'ideal_binary_mask', 'source_magnitudes'])
1.009408950805664 GB allocated
8.646484375 GB reserved
dict_keys(['index', 'mixture_magnitude', 'mixture_phase', 'source_phase', 'mix_magnitude', 'ideal_binary_mask', 'source_magnitudes'])
1.0085558891296387 GB allocated
8.646484375 GB reserved
dict_keys(['index', 'mixture_magnitude', 'mixture_phase', 'source_phase', 'mix_magnitude', 'ideal_binary_mask', 'source_magnitudes'])
1.009408950805664 GB allocated
8.646484375 GB reserved
dict_keys(['index', 'mixture_magnitude', 'mixture_phase', 'source_phase', 'mix_magnitude', 'ideal_binary_mask', 'source_magnitudes'])
1.009408950805664 GB allocated
8.646484375 GB reserved
dict_keys(['index', 'mixture_magnitude', 'mixture_phase', 'source_phase', 'mix_magnitude', 'ideal_binary_mask', 'source_magnitudes'])
1.009408950805664 GB allocated
8.646484375 GB reserved
dict_keys(['index', 'mixture_magnitude', 'mixture_phase', 'source_phase', 'mix_magnitude', 'ideal_binary_mask', 'source_magnitudes'])
1.0085558891296387 GB allocated
8.646484375 GB reserved
dict_keys(['index', 'mixture_magnitude', 'mixture_phase', 'source_phase', 'mix_magnitude', 'ideal_binary_mask', 'source_magnitudes'])
1.009408950805664 GB allocated
8.646484375 GB reserved
dict_keys(['index', 'mixture_magnitude', 'mixture_phase', 'source_phase', 'mix_magnitude', 'ideal_binary_mask', 'source_magnitudes'])
1.009408950805664 GB allocated
8.646484375 GB reserved
dict_keys(['index', 'mixture_magnitude', 'mixture_phase', 'source_phase', 'mix_magnitude', 'ideal_binary_mask', 'source_magnitudes'])
1.009408950805664 GB allocated
8.646484375 GB reserved
dict_keys(['index', 'mixture_magnitude', 'mixture_phase', 'source_phase', 'mix_magnitude', 'ideal_binary_mask', 'source_magnitudes'])
1.0085558891296387 GB allocated
8.646484375 GB reserved
dict_keys(['index', 'mixture_magnitude', 'mixture_phase', 'source_phase', 'mix_magnitude', 'ideal_binary_mask', 'source_magnitudes'])
1.009408950805664 GB allocated
8.646484375 GB reserved
dict_keys(['index', 'mixture_magnitude', 'mixture_phase', 'source_phase', 'mix_magnitude', 'ideal_binary_mask', 'source_magnitudes'])
1.009408950805664 GB allocated
8.646484375 GB reserved
dict_keys(['index', 'mixture_magnitude', 'mixture_phase', 'source_phase', 'mix_magnitude', 'ideal_binary_mask', 'source_magnitudes'])
1.009408950805664 GB allocated
8.646484375 GB reserved
dict_keys(['index', 'mixture_magnitude', 'mixture_phase', 'source_phase', 'mix_magnitude', 'ideal_binary_mask', 'source_magnitudes'])
1.0085558891296387 GB allocated
8.646484375 GB reserved
dict_keys(['index', 'mixture_magnitude', 'mixture_phase', 'source_phase', 'mix_magnitude', 'ideal_binary_mask', 'source_magnitudes'])
1.009408950805664 GB allocated
8.646484375 GB reserved
dict_keys(['index', 'mixture_magnitude', 'mixture_phase', 'source_phase', 'mix_magnitude', 'ideal_binary_mask', 'source_magnitudes'])
1.009408950805664 GB allocated
8.646484375 GB reserved
dict_keys(['index', 'mixture_magnitude', 'mixture_phase', 'source_phase', 'mix_magnitude', 'ideal_binary_mask', 'source_magnitudes'])
1.009408950805664 GB allocated
8.646484375 GB reserved
dict_keys(['index', 'mixture_magnitude', 'mixture_phase', 'source_phase', 'mix_magnitude', 'ideal_binary_mask', 'source_magnitudes'])
1.0085558891296387 GB allocated
8.646484375 GB reserved
dict_keys(['index', 'mixture_magnitude', 'mixture_phase', 'source_phase', 'mix_magnitude', 'ideal_binary_mask', 'source_magnitudes'])
1.009408950805664 GB allocated
8.646484375 GB reserved
dict_keys(['index', 'mixture_magnitude', 'mixture_phase', 'source_phase', 'mix_magnitude', 'ideal_binary_mask', 'source_magnitudes'])
1.009408950805664 GB allocated
8.646484375 GB reserved
06/11/2026 06:01:48 AM | engine.py:906 Engine run starting with max_epochs=1.
06/11/2026 06:02:51 AM | engine.py:1010 Epoch[1] Complete. Time taken: 00:01:02.687
dict_keys(['index', 'mixture_magnitude', 'mixture_phase', 'source_phase', 'mix_magnitude', 'ideal_binary_mask', 'source_magnitudes'])
1.009408950805664 GB allocated
8.646484375 GB reserved
dict_keys(['index', 'mixture_magnitude', 'mixture_phase', 'source_phase', 'mix_magnitude', 'ideal_binary_mask', 'source_magnitudes'])
1.0085558891296387 GB allocated
8.646484375 GB reserved
dict_keys(['index', 'mixture_magnitude', 'mixture_phase', 'source_phase', 'mix_magnitude', 'ideal_binary_mask', 'source_magnitudes'])
1.009408950805664 GB allocated
8.646484375 GB reserved
dict_keys(['index', 'mixture_magnitude', 'mixture_phase', 'source_phase', 'mix_magnitude', 'ideal_binary_mask', 'source_magnitudes'])
1.009408950805664 GB allocated
8.646484375 GB reserved
dict_keys(['index', 'mixture_magnitude', 'mixture_phase', 'source_phase', 'mix_magnitude', 'ideal_binary_mask', 'source_magnitudes'])
1.009408950805664 GB allocated
8.646484375 GB reserved
dict_keys(['index', 'mixture_magnitude', 'mixture_phase', 'source_phase', 'mix_magnitude', 'ideal_binary_mask', 'source_magnitudes'])
1.0085558891296387 GB allocated
8.646484375 GB reserved
dict_keys(['index', 'mixture_magnitude', 'mixture_phase', 'source_phase', 'mix_magnitude', 'ideal_binary_mask', 'source_magnitudes'])
1.009408950805664 GB allocated
8.646484375 GB reserved
dict_keys(['index', 'mixture_magnitude', 'mixture_phase', 'source_phase', 'mix_magnitude', 'ideal_binary_mask', 'source_magnitudes'])
1.009408950805664 GB allocated
8.646484375 GB reserved
dict_keys(['index', 'mixture_magnitude', 'mixture_phase', 'source_phase', 'mix_magnitude', 'ideal_binary_mask', 'source_magnitudes'])
1.009408950805664 GB allocated
8.646484375 GB reserved
dict_keys(['index', 'mixture_magnitude', 'mixture_phase', 'source_phase', 'mix_magnitude', 'ideal_binary_mask', 'source_magnitudes'])
1.0085558891296387 GB allocated
8.646484375 GB reserved
dict_keys(['index', 'mixture_magnitude', 'mixture_phase', 'source_phase', 'mix_magnitude', 'ideal_binary_mask', 'source_magnitudes'])
1.009408950805664 GB allocated
8.646484375 GB reserved
dict_keys(['index', 'mixture_magnitude', 'mixture_phase', 'source_phase', 'mix_magnitude', 'ideal_binary_mask', 'source_magnitudes'])
1.009408950805664 GB allocated
8.646484375 GB reserved
dict_keys(['index', 'mixture_magnitude', 'mixture_phase', 'source_phase', 'mix_magnitude', 'ideal_binary_mask', 'source_magnitudes'])
1.009408950805664 GB allocated
8.646484375 GB reserved
dict_keys(['index', 'mixture_magnitude', 'mixture_phase', 'source_phase', 'mix_magnitude', 'ideal_binary_mask', 'source_magnitudes'])
1.0085558891296387 GB allocated
8.646484375 GB reserved
dict_keys(['index', 'mixture_magnitude', 'mixture_phase', 'source_phase', 'mix_magnitude', 'ideal_binary_mask', 'source_magnitudes'])
1.009408950805664 GB allocated
8.646484375 GB reserved
dict_keys(['index', 'mixture_magnitude', 'mixture_phase', 'source_phase', 'mix_magnitude', 'ideal_binary_mask', 'source_magnitudes'])
1.009408950805664 GB allocated
8.646484375 GB reserved
dict_keys(['index', 'mixture_magnitude', 'mixture_phase', 'source_phase', 'mix_magnitude', 'ideal_binary_mask', 'source_magnitudes'])
1.009408950805664 GB allocated
8.646484375 GB reserved
dict_keys(['index', 'mixture_magnitude', 'mixture_phase', 'source_phase', 'mix_magnitude', 'ideal_binary_mask', 'source_magnitudes'])
1.0085558891296387 GB allocated
8.646484375 GB reserved
dict_keys(['index', 'mixture_magnitude', 'mixture_phase', 'source_phase', 'mix_magnitude', 'ideal_binary_mask', 'source_magnitudes'])
1.009408950805664 GB allocated
8.646484375 GB reserved
dict_keys(['index', 'mixture_magnitude', 'mixture_phase', 'source_phase', 'mix_magnitude', 'ideal_binary_mask', 'source_magnitudes'])
1.009408950805664 GB allocated
8.646484375 GB reserved
dict_keys(['index', 'mixture_magnitude', 'mixture_phase', 'source_phase', 'mix_magnitude', 'ideal_binary_mask', 'source_magnitudes'])
1.009408950805664 GB allocated
8.646484375 GB reserved
dict_keys(['index', 'mixture_magnitude', 'mixture_phase', 'source_phase', 'mix_magnitude', 'ideal_binary_mask', 'source_magnitudes'])
1.0085558891296387 GB allocated
8.646484375 GB reserved
dict_keys(['index', 'mixture_magnitude', 'mixture_phase', 'source_phase', 'mix_magnitude', 'ideal_binary_mask', 'source_magnitudes'])
1.009408950805664 GB allocated
8.646484375 GB reserved
dict_keys(['index', 'mixture_magnitude', 'mixture_phase', 'source_phase', 'mix_magnitude', 'ideal_binary_mask', 'source_magnitudes'])
1.009408950805664 GB allocated
8.646484375 GB reserved
dict_keys(['index', 'mixture_magnitude', 'mixture_phase', 'source_phase', 'mix_magnitude', 'ideal_binary_mask', 'source_magnitudes'])
1.009408950805664 GB allocated
8.646484375 GB reserved
dict_keys(['index', 'mixture_magnitude', 'mixture_phase', 'source_phase', 'mix_magnitude', 'ideal_binary_mask', 'source_magnitudes'])
1.0085558891296387 GB allocated
8.646484375 GB reserved
dict_keys(['index', 'mixture_magnitude', 'mixture_phase', 'source_phase', 'mix_magnitude', 'ideal_binary_mask', 'source_magnitudes'])
1.009408950805664 GB allocated
8.646484375 GB reserved
dict_keys(['index', 'mixture_magnitude', 'mixture_phase', 'source_phase', 'mix_magnitude', 'ideal_binary_mask', 'source_magnitudes'])
1.009408950805664 GB allocated
8.646484375 GB reserved
dict_keys(['index', 'mixture_magnitude', 'mixture_phase', 'source_phase', 'mix_magnitude', 'ideal_binary_mask', 'source_magnitudes'])
1.009408950805664 GB allocated
8.646484375 GB reserved
dict_keys(['index', 'mixture_magnitude', 'mixture_phase', 'source_phase', 'mix_magnitude', 'ideal_binary_mask', 'source_magnitudes'])
1.0085558891296387 GB allocated
8.646484375 GB reserved
dict_keys(['index', 'mixture_magnitude', 'mixture_phase', 'source_phase', 'mix_magnitude', 'ideal_binary_mask', 'source_magnitudes'])
1.009408950805664 GB allocated
8.646484375 GB reserved
dict_keys(['index', 'mixture_magnitude', 'mixture_phase', 'source_phase', 'mix_magnitude', 'ideal_binary_mask', 'source_magnitudes'])
1.009408950805664 GB allocated
8.646484375 GB reserved
dict_keys(['index', 'mixture_magnitude', 'mixture_phase', 'source_phase', 'mix_magnitude', 'ideal_binary_mask', 'source_magnitudes'])
1.009408950805664 GB allocated
8.646484375 GB reserved
dict_keys(['index', 'mixture_magnitude', 'mixture_phase', 'source_phase', 'mix_magnitude', 'ideal_binary_mask', 'source_magnitudes'])
1.0085558891296387 GB allocated
8.646484375 GB reserved
dict_keys(['index', 'mixture_magnitude', 'mixture_phase', 'source_phase', 'mix_magnitude', 'ideal_binary_mask', 'source_magnitudes'])
1.009408950805664 GB allocated
8.646484375 GB reserved
dict_keys(['index', 'mixture_magnitude', 'mixture_phase', 'source_phase', 'mix_magnitude', 'ideal_binary_mask', 'source_magnitudes'])
1.009408950805664 GB allocated
8.646484375 GB reserved
dict_keys(['index', 'mixture_magnitude', 'mixture_phase', 'source_phase', 'mix_magnitude', 'ideal_binary_mask', 'source_magnitudes'])
1.009408950805664 GB allocated
8.646484375 GB reserved
dict_keys(['index', 'mixture_magnitude', 'mixture_phase', 'source_phase', 'mix_magnitude', 'ideal_binary_mask', 'source_magnitudes'])
1.0085558891296387 GB allocated
8.646484375 GB reserved
dict_keys(['index', 'mixture_magnitude', 'mixture_phase', 'source_phase', 'mix_magnitude', 'ideal_binary_mask', 'source_magnitudes'])
1.009408950805664 GB allocated
8.646484375 GB reserved
dict_keys(['index', 'mixture_magnitude', 'mixture_phase', 'source_phase', 'mix_magnitude', 'ideal_binary_mask', 'source_magnitudes'])
1.009408950805664 GB allocated
8.646484375 GB reserved
dict_keys(['index', 'mixture_magnitude', 'mixture_phase', 'source_phase', 'mix_magnitude', 'ideal_binary_mask', 'source_magnitudes'])
1.009408950805664 GB allocated
8.646484375 GB reserved
dict_keys(['index', 'mixture_magnitude', 'mixture_phase', 'source_phase', 'mix_magnitude', 'ideal_binary_mask', 'source_magnitudes'])
1.0085558891296387 GB allocated
8.646484375 GB reserved
dict_keys(['index', 'mixture_magnitude', 'mixture_phase', 'source_phase', 'mix_magnitude', 'ideal_binary_mask', 'source_magnitudes'])
1.009408950805664 GB allocated
8.646484375 GB reserved
dict_keys(['index', 'mixture_magnitude', 'mixture_phase', 'source_phase', 'mix_magnitude', 'ideal_binary_mask', 'source_magnitudes'])
1.009408950805664 GB allocated
8.646484375 GB reserved
dict_keys(['index', 'mixture_magnitude', 'mixture_phase', 'source_phase', 'mix_magnitude', 'ideal_binary_mask', 'source_magnitudes'])
1.009408950805664 GB allocated
8.646484375 GB reserved
dict_keys(['index', 'mixture_magnitude', 'mixture_phase', 'source_phase', 'mix_magnitude', 'ideal_binary_mask', 'source_magnitudes'])
1.0085558891296387 GB allocated
8.646484375 GB reserved
dict_keys(['index', 'mixture_magnitude', 'mixture_phase', 'source_phase', 'mix_magnitude', 'ideal_binary_mask', 'source_magnitudes'])
1.009408950805664 GB allocated
8.646484375 GB reserved
dict_keys(['index', 'mixture_magnitude', 'mixture_phase', 'source_phase', 'mix_magnitude', 'ideal_binary_mask', 'source_magnitudes'])
1.009408950805664 GB allocated
8.646484375 GB reserved
dict_keys(['index', 'mixture_magnitude', 'mixture_phase', 'source_phase', 'mix_magnitude', 'ideal_binary_mask', 'source_magnitudes'])
1.009408950805664 GB allocated
8.646484375 GB reserved
dict_keys(['index', 'mixture_magnitude', 'mixture_phase', 'source_phase', 'mix_magnitude', 'ideal_binary_mask', 'source_magnitudes'])
1.0085558891296387 GB allocated
8.646484375 GB reserved
dict_keys(['index', 'mixture_magnitude', 'mixture_phase', 'source_phase', 'mix_magnitude', 'ideal_binary_mask', 'source_magnitudes'])
1.009408950805664 GB allocated
8.646484375 GB reserved
dict_keys(['index', 'mixture_magnitude', 'mixture_phase', 'source_phase', 'mix_magnitude', 'ideal_binary_mask', 'source_magnitudes'])
1.009408950805664 GB allocated
8.646484375 GB reserved
dict_keys(['index', 'mixture_magnitude', 'mixture_phase', 'source_phase', 'mix_magnitude', 'ideal_binary_mask', 'source_magnitudes'])
1.009408950805664 GB allocated
8.646484375 GB reserved
dict_keys(['index', 'mixture_magnitude', 'mixture_phase', 'source_phase', 'mix_magnitude', 'ideal_binary_mask', 'source_magnitudes'])
1.0085558891296387 GB allocated
8.646484375 GB reserved
dict_keys(['index', 'mixture_magnitude', 'mixture_phase', 'source_phase', 'mix_magnitude', 'ideal_binary_mask', 'source_magnitudes'])
1.009408950805664 GB allocated
8.646484375 GB reserved
dict_keys(['index', 'mixture_magnitude', 'mixture_phase', 'source_phase', 'mix_magnitude', 'ideal_binary_mask', 'source_magnitudes'])
1.009408950805664 GB allocated
8.646484375 GB reserved
dict_keys(['index', 'mixture_magnitude', 'mixture_phase', 'source_phase', 'mix_magnitude', 'ideal_binary_mask', 'source_magnitudes'])
1.009408950805664 GB allocated
8.646484375 GB reserved
dict_keys(['index', 'mixture_magnitude', 'mixture_phase', 'source_phase', 'mix_magnitude', 'ideal_binary_mask', 'source_magnitudes'])
[Validator] Epoch 17 - val_loss: 0.912219
[BEST CHECKPOINT] Guardado/actualizado en: checkpoints\Mis_modelos_v2\advanced\l_mrs checkpoints\4stems\best_checkpoint_17_val_loss=-0.9122.pt
06/11/2026 06:02:51 AM | engine.py:1037 Engine run finished. Time taken: 00:01:02.687
[Epoch 17] train_loss=0.940295 | val_loss=0.912219
06/11/2026 06:02:51 AM | engine.py:1010 Epoch[17] Complete. Time taken: 00:39:13.979
1.0085558891296387 GB allocated
8.646484375 GB reserved
dict_keys(['index', 'mixture_magnitude', 'mixture_phase', 'source_phase', 'mix_magnitude', 'ideal_binary_mask', 'source_magnitudes'])
1.009408950805664 GB allocated
8.646484375 GB reserved
dict_keys(['index', 'mixture_magnitude', 'mixture_phase', 'source_phase', 'mix_magnitude', 'ideal_binary_mask', 'source_magnitudes'])
1.009408950805664 GB allocated
8.646484375 GB reserved
dict_keys(['index', 'mixture_magnitude', 'mixture_phase', 'source_phase', 'mix_magnitude', 'ideal_binary_mask', 'source_magnitudes'])
1.009408950805664 GB allocated
8.646484375 GB reserved
dict_keys(['index', 'mixture_magnitude', 'mixture_phase', 'source_phase', 'mix_magnitude', 'ideal_binary_mask', 'source_magnitudes'])
1.0085558891296387 GB allocated
8.646484375 GB reserved
dict_keys(['index', 'mixture_magnitude', 'mixture_phase', 'source_phase', 'mix_magnitude', 'ideal_binary_mask', 'source_magnitudes'])
1.009408950805664 GB allocated
8.646484375 GB reserved
dict_keys(['index', 'mixture_magnitude', 'mixture_phase', 'source_phase', 'mix_magnitude', 'ideal_binary_mask', 'source_magnitudes'])
1.009408950805664 GB allocated
8.646484375 GB reserved
dict_keys(['index', 'mixture_magnitude', 'mixture_phase', 'source_phase', 'mix_magnitude', 'ideal_binary_mask', 'source_magnitudes'])
1.009408950805664 GB allocated
8.646484375 GB reserved
dict_keys(['index', 'mixture_magnitude', 'mixture_phase', 'source_phase', 'mix_magnitude', 'ideal_binary_mask', 'source_magnitudes'])
1.0085558891296387 GB allocated
8.646484375 GB reserved
dict_keys(['index', 'mixture_magnitude', 'mixture_phase', 'source_phase', 'mix_magnitude', 'ideal_binary_mask', 'source_magnitudes'])
1.009408950805664 GB allocated
8.646484375 GB reserved
dict_keys(['index', 'mixture_magnitude', 'mixture_phase', 'source_phase', 'mix_magnitude', 'ideal_binary_mask', 'source_magnitudes'])
1.009408950805664 GB allocated
8.646484375 GB reserved
dict_keys(['index', 'mixture_magnitude', 'mixture_phase', 'source_phase', 'mix_magnitude', 'ideal_binary_mask', 'source_magnitudes'])
1.009408950805664 GB allocated
8.646484375 GB reserved
dict_keys(['index', 'mixture_magnitude', 'mixture_phase', 'source_phase', 'mix_magnitude', 'ideal_binary_mask', 'source_magnitudes'])
1.0085558891296387 GB allocated
8.646484375 GB reserved
dict_keys(['index', 'mixture_magnitude', 'mixture_phase', 'source_phase', 'mix_magnitude', 'ideal_binary_mask', 'source_magnitudes'])
1.009408950805664 GB allocated
8.646484375 GB reserved
dict_keys(['index', 'mixture_magnitude', 'mixture_phase', 'source_phase', 'mix_magnitude', 'ideal_binary_mask', 'source_magnitudes'])
1.009408950805664 GB allocated
8.646484375 GB reserved
dict_keys(['index', 'mixture_magnitude', 'mixture_phase', 'source_phase', 'mix_magnitude', 'ideal_binary_mask', 'source_magnitudes'])
1.009408950805664 GB allocated
8.646484375 GB reserved
dict_keys(['index', 'mixture_magnitude', 'mixture_phase', 'source_phase', 'mix_magnitude', 'ideal_binary_mask', 'source_magnitudes'])
1.0085558891296387 GB allocated
8.646484375 GB reserved
dict_keys(['index', 'mixture_magnitude', 'mixture_phase', 'source_phase', 'mix_magnitude', 'ideal_binary_mask', 'source_magnitudes'])
1.009408950805664 GB allocated
8.646484375 GB reserved
dict_keys(['index', 'mixture_magnitude', 'mixture_phase', 'source_phase', 'mix_magnitude', 'ideal_binary_mask', 'source_magnitudes'])
1.009408950805664 GB allocated
8.646484375 GB reserved
dict_keys(['index', 'mixture_magnitude', 'mixture_phase', 'source_phase', 'mix_magnitude', 'ideal_binary_mask', 'source_magnitudes'])
1.009408950805664 GB allocated
8.646484375 GB reserved
dict_keys(['index', 'mixture_magnitude', 'mixture_phase', 'source_phase', 'mix_magnitude', 'ideal_binary_mask', 'source_magnitudes'])
1.0085558891296387 GB allocated
8.646484375 GB reserved
dict_keys(['index', 'mixture_magnitude', 'mixture_phase', 'source_phase', 'mix_magnitude', 'ideal_binary_mask', 'source_magnitudes'])
1.009408950805664 GB allocated
8.646484375 GB reserved
dict_keys(['index', 'mixture_magnitude', 'mixture_phase', 'source_phase', 'mix_magnitude', 'ideal_binary_mask', 'source_magnitudes'])
1.009408950805664 GB allocated
8.646484375 GB reserved
dict_keys(['index', 'mixture_magnitude', 'mixture_phase', 'source_phase', 'mix_magnitude', 'ideal_binary_mask', 'source_magnitudes'])
1.009408950805664 GB allocated
8.646484375 GB reserved
dict_keys(['index', 'mixture_magnitude', 'mixture_phase', 'source_phase', 'mix_magnitude', 'ideal_binary_mask', 'source_magnitudes'])
1.0085558891296387 GB allocated
8.646484375 GB reserved
dict_keys(['index', 'mixture_magnitude', 'mixture_phase', 'source_phase', 'mix_magnitude', 'ideal_binary_mask', 'source_magnitudes'])
1.009408950805664 GB allocated
8.646484375 GB reserved
dict_keys(['index', 'mixture_magnitude', 'mixture_phase', 'source_phase', 'mix_magnitude', 'ideal_binary_mask', 'source_magnitudes'])
1.009408950805664 GB allocated
8.646484375 GB reserved
dict_keys(['index', 'mixture_magnitude', 'mixture_phase', 'source_phase', 'mix_magnitude', 'ideal_binary_mask', 'source_magnitudes'])
1.009408950805664 GB allocated
8.646484375 GB reserved
dict_keys(['index', 'mixture_magnitude', 'mixture_phase', 'source_phase', 'mix_magnitude', 'ideal_binary_mask', 'source_magnitudes'])
1.0085558891296387 GB allocated
8.646484375 GB reserved
dict_keys(['index', 'mixture_magnitude', 'mixture_phase', 'source_phase', 'mix_magnitude', 'ideal_binary_mask', 'source_magnitudes'])
1.009408950805664 GB allocated
8.646484375 GB reserved
dict_keys(['index', 'mixture_magnitude', 'mixture_phase', 'source_phase', 'mix_magnitude', 'ideal_binary_mask', 'source_magnitudes'])
1.009408950805664 GB allocated
8.646484375 GB reserved
dict_keys(['index', 'mixture_magnitude', 'mixture_phase', 'source_phase', 'mix_magnitude', 'ideal_binary_mask', 'source_magnitudes'])
1.009408950805664 GB allocated
8.646484375 GB reserved
dict_keys(['index', 'mixture_magnitude', 'mixture_phase', 'source_phase', 'mix_magnitude', 'ideal_binary_mask', 'source_magnitudes'])
1.0085558891296387 GB allocated
8.646484375 GB reserved
dict_keys(['index', 'mixture_magnitude', 'mixture_phase', 'source_phase', 'mix_magnitude', 'ideal_binary_mask', 'source_magnitudes'])
1.009408950805664 GB allocated
8.646484375 GB reserved
dict_keys(['index', 'mixture_magnitude', 'mixture_phase', 'source_phase', 'mix_magnitude', 'ideal_binary_mask', 'source_magnitudes'])
1.009408950805664 GB allocated
8.646484375 GB reserved
dict_keys(['index', 'mixture_magnitude', 'mixture_phase', 'source_phase', 'mix_magnitude', 'ideal_binary_mask', 'source_magnitudes'])
1.009408950805664 GB allocated
8.646484375 GB reserved
dict_keys(['index', 'mixture_magnitude', 'mixture_phase', 'source_phase', 'mix_magnitude', 'ideal_binary_mask', 'source_magnitudes'])
1.0085558891296387 GB allocated
8.646484375 GB reserved
dict_keys(['index', 'mixture_magnitude', 'mixture_phase', 'source_phase', 'mix_magnitude', 'ideal_binary_mask', 'source_magnitudes'])
1.009408950805664 GB allocated
8.646484375 GB reserved
dict_keys(['index', 'mixture_magnitude', 'mixture_phase', 'source_phase', 'mix_magnitude', 'ideal_binary_mask', 'source_magnitudes'])
1.009408950805664 GB allocated
8.646484375 GB reserved
dict_keys(['index', 'mixture_magnitude', 'mixture_phase', 'source_phase', 'mix_magnitude', 'ideal_binary_mask', 'source_magnitudes'])
1.009408950805664 GB allocated
8.646484375 GB reserved
dict_keys(['index', 'mixture_magnitude', 'mixture_phase', 'source_phase', 'mix_magnitude', 'ideal_binary_mask', 'source_magnitudes'])
1.0085558891296387 GB allocated
8.646484375 GB reserved
dict_keys(['index', 'mixture_magnitude', 'mixture_phase', 'source_phase', 'mix_magnitude', 'ideal_binary_mask', 'source_magnitudes'])
1.009408950805664 GB allocated
8.646484375 GB reserved
dict_keys(['index', 'mixture_magnitude', 'mixture_phase', 'source_phase', 'mix_magnitude', 'ideal_binary_mask', 'source_magnitudes'])
1.009408950805664 GB allocated
8.646484375 GB reserved
06/11/2026 06:40:55 AM | engine.py:906 Engine run starting with max_epochs=1.
06/11/2026 06:41:58 AM | engine.py:1010 Epoch[1] Complete. Time taken: 00:01:02.898
dict_keys(['index', 'mixture_magnitude', 'mixture_phase', 'source_phase', 'mix_magnitude', 'ideal_binary_mask', 'source_magnitudes'])
1.009408950805664 GB allocated
8.646484375 GB reserved
dict_keys(['index', 'mixture_magnitude', 'mixture_phase', 'source_phase', 'mix_magnitude', 'ideal_binary_mask', 'source_magnitudes'])
1.0085558891296387 GB allocated
8.646484375 GB reserved
dict_keys(['index', 'mixture_magnitude', 'mixture_phase', 'source_phase', 'mix_magnitude', 'ideal_binary_mask', 'source_magnitudes'])
1.009408950805664 GB allocated
8.646484375 GB reserved
dict_keys(['index', 'mixture_magnitude', 'mixture_phase', 'source_phase', 'mix_magnitude', 'ideal_binary_mask', 'source_magnitudes'])
1.009408950805664 GB allocated
8.646484375 GB reserved
dict_keys(['index', 'mixture_magnitude', 'mixture_phase', 'source_phase', 'mix_magnitude', 'ideal_binary_mask', 'source_magnitudes'])
1.009408950805664 GB allocated
8.646484375 GB reserved
dict_keys(['index', 'mixture_magnitude', 'mixture_phase', 'source_phase', 'mix_magnitude', 'ideal_binary_mask', 'source_magnitudes'])
1.0085558891296387 GB allocated
8.646484375 GB reserved
dict_keys(['index', 'mixture_magnitude', 'mixture_phase', 'source_phase', 'mix_magnitude', 'ideal_binary_mask', 'source_magnitudes'])
1.009408950805664 GB allocated
8.646484375 GB reserved
dict_keys(['index', 'mixture_magnitude', 'mixture_phase', 'source_phase', 'mix_magnitude', 'ideal_binary_mask', 'source_magnitudes'])
1.009408950805664 GB allocated
8.646484375 GB reserved
dict_keys(['index', 'mixture_magnitude', 'mixture_phase', 'source_phase', 'mix_magnitude', 'ideal_binary_mask', 'source_magnitudes'])
1.009408950805664 GB allocated
8.646484375 GB reserved
dict_keys(['index', 'mixture_magnitude', 'mixture_phase', 'source_phase', 'mix_magnitude', 'ideal_binary_mask', 'source_magnitudes'])
1.0085558891296387 GB allocated
8.646484375 GB reserved
dict_keys(['index', 'mixture_magnitude', 'mixture_phase', 'source_phase', 'mix_magnitude', 'ideal_binary_mask', 'source_magnitudes'])
1.009408950805664 GB allocated
8.646484375 GB reserved
dict_keys(['index', 'mixture_magnitude', 'mixture_phase', 'source_phase', 'mix_magnitude', 'ideal_binary_mask', 'source_magnitudes'])
1.009408950805664 GB allocated
8.646484375 GB reserved
dict_keys(['index', 'mixture_magnitude', 'mixture_phase', 'source_phase', 'mix_magnitude', 'ideal_binary_mask', 'source_magnitudes'])
1.009408950805664 GB allocated
8.646484375 GB reserved
dict_keys(['index', 'mixture_magnitude', 'mixture_phase', 'source_phase', 'mix_magnitude', 'ideal_binary_mask', 'source_magnitudes'])
1.0085558891296387 GB allocated
8.646484375 GB reserved
dict_keys(['index', 'mixture_magnitude', 'mixture_phase', 'source_phase', 'mix_magnitude', 'ideal_binary_mask', 'source_magnitudes'])
1.009408950805664 GB allocated
8.646484375 GB reserved
dict_keys(['index', 'mixture_magnitude', 'mixture_phase', 'source_phase', 'mix_magnitude', 'ideal_binary_mask', 'source_magnitudes'])
1.009408950805664 GB allocated
8.646484375 GB reserved
dict_keys(['index', 'mixture_magnitude', 'mixture_phase', 'source_phase', 'mix_magnitude', 'ideal_binary_mask', 'source_magnitudes'])
1.009408950805664 GB allocated
8.646484375 GB reserved
dict_keys(['index', 'mixture_magnitude', 'mixture_phase', 'source_phase', 'mix_magnitude', 'ideal_binary_mask', 'source_magnitudes'])
1.0085558891296387 GB allocated
8.646484375 GB reserved
dict_keys(['index', 'mixture_magnitude', 'mixture_phase', 'source_phase', 'mix_magnitude', 'ideal_binary_mask', 'source_magnitudes'])
1.009408950805664 GB allocated
8.646484375 GB reserved
dict_keys(['index', 'mixture_magnitude', 'mixture_phase', 'source_phase', 'mix_magnitude', 'ideal_binary_mask', 'source_magnitudes'])
1.009408950805664 GB allocated
8.646484375 GB reserved
dict_keys(['index', 'mixture_magnitude', 'mixture_phase', 'source_phase', 'mix_magnitude', 'ideal_binary_mask', 'source_magnitudes'])
1.009408950805664 GB allocated
8.646484375 GB reserved
dict_keys(['index', 'mixture_magnitude', 'mixture_phase', 'source_phase', 'mix_magnitude', 'ideal_binary_mask', 'source_magnitudes'])
1.0085558891296387 GB allocated
8.646484375 GB reserved
dict_keys(['index', 'mixture_magnitude', 'mixture_phase', 'source_phase', 'mix_magnitude', 'ideal_binary_mask', 'source_magnitudes'])
1.009408950805664 GB allocated
8.646484375 GB reserved
dict_keys(['index', 'mixture_magnitude', 'mixture_phase', 'source_phase', 'mix_magnitude', 'ideal_binary_mask', 'source_magnitudes'])
1.009408950805664 GB allocated
8.646484375 GB reserved
dict_keys(['index', 'mixture_magnitude', 'mixture_phase', 'source_phase', 'mix_magnitude', 'ideal_binary_mask', 'source_magnitudes'])
1.009408950805664 GB allocated
8.646484375 GB reserved
dict_keys(['index', 'mixture_magnitude', 'mixture_phase', 'source_phase', 'mix_magnitude', 'ideal_binary_mask', 'source_magnitudes'])
1.0085558891296387 GB allocated
8.646484375 GB reserved
dict_keys(['index', 'mixture_magnitude', 'mixture_phase', 'source_phase', 'mix_magnitude', 'ideal_binary_mask', 'source_magnitudes'])
1.009408950805664 GB allocated
8.646484375 GB reserved
dict_keys(['index', 'mixture_magnitude', 'mixture_phase', 'source_phase', 'mix_magnitude', 'ideal_binary_mask', 'source_magnitudes'])
1.009408950805664 GB allocated
8.646484375 GB reserved
dict_keys(['index', 'mixture_magnitude', 'mixture_phase', 'source_phase', 'mix_magnitude', 'ideal_binary_mask', 'source_magnitudes'])
1.009408950805664 GB allocated
8.646484375 GB reserved
dict_keys(['index', 'mixture_magnitude', 'mixture_phase', 'source_phase', 'mix_magnitude', 'ideal_binary_mask', 'source_magnitudes'])
1.0085558891296387 GB allocated
8.646484375 GB reserved
dict_keys(['index', 'mixture_magnitude', 'mixture_phase', 'source_phase', 'mix_magnitude', 'ideal_binary_mask', 'source_magnitudes'])
1.009408950805664 GB allocated
8.646484375 GB reserved
dict_keys(['index', 'mixture_magnitude', 'mixture_phase', 'source_phase', 'mix_magnitude', 'ideal_binary_mask', 'source_magnitudes'])
1.009408950805664 GB allocated
8.646484375 GB reserved
dict_keys(['index', 'mixture_magnitude', 'mixture_phase', 'source_phase', 'mix_magnitude', 'ideal_binary_mask', 'source_magnitudes'])
1.009408950805664 GB allocated
8.646484375 GB reserved
dict_keys(['index', 'mixture_magnitude', 'mixture_phase', 'source_phase', 'mix_magnitude', 'ideal_binary_mask', 'source_magnitudes'])
1.0085558891296387 GB allocated
8.646484375 GB reserved
dict_keys(['index', 'mixture_magnitude', 'mixture_phase', 'source_phase', 'mix_magnitude', 'ideal_binary_mask', 'source_magnitudes'])
1.009408950805664 GB allocated
8.646484375 GB reserved
dict_keys(['index', 'mixture_magnitude', 'mixture_phase', 'source_phase', 'mix_magnitude', 'ideal_binary_mask', 'source_magnitudes'])
1.009408950805664 GB allocated
8.646484375 GB reserved
dict_keys(['index', 'mixture_magnitude', 'mixture_phase', 'source_phase', 'mix_magnitude', 'ideal_binary_mask', 'source_magnitudes'])
1.009408950805664 GB allocated
8.646484375 GB reserved
dict_keys(['index', 'mixture_magnitude', 'mixture_phase', 'source_phase', 'mix_magnitude', 'ideal_binary_mask', 'source_magnitudes'])
1.0085558891296387 GB allocated
8.646484375 GB reserved
dict_keys(['index', 'mixture_magnitude', 'mixture_phase', 'source_phase', 'mix_magnitude', 'ideal_binary_mask', 'source_magnitudes'])
1.009408950805664 GB allocated
8.646484375 GB reserved
dict_keys(['index', 'mixture_magnitude', 'mixture_phase', 'source_phase', 'mix_magnitude', 'ideal_binary_mask', 'source_magnitudes'])
1.009408950805664 GB allocated
8.646484375 GB reserved
dict_keys(['index', 'mixture_magnitude', 'mixture_phase', 'source_phase', 'mix_magnitude', 'ideal_binary_mask', 'source_magnitudes'])
1.009408950805664 GB allocated
8.646484375 GB reserved
dict_keys(['index', 'mixture_magnitude', 'mixture_phase', 'source_phase', 'mix_magnitude', 'ideal_binary_mask', 'source_magnitudes'])
1.0085558891296387 GB allocated
8.646484375 GB reserved
dict_keys(['index', 'mixture_magnitude', 'mixture_phase', 'source_phase', 'mix_magnitude', 'ideal_binary_mask', 'source_magnitudes'])
1.009408950805664 GB allocated
8.646484375 GB reserved
dict_keys(['index', 'mixture_magnitude', 'mixture_phase', 'source_phase', 'mix_magnitude', 'ideal_binary_mask', 'source_magnitudes'])
1.009408950805664 GB allocated
8.646484375 GB reserved
dict_keys(['index', 'mixture_magnitude', 'mixture_phase', 'source_phase', 'mix_magnitude', 'ideal_binary_mask', 'source_magnitudes'])
1.009408950805664 GB allocated
8.646484375 GB reserved
dict_keys(['index', 'mixture_magnitude', 'mixture_phase', 'source_phase', 'mix_magnitude', 'ideal_binary_mask', 'source_magnitudes'])
1.0085558891296387 GB allocated
8.646484375 GB reserved
dict_keys(['index', 'mixture_magnitude', 'mixture_phase', 'source_phase', 'mix_magnitude', 'ideal_binary_mask', 'source_magnitudes'])
1.009408950805664 GB allocated
8.646484375 GB reserved
dict_keys(['index', 'mixture_magnitude', 'mixture_phase', 'source_phase', 'mix_magnitude', 'ideal_binary_mask', 'source_magnitudes'])
1.009408950805664 GB allocated
8.646484375 GB reserved
dict_keys(['index', 'mixture_magnitude', 'mixture_phase', 'source_phase', 'mix_magnitude', 'ideal_binary_mask', 'source_magnitudes'])
1.009408950805664 GB allocated
8.646484375 GB reserved
dict_keys(['index', 'mixture_magnitude', 'mixture_phase', 'source_phase', 'mix_magnitude', 'ideal_binary_mask', 'source_magnitudes'])
1.0085558891296387 GB allocated
8.646484375 GB reserved
dict_keys(['index', 'mixture_magnitude', 'mixture_phase', 'source_phase', 'mix_magnitude', 'ideal_binary_mask', 'source_magnitudes'])
1.009408950805664 GB allocated
8.646484375 GB reserved
dict_keys(['index', 'mixture_magnitude', 'mixture_phase', 'source_phase', 'mix_magnitude', 'ideal_binary_mask', 'source_magnitudes'])
1.009408950805664 GB allocated
8.646484375 GB reserved
dict_keys(['index', 'mixture_magnitude', 'mixture_phase', 'source_phase', 'mix_magnitude', 'ideal_binary_mask', 'source_magnitudes'])
1.009408950805664 GB allocated
8.646484375 GB reserved
dict_keys(['index', 'mixture_magnitude', 'mixture_phase', 'source_phase', 'mix_magnitude', 'ideal_binary_mask', 'source_magnitudes'])
1.0085558891296387 GB allocated
8.646484375 GB reserved
dict_keys(['index', 'mixture_magnitude', 'mixture_phase', 'source_phase', 'mix_magnitude', 'ideal_binary_mask', 'source_magnitudes'])
1.009408950805664 GB allocated
8.646484375 GB reserved
dict_keys(['index', 'mixture_magnitude', 'mixture_phase', 'source_phase', 'mix_magnitude', 'ideal_binary_mask', 'source_magnitudes'])
1.009408950805664 GB allocated
8.646484375 GB reserved
dict_keys(['index', 'mixture_magnitude', 'mixture_phase', 'source_phase', 'mix_magnitude', 'ideal_binary_mask', 'source_magnitudes'])
1.009408950805664 GB allocated
8.646484375 GB reserved
dict_keys(['index', 'mixture_magnitude', 'mixture_phase', 'source_phase', 'mix_magnitude', 'ideal_binary_mask', 'source_magnitudes'])
[Validator] Epoch 18 - val_loss: 0.907366
[BEST CHECKPOINT] Guardado/actualizado en: checkpoints\Mis_modelos_v2\advanced\l_mrs checkpoints\4stems\best_checkpoint_18_val_loss=-0.9074.pt
06/11/2026 06:41:58 AM | engine.py:1037 Engine run finished. Time taken: 00:01:02.904
[Epoch 18] train_loss=0.932239 | val_loss=0.907366
06/11/2026 06:41:58 AM | engine.py:1010 Epoch[18] Complete. Time taken: 00:39:07.444
1.0085558891296387 GB allocated
8.646484375 GB reserved
dict_keys(['index', 'mixture_magnitude', 'mixture_phase', 'source_phase', 'mix_magnitude', 'ideal_binary_mask', 'source_magnitudes'])
1.009408950805664 GB allocated
8.646484375 GB reserved
dict_keys(['index', 'mixture_magnitude', 'mixture_phase', 'source_phase', 'mix_magnitude', 'ideal_binary_mask', 'source_magnitudes'])
1.009408950805664 GB allocated
8.646484375 GB reserved
dict_keys(['index', 'mixture_magnitude', 'mixture_phase', 'source_phase', 'mix_magnitude', 'ideal_binary_mask', 'source_magnitudes'])
1.009408950805664 GB allocated
8.646484375 GB reserved
dict_keys(['index', 'mixture_magnitude', 'mixture_phase', 'source_phase', 'mix_magnitude', 'ideal_binary_mask', 'source_magnitudes'])
1.0085558891296387 GB allocated
8.646484375 GB reserved
dict_keys(['index', 'mixture_magnitude', 'mixture_phase', 'source_phase', 'mix_magnitude', 'ideal_binary_mask', 'source_magnitudes'])
1.009408950805664 GB allocated
8.646484375 GB reserved
dict_keys(['index', 'mixture_magnitude', 'mixture_phase', 'source_phase', 'mix_magnitude', 'ideal_binary_mask', 'source_magnitudes'])
1.009408950805664 GB allocated
8.646484375 GB reserved
dict_keys(['index', 'mixture_magnitude', 'mixture_phase', 'source_phase', 'mix_magnitude', 'ideal_binary_mask', 'source_magnitudes'])
1.009408950805664 GB allocated
8.646484375 GB reserved
dict_keys(['index', 'mixture_magnitude', 'mixture_phase', 'source_phase', 'mix_magnitude', 'ideal_binary_mask', 'source_magnitudes'])
1.0085558891296387 GB allocated
8.646484375 GB reserved
dict_keys(['index', 'mixture_magnitude', 'mixture_phase', 'source_phase', 'mix_magnitude', 'ideal_binary_mask', 'source_magnitudes'])
1.009408950805664 GB allocated
8.646484375 GB reserved
dict_keys(['index', 'mixture_magnitude', 'mixture_phase', 'source_phase', 'mix_magnitude', 'ideal_binary_mask', 'source_magnitudes'])
1.009408950805664 GB allocated
8.646484375 GB reserved
dict_keys(['index', 'mixture_magnitude', 'mixture_phase', 'source_phase', 'mix_magnitude', 'ideal_binary_mask', 'source_magnitudes'])
1.009408950805664 GB allocated
8.646484375 GB reserved
dict_keys(['index', 'mixture_magnitude', 'mixture_phase', 'source_phase', 'mix_magnitude', 'ideal_binary_mask', 'source_magnitudes'])
1.0085558891296387 GB allocated
8.646484375 GB reserved
dict_keys(['index', 'mixture_magnitude', 'mixture_phase', 'source_phase', 'mix_magnitude', 'ideal_binary_mask', 'source_magnitudes'])
1.009408950805664 GB allocated
8.646484375 GB reserved
dict_keys(['index', 'mixture_magnitude', 'mixture_phase', 'source_phase', 'mix_magnitude', 'ideal_binary_mask', 'source_magnitudes'])
1.009408950805664 GB allocated
8.646484375 GB reserved
dict_keys(['index', 'mixture_magnitude', 'mixture_phase', 'source_phase', 'mix_magnitude', 'ideal_binary_mask', 'source_magnitudes'])
1.009408950805664 GB allocated
8.646484375 GB reserved
dict_keys(['index', 'mixture_magnitude', 'mixture_phase', 'source_phase', 'mix_magnitude', 'ideal_binary_mask', 'source_magnitudes'])
1.0085558891296387 GB allocated
8.646484375 GB reserved
dict_keys(['index', 'mixture_magnitude', 'mixture_phase', 'source_phase', 'mix_magnitude', 'ideal_binary_mask', 'source_magnitudes'])
1.009408950805664 GB allocated
8.646484375 GB reserved
dict_keys(['index', 'mixture_magnitude', 'mixture_phase', 'source_phase', 'mix_magnitude', 'ideal_binary_mask', 'source_magnitudes'])
1.009408950805664 GB allocated
8.646484375 GB reserved
dict_keys(['index', 'mixture_magnitude', 'mixture_phase', 'source_phase', 'mix_magnitude', 'ideal_binary_mask', 'source_magnitudes'])
1.009408950805664 GB allocated
8.646484375 GB reserved
dict_keys(['index', 'mixture_magnitude', 'mixture_phase', 'source_phase', 'mix_magnitude', 'ideal_binary_mask', 'source_magnitudes'])
1.0085558891296387 GB allocated
8.646484375 GB reserved
dict_keys(['index', 'mixture_magnitude', 'mixture_phase', 'source_phase', 'mix_magnitude', 'ideal_binary_mask', 'source_magnitudes'])
1.009408950805664 GB allocated
8.646484375 GB reserved
dict_keys(['index', 'mixture_magnitude', 'mixture_phase', 'source_phase', 'mix_magnitude', 'ideal_binary_mask', 'source_magnitudes'])
1.009408950805664 GB allocated
8.646484375 GB reserved
dict_keys(['index', 'mixture_magnitude', 'mixture_phase', 'source_phase', 'mix_magnitude', 'ideal_binary_mask', 'source_magnitudes'])
1.009408950805664 GB allocated
8.646484375 GB reserved
dict_keys(['index', 'mixture_magnitude', 'mixture_phase', 'source_phase', 'mix_magnitude', 'ideal_binary_mask', 'source_magnitudes'])
1.0085558891296387 GB allocated
8.646484375 GB reserved
dict_keys(['index', 'mixture_magnitude', 'mixture_phase', 'source_phase', 'mix_magnitude', 'ideal_binary_mask', 'source_magnitudes'])
1.009408950805664 GB allocated
8.646484375 GB reserved
dict_keys(['index', 'mixture_magnitude', 'mixture_phase', 'source_phase', 'mix_magnitude', 'ideal_binary_mask', 'source_magnitudes'])
1.009408950805664 GB allocated
8.646484375 GB reserved
dict_keys(['index', 'mixture_magnitude', 'mixture_phase', 'source_phase', 'mix_magnitude', 'ideal_binary_mask', 'source_magnitudes'])
1.009408950805664 GB allocated
8.646484375 GB reserved
dict_keys(['index', 'mixture_magnitude', 'mixture_phase', 'source_phase', 'mix_magnitude', 'ideal_binary_mask', 'source_magnitudes'])
1.0085558891296387 GB allocated
8.646484375 GB reserved
dict_keys(['index', 'mixture_magnitude', 'mixture_phase', 'source_phase', 'mix_magnitude', 'ideal_binary_mask', 'source_magnitudes'])
1.009408950805664 GB allocated
8.646484375 GB reserved
dict_keys(['index', 'mixture_magnitude', 'mixture_phase', 'source_phase', 'mix_magnitude', 'ideal_binary_mask', 'source_magnitudes'])
1.009408950805664 GB allocated
8.646484375 GB reserved
dict_keys(['index', 'mixture_magnitude', 'mixture_phase', 'source_phase', 'mix_magnitude', 'ideal_binary_mask', 'source_magnitudes'])
1.009408950805664 GB allocated
8.646484375 GB reserved
dict_keys(['index', 'mixture_magnitude', 'mixture_phase', 'source_phase', 'mix_magnitude', 'ideal_binary_mask', 'source_magnitudes'])
1.0085558891296387 GB allocated
8.646484375 GB reserved
dict_keys(['index', 'mixture_magnitude', 'mixture_phase', 'source_phase', 'mix_magnitude', 'ideal_binary_mask', 'source_magnitudes'])
1.009408950805664 GB allocated
8.646484375 GB reserved
dict_keys(['index', 'mixture_magnitude', 'mixture_phase', 'source_phase', 'mix_magnitude', 'ideal_binary_mask', 'source_magnitudes'])
1.009408950805664 GB allocated
8.646484375 GB reserved
dict_keys(['index', 'mixture_magnitude', 'mixture_phase', 'source_phase', 'mix_magnitude', 'ideal_binary_mask', 'source_magnitudes'])
1.009408950805664 GB allocated
8.646484375 GB reserved
dict_keys(['index', 'mixture_magnitude', 'mixture_phase', 'source_phase', 'mix_magnitude', 'ideal_binary_mask', 'source_magnitudes'])
1.0085558891296387 GB allocated
8.646484375 GB reserved
dict_keys(['index', 'mixture_magnitude', 'mixture_phase', 'source_phase', 'mix_magnitude', 'ideal_binary_mask', 'source_magnitudes'])
1.009408950805664 GB allocated
8.646484375 GB reserved
dict_keys(['index', 'mixture_magnitude', 'mixture_phase', 'source_phase', 'mix_magnitude', 'ideal_binary_mask', 'source_magnitudes'])
1.009408950805664 GB allocated
8.646484375 GB reserved
dict_keys(['index', 'mixture_magnitude', 'mixture_phase', 'source_phase', 'mix_magnitude', 'ideal_binary_mask', 'source_magnitudes'])
1.009408950805664 GB allocated
8.646484375 GB reserved
dict_keys(['index', 'mixture_magnitude', 'mixture_phase', 'source_phase', 'mix_magnitude', 'ideal_binary_mask', 'source_magnitudes'])
1.0085558891296387 GB allocated
8.646484375 GB reserved
dict_keys(['index', 'mixture_magnitude', 'mixture_phase', 'source_phase', 'mix_magnitude', 'ideal_binary_mask', 'source_magnitudes'])
1.009408950805664 GB allocated
8.646484375 GB reserved
dict_keys(['index', 'mixture_magnitude', 'mixture_phase', 'source_phase', 'mix_magnitude', 'ideal_binary_mask', 'source_magnitudes'])
1.009408950805664 GB allocated
8.646484375 GB reserved
06/11/2026 07:20:07 AM | engine.py:906 Engine run starting with max_epochs=1.
06/11/2026 07:21:10 AM | engine.py:1010 Epoch[1] Complete. Time taken: 00:01:03.247
dict_keys(['index', 'mixture_magnitude', 'mixture_phase', 'source_phase', 'mix_magnitude', 'ideal_binary_mask', 'source_magnitudes'])
1.009408950805664 GB allocated
8.646484375 GB reserved
dict_keys(['index', 'mixture_magnitude', 'mixture_phase', 'source_phase', 'mix_magnitude', 'ideal_binary_mask', 'source_magnitudes'])
1.0085558891296387 GB allocated
8.646484375 GB reserved
dict_keys(['index', 'mixture_magnitude', 'mixture_phase', 'source_phase', 'mix_magnitude', 'ideal_binary_mask', 'source_magnitudes'])
1.009408950805664 GB allocated
8.646484375 GB reserved
dict_keys(['index', 'mixture_magnitude', 'mixture_phase', 'source_phase', 'mix_magnitude', 'ideal_binary_mask', 'source_magnitudes'])
1.009408950805664 GB allocated
8.646484375 GB reserved
dict_keys(['index', 'mixture_magnitude', 'mixture_phase', 'source_phase', 'mix_magnitude', 'ideal_binary_mask', 'source_magnitudes'])
1.009408950805664 GB allocated
8.646484375 GB reserved
dict_keys(['index', 'mixture_magnitude', 'mixture_phase', 'source_phase', 'mix_magnitude', 'ideal_binary_mask', 'source_magnitudes'])
1.0085558891296387 GB allocated
8.646484375 GB reserved
dict_keys(['index', 'mixture_magnitude', 'mixture_phase', 'source_phase', 'mix_magnitude', 'ideal_binary_mask', 'source_magnitudes'])
1.009408950805664 GB allocated
8.646484375 GB reserved
dict_keys(['index', 'mixture_magnitude', 'mixture_phase', 'source_phase', 'mix_magnitude', 'ideal_binary_mask', 'source_magnitudes'])
1.009408950805664 GB allocated
8.646484375 GB reserved
dict_keys(['index', 'mixture_magnitude', 'mixture_phase', 'source_phase', 'mix_magnitude', 'ideal_binary_mask', 'source_magnitudes'])
1.009408950805664 GB allocated
8.646484375 GB reserved
dict_keys(['index', 'mixture_magnitude', 'mixture_phase', 'source_phase', 'mix_magnitude', 'ideal_binary_mask', 'source_magnitudes'])
1.0085558891296387 GB allocated
8.646484375 GB reserved
dict_keys(['index', 'mixture_magnitude', 'mixture_phase', 'source_phase', 'mix_magnitude', 'ideal_binary_mask', 'source_magnitudes'])
1.009408950805664 GB allocated
8.646484375 GB reserved
dict_keys(['index', 'mixture_magnitude', 'mixture_phase', 'source_phase', 'mix_magnitude', 'ideal_binary_mask', 'source_magnitudes'])
1.009408950805664 GB allocated
8.646484375 GB reserved
dict_keys(['index', 'mixture_magnitude', 'mixture_phase', 'source_phase', 'mix_magnitude', 'ideal_binary_mask', 'source_magnitudes'])
1.009408950805664 GB allocated
8.646484375 GB reserved
dict_keys(['index', 'mixture_magnitude', 'mixture_phase', 'source_phase', 'mix_magnitude', 'ideal_binary_mask', 'source_magnitudes'])
1.0085558891296387 GB allocated
8.646484375 GB reserved
dict_keys(['index', 'mixture_magnitude', 'mixture_phase', 'source_phase', 'mix_magnitude', 'ideal_binary_mask', 'source_magnitudes'])
1.009408950805664 GB allocated
8.646484375 GB reserved
dict_keys(['index', 'mixture_magnitude', 'mixture_phase', 'source_phase', 'mix_magnitude', 'ideal_binary_mask', 'source_magnitudes'])
1.009408950805664 GB allocated
8.646484375 GB reserved
dict_keys(['index', 'mixture_magnitude', 'mixture_phase', 'source_phase', 'mix_magnitude', 'ideal_binary_mask', 'source_magnitudes'])
1.009408950805664 GB allocated
8.646484375 GB reserved
dict_keys(['index', 'mixture_magnitude', 'mixture_phase', 'source_phase', 'mix_magnitude', 'ideal_binary_mask', 'source_magnitudes'])
1.0085558891296387 GB allocated
8.646484375 GB reserved
dict_keys(['index', 'mixture_magnitude', 'mixture_phase', 'source_phase', 'mix_magnitude', 'ideal_binary_mask', 'source_magnitudes'])
1.009408950805664 GB allocated
8.646484375 GB reserved
dict_keys(['index', 'mixture_magnitude', 'mixture_phase', 'source_phase', 'mix_magnitude', 'ideal_binary_mask', 'source_magnitudes'])
1.009408950805664 GB allocated
8.646484375 GB reserved
dict_keys(['index', 'mixture_magnitude', 'mixture_phase', 'source_phase', 'mix_magnitude', 'ideal_binary_mask', 'source_magnitudes'])
1.009408950805664 GB allocated
8.646484375 GB reserved
dict_keys(['index', 'mixture_magnitude', 'mixture_phase', 'source_phase', 'mix_magnitude', 'ideal_binary_mask', 'source_magnitudes'])
1.0085558891296387 GB allocated
8.646484375 GB reserved
dict_keys(['index', 'mixture_magnitude', 'mixture_phase', 'source_phase', 'mix_magnitude', 'ideal_binary_mask', 'source_magnitudes'])
1.009408950805664 GB allocated
8.646484375 GB reserved
dict_keys(['index', 'mixture_magnitude', 'mixture_phase', 'source_phase', 'mix_magnitude', 'ideal_binary_mask', 'source_magnitudes'])
1.009408950805664 GB allocated
8.646484375 GB reserved
dict_keys(['index', 'mixture_magnitude', 'mixture_phase', 'source_phase', 'mix_magnitude', 'ideal_binary_mask', 'source_magnitudes'])
1.009408950805664 GB allocated
8.646484375 GB reserved
dict_keys(['index', 'mixture_magnitude', 'mixture_phase', 'source_phase', 'mix_magnitude', 'ideal_binary_mask', 'source_magnitudes'])
1.0085558891296387 GB allocated
8.646484375 GB reserved
dict_keys(['index', 'mixture_magnitude', 'mixture_phase', 'source_phase', 'mix_magnitude', 'ideal_binary_mask', 'source_magnitudes'])
1.009408950805664 GB allocated
8.646484375 GB reserved
dict_keys(['index', 'mixture_magnitude', 'mixture_phase', 'source_phase', 'mix_magnitude', 'ideal_binary_mask', 'source_magnitudes'])
1.009408950805664 GB allocated
8.646484375 GB reserved
dict_keys(['index', 'mixture_magnitude', 'mixture_phase', 'source_phase', 'mix_magnitude', 'ideal_binary_mask', 'source_magnitudes'])
1.009408950805664 GB allocated
8.646484375 GB reserved
dict_keys(['index', 'mixture_magnitude', 'mixture_phase', 'source_phase', 'mix_magnitude', 'ideal_binary_mask', 'source_magnitudes'])
1.0085558891296387 GB allocated
8.646484375 GB reserved
dict_keys(['index', 'mixture_magnitude', 'mixture_phase', 'source_phase', 'mix_magnitude', 'ideal_binary_mask', 'source_magnitudes'])
1.009408950805664 GB allocated
8.646484375 GB reserved
dict_keys(['index', 'mixture_magnitude', 'mixture_phase', 'source_phase', 'mix_magnitude', 'ideal_binary_mask', 'source_magnitudes'])
1.009408950805664 GB allocated
8.646484375 GB reserved
dict_keys(['index', 'mixture_magnitude', 'mixture_phase', 'source_phase', 'mix_magnitude', 'ideal_binary_mask', 'source_magnitudes'])
1.009408950805664 GB allocated
8.646484375 GB reserved
dict_keys(['index', 'mixture_magnitude', 'mixture_phase', 'source_phase', 'mix_magnitude', 'ideal_binary_mask', 'source_magnitudes'])
1.0085558891296387 GB allocated
8.646484375 GB reserved
dict_keys(['index', 'mixture_magnitude', 'mixture_phase', 'source_phase', 'mix_magnitude', 'ideal_binary_mask', 'source_magnitudes'])
1.009408950805664 GB allocated
8.646484375 GB reserved
dict_keys(['index', 'mixture_magnitude', 'mixture_phase', 'source_phase', 'mix_magnitude', 'ideal_binary_mask', 'source_magnitudes'])
1.009408950805664 GB allocated
8.646484375 GB reserved
dict_keys(['index', 'mixture_magnitude', 'mixture_phase', 'source_phase', 'mix_magnitude', 'ideal_binary_mask', 'source_magnitudes'])
1.009408950805664 GB allocated
8.646484375 GB reserved
dict_keys(['index', 'mixture_magnitude', 'mixture_phase', 'source_phase', 'mix_magnitude', 'ideal_binary_mask', 'source_magnitudes'])
1.0085558891296387 GB allocated
8.646484375 GB reserved
dict_keys(['index', 'mixture_magnitude', 'mixture_phase', 'source_phase', 'mix_magnitude', 'ideal_binary_mask', 'source_magnitudes'])
1.009408950805664 GB allocated
8.646484375 GB reserved
dict_keys(['index', 'mixture_magnitude', 'mixture_phase', 'source_phase', 'mix_magnitude', 'ideal_binary_mask', 'source_magnitudes'])
1.009408950805664 GB allocated
8.646484375 GB reserved
dict_keys(['index', 'mixture_magnitude', 'mixture_phase', 'source_phase', 'mix_magnitude', 'ideal_binary_mask', 'source_magnitudes'])
1.009408950805664 GB allocated
8.646484375 GB reserved
dict_keys(['index', 'mixture_magnitude', 'mixture_phase', 'source_phase', 'mix_magnitude', 'ideal_binary_mask', 'source_magnitudes'])
1.0085558891296387 GB allocated
8.646484375 GB reserved
dict_keys(['index', 'mixture_magnitude', 'mixture_phase', 'source_phase', 'mix_magnitude', 'ideal_binary_mask', 'source_magnitudes'])
1.009408950805664 GB allocated
8.646484375 GB reserved
dict_keys(['index', 'mixture_magnitude', 'mixture_phase', 'source_phase', 'mix_magnitude', 'ideal_binary_mask', 'source_magnitudes'])
1.009408950805664 GB allocated
8.646484375 GB reserved
dict_keys(['index', 'mixture_magnitude', 'mixture_phase', 'source_phase', 'mix_magnitude', 'ideal_binary_mask', 'source_magnitudes'])
1.009408950805664 GB allocated
8.646484375 GB reserved
dict_keys(['index', 'mixture_magnitude', 'mixture_phase', 'source_phase', 'mix_magnitude', 'ideal_binary_mask', 'source_magnitudes'])
1.0085558891296387 GB allocated
8.646484375 GB reserved
dict_keys(['index', 'mixture_magnitude', 'mixture_phase', 'source_phase', 'mix_magnitude', 'ideal_binary_mask', 'source_magnitudes'])
1.009408950805664 GB allocated
8.646484375 GB reserved
dict_keys(['index', 'mixture_magnitude', 'mixture_phase', 'source_phase', 'mix_magnitude', 'ideal_binary_mask', 'source_magnitudes'])
1.009408950805664 GB allocated
8.646484375 GB reserved
dict_keys(['index', 'mixture_magnitude', 'mixture_phase', 'source_phase', 'mix_magnitude', 'ideal_binary_mask', 'source_magnitudes'])
1.009408950805664 GB allocated
8.646484375 GB reserved
dict_keys(['index', 'mixture_magnitude', 'mixture_phase', 'source_phase', 'mix_magnitude', 'ideal_binary_mask', 'source_magnitudes'])
1.0085558891296387 GB allocated
8.646484375 GB reserved
dict_keys(['index', 'mixture_magnitude', 'mixture_phase', 'source_phase', 'mix_magnitude', 'ideal_binary_mask', 'source_magnitudes'])
1.009408950805664 GB allocated
8.646484375 GB reserved
dict_keys(['index', 'mixture_magnitude', 'mixture_phase', 'source_phase', 'mix_magnitude', 'ideal_binary_mask', 'source_magnitudes'])
1.009408950805664 GB allocated
8.646484375 GB reserved
dict_keys(['index', 'mixture_magnitude', 'mixture_phase', 'source_phase', 'mix_magnitude', 'ideal_binary_mask', 'source_magnitudes'])
1.009408950805664 GB allocated
8.646484375 GB reserved
dict_keys(['index', 'mixture_magnitude', 'mixture_phase', 'source_phase', 'mix_magnitude', 'ideal_binary_mask', 'source_magnitudes'])
1.0085558891296387 GB allocated
8.646484375 GB reserved
dict_keys(['index', 'mixture_magnitude', 'mixture_phase', 'source_phase', 'mix_magnitude', 'ideal_binary_mask', 'source_magnitudes'])
1.009408950805664 GB allocated
8.646484375 GB reserved
dict_keys(['index', 'mixture_magnitude', 'mixture_phase', 'source_phase', 'mix_magnitude', 'ideal_binary_mask', 'source_magnitudes'])
1.009408950805664 GB allocated
8.646484375 GB reserved
dict_keys(['index', 'mixture_magnitude', 'mixture_phase', 'source_phase', 'mix_magnitude', 'ideal_binary_mask', 'source_magnitudes'])
1.009408950805664 GB allocated
8.646484375 GB reserved
dict_keys(['index', 'mixture_magnitude', 'mixture_phase', 'source_phase', 'mix_magnitude', 'ideal_binary_mask', 'source_magnitudes'])
[Validator] Epoch 19 - val_loss: 0.904422
[BEST CHECKPOINT] Guardado/actualizado en: checkpoints\Mis_modelos_v2\advanced\l_mrs checkpoints\4stems\best_checkpoint_19_val_loss=-0.9044.pt
06/11/2026 07:21:10 AM | engine.py:1037 Engine run finished. Time taken: 00:01:03.247
[Epoch 19] train_loss=0.926603 | val_loss=0.904422
06/11/2026 07:21:10 AM | engine.py:1010 Epoch[19] Complete. Time taken: 00:39:12.022
1.0085558891296387 GB allocated
8.646484375 GB reserved
dict_keys(['index', 'mixture_magnitude', 'mixture_phase', 'source_phase', 'mix_magnitude', 'ideal_binary_mask', 'source_magnitudes'])
1.009408950805664 GB allocated
8.646484375 GB reserved
dict_keys(['index', 'mixture_magnitude', 'mixture_phase', 'source_phase', 'mix_magnitude', 'ideal_binary_mask', 'source_magnitudes'])
1.009408950805664 GB allocated
8.646484375 GB reserved
dict_keys(['index', 'mixture_magnitude', 'mixture_phase', 'source_phase', 'mix_magnitude', 'ideal_binary_mask', 'source_magnitudes'])
1.009408950805664 GB allocated
8.646484375 GB reserved
dict_keys(['index', 'mixture_magnitude', 'mixture_phase', 'source_phase', 'mix_magnitude', 'ideal_binary_mask', 'source_magnitudes'])
1.0085558891296387 GB allocated
8.646484375 GB reserved
dict_keys(['index', 'mixture_magnitude', 'mixture_phase', 'source_phase', 'mix_magnitude', 'ideal_binary_mask', 'source_magnitudes'])
1.009408950805664 GB allocated
8.646484375 GB reserved
dict_keys(['index', 'mixture_magnitude', 'mixture_phase', 'source_phase', 'mix_magnitude', 'ideal_binary_mask', 'source_magnitudes'])
1.009408950805664 GB allocated
8.646484375 GB reserved
dict_keys(['index', 'mixture_magnitude', 'mixture_phase', 'source_phase', 'mix_magnitude', 'ideal_binary_mask', 'source_magnitudes'])
1.009408950805664 GB allocated
8.646484375 GB reserved
dict_keys(['index', 'mixture_magnitude', 'mixture_phase', 'source_phase', 'mix_magnitude', 'ideal_binary_mask', 'source_magnitudes'])
1.0085558891296387 GB allocated
8.646484375 GB reserved
dict_keys(['index', 'mixture_magnitude', 'mixture_phase', 'source_phase', 'mix_magnitude', 'ideal_binary_mask', 'source_magnitudes'])
1.009408950805664 GB allocated
8.646484375 GB reserved
dict_keys(['index', 'mixture_magnitude', 'mixture_phase', 'source_phase', 'mix_magnitude', 'ideal_binary_mask', 'source_magnitudes'])
1.009408950805664 GB allocated
8.646484375 GB reserved
dict_keys(['index', 'mixture_magnitude', 'mixture_phase', 'source_phase', 'mix_magnitude', 'ideal_binary_mask', 'source_magnitudes'])
1.009408950805664 GB allocated
8.646484375 GB reserved
dict_keys(['index', 'mixture_magnitude', 'mixture_phase', 'source_phase', 'mix_magnitude', 'ideal_binary_mask', 'source_magnitudes'])
1.0085558891296387 GB allocated
8.646484375 GB reserved
dict_keys(['index', 'mixture_magnitude', 'mixture_phase', 'source_phase', 'mix_magnitude', 'ideal_binary_mask', 'source_magnitudes'])
1.009408950805664 GB allocated
8.646484375 GB reserved
dict_keys(['index', 'mixture_magnitude', 'mixture_phase', 'source_phase', 'mix_magnitude', 'ideal_binary_mask', 'source_magnitudes'])
1.009408950805664 GB allocated
8.646484375 GB reserved
dict_keys(['index', 'mixture_magnitude', 'mixture_phase', 'source_phase', 'mix_magnitude', 'ideal_binary_mask', 'source_magnitudes'])
1.009408950805664 GB allocated
8.646484375 GB reserved
dict_keys(['index', 'mixture_magnitude', 'mixture_phase', 'source_phase', 'mix_magnitude', 'ideal_binary_mask', 'source_magnitudes'])
1.0085558891296387 GB allocated
8.646484375 GB reserved
dict_keys(['index', 'mixture_magnitude', 'mixture_phase', 'source_phase', 'mix_magnitude', 'ideal_binary_mask', 'source_magnitudes'])
1.009408950805664 GB allocated
8.646484375 GB reserved
dict_keys(['index', 'mixture_magnitude', 'mixture_phase', 'source_phase', 'mix_magnitude', 'ideal_binary_mask', 'source_magnitudes'])
1.009408950805664 GB allocated
8.646484375 GB reserved
dict_keys(['index', 'mixture_magnitude', 'mixture_phase', 'source_phase', 'mix_magnitude', 'ideal_binary_mask', 'source_magnitudes'])
1.009408950805664 GB allocated
8.646484375 GB reserved
dict_keys(['index', 'mixture_magnitude', 'mixture_phase', 'source_phase', 'mix_magnitude', 'ideal_binary_mask', 'source_magnitudes'])
1.0085558891296387 GB allocated
8.646484375 GB reserved
dict_keys(['index', 'mixture_magnitude', 'mixture_phase', 'source_phase', 'mix_magnitude', 'ideal_binary_mask', 'source_magnitudes'])
1.009408950805664 GB allocated
8.646484375 GB reserved
dict_keys(['index', 'mixture_magnitude', 'mixture_phase', 'source_phase', 'mix_magnitude', 'ideal_binary_mask', 'source_magnitudes'])
1.009408950805664 GB allocated
8.646484375 GB reserved
dict_keys(['index', 'mixture_magnitude', 'mixture_phase', 'source_phase', 'mix_magnitude', 'ideal_binary_mask', 'source_magnitudes'])
1.009408950805664 GB allocated
8.646484375 GB reserved
dict_keys(['index', 'mixture_magnitude', 'mixture_phase', 'source_phase', 'mix_magnitude', 'ideal_binary_mask', 'source_magnitudes'])
1.0085558891296387 GB allocated
8.646484375 GB reserved
dict_keys(['index', 'mixture_magnitude', 'mixture_phase', 'source_phase', 'mix_magnitude', 'ideal_binary_mask', 'source_magnitudes'])
1.009408950805664 GB allocated
8.646484375 GB reserved
dict_keys(['index', 'mixture_magnitude', 'mixture_phase', 'source_phase', 'mix_magnitude', 'ideal_binary_mask', 'source_magnitudes'])
1.009408950805664 GB allocated
8.646484375 GB reserved
dict_keys(['index', 'mixture_magnitude', 'mixture_phase', 'source_phase', 'mix_magnitude', 'ideal_binary_mask', 'source_magnitudes'])
1.009408950805664 GB allocated
8.646484375 GB reserved
dict_keys(['index', 'mixture_magnitude', 'mixture_phase', 'source_phase', 'mix_magnitude', 'ideal_binary_mask', 'source_magnitudes'])
1.0085558891296387 GB allocated
8.646484375 GB reserved
dict_keys(['index', 'mixture_magnitude', 'mixture_phase', 'source_phase', 'mix_magnitude', 'ideal_binary_mask', 'source_magnitudes'])
1.009408950805664 GB allocated
8.646484375 GB reserved
dict_keys(['index', 'mixture_magnitude', 'mixture_phase', 'source_phase', 'mix_magnitude', 'ideal_binary_mask', 'source_magnitudes'])
1.009408950805664 GB allocated
8.646484375 GB reserved
dict_keys(['index', 'mixture_magnitude', 'mixture_phase', 'source_phase', 'mix_magnitude', 'ideal_binary_mask', 'source_magnitudes'])
1.009408950805664 GB allocated
8.646484375 GB reserved
dict_keys(['index', 'mixture_magnitude', 'mixture_phase', 'source_phase', 'mix_magnitude', 'ideal_binary_mask', 'source_magnitudes'])
1.0085558891296387 GB allocated
8.646484375 GB reserved
dict_keys(['index', 'mixture_magnitude', 'mixture_phase', 'source_phase', 'mix_magnitude', 'ideal_binary_mask', 'source_magnitudes'])
1.009408950805664 GB allocated
8.646484375 GB reserved
dict_keys(['index', 'mixture_magnitude', 'mixture_phase', 'source_phase', 'mix_magnitude', 'ideal_binary_mask', 'source_magnitudes'])
1.009408950805664 GB allocated
8.646484375 GB reserved
dict_keys(['index', 'mixture_magnitude', 'mixture_phase', 'source_phase', 'mix_magnitude', 'ideal_binary_mask', 'source_magnitudes'])
1.009408950805664 GB allocated
8.646484375 GB reserved
dict_keys(['index', 'mixture_magnitude', 'mixture_phase', 'source_phase', 'mix_magnitude', 'ideal_binary_mask', 'source_magnitudes'])
1.0085558891296387 GB allocated
8.646484375 GB reserved
dict_keys(['index', 'mixture_magnitude', 'mixture_phase', 'source_phase', 'mix_magnitude', 'ideal_binary_mask', 'source_magnitudes'])
1.009408950805664 GB allocated
8.646484375 GB reserved
dict_keys(['index', 'mixture_magnitude', 'mixture_phase', 'source_phase', 'mix_magnitude', 'ideal_binary_mask', 'source_magnitudes'])
1.009408950805664 GB allocated
8.646484375 GB reserved
dict_keys(['index', 'mixture_magnitude', 'mixture_phase', 'source_phase', 'mix_magnitude', 'ideal_binary_mask', 'source_magnitudes'])
1.009408950805664 GB allocated
8.646484375 GB reserved
dict_keys(['index', 'mixture_magnitude', 'mixture_phase', 'source_phase', 'mix_magnitude', 'ideal_binary_mask', 'source_magnitudes'])
1.0085558891296387 GB allocated
8.646484375 GB reserved
dict_keys(['index', 'mixture_magnitude', 'mixture_phase', 'source_phase', 'mix_magnitude', 'ideal_binary_mask', 'source_magnitudes'])
1.009408950805664 GB allocated
8.646484375 GB reserved
dict_keys(['index', 'mixture_magnitude', 'mixture_phase', 'source_phase', 'mix_magnitude', 'ideal_binary_mask', 'source_magnitudes'])
1.009408950805664 GB allocated
8.646484375 GB reserved
06/11/2026 07:59:24 AM | engine.py:906 Engine run starting with max_epochs=1.
06/11/2026 08:00:28 AM | engine.py:1010 Epoch[1] Complete. Time taken: 00:01:03.902
dict_keys(['index', 'mixture_magnitude', 'mixture_phase', 'source_phase', 'mix_magnitude', 'ideal_binary_mask', 'source_magnitudes'])
1.009408950805664 GB allocated
8.646484375 GB reserved
dict_keys(['index', 'mixture_magnitude', 'mixture_phase', 'source_phase', 'mix_magnitude', 'ideal_binary_mask', 'source_magnitudes'])
1.0085558891296387 GB allocated
8.646484375 GB reserved
dict_keys(['index', 'mixture_magnitude', 'mixture_phase', 'source_phase', 'mix_magnitude', 'ideal_binary_mask', 'source_magnitudes'])
1.009408950805664 GB allocated
8.646484375 GB reserved
dict_keys(['index', 'mixture_magnitude', 'mixture_phase', 'source_phase', 'mix_magnitude', 'ideal_binary_mask', 'source_magnitudes'])
1.009408950805664 GB allocated
8.646484375 GB reserved
dict_keys(['index', 'mixture_magnitude', 'mixture_phase', 'source_phase', 'mix_magnitude', 'ideal_binary_mask', 'source_magnitudes'])
1.009408950805664 GB allocated
8.646484375 GB reserved
dict_keys(['index', 'mixture_magnitude', 'mixture_phase', 'source_phase', 'mix_magnitude', 'ideal_binary_mask', 'source_magnitudes'])
1.0085558891296387 GB allocated
8.646484375 GB reserved
dict_keys(['index', 'mixture_magnitude', 'mixture_phase', 'source_phase', 'mix_magnitude', 'ideal_binary_mask', 'source_magnitudes'])
1.009408950805664 GB allocated
8.646484375 GB reserved
dict_keys(['index', 'mixture_magnitude', 'mixture_phase', 'source_phase', 'mix_magnitude', 'ideal_binary_mask', 'source_magnitudes'])
1.009408950805664 GB allocated
8.646484375 GB reserved
dict_keys(['index', 'mixture_magnitude', 'mixture_phase', 'source_phase', 'mix_magnitude', 'ideal_binary_mask', 'source_magnitudes'])
1.009408950805664 GB allocated
8.646484375 GB reserved
dict_keys(['index', 'mixture_magnitude', 'mixture_phase', 'source_phase', 'mix_magnitude', 'ideal_binary_mask', 'source_magnitudes'])
1.0085558891296387 GB allocated
8.646484375 GB reserved
dict_keys(['index', 'mixture_magnitude', 'mixture_phase', 'source_phase', 'mix_magnitude', 'ideal_binary_mask', 'source_magnitudes'])
1.009408950805664 GB allocated
8.646484375 GB reserved
dict_keys(['index', 'mixture_magnitude', 'mixture_phase', 'source_phase', 'mix_magnitude', 'ideal_binary_mask', 'source_magnitudes'])
1.009408950805664 GB allocated
8.646484375 GB reserved
dict_keys(['index', 'mixture_magnitude', 'mixture_phase', 'source_phase', 'mix_magnitude', 'ideal_binary_mask', 'source_magnitudes'])
1.009408950805664 GB allocated
8.646484375 GB reserved
dict_keys(['index', 'mixture_magnitude', 'mixture_phase', 'source_phase', 'mix_magnitude', 'ideal_binary_mask', 'source_magnitudes'])
1.0085558891296387 GB allocated
8.646484375 GB reserved
dict_keys(['index', 'mixture_magnitude', 'mixture_phase', 'source_phase', 'mix_magnitude', 'ideal_binary_mask', 'source_magnitudes'])
1.009408950805664 GB allocated
8.646484375 GB reserved
dict_keys(['index', 'mixture_magnitude', 'mixture_phase', 'source_phase', 'mix_magnitude', 'ideal_binary_mask', 'source_magnitudes'])
1.009408950805664 GB allocated
8.646484375 GB reserved
dict_keys(['index', 'mixture_magnitude', 'mixture_phase', 'source_phase', 'mix_magnitude', 'ideal_binary_mask', 'source_magnitudes'])
1.009408950805664 GB allocated
8.646484375 GB reserved
dict_keys(['index', 'mixture_magnitude', 'mixture_phase', 'source_phase', 'mix_magnitude', 'ideal_binary_mask', 'source_magnitudes'])
1.0085558891296387 GB allocated
8.646484375 GB reserved
dict_keys(['index', 'mixture_magnitude', 'mixture_phase', 'source_phase', 'mix_magnitude', 'ideal_binary_mask', 'source_magnitudes'])
1.009408950805664 GB allocated
8.646484375 GB reserved
dict_keys(['index', 'mixture_magnitude', 'mixture_phase', 'source_phase', 'mix_magnitude', 'ideal_binary_mask', 'source_magnitudes'])
1.009408950805664 GB allocated
8.646484375 GB reserved
dict_keys(['index', 'mixture_magnitude', 'mixture_phase', 'source_phase', 'mix_magnitude', 'ideal_binary_mask', 'source_magnitudes'])
1.009408950805664 GB allocated
8.646484375 GB reserved
dict_keys(['index', 'mixture_magnitude', 'mixture_phase', 'source_phase', 'mix_magnitude', 'ideal_binary_mask', 'source_magnitudes'])
1.0085558891296387 GB allocated
8.646484375 GB reserved
dict_keys(['index', 'mixture_magnitude', 'mixture_phase', 'source_phase', 'mix_magnitude', 'ideal_binary_mask', 'source_magnitudes'])
1.009408950805664 GB allocated
8.646484375 GB reserved
dict_keys(['index', 'mixture_magnitude', 'mixture_phase', 'source_phase', 'mix_magnitude', 'ideal_binary_mask', 'source_magnitudes'])
1.009408950805664 GB allocated
8.646484375 GB reserved
dict_keys(['index', 'mixture_magnitude', 'mixture_phase', 'source_phase', 'mix_magnitude', 'ideal_binary_mask', 'source_magnitudes'])
1.009408950805664 GB allocated
8.646484375 GB reserved
dict_keys(['index', 'mixture_magnitude', 'mixture_phase', 'source_phase', 'mix_magnitude', 'ideal_binary_mask', 'source_magnitudes'])
1.0085558891296387 GB allocated
8.646484375 GB reserved
dict_keys(['index', 'mixture_magnitude', 'mixture_phase', 'source_phase', 'mix_magnitude', 'ideal_binary_mask', 'source_magnitudes'])
1.009408950805664 GB allocated
8.646484375 GB reserved
dict_keys(['index', 'mixture_magnitude', 'mixture_phase', 'source_phase', 'mix_magnitude', 'ideal_binary_mask', 'source_magnitudes'])
1.009408950805664 GB allocated
8.646484375 GB reserved
dict_keys(['index', 'mixture_magnitude', 'mixture_phase', 'source_phase', 'mix_magnitude', 'ideal_binary_mask', 'source_magnitudes'])
1.009408950805664 GB allocated
8.646484375 GB reserved
dict_keys(['index', 'mixture_magnitude', 'mixture_phase', 'source_phase', 'mix_magnitude', 'ideal_binary_mask', 'source_magnitudes'])
1.0085558891296387 GB allocated
8.646484375 GB reserved
dict_keys(['index', 'mixture_magnitude', 'mixture_phase', 'source_phase', 'mix_magnitude', 'ideal_binary_mask', 'source_magnitudes'])
1.009408950805664 GB allocated
8.646484375 GB reserved
dict_keys(['index', 'mixture_magnitude', 'mixture_phase', 'source_phase', 'mix_magnitude', 'ideal_binary_mask', 'source_magnitudes'])
1.009408950805664 GB allocated
8.646484375 GB reserved
dict_keys(['index', 'mixture_magnitude', 'mixture_phase', 'source_phase', 'mix_magnitude', 'ideal_binary_mask', 'source_magnitudes'])
1.009408950805664 GB allocated
8.646484375 GB reserved
dict_keys(['index', 'mixture_magnitude', 'mixture_phase', 'source_phase', 'mix_magnitude', 'ideal_binary_mask', 'source_magnitudes'])
1.0085558891296387 GB allocated
8.646484375 GB reserved
dict_keys(['index', 'mixture_magnitude', 'mixture_phase', 'source_phase', 'mix_magnitude', 'ideal_binary_mask', 'source_magnitudes'])
1.009408950805664 GB allocated
8.646484375 GB reserved
dict_keys(['index', 'mixture_magnitude', 'mixture_phase', 'source_phase', 'mix_magnitude', 'ideal_binary_mask', 'source_magnitudes'])
1.009408950805664 GB allocated
8.646484375 GB reserved
dict_keys(['index', 'mixture_magnitude', 'mixture_phase', 'source_phase', 'mix_magnitude', 'ideal_binary_mask', 'source_magnitudes'])
1.009408950805664 GB allocated
8.646484375 GB reserved
dict_keys(['index', 'mixture_magnitude', 'mixture_phase', 'source_phase', 'mix_magnitude', 'ideal_binary_mask', 'source_magnitudes'])
1.0085558891296387 GB allocated
8.646484375 GB reserved
dict_keys(['index', 'mixture_magnitude', 'mixture_phase', 'source_phase', 'mix_magnitude', 'ideal_binary_mask', 'source_magnitudes'])
1.009408950805664 GB allocated
8.646484375 GB reserved
dict_keys(['index', 'mixture_magnitude', 'mixture_phase', 'source_phase', 'mix_magnitude', 'ideal_binary_mask', 'source_magnitudes'])
1.009408950805664 GB allocated
8.646484375 GB reserved
dict_keys(['index', 'mixture_magnitude', 'mixture_phase', 'source_phase', 'mix_magnitude', 'ideal_binary_mask', 'source_magnitudes'])
1.009408950805664 GB allocated
8.646484375 GB reserved
dict_keys(['index', 'mixture_magnitude', 'mixture_phase', 'source_phase', 'mix_magnitude', 'ideal_binary_mask', 'source_magnitudes'])
1.0085558891296387 GB allocated
8.646484375 GB reserved
dict_keys(['index', 'mixture_magnitude', 'mixture_phase', 'source_phase', 'mix_magnitude', 'ideal_binary_mask', 'source_magnitudes'])
1.009408950805664 GB allocated
8.646484375 GB reserved
dict_keys(['index', 'mixture_magnitude', 'mixture_phase', 'source_phase', 'mix_magnitude', 'ideal_binary_mask', 'source_magnitudes'])
1.009408950805664 GB allocated
8.646484375 GB reserved
dict_keys(['index', 'mixture_magnitude', 'mixture_phase', 'source_phase', 'mix_magnitude', 'ideal_binary_mask', 'source_magnitudes'])
1.009408950805664 GB allocated
8.646484375 GB reserved
dict_keys(['index', 'mixture_magnitude', 'mixture_phase', 'source_phase', 'mix_magnitude', 'ideal_binary_mask', 'source_magnitudes'])
1.0085558891296387 GB allocated
8.646484375 GB reserved
dict_keys(['index', 'mixture_magnitude', 'mixture_phase', 'source_phase', 'mix_magnitude', 'ideal_binary_mask', 'source_magnitudes'])
1.009408950805664 GB allocated
8.646484375 GB reserved
dict_keys(['index', 'mixture_magnitude', 'mixture_phase', 'source_phase', 'mix_magnitude', 'ideal_binary_mask', 'source_magnitudes'])
1.009408950805664 GB allocated
8.646484375 GB reserved
dict_keys(['index', 'mixture_magnitude', 'mixture_phase', 'source_phase', 'mix_magnitude', 'ideal_binary_mask', 'source_magnitudes'])
1.009408950805664 GB allocated
8.646484375 GB reserved
dict_keys(['index', 'mixture_magnitude', 'mixture_phase', 'source_phase', 'mix_magnitude', 'ideal_binary_mask', 'source_magnitudes'])
1.0085558891296387 GB allocated
8.646484375 GB reserved
dict_keys(['index', 'mixture_magnitude', 'mixture_phase', 'source_phase', 'mix_magnitude', 'ideal_binary_mask', 'source_magnitudes'])
1.009408950805664 GB allocated
8.646484375 GB reserved
dict_keys(['index', 'mixture_magnitude', 'mixture_phase', 'source_phase', 'mix_magnitude', 'ideal_binary_mask', 'source_magnitudes'])
1.009408950805664 GB allocated
8.646484375 GB reserved
dict_keys(['index', 'mixture_magnitude', 'mixture_phase', 'source_phase', 'mix_magnitude', 'ideal_binary_mask', 'source_magnitudes'])
1.009408950805664 GB allocated
8.646484375 GB reserved
dict_keys(['index', 'mixture_magnitude', 'mixture_phase', 'source_phase', 'mix_magnitude', 'ideal_binary_mask', 'source_magnitudes'])
1.0085558891296387 GB allocated
8.646484375 GB reserved
dict_keys(['index', 'mixture_magnitude', 'mixture_phase', 'source_phase', 'mix_magnitude', 'ideal_binary_mask', 'source_magnitudes'])
1.009408950805664 GB allocated
8.646484375 GB reserved
dict_keys(['index', 'mixture_magnitude', 'mixture_phase', 'source_phase', 'mix_magnitude', 'ideal_binary_mask', 'source_magnitudes'])
1.009408950805664 GB allocated
8.646484375 GB reserved
dict_keys(['index', 'mixture_magnitude', 'mixture_phase', 'source_phase', 'mix_magnitude', 'ideal_binary_mask', 'source_magnitudes'])
1.009408950805664 GB allocated
8.646484375 GB reserved
dict_keys(['index', 'mixture_magnitude', 'mixture_phase', 'source_phase', 'mix_magnitude', 'ideal_binary_mask', 'source_magnitudes'])
[Validator] Epoch 20 - val_loss: 0.900770
[BEST CHECKPOINT] Guardado/actualizado en: checkpoints\Mis_modelos_v2\advanced\l_mrs checkpoints\4stems\best_checkpoint_20_val_loss=-0.9008.pt
06/11/2026 08:00:28 AM | engine.py:1037 Engine run finished. Time taken: 00:01:03.916
[Epoch 20] train_loss=0.927662 | val_loss=0.900770
06/11/2026 08:00:28 AM | engine.py:1010 Epoch[20] Complete. Time taken: 00:39:17.341
1.0085558891296387 GB allocated
8.646484375 GB reserved
dict_keys(['index', 'mixture_magnitude', 'mixture_phase', 'source_phase', 'mix_magnitude', 'ideal_binary_mask', 'source_magnitudes'])
1.009408950805664 GB allocated
8.646484375 GB reserved
dict_keys(['index', 'mixture_magnitude', 'mixture_phase', 'source_phase', 'mix_magnitude', 'ideal_binary_mask', 'source_magnitudes'])
1.009408950805664 GB allocated
8.646484375 GB reserved
dict_keys(['index', 'mixture_magnitude', 'mixture_phase', 'source_phase', 'mix_magnitude', 'ideal_binary_mask', 'source_magnitudes'])
1.009408950805664 GB allocated
8.646484375 GB reserved
dict_keys(['index', 'mixture_magnitude', 'mixture_phase', 'source_phase', 'mix_magnitude', 'ideal_binary_mask', 'source_magnitudes'])
1.0085558891296387 GB allocated
8.646484375 GB reserved
dict_keys(['index', 'mixture_magnitude', 'mixture_phase', 'source_phase', 'mix_magnitude', 'ideal_binary_mask', 'source_magnitudes'])
1.009408950805664 GB allocated
8.646484375 GB reserved
dict_keys(['index', 'mixture_magnitude', 'mixture_phase', 'source_phase', 'mix_magnitude', 'ideal_binary_mask', 'source_magnitudes'])
1.009408950805664 GB allocated
8.646484375 GB reserved
dict_keys(['index', 'mixture_magnitude', 'mixture_phase', 'source_phase', 'mix_magnitude', 'ideal_binary_mask', 'source_magnitudes'])
1.009408950805664 GB allocated
8.646484375 GB reserved
dict_keys(['index', 'mixture_magnitude', 'mixture_phase', 'source_phase', 'mix_magnitude', 'ideal_binary_mask', 'source_magnitudes'])
1.0085558891296387 GB allocated
8.646484375 GB reserved
dict_keys(['index', 'mixture_magnitude', 'mixture_phase', 'source_phase', 'mix_magnitude', 'ideal_binary_mask', 'source_magnitudes'])
1.009408950805664 GB allocated
8.646484375 GB reserved
dict_keys(['index', 'mixture_magnitude', 'mixture_phase', 'source_phase', 'mix_magnitude', 'ideal_binary_mask', 'source_magnitudes'])
1.009408950805664 GB allocated
8.646484375 GB reserved
dict_keys(['index', 'mixture_magnitude', 'mixture_phase', 'source_phase', 'mix_magnitude', 'ideal_binary_mask', 'source_magnitudes'])
1.009408950805664 GB allocated
8.646484375 GB reserved
dict_keys(['index', 'mixture_magnitude', 'mixture_phase', 'source_phase', 'mix_magnitude', 'ideal_binary_mask', 'source_magnitudes'])
1.0085558891296387 GB allocated
8.646484375 GB reserved
dict_keys(['index', 'mixture_magnitude', 'mixture_phase', 'source_phase', 'mix_magnitude', 'ideal_binary_mask', 'source_magnitudes'])
1.009408950805664 GB allocated
8.646484375 GB reserved
dict_keys(['index', 'mixture_magnitude', 'mixture_phase', 'source_phase', 'mix_magnitude', 'ideal_binary_mask', 'source_magnitudes'])
1.009408950805664 GB allocated
8.646484375 GB reserved
dict_keys(['index', 'mixture_magnitude', 'mixture_phase', 'source_phase', 'mix_magnitude', 'ideal_binary_mask', 'source_magnitudes'])
1.009408950805664 GB allocated
8.646484375 GB reserved
dict_keys(['index', 'mixture_magnitude', 'mixture_phase', 'source_phase', 'mix_magnitude', 'ideal_binary_mask', 'source_magnitudes'])
1.0085558891296387 GB allocated
8.646484375 GB reserved
dict_keys(['index', 'mixture_magnitude', 'mixture_phase', 'source_phase', 'mix_magnitude', 'ideal_binary_mask', 'source_magnitudes'])
1.009408950805664 GB allocated
8.646484375 GB reserved
dict_keys(['index', 'mixture_magnitude', 'mixture_phase', 'source_phase', 'mix_magnitude', 'ideal_binary_mask', 'source_magnitudes'])
1.009408950805664 GB allocated
8.646484375 GB reserved
dict_keys(['index', 'mixture_magnitude', 'mixture_phase', 'source_phase', 'mix_magnitude', 'ideal_binary_mask', 'source_magnitudes'])
1.009408950805664 GB allocated
8.646484375 GB reserved
dict_keys(['index', 'mixture_magnitude', 'mixture_phase', 'source_phase', 'mix_magnitude', 'ideal_binary_mask', 'source_magnitudes'])
1.0085558891296387 GB allocated
8.646484375 GB reserved
dict_keys(['index', 'mixture_magnitude', 'mixture_phase', 'source_phase', 'mix_magnitude', 'ideal_binary_mask', 'source_magnitudes'])
1.009408950805664 GB allocated
8.646484375 GB reserved
dict_keys(['index', 'mixture_magnitude', 'mixture_phase', 'source_phase', 'mix_magnitude', 'ideal_binary_mask', 'source_magnitudes'])
1.009408950805664 GB allocated
8.646484375 GB reserved
dict_keys(['index', 'mixture_magnitude', 'mixture_phase', 'source_phase', 'mix_magnitude', 'ideal_binary_mask', 'source_magnitudes'])
1.009408950805664 GB allocated
8.646484375 GB reserved
dict_keys(['index', 'mixture_magnitude', 'mixture_phase', 'source_phase', 'mix_magnitude', 'ideal_binary_mask', 'source_magnitudes'])
1.0085558891296387 GB allocated
8.646484375 GB reserved
dict_keys(['index', 'mixture_magnitude', 'mixture_phase', 'source_phase', 'mix_magnitude', 'ideal_binary_mask', 'source_magnitudes'])
1.009408950805664 GB allocated
8.646484375 GB reserved
dict_keys(['index', 'mixture_magnitude', 'mixture_phase', 'source_phase', 'mix_magnitude', 'ideal_binary_mask', 'source_magnitudes'])
1.009408950805664 GB allocated
8.646484375 GB reserved
dict_keys(['index', 'mixture_magnitude', 'mixture_phase', 'source_phase', 'mix_magnitude', 'ideal_binary_mask', 'source_magnitudes'])
1.009408950805664 GB allocated
8.646484375 GB reserved
dict_keys(['index', 'mixture_magnitude', 'mixture_phase', 'source_phase', 'mix_magnitude', 'ideal_binary_mask', 'source_magnitudes'])
1.0085558891296387 GB allocated
8.646484375 GB reserved
dict_keys(['index', 'mixture_magnitude', 'mixture_phase', 'source_phase', 'mix_magnitude', 'ideal_binary_mask', 'source_magnitudes'])
1.009408950805664 GB allocated
8.646484375 GB reserved
dict_keys(['index', 'mixture_magnitude', 'mixture_phase', 'source_phase', 'mix_magnitude', 'ideal_binary_mask', 'source_magnitudes'])
1.009408950805664 GB allocated
8.646484375 GB reserved
dict_keys(['index', 'mixture_magnitude', 'mixture_phase', 'source_phase', 'mix_magnitude', 'ideal_binary_mask', 'source_magnitudes'])
1.009408950805664 GB allocated
8.646484375 GB reserved
dict_keys(['index', 'mixture_magnitude', 'mixture_phase', 'source_phase', 'mix_magnitude', 'ideal_binary_mask', 'source_magnitudes'])
1.0085558891296387 GB allocated
8.646484375 GB reserved
dict_keys(['index', 'mixture_magnitude', 'mixture_phase', 'source_phase', 'mix_magnitude', 'ideal_binary_mask', 'source_magnitudes'])
1.009408950805664 GB allocated
8.646484375 GB reserved
dict_keys(['index', 'mixture_magnitude', 'mixture_phase', 'source_phase', 'mix_magnitude', 'ideal_binary_mask', 'source_magnitudes'])
1.009408950805664 GB allocated
8.646484375 GB reserved
dict_keys(['index', 'mixture_magnitude', 'mixture_phase', 'source_phase', 'mix_magnitude', 'ideal_binary_mask', 'source_magnitudes'])
1.009408950805664 GB allocated
8.646484375 GB reserved
dict_keys(['index', 'mixture_magnitude', 'mixture_phase', 'source_phase', 'mix_magnitude', 'ideal_binary_mask', 'source_magnitudes'])
1.0085558891296387 GB allocated
8.646484375 GB reserved
dict_keys(['index', 'mixture_magnitude', 'mixture_phase', 'source_phase', 'mix_magnitude', 'ideal_binary_mask', 'source_magnitudes'])
1.009408950805664 GB allocated
8.646484375 GB reserved
dict_keys(['index', 'mixture_magnitude', 'mixture_phase', 'source_phase', 'mix_magnitude', 'ideal_binary_mask', 'source_magnitudes'])
1.009408950805664 GB allocated
8.646484375 GB reserved
dict_keys(['index', 'mixture_magnitude', 'mixture_phase', 'source_phase', 'mix_magnitude', 'ideal_binary_mask', 'source_magnitudes'])
1.009408950805664 GB allocated
8.646484375 GB reserved
dict_keys(['index', 'mixture_magnitude', 'mixture_phase', 'source_phase', 'mix_magnitude', 'ideal_binary_mask', 'source_magnitudes'])
1.0085558891296387 GB allocated
8.646484375 GB reserved
dict_keys(['index', 'mixture_magnitude', 'mixture_phase', 'source_phase', 'mix_magnitude', 'ideal_binary_mask', 'source_magnitudes'])
1.009408950805664 GB allocated
8.646484375 GB reserved
dict_keys(['index', 'mixture_magnitude', 'mixture_phase', 'source_phase', 'mix_magnitude', 'ideal_binary_mask', 'source_magnitudes'])
1.009408950805664 GB allocated
8.646484375 GB reserved
06/11/2026 08:38:49 AM | engine.py:906 Engine run starting with max_epochs=1.
06/11/2026 08:39:53 AM | engine.py:1010 Epoch[1] Complete. Time taken: 00:01:03.782
dict_keys(['index', 'mixture_magnitude', 'mixture_phase', 'source_phase', 'mix_magnitude', 'ideal_binary_mask', 'source_magnitudes'])
1.009408950805664 GB allocated
8.646484375 GB reserved
dict_keys(['index', 'mixture_magnitude', 'mixture_phase', 'source_phase', 'mix_magnitude', 'ideal_binary_mask', 'source_magnitudes'])
1.0085558891296387 GB allocated
8.646484375 GB reserved
dict_keys(['index', 'mixture_magnitude', 'mixture_phase', 'source_phase', 'mix_magnitude', 'ideal_binary_mask', 'source_magnitudes'])
1.009408950805664 GB allocated
8.646484375 GB reserved
dict_keys(['index', 'mixture_magnitude', 'mixture_phase', 'source_phase', 'mix_magnitude', 'ideal_binary_mask', 'source_magnitudes'])
1.009408950805664 GB allocated
8.646484375 GB reserved
dict_keys(['index', 'mixture_magnitude', 'mixture_phase', 'source_phase', 'mix_magnitude', 'ideal_binary_mask', 'source_magnitudes'])
1.009408950805664 GB allocated
8.646484375 GB reserved
dict_keys(['index', 'mixture_magnitude', 'mixture_phase', 'source_phase', 'mix_magnitude', 'ideal_binary_mask', 'source_magnitudes'])
1.0085558891296387 GB allocated
8.646484375 GB reserved
dict_keys(['index', 'mixture_magnitude', 'mixture_phase', 'source_phase', 'mix_magnitude', 'ideal_binary_mask', 'source_magnitudes'])
1.009408950805664 GB allocated
8.646484375 GB reserved
dict_keys(['index', 'mixture_magnitude', 'mixture_phase', 'source_phase', 'mix_magnitude', 'ideal_binary_mask', 'source_magnitudes'])
1.009408950805664 GB allocated
8.646484375 GB reserved
dict_keys(['index', 'mixture_magnitude', 'mixture_phase', 'source_phase', 'mix_magnitude', 'ideal_binary_mask', 'source_magnitudes'])
1.009408950805664 GB allocated
8.646484375 GB reserved
dict_keys(['index', 'mixture_magnitude', 'mixture_phase', 'source_phase', 'mix_magnitude', 'ideal_binary_mask', 'source_magnitudes'])
1.0085558891296387 GB allocated
8.646484375 GB reserved
dict_keys(['index', 'mixture_magnitude', 'mixture_phase', 'source_phase', 'mix_magnitude', 'ideal_binary_mask', 'source_magnitudes'])
1.009408950805664 GB allocated
8.646484375 GB reserved
dict_keys(['index', 'mixture_magnitude', 'mixture_phase', 'source_phase', 'mix_magnitude', 'ideal_binary_mask', 'source_magnitudes'])
1.009408950805664 GB allocated
8.646484375 GB reserved
dict_keys(['index', 'mixture_magnitude', 'mixture_phase', 'source_phase', 'mix_magnitude', 'ideal_binary_mask', 'source_magnitudes'])
1.009408950805664 GB allocated
8.646484375 GB reserved
dict_keys(['index', 'mixture_magnitude', 'mixture_phase', 'source_phase', 'mix_magnitude', 'ideal_binary_mask', 'source_magnitudes'])
1.0085558891296387 GB allocated
8.646484375 GB reserved
dict_keys(['index', 'mixture_magnitude', 'mixture_phase', 'source_phase', 'mix_magnitude', 'ideal_binary_mask', 'source_magnitudes'])
1.009408950805664 GB allocated
8.646484375 GB reserved
dict_keys(['index', 'mixture_magnitude', 'mixture_phase', 'source_phase', 'mix_magnitude', 'ideal_binary_mask', 'source_magnitudes'])
1.009408950805664 GB allocated
8.646484375 GB reserved
dict_keys(['index', 'mixture_magnitude', 'mixture_phase', 'source_phase', 'mix_magnitude', 'ideal_binary_mask', 'source_magnitudes'])
1.009408950805664 GB allocated
8.646484375 GB reserved
dict_keys(['index', 'mixture_magnitude', 'mixture_phase', 'source_phase', 'mix_magnitude', 'ideal_binary_mask', 'source_magnitudes'])
1.0085558891296387 GB allocated
8.646484375 GB reserved
dict_keys(['index', 'mixture_magnitude', 'mixture_phase', 'source_phase', 'mix_magnitude', 'ideal_binary_mask', 'source_magnitudes'])
1.009408950805664 GB allocated
8.646484375 GB reserved
dict_keys(['index', 'mixture_magnitude', 'mixture_phase', 'source_phase', 'mix_magnitude', 'ideal_binary_mask', 'source_magnitudes'])
1.009408950805664 GB allocated
8.646484375 GB reserved
dict_keys(['index', 'mixture_magnitude', 'mixture_phase', 'source_phase', 'mix_magnitude', 'ideal_binary_mask', 'source_magnitudes'])
1.009408950805664 GB allocated
8.646484375 GB reserved
dict_keys(['index', 'mixture_magnitude', 'mixture_phase', 'source_phase', 'mix_magnitude', 'ideal_binary_mask', 'source_magnitudes'])
1.0085558891296387 GB allocated
8.646484375 GB reserved
dict_keys(['index', 'mixture_magnitude', 'mixture_phase', 'source_phase', 'mix_magnitude', 'ideal_binary_mask', 'source_magnitudes'])
1.009408950805664 GB allocated
8.646484375 GB reserved
dict_keys(['index', 'mixture_magnitude', 'mixture_phase', 'source_phase', 'mix_magnitude', 'ideal_binary_mask', 'source_magnitudes'])
1.009408950805664 GB allocated
8.646484375 GB reserved
dict_keys(['index', 'mixture_magnitude', 'mixture_phase', 'source_phase', 'mix_magnitude', 'ideal_binary_mask', 'source_magnitudes'])
1.009408950805664 GB allocated
8.646484375 GB reserved
dict_keys(['index', 'mixture_magnitude', 'mixture_phase', 'source_phase', 'mix_magnitude', 'ideal_binary_mask', 'source_magnitudes'])
1.0085558891296387 GB allocated
8.646484375 GB reserved
dict_keys(['index', 'mixture_magnitude', 'mixture_phase', 'source_phase', 'mix_magnitude', 'ideal_binary_mask', 'source_magnitudes'])
1.009408950805664 GB allocated
8.646484375 GB reserved
dict_keys(['index', 'mixture_magnitude', 'mixture_phase', 'source_phase', 'mix_magnitude', 'ideal_binary_mask', 'source_magnitudes'])
1.009408950805664 GB allocated
8.646484375 GB reserved
dict_keys(['index', 'mixture_magnitude', 'mixture_phase', 'source_phase', 'mix_magnitude', 'ideal_binary_mask', 'source_magnitudes'])
1.009408950805664 GB allocated
8.646484375 GB reserved
dict_keys(['index', 'mixture_magnitude', 'mixture_phase', 'source_phase', 'mix_magnitude', 'ideal_binary_mask', 'source_magnitudes'])
1.0085558891296387 GB allocated
8.646484375 GB reserved
dict_keys(['index', 'mixture_magnitude', 'mixture_phase', 'source_phase', 'mix_magnitude', 'ideal_binary_mask', 'source_magnitudes'])
1.009408950805664 GB allocated
8.646484375 GB reserved
dict_keys(['index', 'mixture_magnitude', 'mixture_phase', 'source_phase', 'mix_magnitude', 'ideal_binary_mask', 'source_magnitudes'])
1.009408950805664 GB allocated
8.646484375 GB reserved
dict_keys(['index', 'mixture_magnitude', 'mixture_phase', 'source_phase', 'mix_magnitude', 'ideal_binary_mask', 'source_magnitudes'])
1.009408950805664 GB allocated
8.646484375 GB reserved
dict_keys(['index', 'mixture_magnitude', 'mixture_phase', 'source_phase', 'mix_magnitude', 'ideal_binary_mask', 'source_magnitudes'])
1.0085558891296387 GB allocated
8.646484375 GB reserved
dict_keys(['index', 'mixture_magnitude', 'mixture_phase', 'source_phase', 'mix_magnitude', 'ideal_binary_mask', 'source_magnitudes'])
1.009408950805664 GB allocated
8.646484375 GB reserved
dict_keys(['index', 'mixture_magnitude', 'mixture_phase', 'source_phase', 'mix_magnitude', 'ideal_binary_mask', 'source_magnitudes'])
1.009408950805664 GB allocated
8.646484375 GB reserved
dict_keys(['index', 'mixture_magnitude', 'mixture_phase', 'source_phase', 'mix_magnitude', 'ideal_binary_mask', 'source_magnitudes'])
1.009408950805664 GB allocated
8.646484375 GB reserved
dict_keys(['index', 'mixture_magnitude', 'mixture_phase', 'source_phase', 'mix_magnitude', 'ideal_binary_mask', 'source_magnitudes'])
1.0085558891296387 GB allocated
8.646484375 GB reserved
dict_keys(['index', 'mixture_magnitude', 'mixture_phase', 'source_phase', 'mix_magnitude', 'ideal_binary_mask', 'source_magnitudes'])
1.009408950805664 GB allocated
8.646484375 GB reserved
dict_keys(['index', 'mixture_magnitude', 'mixture_phase', 'source_phase', 'mix_magnitude', 'ideal_binary_mask', 'source_magnitudes'])
1.009408950805664 GB allocated
8.646484375 GB reserved
dict_keys(['index', 'mixture_magnitude', 'mixture_phase', 'source_phase', 'mix_magnitude', 'ideal_binary_mask', 'source_magnitudes'])
1.009408950805664 GB allocated
8.646484375 GB reserved
dict_keys(['index', 'mixture_magnitude', 'mixture_phase', 'source_phase', 'mix_magnitude', 'ideal_binary_mask', 'source_magnitudes'])
1.0085558891296387 GB allocated
8.646484375 GB reserved
dict_keys(['index', 'mixture_magnitude', 'mixture_phase', 'source_phase', 'mix_magnitude', 'ideal_binary_mask', 'source_magnitudes'])
1.009408950805664 GB allocated
8.646484375 GB reserved
dict_keys(['index', 'mixture_magnitude', 'mixture_phase', 'source_phase', 'mix_magnitude', 'ideal_binary_mask', 'source_magnitudes'])
1.009408950805664 GB allocated
8.646484375 GB reserved
dict_keys(['index', 'mixture_magnitude', 'mixture_phase', 'source_phase', 'mix_magnitude', 'ideal_binary_mask', 'source_magnitudes'])
1.009408950805664 GB allocated
8.646484375 GB reserved
dict_keys(['index', 'mixture_magnitude', 'mixture_phase', 'source_phase', 'mix_magnitude', 'ideal_binary_mask', 'source_magnitudes'])
1.0085558891296387 GB allocated
8.646484375 GB reserved
dict_keys(['index', 'mixture_magnitude', 'mixture_phase', 'source_phase', 'mix_magnitude', 'ideal_binary_mask', 'source_magnitudes'])
1.009408950805664 GB allocated
8.646484375 GB reserved
dict_keys(['index', 'mixture_magnitude', 'mixture_phase', 'source_phase', 'mix_magnitude', 'ideal_binary_mask', 'source_magnitudes'])
1.009408950805664 GB allocated
8.646484375 GB reserved
dict_keys(['index', 'mixture_magnitude', 'mixture_phase', 'source_phase', 'mix_magnitude', 'ideal_binary_mask', 'source_magnitudes'])
1.009408950805664 GB allocated
8.646484375 GB reserved
dict_keys(['index', 'mixture_magnitude', 'mixture_phase', 'source_phase', 'mix_magnitude', 'ideal_binary_mask', 'source_magnitudes'])
1.0085558891296387 GB allocated
8.646484375 GB reserved
dict_keys(['index', 'mixture_magnitude', 'mixture_phase', 'source_phase', 'mix_magnitude', 'ideal_binary_mask', 'source_magnitudes'])
1.009408950805664 GB allocated
8.646484375 GB reserved
dict_keys(['index', 'mixture_magnitude', 'mixture_phase', 'source_phase', 'mix_magnitude', 'ideal_binary_mask', 'source_magnitudes'])
1.009408950805664 GB allocated
8.646484375 GB reserved
dict_keys(['index', 'mixture_magnitude', 'mixture_phase', 'source_phase', 'mix_magnitude', 'ideal_binary_mask', 'source_magnitudes'])
1.009408950805664 GB allocated
8.646484375 GB reserved
dict_keys(['index', 'mixture_magnitude', 'mixture_phase', 'source_phase', 'mix_magnitude', 'ideal_binary_mask', 'source_magnitudes'])
1.0085558891296387 GB allocated
8.646484375 GB reserved
dict_keys(['index', 'mixture_magnitude', 'mixture_phase', 'source_phase', 'mix_magnitude', 'ideal_binary_mask', 'source_magnitudes'])
1.009408950805664 GB allocated
8.646484375 GB reserved
dict_keys(['index', 'mixture_magnitude', 'mixture_phase', 'source_phase', 'mix_magnitude', 'ideal_binary_mask', 'source_magnitudes'])
1.009408950805664 GB allocated
8.646484375 GB reserved
dict_keys(['index', 'mixture_magnitude', 'mixture_phase', 'source_phase', 'mix_magnitude', 'ideal_binary_mask', 'source_magnitudes'])
1.009408950805664 GB allocated
8.646484375 GB reserved
dict_keys(['index', 'mixture_magnitude', 'mixture_phase', 'source_phase', 'mix_magnitude', 'ideal_binary_mask', 'source_magnitudes'])
[Validator] Epoch 21 - val_loss: 0.900956
[BEST CHECKPOINT] Guardado/actualizado en: checkpoints\Mis_modelos_v2\advanced\l_mrs checkpoints\4stems\best_checkpoint_20_val_loss=-0.9008.pt
06/11/2026 08:39:53 AM | engine.py:1037 Engine run finished. Time taken: 00:01:03.782
[Epoch 21] train_loss=0.920091 | val_loss=0.900956
06/11/2026 08:39:53 AM | engine.py:1010 Epoch[21] Complete. Time taken: 00:39:24.874
1.0085558891296387 GB allocated
8.646484375 GB reserved
dict_keys(['index', 'mixture_magnitude', 'mixture_phase', 'source_phase', 'mix_magnitude', 'ideal_binary_mask', 'source_magnitudes'])
1.009408950805664 GB allocated
8.646484375 GB reserved
dict_keys(['index', 'mixture_magnitude', 'mixture_phase', 'source_phase', 'mix_magnitude', 'ideal_binary_mask', 'source_magnitudes'])
1.009408950805664 GB allocated
8.646484375 GB reserved
dict_keys(['index', 'mixture_magnitude', 'mixture_phase', 'source_phase', 'mix_magnitude', 'ideal_binary_mask', 'source_magnitudes'])
1.009408950805664 GB allocated
8.646484375 GB reserved
dict_keys(['index', 'mixture_magnitude', 'mixture_phase', 'source_phase', 'mix_magnitude', 'ideal_binary_mask', 'source_magnitudes'])
1.0085558891296387 GB allocated
8.646484375 GB reserved
dict_keys(['index', 'mixture_magnitude', 'mixture_phase', 'source_phase', 'mix_magnitude', 'ideal_binary_mask', 'source_magnitudes'])
1.009408950805664 GB allocated
8.646484375 GB reserved
dict_keys(['index', 'mixture_magnitude', 'mixture_phase', 'source_phase', 'mix_magnitude', 'ideal_binary_mask', 'source_magnitudes'])
1.009408950805664 GB allocated
8.646484375 GB reserved
dict_keys(['index', 'mixture_magnitude', 'mixture_phase', 'source_phase', 'mix_magnitude', 'ideal_binary_mask', 'source_magnitudes'])
1.009408950805664 GB allocated
8.646484375 GB reserved
dict_keys(['index', 'mixture_magnitude', 'mixture_phase', 'source_phase', 'mix_magnitude', 'ideal_binary_mask', 'source_magnitudes'])
1.0085558891296387 GB allocated
8.646484375 GB reserved
dict_keys(['index', 'mixture_magnitude', 'mixture_phase', 'source_phase', 'mix_magnitude', 'ideal_binary_mask', 'source_magnitudes'])
1.009408950805664 GB allocated
8.646484375 GB reserved
dict_keys(['index', 'mixture_magnitude', 'mixture_phase', 'source_phase', 'mix_magnitude', 'ideal_binary_mask', 'source_magnitudes'])
1.009408950805664 GB allocated
8.646484375 GB reserved
dict_keys(['index', 'mixture_magnitude', 'mixture_phase', 'source_phase', 'mix_magnitude', 'ideal_binary_mask', 'source_magnitudes'])
1.009408950805664 GB allocated
8.646484375 GB reserved
dict_keys(['index', 'mixture_magnitude', 'mixture_phase', 'source_phase', 'mix_magnitude', 'ideal_binary_mask', 'source_magnitudes'])
1.0085558891296387 GB allocated
8.646484375 GB reserved
dict_keys(['index', 'mixture_magnitude', 'mixture_phase', 'source_phase', 'mix_magnitude', 'ideal_binary_mask', 'source_magnitudes'])
1.009408950805664 GB allocated
8.646484375 GB reserved
dict_keys(['index', 'mixture_magnitude', 'mixture_phase', 'source_phase', 'mix_magnitude', 'ideal_binary_mask', 'source_magnitudes'])
1.009408950805664 GB allocated
8.646484375 GB reserved
dict_keys(['index', 'mixture_magnitude', 'mixture_phase', 'source_phase', 'mix_magnitude', 'ideal_binary_mask', 'source_magnitudes'])
1.009408950805664 GB allocated
8.646484375 GB reserved
dict_keys(['index', 'mixture_magnitude', 'mixture_phase', 'source_phase', 'mix_magnitude', 'ideal_binary_mask', 'source_magnitudes'])
1.0085558891296387 GB allocated
8.646484375 GB reserved
dict_keys(['index', 'mixture_magnitude', 'mixture_phase', 'source_phase', 'mix_magnitude', 'ideal_binary_mask', 'source_magnitudes'])
1.009408950805664 GB allocated
8.646484375 GB reserved
dict_keys(['index', 'mixture_magnitude', 'mixture_phase', 'source_phase', 'mix_magnitude', 'ideal_binary_mask', 'source_magnitudes'])
1.009408950805664 GB allocated
8.646484375 GB reserved
dict_keys(['index', 'mixture_magnitude', 'mixture_phase', 'source_phase', 'mix_magnitude', 'ideal_binary_mask', 'source_magnitudes'])
1.009408950805664 GB allocated
8.646484375 GB reserved
dict_keys(['index', 'mixture_magnitude', 'mixture_phase', 'source_phase', 'mix_magnitude', 'ideal_binary_mask', 'source_magnitudes'])
1.0085558891296387 GB allocated
8.646484375 GB reserved
dict_keys(['index', 'mixture_magnitude', 'mixture_phase', 'source_phase', 'mix_magnitude', 'ideal_binary_mask', 'source_magnitudes'])
1.009408950805664 GB allocated
8.646484375 GB reserved
dict_keys(['index', 'mixture_magnitude', 'mixture_phase', 'source_phase', 'mix_magnitude', 'ideal_binary_mask', 'source_magnitudes'])
1.009408950805664 GB allocated
8.646484375 GB reserved
dict_keys(['index', 'mixture_magnitude', 'mixture_phase', 'source_phase', 'mix_magnitude', 'ideal_binary_mask', 'source_magnitudes'])
1.009408950805664 GB allocated
8.646484375 GB reserved
dict_keys(['index', 'mixture_magnitude', 'mixture_phase', 'source_phase', 'mix_magnitude', 'ideal_binary_mask', 'source_magnitudes'])
1.0085558891296387 GB allocated
8.646484375 GB reserved
dict_keys(['index', 'mixture_magnitude', 'mixture_phase', 'source_phase', 'mix_magnitude', 'ideal_binary_mask', 'source_magnitudes'])
1.009408950805664 GB allocated
8.646484375 GB reserved
dict_keys(['index', 'mixture_magnitude', 'mixture_phase', 'source_phase', 'mix_magnitude', 'ideal_binary_mask', 'source_magnitudes'])
1.009408950805664 GB allocated
8.646484375 GB reserved
dict_keys(['index', 'mixture_magnitude', 'mixture_phase', 'source_phase', 'mix_magnitude', 'ideal_binary_mask', 'source_magnitudes'])
1.009408950805664 GB allocated
8.646484375 GB reserved
dict_keys(['index', 'mixture_magnitude', 'mixture_phase', 'source_phase', 'mix_magnitude', 'ideal_binary_mask', 'source_magnitudes'])
1.0085558891296387 GB allocated
8.646484375 GB reserved
dict_keys(['index', 'mixture_magnitude', 'mixture_phase', 'source_phase', 'mix_magnitude', 'ideal_binary_mask', 'source_magnitudes'])
1.009408950805664 GB allocated
8.646484375 GB reserved
dict_keys(['index', 'mixture_magnitude', 'mixture_phase', 'source_phase', 'mix_magnitude', 'ideal_binary_mask', 'source_magnitudes'])
1.009408950805664 GB allocated
8.646484375 GB reserved
dict_keys(['index', 'mixture_magnitude', 'mixture_phase', 'source_phase', 'mix_magnitude', 'ideal_binary_mask', 'source_magnitudes'])
1.009408950805664 GB allocated
8.646484375 GB reserved
dict_keys(['index', 'mixture_magnitude', 'mixture_phase', 'source_phase', 'mix_magnitude', 'ideal_binary_mask', 'source_magnitudes'])
1.0085558891296387 GB allocated
8.646484375 GB reserved
dict_keys(['index', 'mixture_magnitude', 'mixture_phase', 'source_phase', 'mix_magnitude', 'ideal_binary_mask', 'source_magnitudes'])
1.009408950805664 GB allocated
8.646484375 GB reserved
dict_keys(['index', 'mixture_magnitude', 'mixture_phase', 'source_phase', 'mix_magnitude', 'ideal_binary_mask', 'source_magnitudes'])
1.009408950805664 GB allocated
8.646484375 GB reserved
dict_keys(['index', 'mixture_magnitude', 'mixture_phase', 'source_phase', 'mix_magnitude', 'ideal_binary_mask', 'source_magnitudes'])
1.009408950805664 GB allocated
8.646484375 GB reserved
dict_keys(['index', 'mixture_magnitude', 'mixture_phase', 'source_phase', 'mix_magnitude', 'ideal_binary_mask', 'source_magnitudes'])
1.0085558891296387 GB allocated
8.646484375 GB reserved
dict_keys(['index', 'mixture_magnitude', 'mixture_phase', 'source_phase', 'mix_magnitude', 'ideal_binary_mask', 'source_magnitudes'])
1.009408950805664 GB allocated
8.646484375 GB reserved
dict_keys(['index', 'mixture_magnitude', 'mixture_phase', 'source_phase', 'mix_magnitude', 'ideal_binary_mask', 'source_magnitudes'])
1.009408950805664 GB allocated
8.646484375 GB reserved
dict_keys(['index', 'mixture_magnitude', 'mixture_phase', 'source_phase', 'mix_magnitude', 'ideal_binary_mask', 'source_magnitudes'])
1.009408950805664 GB allocated
8.646484375 GB reserved
dict_keys(['index', 'mixture_magnitude', 'mixture_phase', 'source_phase', 'mix_magnitude', 'ideal_binary_mask', 'source_magnitudes'])
1.0085558891296387 GB allocated
8.646484375 GB reserved
dict_keys(['index', 'mixture_magnitude', 'mixture_phase', 'source_phase', 'mix_magnitude', 'ideal_binary_mask', 'source_magnitudes'])
1.009408950805664 GB allocated
8.646484375 GB reserved
dict_keys(['index', 'mixture_magnitude', 'mixture_phase', 'source_phase', 'mix_magnitude', 'ideal_binary_mask', 'source_magnitudes'])
1.009408950805664 GB allocated
8.646484375 GB reserved
06/11/2026 09:18:05 AM | engine.py:906 Engine run starting with max_epochs=1.
06/11/2026 09:19:09 AM | engine.py:1010 Epoch[1] Complete. Time taken: 00:01:03.533
dict_keys(['index', 'mixture_magnitude', 'mixture_phase', 'source_phase', 'mix_magnitude', 'ideal_binary_mask', 'source_magnitudes'])
1.009408950805664 GB allocated
8.646484375 GB reserved
dict_keys(['index', 'mixture_magnitude', 'mixture_phase', 'source_phase', 'mix_magnitude', 'ideal_binary_mask', 'source_magnitudes'])
1.0085558891296387 GB allocated
8.646484375 GB reserved
dict_keys(['index', 'mixture_magnitude', 'mixture_phase', 'source_phase', 'mix_magnitude', 'ideal_binary_mask', 'source_magnitudes'])
1.009408950805664 GB allocated
8.646484375 GB reserved
dict_keys(['index', 'mixture_magnitude', 'mixture_phase', 'source_phase', 'mix_magnitude', 'ideal_binary_mask', 'source_magnitudes'])
1.009408950805664 GB allocated
8.646484375 GB reserved
dict_keys(['index', 'mixture_magnitude', 'mixture_phase', 'source_phase', 'mix_magnitude', 'ideal_binary_mask', 'source_magnitudes'])
1.009408950805664 GB allocated
8.646484375 GB reserved
dict_keys(['index', 'mixture_magnitude', 'mixture_phase', 'source_phase', 'mix_magnitude', 'ideal_binary_mask', 'source_magnitudes'])
1.0085558891296387 GB allocated
8.646484375 GB reserved
dict_keys(['index', 'mixture_magnitude', 'mixture_phase', 'source_phase', 'mix_magnitude', 'ideal_binary_mask', 'source_magnitudes'])
1.009408950805664 GB allocated
8.646484375 GB reserved
dict_keys(['index', 'mixture_magnitude', 'mixture_phase', 'source_phase', 'mix_magnitude', 'ideal_binary_mask', 'source_magnitudes'])
1.009408950805664 GB allocated
8.646484375 GB reserved
dict_keys(['index', 'mixture_magnitude', 'mixture_phase', 'source_phase', 'mix_magnitude', 'ideal_binary_mask', 'source_magnitudes'])
1.009408950805664 GB allocated
8.646484375 GB reserved
dict_keys(['index', 'mixture_magnitude', 'mixture_phase', 'source_phase', 'mix_magnitude', 'ideal_binary_mask', 'source_magnitudes'])
1.0085558891296387 GB allocated
8.646484375 GB reserved
dict_keys(['index', 'mixture_magnitude', 'mixture_phase', 'source_phase', 'mix_magnitude', 'ideal_binary_mask', 'source_magnitudes'])
1.009408950805664 GB allocated
8.646484375 GB reserved
dict_keys(['index', 'mixture_magnitude', 'mixture_phase', 'source_phase', 'mix_magnitude', 'ideal_binary_mask', 'source_magnitudes'])
1.009408950805664 GB allocated
8.646484375 GB reserved
dict_keys(['index', 'mixture_magnitude', 'mixture_phase', 'source_phase', 'mix_magnitude', 'ideal_binary_mask', 'source_magnitudes'])
1.009408950805664 GB allocated
8.646484375 GB reserved
dict_keys(['index', 'mixture_magnitude', 'mixture_phase', 'source_phase', 'mix_magnitude', 'ideal_binary_mask', 'source_magnitudes'])
1.0085558891296387 GB allocated
8.646484375 GB reserved
dict_keys(['index', 'mixture_magnitude', 'mixture_phase', 'source_phase', 'mix_magnitude', 'ideal_binary_mask', 'source_magnitudes'])
1.009408950805664 GB allocated
8.646484375 GB reserved
dict_keys(['index', 'mixture_magnitude', 'mixture_phase', 'source_phase', 'mix_magnitude', 'ideal_binary_mask', 'source_magnitudes'])
1.009408950805664 GB allocated
8.646484375 GB reserved
dict_keys(['index', 'mixture_magnitude', 'mixture_phase', 'source_phase', 'mix_magnitude', 'ideal_binary_mask', 'source_magnitudes'])
1.009408950805664 GB allocated
8.646484375 GB reserved
dict_keys(['index', 'mixture_magnitude', 'mixture_phase', 'source_phase', 'mix_magnitude', 'ideal_binary_mask', 'source_magnitudes'])
1.0085558891296387 GB allocated
8.646484375 GB reserved
dict_keys(['index', 'mixture_magnitude', 'mixture_phase', 'source_phase', 'mix_magnitude', 'ideal_binary_mask', 'source_magnitudes'])
1.009408950805664 GB allocated
8.646484375 GB reserved
dict_keys(['index', 'mixture_magnitude', 'mixture_phase', 'source_phase', 'mix_magnitude', 'ideal_binary_mask', 'source_magnitudes'])
1.009408950805664 GB allocated
8.646484375 GB reserved
dict_keys(['index', 'mixture_magnitude', 'mixture_phase', 'source_phase', 'mix_magnitude', 'ideal_binary_mask', 'source_magnitudes'])
1.009408950805664 GB allocated
8.646484375 GB reserved
dict_keys(['index', 'mixture_magnitude', 'mixture_phase', 'source_phase', 'mix_magnitude', 'ideal_binary_mask', 'source_magnitudes'])
1.0085558891296387 GB allocated
8.646484375 GB reserved
dict_keys(['index', 'mixture_magnitude', 'mixture_phase', 'source_phase', 'mix_magnitude', 'ideal_binary_mask', 'source_magnitudes'])
1.009408950805664 GB allocated
8.646484375 GB reserved
dict_keys(['index', 'mixture_magnitude', 'mixture_phase', 'source_phase', 'mix_magnitude', 'ideal_binary_mask', 'source_magnitudes'])
1.009408950805664 GB allocated
8.646484375 GB reserved
dict_keys(['index', 'mixture_magnitude', 'mixture_phase', 'source_phase', 'mix_magnitude', 'ideal_binary_mask', 'source_magnitudes'])
1.009408950805664 GB allocated
8.646484375 GB reserved
dict_keys(['index', 'mixture_magnitude', 'mixture_phase', 'source_phase', 'mix_magnitude', 'ideal_binary_mask', 'source_magnitudes'])
1.0085558891296387 GB allocated
8.646484375 GB reserved
dict_keys(['index', 'mixture_magnitude', 'mixture_phase', 'source_phase', 'mix_magnitude', 'ideal_binary_mask', 'source_magnitudes'])
1.009408950805664 GB allocated
8.646484375 GB reserved
dict_keys(['index', 'mixture_magnitude', 'mixture_phase', 'source_phase', 'mix_magnitude', 'ideal_binary_mask', 'source_magnitudes'])
1.009408950805664 GB allocated
8.646484375 GB reserved
dict_keys(['index', 'mixture_magnitude', 'mixture_phase', 'source_phase', 'mix_magnitude', 'ideal_binary_mask', 'source_magnitudes'])
1.009408950805664 GB allocated
8.646484375 GB reserved
dict_keys(['index', 'mixture_magnitude', 'mixture_phase', 'source_phase', 'mix_magnitude', 'ideal_binary_mask', 'source_magnitudes'])
1.0085558891296387 GB allocated
8.646484375 GB reserved
dict_keys(['index', 'mixture_magnitude', 'mixture_phase', 'source_phase', 'mix_magnitude', 'ideal_binary_mask', 'source_magnitudes'])
1.009408950805664 GB allocated
8.646484375 GB reserved
dict_keys(['index', 'mixture_magnitude', 'mixture_phase', 'source_phase', 'mix_magnitude', 'ideal_binary_mask', 'source_magnitudes'])
1.009408950805664 GB allocated
8.646484375 GB reserved
dict_keys(['index', 'mixture_magnitude', 'mixture_phase', 'source_phase', 'mix_magnitude', 'ideal_binary_mask', 'source_magnitudes'])
1.009408950805664 GB allocated
8.646484375 GB reserved
dict_keys(['index', 'mixture_magnitude', 'mixture_phase', 'source_phase', 'mix_magnitude', 'ideal_binary_mask', 'source_magnitudes'])
1.0085558891296387 GB allocated
8.646484375 GB reserved
dict_keys(['index', 'mixture_magnitude', 'mixture_phase', 'source_phase', 'mix_magnitude', 'ideal_binary_mask', 'source_magnitudes'])
1.009408950805664 GB allocated
8.646484375 GB reserved
dict_keys(['index', 'mixture_magnitude', 'mixture_phase', 'source_phase', 'mix_magnitude', 'ideal_binary_mask', 'source_magnitudes'])
1.009408950805664 GB allocated
8.646484375 GB reserved
dict_keys(['index', 'mixture_magnitude', 'mixture_phase', 'source_phase', 'mix_magnitude', 'ideal_binary_mask', 'source_magnitudes'])
1.009408950805664 GB allocated
8.646484375 GB reserved
dict_keys(['index', 'mixture_magnitude', 'mixture_phase', 'source_phase', 'mix_magnitude', 'ideal_binary_mask', 'source_magnitudes'])
1.0085558891296387 GB allocated
8.646484375 GB reserved
dict_keys(['index', 'mixture_magnitude', 'mixture_phase', 'source_phase', 'mix_magnitude', 'ideal_binary_mask', 'source_magnitudes'])
1.009408950805664 GB allocated
8.646484375 GB reserved
dict_keys(['index', 'mixture_magnitude', 'mixture_phase', 'source_phase', 'mix_magnitude', 'ideal_binary_mask', 'source_magnitudes'])
1.009408950805664 GB allocated
8.646484375 GB reserved
dict_keys(['index', 'mixture_magnitude', 'mixture_phase', 'source_phase', 'mix_magnitude', 'ideal_binary_mask', 'source_magnitudes'])
1.009408950805664 GB allocated
8.646484375 GB reserved
dict_keys(['index', 'mixture_magnitude', 'mixture_phase', 'source_phase', 'mix_magnitude', 'ideal_binary_mask', 'source_magnitudes'])
1.0085558891296387 GB allocated
8.646484375 GB reserved
dict_keys(['index', 'mixture_magnitude', 'mixture_phase', 'source_phase', 'mix_magnitude', 'ideal_binary_mask', 'source_magnitudes'])
1.009408950805664 GB allocated
8.646484375 GB reserved
dict_keys(['index', 'mixture_magnitude', 'mixture_phase', 'source_phase', 'mix_magnitude', 'ideal_binary_mask', 'source_magnitudes'])
1.009408950805664 GB allocated
8.646484375 GB reserved
dict_keys(['index', 'mixture_magnitude', 'mixture_phase', 'source_phase', 'mix_magnitude', 'ideal_binary_mask', 'source_magnitudes'])
1.009408950805664 GB allocated
8.646484375 GB reserved
dict_keys(['index', 'mixture_magnitude', 'mixture_phase', 'source_phase', 'mix_magnitude', 'ideal_binary_mask', 'source_magnitudes'])
1.0085558891296387 GB allocated
8.646484375 GB reserved
dict_keys(['index', 'mixture_magnitude', 'mixture_phase', 'source_phase', 'mix_magnitude', 'ideal_binary_mask', 'source_magnitudes'])
1.009408950805664 GB allocated
8.646484375 GB reserved
dict_keys(['index', 'mixture_magnitude', 'mixture_phase', 'source_phase', 'mix_magnitude', 'ideal_binary_mask', 'source_magnitudes'])
1.009408950805664 GB allocated
8.646484375 GB reserved
dict_keys(['index', 'mixture_magnitude', 'mixture_phase', 'source_phase', 'mix_magnitude', 'ideal_binary_mask', 'source_magnitudes'])
1.009408950805664 GB allocated
8.646484375 GB reserved
dict_keys(['index', 'mixture_magnitude', 'mixture_phase', 'source_phase', 'mix_magnitude', 'ideal_binary_mask', 'source_magnitudes'])
1.0085558891296387 GB allocated
8.646484375 GB reserved
dict_keys(['index', 'mixture_magnitude', 'mixture_phase', 'source_phase', 'mix_magnitude', 'ideal_binary_mask', 'source_magnitudes'])
1.009408950805664 GB allocated
8.646484375 GB reserved
dict_keys(['index', 'mixture_magnitude', 'mixture_phase', 'source_phase', 'mix_magnitude', 'ideal_binary_mask', 'source_magnitudes'])
1.009408950805664 GB allocated
8.646484375 GB reserved
dict_keys(['index', 'mixture_magnitude', 'mixture_phase', 'source_phase', 'mix_magnitude', 'ideal_binary_mask', 'source_magnitudes'])
1.009408950805664 GB allocated
8.646484375 GB reserved
dict_keys(['index', 'mixture_magnitude', 'mixture_phase', 'source_phase', 'mix_magnitude', 'ideal_binary_mask', 'source_magnitudes'])
1.0085558891296387 GB allocated
8.646484375 GB reserved
dict_keys(['index', 'mixture_magnitude', 'mixture_phase', 'source_phase', 'mix_magnitude', 'ideal_binary_mask', 'source_magnitudes'])
1.009408950805664 GB allocated
8.646484375 GB reserved
dict_keys(['index', 'mixture_magnitude', 'mixture_phase', 'source_phase', 'mix_magnitude', 'ideal_binary_mask', 'source_magnitudes'])
1.009408950805664 GB allocated
8.646484375 GB reserved
dict_keys(['index', 'mixture_magnitude', 'mixture_phase', 'source_phase', 'mix_magnitude', 'ideal_binary_mask', 'source_magnitudes'])
1.009408950805664 GB allocated
8.646484375 GB reserved
dict_keys(['index', 'mixture_magnitude', 'mixture_phase', 'source_phase', 'mix_magnitude', 'ideal_binary_mask', 'source_magnitudes'])
[Validator] Epoch 22 - val_loss: 0.893942
[BEST CHECKPOINT] Guardado/actualizado en: checkpoints\Mis_modelos_v2\advanced\l_mrs checkpoints\4stems\best_checkpoint_22_val_loss=-0.8939.pt
06/11/2026 09:19:09 AM | engine.py:1037 Engine run finished. Time taken: 00:01:03.541
[Epoch 22] train_loss=0.916096 | val_loss=0.893942
06/11/2026 09:19:09 AM | engine.py:1010 Epoch[22] Complete. Time taken: 00:39:16.348
1.0085558891296387 GB allocated
8.646484375 GB reserved
dict_keys(['index', 'mixture_magnitude', 'mixture_phase', 'source_phase', 'mix_magnitude', 'ideal_binary_mask', 'source_magnitudes'])
1.009408950805664 GB allocated
8.646484375 GB reserved
dict_keys(['index', 'mixture_magnitude', 'mixture_phase', 'source_phase', 'mix_magnitude', 'ideal_binary_mask', 'source_magnitudes'])
1.009408950805664 GB allocated
8.646484375 GB reserved
dict_keys(['index', 'mixture_magnitude', 'mixture_phase', 'source_phase', 'mix_magnitude', 'ideal_binary_mask', 'source_magnitudes'])
1.009408950805664 GB allocated
8.646484375 GB reserved
dict_keys(['index', 'mixture_magnitude', 'mixture_phase', 'source_phase', 'mix_magnitude', 'ideal_binary_mask', 'source_magnitudes'])
1.0085558891296387 GB allocated
8.646484375 GB reserved
dict_keys(['index', 'mixture_magnitude', 'mixture_phase', 'source_phase', 'mix_magnitude', 'ideal_binary_mask', 'source_magnitudes'])
1.009408950805664 GB allocated
8.646484375 GB reserved
dict_keys(['index', 'mixture_magnitude', 'mixture_phase', 'source_phase', 'mix_magnitude', 'ideal_binary_mask', 'source_magnitudes'])
1.009408950805664 GB allocated
8.646484375 GB reserved
dict_keys(['index', 'mixture_magnitude', 'mixture_phase', 'source_phase', 'mix_magnitude', 'ideal_binary_mask', 'source_magnitudes'])
1.009408950805664 GB allocated
8.646484375 GB reserved
dict_keys(['index', 'mixture_magnitude', 'mixture_phase', 'source_phase', 'mix_magnitude', 'ideal_binary_mask', 'source_magnitudes'])
1.0085558891296387 GB allocated
8.646484375 GB reserved
dict_keys(['index', 'mixture_magnitude', 'mixture_phase', 'source_phase', 'mix_magnitude', 'ideal_binary_mask', 'source_magnitudes'])
1.009408950805664 GB allocated
8.646484375 GB reserved
dict_keys(['index', 'mixture_magnitude', 'mixture_phase', 'source_phase', 'mix_magnitude', 'ideal_binary_mask', 'source_magnitudes'])
1.009408950805664 GB allocated
8.646484375 GB reserved
dict_keys(['index', 'mixture_magnitude', 'mixture_phase', 'source_phase', 'mix_magnitude', 'ideal_binary_mask', 'source_magnitudes'])
1.009408950805664 GB allocated
8.646484375 GB reserved
dict_keys(['index', 'mixture_magnitude', 'mixture_phase', 'source_phase', 'mix_magnitude', 'ideal_binary_mask', 'source_magnitudes'])
1.0085558891296387 GB allocated
8.646484375 GB reserved
dict_keys(['index', 'mixture_magnitude', 'mixture_phase', 'source_phase', 'mix_magnitude', 'ideal_binary_mask', 'source_magnitudes'])
1.009408950805664 GB allocated
8.646484375 GB reserved
dict_keys(['index', 'mixture_magnitude', 'mixture_phase', 'source_phase', 'mix_magnitude', 'ideal_binary_mask', 'source_magnitudes'])
1.009408950805664 GB allocated
8.646484375 GB reserved
dict_keys(['index', 'mixture_magnitude', 'mixture_phase', 'source_phase', 'mix_magnitude', 'ideal_binary_mask', 'source_magnitudes'])
1.009408950805664 GB allocated
8.646484375 GB reserved
dict_keys(['index', 'mixture_magnitude', 'mixture_phase', 'source_phase', 'mix_magnitude', 'ideal_binary_mask', 'source_magnitudes'])
1.0085558891296387 GB allocated
8.646484375 GB reserved
dict_keys(['index', 'mixture_magnitude', 'mixture_phase', 'source_phase', 'mix_magnitude', 'ideal_binary_mask', 'source_magnitudes'])
1.009408950805664 GB allocated
8.646484375 GB reserved
dict_keys(['index', 'mixture_magnitude', 'mixture_phase', 'source_phase', 'mix_magnitude', 'ideal_binary_mask', 'source_magnitudes'])
1.009408950805664 GB allocated
8.646484375 GB reserved
dict_keys(['index', 'mixture_magnitude', 'mixture_phase', 'source_phase', 'mix_magnitude', 'ideal_binary_mask', 'source_magnitudes'])
1.009408950805664 GB allocated
8.646484375 GB reserved
dict_keys(['index', 'mixture_magnitude', 'mixture_phase', 'source_phase', 'mix_magnitude', 'ideal_binary_mask', 'source_magnitudes'])
1.0085558891296387 GB allocated
8.646484375 GB reserved
dict_keys(['index', 'mixture_magnitude', 'mixture_phase', 'source_phase', 'mix_magnitude', 'ideal_binary_mask', 'source_magnitudes'])
1.009408950805664 GB allocated
8.646484375 GB reserved
dict_keys(['index', 'mixture_magnitude', 'mixture_phase', 'source_phase', 'mix_magnitude', 'ideal_binary_mask', 'source_magnitudes'])
1.009408950805664 GB allocated
8.646484375 GB reserved
dict_keys(['index', 'mixture_magnitude', 'mixture_phase', 'source_phase', 'mix_magnitude', 'ideal_binary_mask', 'source_magnitudes'])
1.009408950805664 GB allocated
8.646484375 GB reserved
dict_keys(['index', 'mixture_magnitude', 'mixture_phase', 'source_phase', 'mix_magnitude', 'ideal_binary_mask', 'source_magnitudes'])
1.0085558891296387 GB allocated
8.646484375 GB reserved
dict_keys(['index', 'mixture_magnitude', 'mixture_phase', 'source_phase', 'mix_magnitude', 'ideal_binary_mask', 'source_magnitudes'])
1.009408950805664 GB allocated
8.646484375 GB reserved
dict_keys(['index', 'mixture_magnitude', 'mixture_phase', 'source_phase', 'mix_magnitude', 'ideal_binary_mask', 'source_magnitudes'])
1.009408950805664 GB allocated
8.646484375 GB reserved
dict_keys(['index', 'mixture_magnitude', 'mixture_phase', 'source_phase', 'mix_magnitude', 'ideal_binary_mask', 'source_magnitudes'])
1.009408950805664 GB allocated
8.646484375 GB reserved
dict_keys(['index', 'mixture_magnitude', 'mixture_phase', 'source_phase', 'mix_magnitude', 'ideal_binary_mask', 'source_magnitudes'])
1.0085558891296387 GB allocated
8.646484375 GB reserved
dict_keys(['index', 'mixture_magnitude', 'mixture_phase', 'source_phase', 'mix_magnitude', 'ideal_binary_mask', 'source_magnitudes'])
1.009408950805664 GB allocated
8.646484375 GB reserved
dict_keys(['index', 'mixture_magnitude', 'mixture_phase', 'source_phase', 'mix_magnitude', 'ideal_binary_mask', 'source_magnitudes'])
1.009408950805664 GB allocated
8.646484375 GB reserved
dict_keys(['index', 'mixture_magnitude', 'mixture_phase', 'source_phase', 'mix_magnitude', 'ideal_binary_mask', 'source_magnitudes'])
1.009408950805664 GB allocated
8.646484375 GB reserved
dict_keys(['index', 'mixture_magnitude', 'mixture_phase', 'source_phase', 'mix_magnitude', 'ideal_binary_mask', 'source_magnitudes'])
1.0085558891296387 GB allocated
8.646484375 GB reserved
dict_keys(['index', 'mixture_magnitude', 'mixture_phase', 'source_phase', 'mix_magnitude', 'ideal_binary_mask', 'source_magnitudes'])
1.009408950805664 GB allocated
8.646484375 GB reserved
dict_keys(['index', 'mixture_magnitude', 'mixture_phase', 'source_phase', 'mix_magnitude', 'ideal_binary_mask', 'source_magnitudes'])
1.009408950805664 GB allocated
8.646484375 GB reserved
dict_keys(['index', 'mixture_magnitude', 'mixture_phase', 'source_phase', 'mix_magnitude', 'ideal_binary_mask', 'source_magnitudes'])
1.009408950805664 GB allocated
8.646484375 GB reserved
dict_keys(['index', 'mixture_magnitude', 'mixture_phase', 'source_phase', 'mix_magnitude', 'ideal_binary_mask', 'source_magnitudes'])
1.0085558891296387 GB allocated
8.646484375 GB reserved
dict_keys(['index', 'mixture_magnitude', 'mixture_phase', 'source_phase', 'mix_magnitude', 'ideal_binary_mask', 'source_magnitudes'])
1.009408950805664 GB allocated
8.646484375 GB reserved
dict_keys(['index', 'mixture_magnitude', 'mixture_phase', 'source_phase', 'mix_magnitude', 'ideal_binary_mask', 'source_magnitudes'])
1.009408950805664 GB allocated
8.646484375 GB reserved
dict_keys(['index', 'mixture_magnitude', 'mixture_phase', 'source_phase', 'mix_magnitude', 'ideal_binary_mask', 'source_magnitudes'])
1.009408950805664 GB allocated
8.646484375 GB reserved
dict_keys(['index', 'mixture_magnitude', 'mixture_phase', 'source_phase', 'mix_magnitude', 'ideal_binary_mask', 'source_magnitudes'])
1.0085558891296387 GB allocated
8.646484375 GB reserved
dict_keys(['index', 'mixture_magnitude', 'mixture_phase', 'source_phase', 'mix_magnitude', 'ideal_binary_mask', 'source_magnitudes'])
1.009408950805664 GB allocated
8.646484375 GB reserved
dict_keys(['index', 'mixture_magnitude', 'mixture_phase', 'source_phase', 'mix_magnitude', 'ideal_binary_mask', 'source_magnitudes'])
1.009408950805664 GB allocated
8.646484375 GB reserved
06/11/2026 09:57:18 AM | engine.py:906 Engine run starting with max_epochs=1.
06/11/2026 09:58:23 AM | engine.py:1010 Epoch[1] Complete. Time taken: 00:01:04.930
dict_keys(['index', 'mixture_magnitude', 'mixture_phase', 'source_phase', 'mix_magnitude', 'ideal_binary_mask', 'source_magnitudes'])
1.009408950805664 GB allocated
8.646484375 GB reserved
dict_keys(['index', 'mixture_magnitude', 'mixture_phase', 'source_phase', 'mix_magnitude', 'ideal_binary_mask', 'source_magnitudes'])
1.0085558891296387 GB allocated
8.646484375 GB reserved
dict_keys(['index', 'mixture_magnitude', 'mixture_phase', 'source_phase', 'mix_magnitude', 'ideal_binary_mask', 'source_magnitudes'])
1.009408950805664 GB allocated
8.646484375 GB reserved
dict_keys(['index', 'mixture_magnitude', 'mixture_phase', 'source_phase', 'mix_magnitude', 'ideal_binary_mask', 'source_magnitudes'])
1.009408950805664 GB allocated
8.646484375 GB reserved
dict_keys(['index', 'mixture_magnitude', 'mixture_phase', 'source_phase', 'mix_magnitude', 'ideal_binary_mask', 'source_magnitudes'])
1.009408950805664 GB allocated
8.646484375 GB reserved
dict_keys(['index', 'mixture_magnitude', 'mixture_phase', 'source_phase', 'mix_magnitude', 'ideal_binary_mask', 'source_magnitudes'])
1.0085558891296387 GB allocated
8.646484375 GB reserved
dict_keys(['index', 'mixture_magnitude', 'mixture_phase', 'source_phase', 'mix_magnitude', 'ideal_binary_mask', 'source_magnitudes'])
1.009408950805664 GB allocated
8.646484375 GB reserved
dict_keys(['index', 'mixture_magnitude', 'mixture_phase', 'source_phase', 'mix_magnitude', 'ideal_binary_mask', 'source_magnitudes'])
1.009408950805664 GB allocated
8.646484375 GB reserved
dict_keys(['index', 'mixture_magnitude', 'mixture_phase', 'source_phase', 'mix_magnitude', 'ideal_binary_mask', 'source_magnitudes'])
1.009408950805664 GB allocated
8.646484375 GB reserved
dict_keys(['index', 'mixture_magnitude', 'mixture_phase', 'source_phase', 'mix_magnitude', 'ideal_binary_mask', 'source_magnitudes'])
1.0085558891296387 GB allocated
8.646484375 GB reserved
dict_keys(['index', 'mixture_magnitude', 'mixture_phase', 'source_phase', 'mix_magnitude', 'ideal_binary_mask', 'source_magnitudes'])
1.009408950805664 GB allocated
8.646484375 GB reserved
dict_keys(['index', 'mixture_magnitude', 'mixture_phase', 'source_phase', 'mix_magnitude', 'ideal_binary_mask', 'source_magnitudes'])
1.009408950805664 GB allocated
8.646484375 GB reserved
dict_keys(['index', 'mixture_magnitude', 'mixture_phase', 'source_phase', 'mix_magnitude', 'ideal_binary_mask', 'source_magnitudes'])
1.009408950805664 GB allocated
8.646484375 GB reserved
dict_keys(['index', 'mixture_magnitude', 'mixture_phase', 'source_phase', 'mix_magnitude', 'ideal_binary_mask', 'source_magnitudes'])
1.0085558891296387 GB allocated
8.646484375 GB reserved
dict_keys(['index', 'mixture_magnitude', 'mixture_phase', 'source_phase', 'mix_magnitude', 'ideal_binary_mask', 'source_magnitudes'])
1.009408950805664 GB allocated
8.646484375 GB reserved
dict_keys(['index', 'mixture_magnitude', 'mixture_phase', 'source_phase', 'mix_magnitude', 'ideal_binary_mask', 'source_magnitudes'])
1.009408950805664 GB allocated
8.646484375 GB reserved
dict_keys(['index', 'mixture_magnitude', 'mixture_phase', 'source_phase', 'mix_magnitude', 'ideal_binary_mask', 'source_magnitudes'])
1.009408950805664 GB allocated
8.646484375 GB reserved
dict_keys(['index', 'mixture_magnitude', 'mixture_phase', 'source_phase', 'mix_magnitude', 'ideal_binary_mask', 'source_magnitudes'])
1.0085558891296387 GB allocated
8.646484375 GB reserved
dict_keys(['index', 'mixture_magnitude', 'mixture_phase', 'source_phase', 'mix_magnitude', 'ideal_binary_mask', 'source_magnitudes'])
1.009408950805664 GB allocated
8.646484375 GB reserved
dict_keys(['index', 'mixture_magnitude', 'mixture_phase', 'source_phase', 'mix_magnitude', 'ideal_binary_mask', 'source_magnitudes'])
1.009408950805664 GB allocated
8.646484375 GB reserved
dict_keys(['index', 'mixture_magnitude', 'mixture_phase', 'source_phase', 'mix_magnitude', 'ideal_binary_mask', 'source_magnitudes'])
1.009408950805664 GB allocated
8.646484375 GB reserved
dict_keys(['index', 'mixture_magnitude', 'mixture_phase', 'source_phase', 'mix_magnitude', 'ideal_binary_mask', 'source_magnitudes'])
1.0085558891296387 GB allocated
8.646484375 GB reserved
dict_keys(['index', 'mixture_magnitude', 'mixture_phase', 'source_phase', 'mix_magnitude', 'ideal_binary_mask', 'source_magnitudes'])
1.009408950805664 GB allocated
8.646484375 GB reserved
dict_keys(['index', 'mixture_magnitude', 'mixture_phase', 'source_phase', 'mix_magnitude', 'ideal_binary_mask', 'source_magnitudes'])
1.009408950805664 GB allocated
8.646484375 GB reserved
dict_keys(['index', 'mixture_magnitude', 'mixture_phase', 'source_phase', 'mix_magnitude', 'ideal_binary_mask', 'source_magnitudes'])
1.009408950805664 GB allocated
8.646484375 GB reserved
dict_keys(['index', 'mixture_magnitude', 'mixture_phase', 'source_phase', 'mix_magnitude', 'ideal_binary_mask', 'source_magnitudes'])
1.0085558891296387 GB allocated
8.646484375 GB reserved
dict_keys(['index', 'mixture_magnitude', 'mixture_phase', 'source_phase', 'mix_magnitude', 'ideal_binary_mask', 'source_magnitudes'])
1.009408950805664 GB allocated
8.646484375 GB reserved
dict_keys(['index', 'mixture_magnitude', 'mixture_phase', 'source_phase', 'mix_magnitude', 'ideal_binary_mask', 'source_magnitudes'])
1.009408950805664 GB allocated
8.646484375 GB reserved
dict_keys(['index', 'mixture_magnitude', 'mixture_phase', 'source_phase', 'mix_magnitude', 'ideal_binary_mask', 'source_magnitudes'])
1.009408950805664 GB allocated
8.646484375 GB reserved
dict_keys(['index', 'mixture_magnitude', 'mixture_phase', 'source_phase', 'mix_magnitude', 'ideal_binary_mask', 'source_magnitudes'])
1.0085558891296387 GB allocated
8.646484375 GB reserved
dict_keys(['index', 'mixture_magnitude', 'mixture_phase', 'source_phase', 'mix_magnitude', 'ideal_binary_mask', 'source_magnitudes'])
1.009408950805664 GB allocated
8.646484375 GB reserved
dict_keys(['index', 'mixture_magnitude', 'mixture_phase', 'source_phase', 'mix_magnitude', 'ideal_binary_mask', 'source_magnitudes'])
1.009408950805664 GB allocated
8.646484375 GB reserved
dict_keys(['index', 'mixture_magnitude', 'mixture_phase', 'source_phase', 'mix_magnitude', 'ideal_binary_mask', 'source_magnitudes'])
1.009408950805664 GB allocated
8.646484375 GB reserved
dict_keys(['index', 'mixture_magnitude', 'mixture_phase', 'source_phase', 'mix_magnitude', 'ideal_binary_mask', 'source_magnitudes'])
1.0085558891296387 GB allocated
8.646484375 GB reserved
dict_keys(['index', 'mixture_magnitude', 'mixture_phase', 'source_phase', 'mix_magnitude', 'ideal_binary_mask', 'source_magnitudes'])
1.009408950805664 GB allocated
8.646484375 GB reserved
dict_keys(['index', 'mixture_magnitude', 'mixture_phase', 'source_phase', 'mix_magnitude', 'ideal_binary_mask', 'source_magnitudes'])
1.009408950805664 GB allocated
8.646484375 GB reserved
dict_keys(['index', 'mixture_magnitude', 'mixture_phase', 'source_phase', 'mix_magnitude', 'ideal_binary_mask', 'source_magnitudes'])
1.009408950805664 GB allocated
8.646484375 GB reserved
dict_keys(['index', 'mixture_magnitude', 'mixture_phase', 'source_phase', 'mix_magnitude', 'ideal_binary_mask', 'source_magnitudes'])
1.0085558891296387 GB allocated
8.646484375 GB reserved
dict_keys(['index', 'mixture_magnitude', 'mixture_phase', 'source_phase', 'mix_magnitude', 'ideal_binary_mask', 'source_magnitudes'])
1.009408950805664 GB allocated
8.646484375 GB reserved
dict_keys(['index', 'mixture_magnitude', 'mixture_phase', 'source_phase', 'mix_magnitude', 'ideal_binary_mask', 'source_magnitudes'])
1.009408950805664 GB allocated
8.646484375 GB reserved
dict_keys(['index', 'mixture_magnitude', 'mixture_phase', 'source_phase', 'mix_magnitude', 'ideal_binary_mask', 'source_magnitudes'])
1.009408950805664 GB allocated
8.646484375 GB reserved
dict_keys(['index', 'mixture_magnitude', 'mixture_phase', 'source_phase', 'mix_magnitude', 'ideal_binary_mask', 'source_magnitudes'])
1.0085558891296387 GB allocated
8.646484375 GB reserved
dict_keys(['index', 'mixture_magnitude', 'mixture_phase', 'source_phase', 'mix_magnitude', 'ideal_binary_mask', 'source_magnitudes'])
1.009408950805664 GB allocated
8.646484375 GB reserved
dict_keys(['index', 'mixture_magnitude', 'mixture_phase', 'source_phase', 'mix_magnitude', 'ideal_binary_mask', 'source_magnitudes'])
1.009408950805664 GB allocated
8.646484375 GB reserved
dict_keys(['index', 'mixture_magnitude', 'mixture_phase', 'source_phase', 'mix_magnitude', 'ideal_binary_mask', 'source_magnitudes'])
1.009408950805664 GB allocated
8.646484375 GB reserved
dict_keys(['index', 'mixture_magnitude', 'mixture_phase', 'source_phase', 'mix_magnitude', 'ideal_binary_mask', 'source_magnitudes'])
1.0085558891296387 GB allocated
8.646484375 GB reserved
dict_keys(['index', 'mixture_magnitude', 'mixture_phase', 'source_phase', 'mix_magnitude', 'ideal_binary_mask', 'source_magnitudes'])
1.009408950805664 GB allocated
8.646484375 GB reserved
dict_keys(['index', 'mixture_magnitude', 'mixture_phase', 'source_phase', 'mix_magnitude', 'ideal_binary_mask', 'source_magnitudes'])
1.009408950805664 GB allocated
8.646484375 GB reserved
dict_keys(['index', 'mixture_magnitude', 'mixture_phase', 'source_phase', 'mix_magnitude', 'ideal_binary_mask', 'source_magnitudes'])
1.009408950805664 GB allocated
8.646484375 GB reserved
dict_keys(['index', 'mixture_magnitude', 'mixture_phase', 'source_phase', 'mix_magnitude', 'ideal_binary_mask', 'source_magnitudes'])
1.0085558891296387 GB allocated
8.646484375 GB reserved
dict_keys(['index', 'mixture_magnitude', 'mixture_phase', 'source_phase', 'mix_magnitude', 'ideal_binary_mask', 'source_magnitudes'])
1.009408950805664 GB allocated
8.646484375 GB reserved
dict_keys(['index', 'mixture_magnitude', 'mixture_phase', 'source_phase', 'mix_magnitude', 'ideal_binary_mask', 'source_magnitudes'])
1.009408950805664 GB allocated
8.646484375 GB reserved
dict_keys(['index', 'mixture_magnitude', 'mixture_phase', 'source_phase', 'mix_magnitude', 'ideal_binary_mask', 'source_magnitudes'])
1.009408950805664 GB allocated
8.646484375 GB reserved
dict_keys(['index', 'mixture_magnitude', 'mixture_phase', 'source_phase', 'mix_magnitude', 'ideal_binary_mask', 'source_magnitudes'])
1.0085558891296387 GB allocated
8.646484375 GB reserved
dict_keys(['index', 'mixture_magnitude', 'mixture_phase', 'source_phase', 'mix_magnitude', 'ideal_binary_mask', 'source_magnitudes'])
1.009408950805664 GB allocated
8.646484375 GB reserved
dict_keys(['index', 'mixture_magnitude', 'mixture_phase', 'source_phase', 'mix_magnitude', 'ideal_binary_mask', 'source_magnitudes'])
1.009408950805664 GB allocated
8.646484375 GB reserved
dict_keys(['index', 'mixture_magnitude', 'mixture_phase', 'source_phase', 'mix_magnitude', 'ideal_binary_mask', 'source_magnitudes'])
1.009408950805664 GB allocated
8.646484375 GB reserved
dict_keys(['index', 'mixture_magnitude', 'mixture_phase', 'source_phase', 'mix_magnitude', 'ideal_binary_mask', 'source_magnitudes'])
[Validator] Epoch 23 - val_loss: 0.892216
[BEST CHECKPOINT] Guardado/actualizado en: checkpoints\Mis_modelos_v2\advanced\l_mrs checkpoints\4stems\best_checkpoint_23_val_loss=-0.8922.pt
06/11/2026 09:58:23 AM | engine.py:1037 Engine run finished. Time taken: 00:01:04.940
[Epoch 23] train_loss=0.910779 | val_loss=0.892216
06/11/2026 09:58:23 AM | engine.py:1010 Epoch[23] Complete. Time taken: 00:39:13.808
1.0085558891296387 GB allocated
8.646484375 GB reserved
dict_keys(['index', 'mixture_magnitude', 'mixture_phase', 'source_phase', 'mix_magnitude', 'ideal_binary_mask', 'source_magnitudes'])
1.009408950805664 GB allocated
8.646484375 GB reserved
dict_keys(['index', 'mixture_magnitude', 'mixture_phase', 'source_phase', 'mix_magnitude', 'ideal_binary_mask', 'source_magnitudes'])
1.009408950805664 GB allocated
8.646484375 GB reserved
dict_keys(['index', 'mixture_magnitude', 'mixture_phase', 'source_phase', 'mix_magnitude', 'ideal_binary_mask', 'source_magnitudes'])
1.009408950805664 GB allocated
8.646484375 GB reserved
dict_keys(['index', 'mixture_magnitude', 'mixture_phase', 'source_phase', 'mix_magnitude', 'ideal_binary_mask', 'source_magnitudes'])
1.0085558891296387 GB allocated
8.646484375 GB reserved
dict_keys(['index', 'mixture_magnitude', 'mixture_phase', 'source_phase', 'mix_magnitude', 'ideal_binary_mask', 'source_magnitudes'])
1.009408950805664 GB allocated
8.646484375 GB reserved
dict_keys(['index', 'mixture_magnitude', 'mixture_phase', 'source_phase', 'mix_magnitude', 'ideal_binary_mask', 'source_magnitudes'])
1.009408950805664 GB allocated
8.646484375 GB reserved
dict_keys(['index', 'mixture_magnitude', 'mixture_phase', 'source_phase', 'mix_magnitude', 'ideal_binary_mask', 'source_magnitudes'])
1.009408950805664 GB allocated
8.646484375 GB reserved
dict_keys(['index', 'mixture_magnitude', 'mixture_phase', 'source_phase', 'mix_magnitude', 'ideal_binary_mask', 'source_magnitudes'])
1.0085558891296387 GB allocated
8.646484375 GB reserved
dict_keys(['index', 'mixture_magnitude', 'mixture_phase', 'source_phase', 'mix_magnitude', 'ideal_binary_mask', 'source_magnitudes'])
1.009408950805664 GB allocated
8.646484375 GB reserved
dict_keys(['index', 'mixture_magnitude', 'mixture_phase', 'source_phase', 'mix_magnitude', 'ideal_binary_mask', 'source_magnitudes'])
1.009408950805664 GB allocated
8.646484375 GB reserved
dict_keys(['index', 'mixture_magnitude', 'mixture_phase', 'source_phase', 'mix_magnitude', 'ideal_binary_mask', 'source_magnitudes'])
1.009408950805664 GB allocated
8.646484375 GB reserved
dict_keys(['index', 'mixture_magnitude', 'mixture_phase', 'source_phase', 'mix_magnitude', 'ideal_binary_mask', 'source_magnitudes'])
1.0085558891296387 GB allocated
8.646484375 GB reserved
dict_keys(['index', 'mixture_magnitude', 'mixture_phase', 'source_phase', 'mix_magnitude', 'ideal_binary_mask', 'source_magnitudes'])
1.009408950805664 GB allocated
8.646484375 GB reserved
dict_keys(['index', 'mixture_magnitude', 'mixture_phase', 'source_phase', 'mix_magnitude', 'ideal_binary_mask', 'source_magnitudes'])
1.009408950805664 GB allocated
8.646484375 GB reserved
dict_keys(['index', 'mixture_magnitude', 'mixture_phase', 'source_phase', 'mix_magnitude', 'ideal_binary_mask', 'source_magnitudes'])
1.009408950805664 GB allocated
8.646484375 GB reserved
dict_keys(['index', 'mixture_magnitude', 'mixture_phase', 'source_phase', 'mix_magnitude', 'ideal_binary_mask', 'source_magnitudes'])
1.0085558891296387 GB allocated
8.646484375 GB reserved
dict_keys(['index', 'mixture_magnitude', 'mixture_phase', 'source_phase', 'mix_magnitude', 'ideal_binary_mask', 'source_magnitudes'])
1.009408950805664 GB allocated
8.646484375 GB reserved
dict_keys(['index', 'mixture_magnitude', 'mixture_phase', 'source_phase', 'mix_magnitude', 'ideal_binary_mask', 'source_magnitudes'])
1.009408950805664 GB allocated
8.646484375 GB reserved
dict_keys(['index', 'mixture_magnitude', 'mixture_phase', 'source_phase', 'mix_magnitude', 'ideal_binary_mask', 'source_magnitudes'])
1.009408950805664 GB allocated
8.646484375 GB reserved
dict_keys(['index', 'mixture_magnitude', 'mixture_phase', 'source_phase', 'mix_magnitude', 'ideal_binary_mask', 'source_magnitudes'])
1.0085558891296387 GB allocated
8.646484375 GB reserved
dict_keys(['index', 'mixture_magnitude', 'mixture_phase', 'source_phase', 'mix_magnitude', 'ideal_binary_mask', 'source_magnitudes'])
1.009408950805664 GB allocated
8.646484375 GB reserved
dict_keys(['index', 'mixture_magnitude', 'mixture_phase', 'source_phase', 'mix_magnitude', 'ideal_binary_mask', 'source_magnitudes'])
1.009408950805664 GB allocated
8.646484375 GB reserved
dict_keys(['index', 'mixture_magnitude', 'mixture_phase', 'source_phase', 'mix_magnitude', 'ideal_binary_mask', 'source_magnitudes'])
1.009408950805664 GB allocated
8.646484375 GB reserved
dict_keys(['index', 'mixture_magnitude', 'mixture_phase', 'source_phase', 'mix_magnitude', 'ideal_binary_mask', 'source_magnitudes'])
1.0085558891296387 GB allocated
8.646484375 GB reserved
dict_keys(['index', 'mixture_magnitude', 'mixture_phase', 'source_phase', 'mix_magnitude', 'ideal_binary_mask', 'source_magnitudes'])
1.009408950805664 GB allocated
8.646484375 GB reserved
dict_keys(['index', 'mixture_magnitude', 'mixture_phase', 'source_phase', 'mix_magnitude', 'ideal_binary_mask', 'source_magnitudes'])
1.009408950805664 GB allocated
8.646484375 GB reserved
dict_keys(['index', 'mixture_magnitude', 'mixture_phase', 'source_phase', 'mix_magnitude', 'ideal_binary_mask', 'source_magnitudes'])
1.009408950805664 GB allocated
8.646484375 GB reserved
dict_keys(['index', 'mixture_magnitude', 'mixture_phase', 'source_phase', 'mix_magnitude', 'ideal_binary_mask', 'source_magnitudes'])
1.0085558891296387 GB allocated
8.646484375 GB reserved
dict_keys(['index', 'mixture_magnitude', 'mixture_phase', 'source_phase', 'mix_magnitude', 'ideal_binary_mask', 'source_magnitudes'])
1.009408950805664 GB allocated
8.646484375 GB reserved
dict_keys(['index', 'mixture_magnitude', 'mixture_phase', 'source_phase', 'mix_magnitude', 'ideal_binary_mask', 'source_magnitudes'])
1.009408950805664 GB allocated
8.646484375 GB reserved
dict_keys(['index', 'mixture_magnitude', 'mixture_phase', 'source_phase', 'mix_magnitude', 'ideal_binary_mask', 'source_magnitudes'])
1.009408950805664 GB allocated
8.646484375 GB reserved
dict_keys(['index', 'mixture_magnitude', 'mixture_phase', 'source_phase', 'mix_magnitude', 'ideal_binary_mask', 'source_magnitudes'])
1.0085558891296387 GB allocated
8.646484375 GB reserved
dict_keys(['index', 'mixture_magnitude', 'mixture_phase', 'source_phase', 'mix_magnitude', 'ideal_binary_mask', 'source_magnitudes'])
1.009408950805664 GB allocated
8.646484375 GB reserved
dict_keys(['index', 'mixture_magnitude', 'mixture_phase', 'source_phase', 'mix_magnitude', 'ideal_binary_mask', 'source_magnitudes'])
1.009408950805664 GB allocated
8.646484375 GB reserved
dict_keys(['index', 'mixture_magnitude', 'mixture_phase', 'source_phase', 'mix_magnitude', 'ideal_binary_mask', 'source_magnitudes'])
1.009408950805664 GB allocated
8.646484375 GB reserved
dict_keys(['index', 'mixture_magnitude', 'mixture_phase', 'source_phase', 'mix_magnitude', 'ideal_binary_mask', 'source_magnitudes'])
1.0085558891296387 GB allocated
8.646484375 GB reserved
dict_keys(['index', 'mixture_magnitude', 'mixture_phase', 'source_phase', 'mix_magnitude', 'ideal_binary_mask', 'source_magnitudes'])
1.009408950805664 GB allocated
8.646484375 GB reserved
dict_keys(['index', 'mixture_magnitude', 'mixture_phase', 'source_phase', 'mix_magnitude', 'ideal_binary_mask', 'source_magnitudes'])
1.009408950805664 GB allocated
8.646484375 GB reserved
dict_keys(['index', 'mixture_magnitude', 'mixture_phase', 'source_phase', 'mix_magnitude', 'ideal_binary_mask', 'source_magnitudes'])
1.009408950805664 GB allocated
8.646484375 GB reserved
dict_keys(['index', 'mixture_magnitude', 'mixture_phase', 'source_phase', 'mix_magnitude', 'ideal_binary_mask', 'source_magnitudes'])
1.0085558891296387 GB allocated
8.646484375 GB reserved
dict_keys(['index', 'mixture_magnitude', 'mixture_phase', 'source_phase', 'mix_magnitude', 'ideal_binary_mask', 'source_magnitudes'])
1.009408950805664 GB allocated
8.646484375 GB reserved
dict_keys(['index', 'mixture_magnitude', 'mixture_phase', 'source_phase', 'mix_magnitude', 'ideal_binary_mask', 'source_magnitudes'])
1.009408950805664 GB allocated
8.646484375 GB reserved
06/11/2026 10:36:35 AM | engine.py:906 Engine run starting with max_epochs=1.
06/11/2026 10:37:38 AM | engine.py:1010 Epoch[1] Complete. Time taken: 00:01:03.044
dict_keys(['index', 'mixture_magnitude', 'mixture_phase', 'source_phase', 'mix_magnitude', 'ideal_binary_mask', 'source_magnitudes'])
1.009408950805664 GB allocated
8.646484375 GB reserved
dict_keys(['index', 'mixture_magnitude', 'mixture_phase', 'source_phase', 'mix_magnitude', 'ideal_binary_mask', 'source_magnitudes'])
1.0085558891296387 GB allocated
8.646484375 GB reserved
dict_keys(['index', 'mixture_magnitude', 'mixture_phase', 'source_phase', 'mix_magnitude', 'ideal_binary_mask', 'source_magnitudes'])
1.009408950805664 GB allocated
8.646484375 GB reserved
dict_keys(['index', 'mixture_magnitude', 'mixture_phase', 'source_phase', 'mix_magnitude', 'ideal_binary_mask', 'source_magnitudes'])
1.009408950805664 GB allocated
8.646484375 GB reserved
dict_keys(['index', 'mixture_magnitude', 'mixture_phase', 'source_phase', 'mix_magnitude', 'ideal_binary_mask', 'source_magnitudes'])
1.009408950805664 GB allocated
8.646484375 GB reserved
dict_keys(['index', 'mixture_magnitude', 'mixture_phase', 'source_phase', 'mix_magnitude', 'ideal_binary_mask', 'source_magnitudes'])
1.0085558891296387 GB allocated
8.646484375 GB reserved
dict_keys(['index', 'mixture_magnitude', 'mixture_phase', 'source_phase', 'mix_magnitude', 'ideal_binary_mask', 'source_magnitudes'])
1.009408950805664 GB allocated
8.646484375 GB reserved
dict_keys(['index', 'mixture_magnitude', 'mixture_phase', 'source_phase', 'mix_magnitude', 'ideal_binary_mask', 'source_magnitudes'])
1.009408950805664 GB allocated
8.646484375 GB reserved
dict_keys(['index', 'mixture_magnitude', 'mixture_phase', 'source_phase', 'mix_magnitude', 'ideal_binary_mask', 'source_magnitudes'])
1.009408950805664 GB allocated
8.646484375 GB reserved
dict_keys(['index', 'mixture_magnitude', 'mixture_phase', 'source_phase', 'mix_magnitude', 'ideal_binary_mask', 'source_magnitudes'])
1.0085558891296387 GB allocated
8.646484375 GB reserved
dict_keys(['index', 'mixture_magnitude', 'mixture_phase', 'source_phase', 'mix_magnitude', 'ideal_binary_mask', 'source_magnitudes'])
1.009408950805664 GB allocated
8.646484375 GB reserved
dict_keys(['index', 'mixture_magnitude', 'mixture_phase', 'source_phase', 'mix_magnitude', 'ideal_binary_mask', 'source_magnitudes'])
1.009408950805664 GB allocated
8.646484375 GB reserved
dict_keys(['index', 'mixture_magnitude', 'mixture_phase', 'source_phase', 'mix_magnitude', 'ideal_binary_mask', 'source_magnitudes'])
1.009408950805664 GB allocated
8.646484375 GB reserved
dict_keys(['index', 'mixture_magnitude', 'mixture_phase', 'source_phase', 'mix_magnitude', 'ideal_binary_mask', 'source_magnitudes'])
1.0085558891296387 GB allocated
8.646484375 GB reserved
dict_keys(['index', 'mixture_magnitude', 'mixture_phase', 'source_phase', 'mix_magnitude', 'ideal_binary_mask', 'source_magnitudes'])
1.009408950805664 GB allocated
8.646484375 GB reserved
dict_keys(['index', 'mixture_magnitude', 'mixture_phase', 'source_phase', 'mix_magnitude', 'ideal_binary_mask', 'source_magnitudes'])
1.009408950805664 GB allocated
8.646484375 GB reserved
dict_keys(['index', 'mixture_magnitude', 'mixture_phase', 'source_phase', 'mix_magnitude', 'ideal_binary_mask', 'source_magnitudes'])
1.009408950805664 GB allocated
8.646484375 GB reserved
dict_keys(['index', 'mixture_magnitude', 'mixture_phase', 'source_phase', 'mix_magnitude', 'ideal_binary_mask', 'source_magnitudes'])
1.0085558891296387 GB allocated
8.646484375 GB reserved
dict_keys(['index', 'mixture_magnitude', 'mixture_phase', 'source_phase', 'mix_magnitude', 'ideal_binary_mask', 'source_magnitudes'])
1.009408950805664 GB allocated
8.646484375 GB reserved
dict_keys(['index', 'mixture_magnitude', 'mixture_phase', 'source_phase', 'mix_magnitude', 'ideal_binary_mask', 'source_magnitudes'])
1.009408950805664 GB allocated
8.646484375 GB reserved
dict_keys(['index', 'mixture_magnitude', 'mixture_phase', 'source_phase', 'mix_magnitude', 'ideal_binary_mask', 'source_magnitudes'])
1.009408950805664 GB allocated
8.646484375 GB reserved
dict_keys(['index', 'mixture_magnitude', 'mixture_phase', 'source_phase', 'mix_magnitude', 'ideal_binary_mask', 'source_magnitudes'])
1.0085558891296387 GB allocated
8.646484375 GB reserved
dict_keys(['index', 'mixture_magnitude', 'mixture_phase', 'source_phase', 'mix_magnitude', 'ideal_binary_mask', 'source_magnitudes'])
1.009408950805664 GB allocated
8.646484375 GB reserved
dict_keys(['index', 'mixture_magnitude', 'mixture_phase', 'source_phase', 'mix_magnitude', 'ideal_binary_mask', 'source_magnitudes'])
1.009408950805664 GB allocated
8.646484375 GB reserved
dict_keys(['index', 'mixture_magnitude', 'mixture_phase', 'source_phase', 'mix_magnitude', 'ideal_binary_mask', 'source_magnitudes'])
1.009408950805664 GB allocated
8.646484375 GB reserved
dict_keys(['index', 'mixture_magnitude', 'mixture_phase', 'source_phase', 'mix_magnitude', 'ideal_binary_mask', 'source_magnitudes'])
1.0085558891296387 GB allocated
8.646484375 GB reserved
dict_keys(['index', 'mixture_magnitude', 'mixture_phase', 'source_phase', 'mix_magnitude', 'ideal_binary_mask', 'source_magnitudes'])
1.009408950805664 GB allocated
8.646484375 GB reserved
dict_keys(['index', 'mixture_magnitude', 'mixture_phase', 'source_phase', 'mix_magnitude', 'ideal_binary_mask', 'source_magnitudes'])
1.009408950805664 GB allocated
8.646484375 GB reserved
dict_keys(['index', 'mixture_magnitude', 'mixture_phase', 'source_phase', 'mix_magnitude', 'ideal_binary_mask', 'source_magnitudes'])
1.009408950805664 GB allocated
8.646484375 GB reserved
dict_keys(['index', 'mixture_magnitude', 'mixture_phase', 'source_phase', 'mix_magnitude', 'ideal_binary_mask', 'source_magnitudes'])
1.0085558891296387 GB allocated
8.646484375 GB reserved
dict_keys(['index', 'mixture_magnitude', 'mixture_phase', 'source_phase', 'mix_magnitude', 'ideal_binary_mask', 'source_magnitudes'])
1.009408950805664 GB allocated
8.646484375 GB reserved
dict_keys(['index', 'mixture_magnitude', 'mixture_phase', 'source_phase', 'mix_magnitude', 'ideal_binary_mask', 'source_magnitudes'])
1.009408950805664 GB allocated
8.646484375 GB reserved
dict_keys(['index', 'mixture_magnitude', 'mixture_phase', 'source_phase', 'mix_magnitude', 'ideal_binary_mask', 'source_magnitudes'])
1.009408950805664 GB allocated
8.646484375 GB reserved
dict_keys(['index', 'mixture_magnitude', 'mixture_phase', 'source_phase', 'mix_magnitude', 'ideal_binary_mask', 'source_magnitudes'])
1.0085558891296387 GB allocated
8.646484375 GB reserved
dict_keys(['index', 'mixture_magnitude', 'mixture_phase', 'source_phase', 'mix_magnitude', 'ideal_binary_mask', 'source_magnitudes'])
1.009408950805664 GB allocated
8.646484375 GB reserved
dict_keys(['index', 'mixture_magnitude', 'mixture_phase', 'source_phase', 'mix_magnitude', 'ideal_binary_mask', 'source_magnitudes'])
1.009408950805664 GB allocated
8.646484375 GB reserved
dict_keys(['index', 'mixture_magnitude', 'mixture_phase', 'source_phase', 'mix_magnitude', 'ideal_binary_mask', 'source_magnitudes'])
1.009408950805664 GB allocated
8.646484375 GB reserved
dict_keys(['index', 'mixture_magnitude', 'mixture_phase', 'source_phase', 'mix_magnitude', 'ideal_binary_mask', 'source_magnitudes'])
1.0085558891296387 GB allocated
8.646484375 GB reserved
dict_keys(['index', 'mixture_magnitude', 'mixture_phase', 'source_phase', 'mix_magnitude', 'ideal_binary_mask', 'source_magnitudes'])
1.009408950805664 GB allocated
8.646484375 GB reserved
dict_keys(['index', 'mixture_magnitude', 'mixture_phase', 'source_phase', 'mix_magnitude', 'ideal_binary_mask', 'source_magnitudes'])
1.009408950805664 GB allocated
8.646484375 GB reserved
dict_keys(['index', 'mixture_magnitude', 'mixture_phase', 'source_phase', 'mix_magnitude', 'ideal_binary_mask', 'source_magnitudes'])
1.009408950805664 GB allocated
8.646484375 GB reserved
dict_keys(['index', 'mixture_magnitude', 'mixture_phase', 'source_phase', 'mix_magnitude', 'ideal_binary_mask', 'source_magnitudes'])
1.0085558891296387 GB allocated
8.646484375 GB reserved
dict_keys(['index', 'mixture_magnitude', 'mixture_phase', 'source_phase', 'mix_magnitude', 'ideal_binary_mask', 'source_magnitudes'])
1.009408950805664 GB allocated
8.646484375 GB reserved
dict_keys(['index', 'mixture_magnitude', 'mixture_phase', 'source_phase', 'mix_magnitude', 'ideal_binary_mask', 'source_magnitudes'])
1.009408950805664 GB allocated
8.646484375 GB reserved
dict_keys(['index', 'mixture_magnitude', 'mixture_phase', 'source_phase', 'mix_magnitude', 'ideal_binary_mask', 'source_magnitudes'])
1.009408950805664 GB allocated
8.646484375 GB reserved
dict_keys(['index', 'mixture_magnitude', 'mixture_phase', 'source_phase', 'mix_magnitude', 'ideal_binary_mask', 'source_magnitudes'])
1.0085558891296387 GB allocated
8.646484375 GB reserved
dict_keys(['index', 'mixture_magnitude', 'mixture_phase', 'source_phase', 'mix_magnitude', 'ideal_binary_mask', 'source_magnitudes'])
1.009408950805664 GB allocated
8.646484375 GB reserved
dict_keys(['index', 'mixture_magnitude', 'mixture_phase', 'source_phase', 'mix_magnitude', 'ideal_binary_mask', 'source_magnitudes'])
1.009408950805664 GB allocated
8.646484375 GB reserved
dict_keys(['index', 'mixture_magnitude', 'mixture_phase', 'source_phase', 'mix_magnitude', 'ideal_binary_mask', 'source_magnitudes'])
1.009408950805664 GB allocated
8.646484375 GB reserved
dict_keys(['index', 'mixture_magnitude', 'mixture_phase', 'source_phase', 'mix_magnitude', 'ideal_binary_mask', 'source_magnitudes'])
1.0085558891296387 GB allocated
8.646484375 GB reserved
dict_keys(['index', 'mixture_magnitude', 'mixture_phase', 'source_phase', 'mix_magnitude', 'ideal_binary_mask', 'source_magnitudes'])
1.009408950805664 GB allocated
8.646484375 GB reserved
dict_keys(['index', 'mixture_magnitude', 'mixture_phase', 'source_phase', 'mix_magnitude', 'ideal_binary_mask', 'source_magnitudes'])
1.009408950805664 GB allocated
8.646484375 GB reserved
dict_keys(['index', 'mixture_magnitude', 'mixture_phase', 'source_phase', 'mix_magnitude', 'ideal_binary_mask', 'source_magnitudes'])
1.009408950805664 GB allocated
8.646484375 GB reserved
dict_keys(['index', 'mixture_magnitude', 'mixture_phase', 'source_phase', 'mix_magnitude', 'ideal_binary_mask', 'source_magnitudes'])
1.0085558891296387 GB allocated
8.646484375 GB reserved
dict_keys(['index', 'mixture_magnitude', 'mixture_phase', 'source_phase', 'mix_magnitude', 'ideal_binary_mask', 'source_magnitudes'])
1.009408950805664 GB allocated
8.646484375 GB reserved
dict_keys(['index', 'mixture_magnitude', 'mixture_phase', 'source_phase', 'mix_magnitude', 'ideal_binary_mask', 'source_magnitudes'])
1.009408950805664 GB allocated
8.646484375 GB reserved
dict_keys(['index', 'mixture_magnitude', 'mixture_phase', 'source_phase', 'mix_magnitude', 'ideal_binary_mask', 'source_magnitudes'])
1.009408950805664 GB allocated
8.646484375 GB reserved
dict_keys(['index', 'mixture_magnitude', 'mixture_phase', 'source_phase', 'mix_magnitude', 'ideal_binary_mask', 'source_magnitudes'])
[Validator] Epoch 24 - val_loss: 0.890823
[BEST CHECKPOINT] Guardado/actualizado en: checkpoints\Mis_modelos_v2\advanced\l_mrs checkpoints\4stems\best_checkpoint_24_val_loss=-0.8908.pt
06/11/2026 10:37:38 AM | engine.py:1037 Engine run finished. Time taken: 00:01:03.053
[Epoch 24] train_loss=0.910177 | val_loss=0.890823
06/11/2026 10:37:38 AM | engine.py:1010 Epoch[24] Complete. Time taken: 00:39:15.140
1.0085558891296387 GB allocated
8.646484375 GB reserved
dict_keys(['index', 'mixture_magnitude', 'mixture_phase', 'source_phase', 'mix_magnitude', 'ideal_binary_mask', 'source_magnitudes'])
1.009408950805664 GB allocated
8.646484375 GB reserved
dict_keys(['index', 'mixture_magnitude', 'mixture_phase', 'source_phase', 'mix_magnitude', 'ideal_binary_mask', 'source_magnitudes'])
1.009408950805664 GB allocated
8.646484375 GB reserved
dict_keys(['index', 'mixture_magnitude', 'mixture_phase', 'source_phase', 'mix_magnitude', 'ideal_binary_mask', 'source_magnitudes'])
1.009408950805664 GB allocated
8.646484375 GB reserved
dict_keys(['index', 'mixture_magnitude', 'mixture_phase', 'source_phase', 'mix_magnitude', 'ideal_binary_mask', 'source_magnitudes'])
1.0085558891296387 GB allocated
8.646484375 GB reserved
dict_keys(['index', 'mixture_magnitude', 'mixture_phase', 'source_phase', 'mix_magnitude', 'ideal_binary_mask', 'source_magnitudes'])
1.009408950805664 GB allocated
8.646484375 GB reserved
dict_keys(['index', 'mixture_magnitude', 'mixture_phase', 'source_phase', 'mix_magnitude', 'ideal_binary_mask', 'source_magnitudes'])
1.009408950805664 GB allocated
8.646484375 GB reserved
dict_keys(['index', 'mixture_magnitude', 'mixture_phase', 'source_phase', 'mix_magnitude', 'ideal_binary_mask', 'source_magnitudes'])
1.009408950805664 GB allocated
8.646484375 GB reserved
dict_keys(['index', 'mixture_magnitude', 'mixture_phase', 'source_phase', 'mix_magnitude', 'ideal_binary_mask', 'source_magnitudes'])
1.0085558891296387 GB allocated
8.646484375 GB reserved
dict_keys(['index', 'mixture_magnitude', 'mixture_phase', 'source_phase', 'mix_magnitude', 'ideal_binary_mask', 'source_magnitudes'])
1.009408950805664 GB allocated
8.646484375 GB reserved
dict_keys(['index', 'mixture_magnitude', 'mixture_phase', 'source_phase', 'mix_magnitude', 'ideal_binary_mask', 'source_magnitudes'])
1.009408950805664 GB allocated
8.646484375 GB reserved
dict_keys(['index', 'mixture_magnitude', 'mixture_phase', 'source_phase', 'mix_magnitude', 'ideal_binary_mask', 'source_magnitudes'])
1.009408950805664 GB allocated
8.646484375 GB reserved
dict_keys(['index', 'mixture_magnitude', 'mixture_phase', 'source_phase', 'mix_magnitude', 'ideal_binary_mask', 'source_magnitudes'])
1.0085558891296387 GB allocated
8.646484375 GB reserved
dict_keys(['index', 'mixture_magnitude', 'mixture_phase', 'source_phase', 'mix_magnitude', 'ideal_binary_mask', 'source_magnitudes'])
1.009408950805664 GB allocated
8.646484375 GB reserved
dict_keys(['index', 'mixture_magnitude', 'mixture_phase', 'source_phase', 'mix_magnitude', 'ideal_binary_mask', 'source_magnitudes'])
1.009408950805664 GB allocated
8.646484375 GB reserved
dict_keys(['index', 'mixture_magnitude', 'mixture_phase', 'source_phase', 'mix_magnitude', 'ideal_binary_mask', 'source_magnitudes'])
1.009408950805664 GB allocated
8.646484375 GB reserved
dict_keys(['index', 'mixture_magnitude', 'mixture_phase', 'source_phase', 'mix_magnitude', 'ideal_binary_mask', 'source_magnitudes'])
1.0085558891296387 GB allocated
8.646484375 GB reserved
dict_keys(['index', 'mixture_magnitude', 'mixture_phase', 'source_phase', 'mix_magnitude', 'ideal_binary_mask', 'source_magnitudes'])
1.009408950805664 GB allocated
8.646484375 GB reserved
dict_keys(['index', 'mixture_magnitude', 'mixture_phase', 'source_phase', 'mix_magnitude', 'ideal_binary_mask', 'source_magnitudes'])
1.009408950805664 GB allocated
8.646484375 GB reserved
dict_keys(['index', 'mixture_magnitude', 'mixture_phase', 'source_phase', 'mix_magnitude', 'ideal_binary_mask', 'source_magnitudes'])
1.009408950805664 GB allocated
8.646484375 GB reserved
dict_keys(['index', 'mixture_magnitude', 'mixture_phase', 'source_phase', 'mix_magnitude', 'ideal_binary_mask', 'source_magnitudes'])
1.0085558891296387 GB allocated
8.646484375 GB reserved
dict_keys(['index', 'mixture_magnitude', 'mixture_phase', 'source_phase', 'mix_magnitude', 'ideal_binary_mask', 'source_magnitudes'])
1.009408950805664 GB allocated
8.646484375 GB reserved
dict_keys(['index', 'mixture_magnitude', 'mixture_phase', 'source_phase', 'mix_magnitude', 'ideal_binary_mask', 'source_magnitudes'])
1.009408950805664 GB allocated
8.646484375 GB reserved
dict_keys(['index', 'mixture_magnitude', 'mixture_phase', 'source_phase', 'mix_magnitude', 'ideal_binary_mask', 'source_magnitudes'])
1.009408950805664 GB allocated
8.646484375 GB reserved
dict_keys(['index', 'mixture_magnitude', 'mixture_phase', 'source_phase', 'mix_magnitude', 'ideal_binary_mask', 'source_magnitudes'])
1.0085558891296387 GB allocated
8.646484375 GB reserved
dict_keys(['index', 'mixture_magnitude', 'mixture_phase', 'source_phase', 'mix_magnitude', 'ideal_binary_mask', 'source_magnitudes'])
1.009408950805664 GB allocated
8.646484375 GB reserved
dict_keys(['index', 'mixture_magnitude', 'mixture_phase', 'source_phase', 'mix_magnitude', 'ideal_binary_mask', 'source_magnitudes'])
1.009408950805664 GB allocated
8.646484375 GB reserved
dict_keys(['index', 'mixture_magnitude', 'mixture_phase', 'source_phase', 'mix_magnitude', 'ideal_binary_mask', 'source_magnitudes'])
1.009408950805664 GB allocated
8.646484375 GB reserved
dict_keys(['index', 'mixture_magnitude', 'mixture_phase', 'source_phase', 'mix_magnitude', 'ideal_binary_mask', 'source_magnitudes'])
1.0085558891296387 GB allocated
8.646484375 GB reserved
dict_keys(['index', 'mixture_magnitude', 'mixture_phase', 'source_phase', 'mix_magnitude', 'ideal_binary_mask', 'source_magnitudes'])
1.009408950805664 GB allocated
8.646484375 GB reserved
dict_keys(['index', 'mixture_magnitude', 'mixture_phase', 'source_phase', 'mix_magnitude', 'ideal_binary_mask', 'source_magnitudes'])
1.009408950805664 GB allocated
8.646484375 GB reserved
dict_keys(['index', 'mixture_magnitude', 'mixture_phase', 'source_phase', 'mix_magnitude', 'ideal_binary_mask', 'source_magnitudes'])
1.009408950805664 GB allocated
8.646484375 GB reserved
dict_keys(['index', 'mixture_magnitude', 'mixture_phase', 'source_phase', 'mix_magnitude', 'ideal_binary_mask', 'source_magnitudes'])
1.0085558891296387 GB allocated
8.646484375 GB reserved
dict_keys(['index', 'mixture_magnitude', 'mixture_phase', 'source_phase', 'mix_magnitude', 'ideal_binary_mask', 'source_magnitudes'])
1.009408950805664 GB allocated
8.646484375 GB reserved
dict_keys(['index', 'mixture_magnitude', 'mixture_phase', 'source_phase', 'mix_magnitude', 'ideal_binary_mask', 'source_magnitudes'])
1.009408950805664 GB allocated
8.646484375 GB reserved
dict_keys(['index', 'mixture_magnitude', 'mixture_phase', 'source_phase', 'mix_magnitude', 'ideal_binary_mask', 'source_magnitudes'])
1.009408950805664 GB allocated
8.646484375 GB reserved
dict_keys(['index', 'mixture_magnitude', 'mixture_phase', 'source_phase', 'mix_magnitude', 'ideal_binary_mask', 'source_magnitudes'])
1.0085558891296387 GB allocated
8.646484375 GB reserved
dict_keys(['index', 'mixture_magnitude', 'mixture_phase', 'source_phase', 'mix_magnitude', 'ideal_binary_mask', 'source_magnitudes'])
1.009408950805664 GB allocated
8.646484375 GB reserved
dict_keys(['index', 'mixture_magnitude', 'mixture_phase', 'source_phase', 'mix_magnitude', 'ideal_binary_mask', 'source_magnitudes'])
1.009408950805664 GB allocated
8.646484375 GB reserved
dict_keys(['index', 'mixture_magnitude', 'mixture_phase', 'source_phase', 'mix_magnitude', 'ideal_binary_mask', 'source_magnitudes'])
1.009408950805664 GB allocated
8.646484375 GB reserved
dict_keys(['index', 'mixture_magnitude', 'mixture_phase', 'source_phase', 'mix_magnitude', 'ideal_binary_mask', 'source_magnitudes'])
1.0085558891296387 GB allocated
8.646484375 GB reserved
dict_keys(['index', 'mixture_magnitude', 'mixture_phase', 'source_phase', 'mix_magnitude', 'ideal_binary_mask', 'source_magnitudes'])
1.009408950805664 GB allocated
8.646484375 GB reserved
dict_keys(['index', 'mixture_magnitude', 'mixture_phase', 'source_phase', 'mix_magnitude', 'ideal_binary_mask', 'source_magnitudes'])
1.009408950805664 GB allocated
8.646484375 GB reserved
06/11/2026 11:15:51 AM | engine.py:906 Engine run starting with max_epochs=1.
06/11/2026 11:16:53 AM | engine.py:1010 Epoch[1] Complete. Time taken: 00:01:02.657
dict_keys(['index', 'mixture_magnitude', 'mixture_phase', 'source_phase', 'mix_magnitude', 'ideal_binary_mask', 'source_magnitudes'])
1.009408950805664 GB allocated
8.646484375 GB reserved
dict_keys(['index', 'mixture_magnitude', 'mixture_phase', 'source_phase', 'mix_magnitude', 'ideal_binary_mask', 'source_magnitudes'])
1.0085558891296387 GB allocated
8.646484375 GB reserved
dict_keys(['index', 'mixture_magnitude', 'mixture_phase', 'source_phase', 'mix_magnitude', 'ideal_binary_mask', 'source_magnitudes'])
1.009408950805664 GB allocated
8.646484375 GB reserved
dict_keys(['index', 'mixture_magnitude', 'mixture_phase', 'source_phase', 'mix_magnitude', 'ideal_binary_mask', 'source_magnitudes'])
1.009408950805664 GB allocated
8.646484375 GB reserved
dict_keys(['index', 'mixture_magnitude', 'mixture_phase', 'source_phase', 'mix_magnitude', 'ideal_binary_mask', 'source_magnitudes'])
1.009408950805664 GB allocated
8.646484375 GB reserved
dict_keys(['index', 'mixture_magnitude', 'mixture_phase', 'source_phase', 'mix_magnitude', 'ideal_binary_mask', 'source_magnitudes'])
1.0085558891296387 GB allocated
8.646484375 GB reserved
dict_keys(['index', 'mixture_magnitude', 'mixture_phase', 'source_phase', 'mix_magnitude', 'ideal_binary_mask', 'source_magnitudes'])
1.009408950805664 GB allocated
8.646484375 GB reserved
dict_keys(['index', 'mixture_magnitude', 'mixture_phase', 'source_phase', 'mix_magnitude', 'ideal_binary_mask', 'source_magnitudes'])
1.009408950805664 GB allocated
8.646484375 GB reserved
dict_keys(['index', 'mixture_magnitude', 'mixture_phase', 'source_phase', 'mix_magnitude', 'ideal_binary_mask', 'source_magnitudes'])
1.009408950805664 GB allocated
8.646484375 GB reserved
dict_keys(['index', 'mixture_magnitude', 'mixture_phase', 'source_phase', 'mix_magnitude', 'ideal_binary_mask', 'source_magnitudes'])
1.0085558891296387 GB allocated
8.646484375 GB reserved
dict_keys(['index', 'mixture_magnitude', 'mixture_phase', 'source_phase', 'mix_magnitude', 'ideal_binary_mask', 'source_magnitudes'])
1.009408950805664 GB allocated
8.646484375 GB reserved
dict_keys(['index', 'mixture_magnitude', 'mixture_phase', 'source_phase', 'mix_magnitude', 'ideal_binary_mask', 'source_magnitudes'])
1.009408950805664 GB allocated
8.646484375 GB reserved
dict_keys(['index', 'mixture_magnitude', 'mixture_phase', 'source_phase', 'mix_magnitude', 'ideal_binary_mask', 'source_magnitudes'])
1.009408950805664 GB allocated
8.646484375 GB reserved
dict_keys(['index', 'mixture_magnitude', 'mixture_phase', 'source_phase', 'mix_magnitude', 'ideal_binary_mask', 'source_magnitudes'])
1.0085558891296387 GB allocated
8.646484375 GB reserved
dict_keys(['index', 'mixture_magnitude', 'mixture_phase', 'source_phase', 'mix_magnitude', 'ideal_binary_mask', 'source_magnitudes'])
1.009408950805664 GB allocated
8.646484375 GB reserved
dict_keys(['index', 'mixture_magnitude', 'mixture_phase', 'source_phase', 'mix_magnitude', 'ideal_binary_mask', 'source_magnitudes'])
1.009408950805664 GB allocated
8.646484375 GB reserved
dict_keys(['index', 'mixture_magnitude', 'mixture_phase', 'source_phase', 'mix_magnitude', 'ideal_binary_mask', 'source_magnitudes'])
1.009408950805664 GB allocated
8.646484375 GB reserved
dict_keys(['index', 'mixture_magnitude', 'mixture_phase', 'source_phase', 'mix_magnitude', 'ideal_binary_mask', 'source_magnitudes'])
1.0085558891296387 GB allocated
8.646484375 GB reserved
dict_keys(['index', 'mixture_magnitude', 'mixture_phase', 'source_phase', 'mix_magnitude', 'ideal_binary_mask', 'source_magnitudes'])
1.009408950805664 GB allocated
8.646484375 GB reserved
dict_keys(['index', 'mixture_magnitude', 'mixture_phase', 'source_phase', 'mix_magnitude', 'ideal_binary_mask', 'source_magnitudes'])
1.009408950805664 GB allocated
8.646484375 GB reserved
dict_keys(['index', 'mixture_magnitude', 'mixture_phase', 'source_phase', 'mix_magnitude', 'ideal_binary_mask', 'source_magnitudes'])
1.009408950805664 GB allocated
8.646484375 GB reserved
dict_keys(['index', 'mixture_magnitude', 'mixture_phase', 'source_phase', 'mix_magnitude', 'ideal_binary_mask', 'source_magnitudes'])
1.0085558891296387 GB allocated
8.646484375 GB reserved
dict_keys(['index', 'mixture_magnitude', 'mixture_phase', 'source_phase', 'mix_magnitude', 'ideal_binary_mask', 'source_magnitudes'])
1.009408950805664 GB allocated
8.646484375 GB reserved
dict_keys(['index', 'mixture_magnitude', 'mixture_phase', 'source_phase', 'mix_magnitude', 'ideal_binary_mask', 'source_magnitudes'])
1.009408950805664 GB allocated
8.646484375 GB reserved
dict_keys(['index', 'mixture_magnitude', 'mixture_phase', 'source_phase', 'mix_magnitude', 'ideal_binary_mask', 'source_magnitudes'])
1.009408950805664 GB allocated
8.646484375 GB reserved
dict_keys(['index', 'mixture_magnitude', 'mixture_phase', 'source_phase', 'mix_magnitude', 'ideal_binary_mask', 'source_magnitudes'])
1.0085558891296387 GB allocated
8.646484375 GB reserved
dict_keys(['index', 'mixture_magnitude', 'mixture_phase', 'source_phase', 'mix_magnitude', 'ideal_binary_mask', 'source_magnitudes'])
1.009408950805664 GB allocated
8.646484375 GB reserved
dict_keys(['index', 'mixture_magnitude', 'mixture_phase', 'source_phase', 'mix_magnitude', 'ideal_binary_mask', 'source_magnitudes'])
1.009408950805664 GB allocated
8.646484375 GB reserved
dict_keys(['index', 'mixture_magnitude', 'mixture_phase', 'source_phase', 'mix_magnitude', 'ideal_binary_mask', 'source_magnitudes'])
1.009408950805664 GB allocated
8.646484375 GB reserved
dict_keys(['index', 'mixture_magnitude', 'mixture_phase', 'source_phase', 'mix_magnitude', 'ideal_binary_mask', 'source_magnitudes'])
1.0085558891296387 GB allocated
8.646484375 GB reserved
dict_keys(['index', 'mixture_magnitude', 'mixture_phase', 'source_phase', 'mix_magnitude', 'ideal_binary_mask', 'source_magnitudes'])
1.009408950805664 GB allocated
8.646484375 GB reserved
dict_keys(['index', 'mixture_magnitude', 'mixture_phase', 'source_phase', 'mix_magnitude', 'ideal_binary_mask', 'source_magnitudes'])
1.009408950805664 GB allocated
8.646484375 GB reserved
dict_keys(['index', 'mixture_magnitude', 'mixture_phase', 'source_phase', 'mix_magnitude', 'ideal_binary_mask', 'source_magnitudes'])
1.009408950805664 GB allocated
8.646484375 GB reserved
dict_keys(['index', 'mixture_magnitude', 'mixture_phase', 'source_phase', 'mix_magnitude', 'ideal_binary_mask', 'source_magnitudes'])
1.0085558891296387 GB allocated
8.646484375 GB reserved
dict_keys(['index', 'mixture_magnitude', 'mixture_phase', 'source_phase', 'mix_magnitude', 'ideal_binary_mask', 'source_magnitudes'])
1.009408950805664 GB allocated
8.646484375 GB reserved
dict_keys(['index', 'mixture_magnitude', 'mixture_phase', 'source_phase', 'mix_magnitude', 'ideal_binary_mask', 'source_magnitudes'])
1.009408950805664 GB allocated
8.646484375 GB reserved
dict_keys(['index', 'mixture_magnitude', 'mixture_phase', 'source_phase', 'mix_magnitude', 'ideal_binary_mask', 'source_magnitudes'])
1.009408950805664 GB allocated
8.646484375 GB reserved
dict_keys(['index', 'mixture_magnitude', 'mixture_phase', 'source_phase', 'mix_magnitude', 'ideal_binary_mask', 'source_magnitudes'])
1.0085558891296387 GB allocated
8.646484375 GB reserved
dict_keys(['index', 'mixture_magnitude', 'mixture_phase', 'source_phase', 'mix_magnitude', 'ideal_binary_mask', 'source_magnitudes'])
1.009408950805664 GB allocated
8.646484375 GB reserved
dict_keys(['index', 'mixture_magnitude', 'mixture_phase', 'source_phase', 'mix_magnitude', 'ideal_binary_mask', 'source_magnitudes'])
1.009408950805664 GB allocated
8.646484375 GB reserved
dict_keys(['index', 'mixture_magnitude', 'mixture_phase', 'source_phase', 'mix_magnitude', 'ideal_binary_mask', 'source_magnitudes'])
1.009408950805664 GB allocated
8.646484375 GB reserved
dict_keys(['index', 'mixture_magnitude', 'mixture_phase', 'source_phase', 'mix_magnitude', 'ideal_binary_mask', 'source_magnitudes'])
1.0085558891296387 GB allocated
8.646484375 GB reserved
dict_keys(['index', 'mixture_magnitude', 'mixture_phase', 'source_phase', 'mix_magnitude', 'ideal_binary_mask', 'source_magnitudes'])
1.009408950805664 GB allocated
8.646484375 GB reserved
dict_keys(['index', 'mixture_magnitude', 'mixture_phase', 'source_phase', 'mix_magnitude', 'ideal_binary_mask', 'source_magnitudes'])
1.009408950805664 GB allocated
8.646484375 GB reserved
dict_keys(['index', 'mixture_magnitude', 'mixture_phase', 'source_phase', 'mix_magnitude', 'ideal_binary_mask', 'source_magnitudes'])
1.009408950805664 GB allocated
8.646484375 GB reserved
dict_keys(['index', 'mixture_magnitude', 'mixture_phase', 'source_phase', 'mix_magnitude', 'ideal_binary_mask', 'source_magnitudes'])
1.0085558891296387 GB allocated
8.646484375 GB reserved
dict_keys(['index', 'mixture_magnitude', 'mixture_phase', 'source_phase', 'mix_magnitude', 'ideal_binary_mask', 'source_magnitudes'])
1.009408950805664 GB allocated
8.646484375 GB reserved
dict_keys(['index', 'mixture_magnitude', 'mixture_phase', 'source_phase', 'mix_magnitude', 'ideal_binary_mask', 'source_magnitudes'])
1.009408950805664 GB allocated
8.646484375 GB reserved
dict_keys(['index', 'mixture_magnitude', 'mixture_phase', 'source_phase', 'mix_magnitude', 'ideal_binary_mask', 'source_magnitudes'])
1.009408950805664 GB allocated
8.646484375 GB reserved
dict_keys(['index', 'mixture_magnitude', 'mixture_phase', 'source_phase', 'mix_magnitude', 'ideal_binary_mask', 'source_magnitudes'])
1.0085558891296387 GB allocated
8.646484375 GB reserved
dict_keys(['index', 'mixture_magnitude', 'mixture_phase', 'source_phase', 'mix_magnitude', 'ideal_binary_mask', 'source_magnitudes'])
1.009408950805664 GB allocated
8.646484375 GB reserved
dict_keys(['index', 'mixture_magnitude', 'mixture_phase', 'source_phase', 'mix_magnitude', 'ideal_binary_mask', 'source_magnitudes'])
1.009408950805664 GB allocated
8.646484375 GB reserved
dict_keys(['index', 'mixture_magnitude', 'mixture_phase', 'source_phase', 'mix_magnitude', 'ideal_binary_mask', 'source_magnitudes'])
1.009408950805664 GB allocated
8.646484375 GB reserved
dict_keys(['index', 'mixture_magnitude', 'mixture_phase', 'source_phase', 'mix_magnitude', 'ideal_binary_mask', 'source_magnitudes'])
1.0085558891296387 GB allocated
8.646484375 GB reserved
dict_keys(['index', 'mixture_magnitude', 'mixture_phase', 'source_phase', 'mix_magnitude', 'ideal_binary_mask', 'source_magnitudes'])
1.009408950805664 GB allocated
8.646484375 GB reserved
dict_keys(['index', 'mixture_magnitude', 'mixture_phase', 'source_phase', 'mix_magnitude', 'ideal_binary_mask', 'source_magnitudes'])
1.009408950805664 GB allocated
8.646484375 GB reserved
dict_keys(['index', 'mixture_magnitude', 'mixture_phase', 'source_phase', 'mix_magnitude', 'ideal_binary_mask', 'source_magnitudes'])
1.009408950805664 GB allocated
8.646484375 GB reserved
dict_keys(['index', 'mixture_magnitude', 'mixture_phase', 'source_phase', 'mix_magnitude', 'ideal_binary_mask', 'source_magnitudes'])
[Validator] Epoch 25 - val_loss: 0.885859
[BEST CHECKPOINT] Guardado/actualizado en: checkpoints\Mis_modelos_v2\advanced\l_mrs checkpoints\4stems\best_checkpoint_25_val_loss=-0.8859.pt
06/11/2026 11:16:53 AM | engine.py:1037 Engine run finished. Time taken: 00:01:02.668
[Epoch 25] train_loss=0.901714 | val_loss=0.885859
06/11/2026 11:16:53 AM | engine.py:1010 Epoch[25] Complete. Time taken: 00:39:15.305
1.0085558891296387 GB allocated
8.646484375 GB reserved
dict_keys(['index', 'mixture_magnitude', 'mixture_phase', 'source_phase', 'mix_magnitude', 'ideal_binary_mask', 'source_magnitudes'])
1.009408950805664 GB allocated
8.646484375 GB reserved
dict_keys(['index', 'mixture_magnitude', 'mixture_phase', 'source_phase', 'mix_magnitude', 'ideal_binary_mask', 'source_magnitudes'])
1.009408950805664 GB allocated
8.646484375 GB reserved
dict_keys(['index', 'mixture_magnitude', 'mixture_phase', 'source_phase', 'mix_magnitude', 'ideal_binary_mask', 'source_magnitudes'])
1.009408950805664 GB allocated
8.646484375 GB reserved
dict_keys(['index', 'mixture_magnitude', 'mixture_phase', 'source_phase', 'mix_magnitude', 'ideal_binary_mask', 'source_magnitudes'])
1.0085558891296387 GB allocated
8.646484375 GB reserved
dict_keys(['index', 'mixture_magnitude', 'mixture_phase', 'source_phase', 'mix_magnitude', 'ideal_binary_mask', 'source_magnitudes'])
1.009408950805664 GB allocated
8.646484375 GB reserved
dict_keys(['index', 'mixture_magnitude', 'mixture_phase', 'source_phase', 'mix_magnitude', 'ideal_binary_mask', 'source_magnitudes'])
1.009408950805664 GB allocated
8.646484375 GB reserved
dict_keys(['index', 'mixture_magnitude', 'mixture_phase', 'source_phase', 'mix_magnitude', 'ideal_binary_mask', 'source_magnitudes'])
1.009408950805664 GB allocated
8.646484375 GB reserved
dict_keys(['index', 'mixture_magnitude', 'mixture_phase', 'source_phase', 'mix_magnitude', 'ideal_binary_mask', 'source_magnitudes'])
1.0085558891296387 GB allocated
8.646484375 GB reserved
dict_keys(['index', 'mixture_magnitude', 'mixture_phase', 'source_phase', 'mix_magnitude', 'ideal_binary_mask', 'source_magnitudes'])
1.009408950805664 GB allocated
8.646484375 GB reserved
dict_keys(['index', 'mixture_magnitude', 'mixture_phase', 'source_phase', 'mix_magnitude', 'ideal_binary_mask', 'source_magnitudes'])
1.009408950805664 GB allocated
8.646484375 GB reserved
dict_keys(['index', 'mixture_magnitude', 'mixture_phase', 'source_phase', 'mix_magnitude', 'ideal_binary_mask', 'source_magnitudes'])
1.009408950805664 GB allocated
8.646484375 GB reserved
dict_keys(['index', 'mixture_magnitude', 'mixture_phase', 'source_phase', 'mix_magnitude', 'ideal_binary_mask', 'source_magnitudes'])
1.0085558891296387 GB allocated
8.646484375 GB reserved
dict_keys(['index', 'mixture_magnitude', 'mixture_phase', 'source_phase', 'mix_magnitude', 'ideal_binary_mask', 'source_magnitudes'])
1.009408950805664 GB allocated
8.646484375 GB reserved
dict_keys(['index', 'mixture_magnitude', 'mixture_phase', 'source_phase', 'mix_magnitude', 'ideal_binary_mask', 'source_magnitudes'])
1.009408950805664 GB allocated
8.646484375 GB reserved
dict_keys(['index', 'mixture_magnitude', 'mixture_phase', 'source_phase', 'mix_magnitude', 'ideal_binary_mask', 'source_magnitudes'])
1.009408950805664 GB allocated
8.646484375 GB reserved
dict_keys(['index', 'mixture_magnitude', 'mixture_phase', 'source_phase', 'mix_magnitude', 'ideal_binary_mask', 'source_magnitudes'])
1.0085558891296387 GB allocated
8.646484375 GB reserved
dict_keys(['index', 'mixture_magnitude', 'mixture_phase', 'source_phase', 'mix_magnitude', 'ideal_binary_mask', 'source_magnitudes'])
1.009408950805664 GB allocated
8.646484375 GB reserved
dict_keys(['index', 'mixture_magnitude', 'mixture_phase', 'source_phase', 'mix_magnitude', 'ideal_binary_mask', 'source_magnitudes'])
1.009408950805664 GB allocated
8.646484375 GB reserved
dict_keys(['index', 'mixture_magnitude', 'mixture_phase', 'source_phase', 'mix_magnitude', 'ideal_binary_mask', 'source_magnitudes'])
1.009408950805664 GB allocated
8.646484375 GB reserved
dict_keys(['index', 'mixture_magnitude', 'mixture_phase', 'source_phase', 'mix_magnitude', 'ideal_binary_mask', 'source_magnitudes'])
1.0085558891296387 GB allocated
8.646484375 GB reserved
dict_keys(['index', 'mixture_magnitude', 'mixture_phase', 'source_phase', 'mix_magnitude', 'ideal_binary_mask', 'source_magnitudes'])
1.009408950805664 GB allocated
8.646484375 GB reserved
dict_keys(['index', 'mixture_magnitude', 'mixture_phase', 'source_phase', 'mix_magnitude', 'ideal_binary_mask', 'source_magnitudes'])
1.009408950805664 GB allocated
8.646484375 GB reserved
dict_keys(['index', 'mixture_magnitude', 'mixture_phase', 'source_phase', 'mix_magnitude', 'ideal_binary_mask', 'source_magnitudes'])
1.009408950805664 GB allocated
8.646484375 GB reserved
dict_keys(['index', 'mixture_magnitude', 'mixture_phase', 'source_phase', 'mix_magnitude', 'ideal_binary_mask', 'source_magnitudes'])
1.0085558891296387 GB allocated
8.646484375 GB reserved
dict_keys(['index', 'mixture_magnitude', 'mixture_phase', 'source_phase', 'mix_magnitude', 'ideal_binary_mask', 'source_magnitudes'])
1.009408950805664 GB allocated
8.646484375 GB reserved
dict_keys(['index', 'mixture_magnitude', 'mixture_phase', 'source_phase', 'mix_magnitude', 'ideal_binary_mask', 'source_magnitudes'])
1.009408950805664 GB allocated
8.646484375 GB reserved
dict_keys(['index', 'mixture_magnitude', 'mixture_phase', 'source_phase', 'mix_magnitude', 'ideal_binary_mask', 'source_magnitudes'])
1.009408950805664 GB allocated
8.646484375 GB reserved
dict_keys(['index', 'mixture_magnitude', 'mixture_phase', 'source_phase', 'mix_magnitude', 'ideal_binary_mask', 'source_magnitudes'])
1.0085558891296387 GB allocated
8.646484375 GB reserved
dict_keys(['index', 'mixture_magnitude', 'mixture_phase', 'source_phase', 'mix_magnitude', 'ideal_binary_mask', 'source_magnitudes'])
1.009408950805664 GB allocated
8.646484375 GB reserved
dict_keys(['index', 'mixture_magnitude', 'mixture_phase', 'source_phase', 'mix_magnitude', 'ideal_binary_mask', 'source_magnitudes'])
1.009408950805664 GB allocated
8.646484375 GB reserved
dict_keys(['index', 'mixture_magnitude', 'mixture_phase', 'source_phase', 'mix_magnitude', 'ideal_binary_mask', 'source_magnitudes'])
1.009408950805664 GB allocated
8.646484375 GB reserved
dict_keys(['index', 'mixture_magnitude', 'mixture_phase', 'source_phase', 'mix_magnitude', 'ideal_binary_mask', 'source_magnitudes'])
1.0085558891296387 GB allocated
8.646484375 GB reserved
dict_keys(['index', 'mixture_magnitude', 'mixture_phase', 'source_phase', 'mix_magnitude', 'ideal_binary_mask', 'source_magnitudes'])
1.009408950805664 GB allocated
8.646484375 GB reserved
dict_keys(['index', 'mixture_magnitude', 'mixture_phase', 'source_phase', 'mix_magnitude', 'ideal_binary_mask', 'source_magnitudes'])
1.009408950805664 GB allocated
8.646484375 GB reserved
dict_keys(['index', 'mixture_magnitude', 'mixture_phase', 'source_phase', 'mix_magnitude', 'ideal_binary_mask', 'source_magnitudes'])
1.009408950805664 GB allocated
8.646484375 GB reserved
dict_keys(['index', 'mixture_magnitude', 'mixture_phase', 'source_phase', 'mix_magnitude', 'ideal_binary_mask', 'source_magnitudes'])
1.0085558891296387 GB allocated
8.646484375 GB reserved
dict_keys(['index', 'mixture_magnitude', 'mixture_phase', 'source_phase', 'mix_magnitude', 'ideal_binary_mask', 'source_magnitudes'])
1.009408950805664 GB allocated
8.646484375 GB reserved
dict_keys(['index', 'mixture_magnitude', 'mixture_phase', 'source_phase', 'mix_magnitude', 'ideal_binary_mask', 'source_magnitudes'])
1.009408950805664 GB allocated
8.646484375 GB reserved
dict_keys(['index', 'mixture_magnitude', 'mixture_phase', 'source_phase', 'mix_magnitude', 'ideal_binary_mask', 'source_magnitudes'])
1.009408950805664 GB allocated
8.646484375 GB reserved
dict_keys(['index', 'mixture_magnitude', 'mixture_phase', 'source_phase', 'mix_magnitude', 'ideal_binary_mask', 'source_magnitudes'])
1.0085558891296387 GB allocated
8.646484375 GB reserved
dict_keys(['index', 'mixture_magnitude', 'mixture_phase', 'source_phase', 'mix_magnitude', 'ideal_binary_mask', 'source_magnitudes'])
1.009408950805664 GB allocated
8.646484375 GB reserved
dict_keys(['index', 'mixture_magnitude', 'mixture_phase', 'source_phase', 'mix_magnitude', 'ideal_binary_mask', 'source_magnitudes'])
1.009408950805664 GB allocated
8.646484375 GB reserved
06/11/2026 11:55:05 AM | engine.py:906 Engine run starting with max_epochs=1.
06/11/2026 11:56:09 AM | engine.py:1010 Epoch[1] Complete. Time taken: 00:01:03.864
dict_keys(['index', 'mixture_magnitude', 'mixture_phase', 'source_phase', 'mix_magnitude', 'ideal_binary_mask', 'source_magnitudes'])
1.009408950805664 GB allocated
8.646484375 GB reserved
dict_keys(['index', 'mixture_magnitude', 'mixture_phase', 'source_phase', 'mix_magnitude', 'ideal_binary_mask', 'source_magnitudes'])
1.0085558891296387 GB allocated
8.646484375 GB reserved
dict_keys(['index', 'mixture_magnitude', 'mixture_phase', 'source_phase', 'mix_magnitude', 'ideal_binary_mask', 'source_magnitudes'])
1.009408950805664 GB allocated
8.646484375 GB reserved
dict_keys(['index', 'mixture_magnitude', 'mixture_phase', 'source_phase', 'mix_magnitude', 'ideal_binary_mask', 'source_magnitudes'])
1.009408950805664 GB allocated
8.646484375 GB reserved
dict_keys(['index', 'mixture_magnitude', 'mixture_phase', 'source_phase', 'mix_magnitude', 'ideal_binary_mask', 'source_magnitudes'])
1.009408950805664 GB allocated
8.646484375 GB reserved
dict_keys(['index', 'mixture_magnitude', 'mixture_phase', 'source_phase', 'mix_magnitude', 'ideal_binary_mask', 'source_magnitudes'])
1.0085558891296387 GB allocated
8.646484375 GB reserved
dict_keys(['index', 'mixture_magnitude', 'mixture_phase', 'source_phase', 'mix_magnitude', 'ideal_binary_mask', 'source_magnitudes'])
1.009408950805664 GB allocated
8.646484375 GB reserved
dict_keys(['index', 'mixture_magnitude', 'mixture_phase', 'source_phase', 'mix_magnitude', 'ideal_binary_mask', 'source_magnitudes'])
1.009408950805664 GB allocated
8.646484375 GB reserved
dict_keys(['index', 'mixture_magnitude', 'mixture_phase', 'source_phase', 'mix_magnitude', 'ideal_binary_mask', 'source_magnitudes'])
1.009408950805664 GB allocated
8.646484375 GB reserved
dict_keys(['index', 'mixture_magnitude', 'mixture_phase', 'source_phase', 'mix_magnitude', 'ideal_binary_mask', 'source_magnitudes'])
1.0085558891296387 GB allocated
8.646484375 GB reserved
dict_keys(['index', 'mixture_magnitude', 'mixture_phase', 'source_phase', 'mix_magnitude', 'ideal_binary_mask', 'source_magnitudes'])
1.009408950805664 GB allocated
8.646484375 GB reserved
dict_keys(['index', 'mixture_magnitude', 'mixture_phase', 'source_phase', 'mix_magnitude', 'ideal_binary_mask', 'source_magnitudes'])
1.009408950805664 GB allocated
8.646484375 GB reserved
dict_keys(['index', 'mixture_magnitude', 'mixture_phase', 'source_phase', 'mix_magnitude', 'ideal_binary_mask', 'source_magnitudes'])
1.009408950805664 GB allocated
8.646484375 GB reserved
dict_keys(['index', 'mixture_magnitude', 'mixture_phase', 'source_phase', 'mix_magnitude', 'ideal_binary_mask', 'source_magnitudes'])
1.0085558891296387 GB allocated
8.646484375 GB reserved
dict_keys(['index', 'mixture_magnitude', 'mixture_phase', 'source_phase', 'mix_magnitude', 'ideal_binary_mask', 'source_magnitudes'])
1.009408950805664 GB allocated
8.646484375 GB reserved
dict_keys(['index', 'mixture_magnitude', 'mixture_phase', 'source_phase', 'mix_magnitude', 'ideal_binary_mask', 'source_magnitudes'])
1.009408950805664 GB allocated
8.646484375 GB reserved
dict_keys(['index', 'mixture_magnitude', 'mixture_phase', 'source_phase', 'mix_magnitude', 'ideal_binary_mask', 'source_magnitudes'])
1.009408950805664 GB allocated
8.646484375 GB reserved
dict_keys(['index', 'mixture_magnitude', 'mixture_phase', 'source_phase', 'mix_magnitude', 'ideal_binary_mask', 'source_magnitudes'])
1.0085558891296387 GB allocated
8.646484375 GB reserved
dict_keys(['index', 'mixture_magnitude', 'mixture_phase', 'source_phase', 'mix_magnitude', 'ideal_binary_mask', 'source_magnitudes'])
1.009408950805664 GB allocated
8.646484375 GB reserved
dict_keys(['index', 'mixture_magnitude', 'mixture_phase', 'source_phase', 'mix_magnitude', 'ideal_binary_mask', 'source_magnitudes'])
1.009408950805664 GB allocated
8.646484375 GB reserved
dict_keys(['index', 'mixture_magnitude', 'mixture_phase', 'source_phase', 'mix_magnitude', 'ideal_binary_mask', 'source_magnitudes'])
1.009408950805664 GB allocated
8.646484375 GB reserved
dict_keys(['index', 'mixture_magnitude', 'mixture_phase', 'source_phase', 'mix_magnitude', 'ideal_binary_mask', 'source_magnitudes'])
1.0085558891296387 GB allocated
8.646484375 GB reserved
dict_keys(['index', 'mixture_magnitude', 'mixture_phase', 'source_phase', 'mix_magnitude', 'ideal_binary_mask', 'source_magnitudes'])
1.009408950805664 GB allocated
8.646484375 GB reserved
dict_keys(['index', 'mixture_magnitude', 'mixture_phase', 'source_phase', 'mix_magnitude', 'ideal_binary_mask', 'source_magnitudes'])
1.009408950805664 GB allocated
8.646484375 GB reserved
dict_keys(['index', 'mixture_magnitude', 'mixture_phase', 'source_phase', 'mix_magnitude', 'ideal_binary_mask', 'source_magnitudes'])
1.009408950805664 GB allocated
8.646484375 GB reserved
dict_keys(['index', 'mixture_magnitude', 'mixture_phase', 'source_phase', 'mix_magnitude', 'ideal_binary_mask', 'source_magnitudes'])
1.0085558891296387 GB allocated
8.646484375 GB reserved
dict_keys(['index', 'mixture_magnitude', 'mixture_phase', 'source_phase', 'mix_magnitude', 'ideal_binary_mask', 'source_magnitudes'])
1.009408950805664 GB allocated
8.646484375 GB reserved
dict_keys(['index', 'mixture_magnitude', 'mixture_phase', 'source_phase', 'mix_magnitude', 'ideal_binary_mask', 'source_magnitudes'])
1.009408950805664 GB allocated
8.646484375 GB reserved
dict_keys(['index', 'mixture_magnitude', 'mixture_phase', 'source_phase', 'mix_magnitude', 'ideal_binary_mask', 'source_magnitudes'])
1.009408950805664 GB allocated
8.646484375 GB reserved
dict_keys(['index', 'mixture_magnitude', 'mixture_phase', 'source_phase', 'mix_magnitude', 'ideal_binary_mask', 'source_magnitudes'])
1.0085558891296387 GB allocated
8.646484375 GB reserved
dict_keys(['index', 'mixture_magnitude', 'mixture_phase', 'source_phase', 'mix_magnitude', 'ideal_binary_mask', 'source_magnitudes'])
1.009408950805664 GB allocated
8.646484375 GB reserved
dict_keys(['index', 'mixture_magnitude', 'mixture_phase', 'source_phase', 'mix_magnitude', 'ideal_binary_mask', 'source_magnitudes'])
1.009408950805664 GB allocated
8.646484375 GB reserved
dict_keys(['index', 'mixture_magnitude', 'mixture_phase', 'source_phase', 'mix_magnitude', 'ideal_binary_mask', 'source_magnitudes'])
1.009408950805664 GB allocated
8.646484375 GB reserved
dict_keys(['index', 'mixture_magnitude', 'mixture_phase', 'source_phase', 'mix_magnitude', 'ideal_binary_mask', 'source_magnitudes'])
1.0085558891296387 GB allocated
8.646484375 GB reserved
dict_keys(['index', 'mixture_magnitude', 'mixture_phase', 'source_phase', 'mix_magnitude', 'ideal_binary_mask', 'source_magnitudes'])
1.009408950805664 GB allocated
8.646484375 GB reserved
dict_keys(['index', 'mixture_magnitude', 'mixture_phase', 'source_phase', 'mix_magnitude', 'ideal_binary_mask', 'source_magnitudes'])
1.009408950805664 GB allocated
8.646484375 GB reserved
dict_keys(['index', 'mixture_magnitude', 'mixture_phase', 'source_phase', 'mix_magnitude', 'ideal_binary_mask', 'source_magnitudes'])
1.009408950805664 GB allocated
8.646484375 GB reserved
dict_keys(['index', 'mixture_magnitude', 'mixture_phase', 'source_phase', 'mix_magnitude', 'ideal_binary_mask', 'source_magnitudes'])
1.0085558891296387 GB allocated
8.646484375 GB reserved
dict_keys(['index', 'mixture_magnitude', 'mixture_phase', 'source_phase', 'mix_magnitude', 'ideal_binary_mask', 'source_magnitudes'])
1.009408950805664 GB allocated
8.646484375 GB reserved
dict_keys(['index', 'mixture_magnitude', 'mixture_phase', 'source_phase', 'mix_magnitude', 'ideal_binary_mask', 'source_magnitudes'])
1.009408950805664 GB allocated
8.646484375 GB reserved
dict_keys(['index', 'mixture_magnitude', 'mixture_phase', 'source_phase', 'mix_magnitude', 'ideal_binary_mask', 'source_magnitudes'])
1.009408950805664 GB allocated
8.646484375 GB reserved
dict_keys(['index', 'mixture_magnitude', 'mixture_phase', 'source_phase', 'mix_magnitude', 'ideal_binary_mask', 'source_magnitudes'])
1.0085558891296387 GB allocated
8.646484375 GB reserved
dict_keys(['index', 'mixture_magnitude', 'mixture_phase', 'source_phase', 'mix_magnitude', 'ideal_binary_mask', 'source_magnitudes'])
1.009408950805664 GB allocated
8.646484375 GB reserved
dict_keys(['index', 'mixture_magnitude', 'mixture_phase', 'source_phase', 'mix_magnitude', 'ideal_binary_mask', 'source_magnitudes'])
1.009408950805664 GB allocated
8.646484375 GB reserved
dict_keys(['index', 'mixture_magnitude', 'mixture_phase', 'source_phase', 'mix_magnitude', 'ideal_binary_mask', 'source_magnitudes'])
1.009408950805664 GB allocated
8.646484375 GB reserved
dict_keys(['index', 'mixture_magnitude', 'mixture_phase', 'source_phase', 'mix_magnitude', 'ideal_binary_mask', 'source_magnitudes'])
1.0085558891296387 GB allocated
8.646484375 GB reserved
dict_keys(['index', 'mixture_magnitude', 'mixture_phase', 'source_phase', 'mix_magnitude', 'ideal_binary_mask', 'source_magnitudes'])
1.009408950805664 GB allocated
8.646484375 GB reserved
dict_keys(['index', 'mixture_magnitude', 'mixture_phase', 'source_phase', 'mix_magnitude', 'ideal_binary_mask', 'source_magnitudes'])
1.009408950805664 GB allocated
8.646484375 GB reserved
dict_keys(['index', 'mixture_magnitude', 'mixture_phase', 'source_phase', 'mix_magnitude', 'ideal_binary_mask', 'source_magnitudes'])
1.009408950805664 GB allocated
8.646484375 GB reserved
dict_keys(['index', 'mixture_magnitude', 'mixture_phase', 'source_phase', 'mix_magnitude', 'ideal_binary_mask', 'source_magnitudes'])
1.0085558891296387 GB allocated
8.646484375 GB reserved
dict_keys(['index', 'mixture_magnitude', 'mixture_phase', 'source_phase', 'mix_magnitude', 'ideal_binary_mask', 'source_magnitudes'])
1.009408950805664 GB allocated
8.646484375 GB reserved
dict_keys(['index', 'mixture_magnitude', 'mixture_phase', 'source_phase', 'mix_magnitude', 'ideal_binary_mask', 'source_magnitudes'])
1.009408950805664 GB allocated
8.646484375 GB reserved
dict_keys(['index', 'mixture_magnitude', 'mixture_phase', 'source_phase', 'mix_magnitude', 'ideal_binary_mask', 'source_magnitudes'])
1.009408950805664 GB allocated
8.646484375 GB reserved
dict_keys(['index', 'mixture_magnitude', 'mixture_phase', 'source_phase', 'mix_magnitude', 'ideal_binary_mask', 'source_magnitudes'])
1.0085558891296387 GB allocated
8.646484375 GB reserved
dict_keys(['index', 'mixture_magnitude', 'mixture_phase', 'source_phase', 'mix_magnitude', 'ideal_binary_mask', 'source_magnitudes'])
1.009408950805664 GB allocated
8.646484375 GB reserved
dict_keys(['index', 'mixture_magnitude', 'mixture_phase', 'source_phase', 'mix_magnitude', 'ideal_binary_mask', 'source_magnitudes'])
1.009408950805664 GB allocated
8.646484375 GB reserved
dict_keys(['index', 'mixture_magnitude', 'mixture_phase', 'source_phase', 'mix_magnitude', 'ideal_binary_mask', 'source_magnitudes'])
1.009408950805664 GB allocated
8.646484375 GB reserved
dict_keys(['index', 'mixture_magnitude', 'mixture_phase', 'source_phase', 'mix_magnitude', 'ideal_binary_mask', 'source_magnitudes'])
[Validator] Epoch 26 - val_loss: 0.884642
[BEST CHECKPOINT] Guardado/actualizado en: checkpoints\Mis_modelos_v2\advanced\l_mrs checkpoints\4stems\best_checkpoint_26_val_loss=-0.8846.pt
06/11/2026 11:56:09 AM | engine.py:1037 Engine run finished. Time taken: 00:01:03.874
[Epoch 26] train_loss=0.901020 | val_loss=0.884642
06/11/2026 11:56:09 AM | engine.py:1010 Epoch[26] Complete. Time taken: 00:39:16.086
1.0085558891296387 GB allocated
8.646484375 GB reserved
dict_keys(['index', 'mixture_magnitude', 'mixture_phase', 'source_phase', 'mix_magnitude', 'ideal_binary_mask', 'source_magnitudes'])
1.009408950805664 GB allocated
8.646484375 GB reserved
dict_keys(['index', 'mixture_magnitude', 'mixture_phase', 'source_phase', 'mix_magnitude', 'ideal_binary_mask', 'source_magnitudes'])
1.009408950805664 GB allocated
8.646484375 GB reserved
dict_keys(['index', 'mixture_magnitude', 'mixture_phase', 'source_phase', 'mix_magnitude', 'ideal_binary_mask', 'source_magnitudes'])
1.009408950805664 GB allocated
8.646484375 GB reserved
dict_keys(['index', 'mixture_magnitude', 'mixture_phase', 'source_phase', 'mix_magnitude', 'ideal_binary_mask', 'source_magnitudes'])
1.0085558891296387 GB allocated
8.646484375 GB reserved
dict_keys(['index', 'mixture_magnitude', 'mixture_phase', 'source_phase', 'mix_magnitude', 'ideal_binary_mask', 'source_magnitudes'])
1.009408950805664 GB allocated
8.646484375 GB reserved
dict_keys(['index', 'mixture_magnitude', 'mixture_phase', 'source_phase', 'mix_magnitude', 'ideal_binary_mask', 'source_magnitudes'])
1.009408950805664 GB allocated
8.646484375 GB reserved
dict_keys(['index', 'mixture_magnitude', 'mixture_phase', 'source_phase', 'mix_magnitude', 'ideal_binary_mask', 'source_magnitudes'])
1.009408950805664 GB allocated
8.646484375 GB reserved
dict_keys(['index', 'mixture_magnitude', 'mixture_phase', 'source_phase', 'mix_magnitude', 'ideal_binary_mask', 'source_magnitudes'])
1.0085558891296387 GB allocated
8.646484375 GB reserved
dict_keys(['index', 'mixture_magnitude', 'mixture_phase', 'source_phase', 'mix_magnitude', 'ideal_binary_mask', 'source_magnitudes'])
1.009408950805664 GB allocated
8.646484375 GB reserved
dict_keys(['index', 'mixture_magnitude', 'mixture_phase', 'source_phase', 'mix_magnitude', 'ideal_binary_mask', 'source_magnitudes'])
1.009408950805664 GB allocated
8.646484375 GB reserved
dict_keys(['index', 'mixture_magnitude', 'mixture_phase', 'source_phase', 'mix_magnitude', 'ideal_binary_mask', 'source_magnitudes'])
1.009408950805664 GB allocated
8.646484375 GB reserved
dict_keys(['index', 'mixture_magnitude', 'mixture_phase', 'source_phase', 'mix_magnitude', 'ideal_binary_mask', 'source_magnitudes'])
1.0085558891296387 GB allocated
8.646484375 GB reserved
dict_keys(['index', 'mixture_magnitude', 'mixture_phase', 'source_phase', 'mix_magnitude', 'ideal_binary_mask', 'source_magnitudes'])
1.009408950805664 GB allocated
8.646484375 GB reserved
dict_keys(['index', 'mixture_magnitude', 'mixture_phase', 'source_phase', 'mix_magnitude', 'ideal_binary_mask', 'source_magnitudes'])
1.009408950805664 GB allocated
8.646484375 GB reserved
dict_keys(['index', 'mixture_magnitude', 'mixture_phase', 'source_phase', 'mix_magnitude', 'ideal_binary_mask', 'source_magnitudes'])
1.009408950805664 GB allocated
8.646484375 GB reserved
dict_keys(['index', 'mixture_magnitude', 'mixture_phase', 'source_phase', 'mix_magnitude', 'ideal_binary_mask', 'source_magnitudes'])
1.0085558891296387 GB allocated
8.646484375 GB reserved
dict_keys(['index', 'mixture_magnitude', 'mixture_phase', 'source_phase', 'mix_magnitude', 'ideal_binary_mask', 'source_magnitudes'])
1.009408950805664 GB allocated
8.646484375 GB reserved
dict_keys(['index', 'mixture_magnitude', 'mixture_phase', 'source_phase', 'mix_magnitude', 'ideal_binary_mask', 'source_magnitudes'])
1.009408950805664 GB allocated
8.646484375 GB reserved
dict_keys(['index', 'mixture_magnitude', 'mixture_phase', 'source_phase', 'mix_magnitude', 'ideal_binary_mask', 'source_magnitudes'])
1.009408950805664 GB allocated
8.646484375 GB reserved
dict_keys(['index', 'mixture_magnitude', 'mixture_phase', 'source_phase', 'mix_magnitude', 'ideal_binary_mask', 'source_magnitudes'])
1.0085558891296387 GB allocated
8.646484375 GB reserved
dict_keys(['index', 'mixture_magnitude', 'mixture_phase', 'source_phase', 'mix_magnitude', 'ideal_binary_mask', 'source_magnitudes'])
1.009408950805664 GB allocated
8.646484375 GB reserved
dict_keys(['index', 'mixture_magnitude', 'mixture_phase', 'source_phase', 'mix_magnitude', 'ideal_binary_mask', 'source_magnitudes'])
1.009408950805664 GB allocated
8.646484375 GB reserved
dict_keys(['index', 'mixture_magnitude', 'mixture_phase', 'source_phase', 'mix_magnitude', 'ideal_binary_mask', 'source_magnitudes'])
1.009408950805664 GB allocated
8.646484375 GB reserved
dict_keys(['index', 'mixture_magnitude', 'mixture_phase', 'source_phase', 'mix_magnitude', 'ideal_binary_mask', 'source_magnitudes'])
1.0085558891296387 GB allocated
8.646484375 GB reserved
dict_keys(['index', 'mixture_magnitude', 'mixture_phase', 'source_phase', 'mix_magnitude', 'ideal_binary_mask', 'source_magnitudes'])
1.009408950805664 GB allocated
8.646484375 GB reserved
dict_keys(['index', 'mixture_magnitude', 'mixture_phase', 'source_phase', 'mix_magnitude', 'ideal_binary_mask', 'source_magnitudes'])
1.009408950805664 GB allocated
8.646484375 GB reserved
dict_keys(['index', 'mixture_magnitude', 'mixture_phase', 'source_phase', 'mix_magnitude', 'ideal_binary_mask', 'source_magnitudes'])
1.009408950805664 GB allocated
8.646484375 GB reserved
dict_keys(['index', 'mixture_magnitude', 'mixture_phase', 'source_phase', 'mix_magnitude', 'ideal_binary_mask', 'source_magnitudes'])
1.0085558891296387 GB allocated
8.646484375 GB reserved
dict_keys(['index', 'mixture_magnitude', 'mixture_phase', 'source_phase', 'mix_magnitude', 'ideal_binary_mask', 'source_magnitudes'])
1.009408950805664 GB allocated
8.646484375 GB reserved
dict_keys(['index', 'mixture_magnitude', 'mixture_phase', 'source_phase', 'mix_magnitude', 'ideal_binary_mask', 'source_magnitudes'])
1.009408950805664 GB allocated
8.646484375 GB reserved
dict_keys(['index', 'mixture_magnitude', 'mixture_phase', 'source_phase', 'mix_magnitude', 'ideal_binary_mask', 'source_magnitudes'])
1.009408950805664 GB allocated
8.646484375 GB reserved
dict_keys(['index', 'mixture_magnitude', 'mixture_phase', 'source_phase', 'mix_magnitude', 'ideal_binary_mask', 'source_magnitudes'])
1.0085558891296387 GB allocated
8.646484375 GB reserved
dict_keys(['index', 'mixture_magnitude', 'mixture_phase', 'source_phase', 'mix_magnitude', 'ideal_binary_mask', 'source_magnitudes'])
1.009408950805664 GB allocated
8.646484375 GB reserved
dict_keys(['index', 'mixture_magnitude', 'mixture_phase', 'source_phase', 'mix_magnitude', 'ideal_binary_mask', 'source_magnitudes'])
1.009408950805664 GB allocated
8.646484375 GB reserved
dict_keys(['index', 'mixture_magnitude', 'mixture_phase', 'source_phase', 'mix_magnitude', 'ideal_binary_mask', 'source_magnitudes'])
1.009408950805664 GB allocated
8.646484375 GB reserved
dict_keys(['index', 'mixture_magnitude', 'mixture_phase', 'source_phase', 'mix_magnitude', 'ideal_binary_mask', 'source_magnitudes'])
1.0085558891296387 GB allocated
8.646484375 GB reserved
dict_keys(['index', 'mixture_magnitude', 'mixture_phase', 'source_phase', 'mix_magnitude', 'ideal_binary_mask', 'source_magnitudes'])
1.009408950805664 GB allocated
8.646484375 GB reserved
dict_keys(['index', 'mixture_magnitude', 'mixture_phase', 'source_phase', 'mix_magnitude', 'ideal_binary_mask', 'source_magnitudes'])
1.009408950805664 GB allocated
8.646484375 GB reserved
dict_keys(['index', 'mixture_magnitude', 'mixture_phase', 'source_phase', 'mix_magnitude', 'ideal_binary_mask', 'source_magnitudes'])
1.009408950805664 GB allocated
8.646484375 GB reserved
dict_keys(['index', 'mixture_magnitude', 'mixture_phase', 'source_phase', 'mix_magnitude', 'ideal_binary_mask', 'source_magnitudes'])
1.0085558891296387 GB allocated
8.646484375 GB reserved
dict_keys(['index', 'mixture_magnitude', 'mixture_phase', 'source_phase', 'mix_magnitude', 'ideal_binary_mask', 'source_magnitudes'])
1.009408950805664 GB allocated
8.646484375 GB reserved
dict_keys(['index', 'mixture_magnitude', 'mixture_phase', 'source_phase', 'mix_magnitude', 'ideal_binary_mask', 'source_magnitudes'])
1.009408950805664 GB allocated
8.646484375 GB reserved
06/11/2026 12:34:18 PM | engine.py:906 Engine run starting with max_epochs=1.
06/11/2026 12:35:22 PM | engine.py:1010 Epoch[1] Complete. Time taken: 00:01:03.869
dict_keys(['index', 'mixture_magnitude', 'mixture_phase', 'source_phase', 'mix_magnitude', 'ideal_binary_mask', 'source_magnitudes'])
1.009408950805664 GB allocated
8.646484375 GB reserved
dict_keys(['index', 'mixture_magnitude', 'mixture_phase', 'source_phase', 'mix_magnitude', 'ideal_binary_mask', 'source_magnitudes'])
1.0085558891296387 GB allocated
8.646484375 GB reserved
dict_keys(['index', 'mixture_magnitude', 'mixture_phase', 'source_phase', 'mix_magnitude', 'ideal_binary_mask', 'source_magnitudes'])
1.009408950805664 GB allocated
8.646484375 GB reserved
dict_keys(['index', 'mixture_magnitude', 'mixture_phase', 'source_phase', 'mix_magnitude', 'ideal_binary_mask', 'source_magnitudes'])
1.009408950805664 GB allocated
8.646484375 GB reserved
dict_keys(['index', 'mixture_magnitude', 'mixture_phase', 'source_phase', 'mix_magnitude', 'ideal_binary_mask', 'source_magnitudes'])
1.009408950805664 GB allocated
8.646484375 GB reserved
dict_keys(['index', 'mixture_magnitude', 'mixture_phase', 'source_phase', 'mix_magnitude', 'ideal_binary_mask', 'source_magnitudes'])
1.0085558891296387 GB allocated
8.646484375 GB reserved
dict_keys(['index', 'mixture_magnitude', 'mixture_phase', 'source_phase', 'mix_magnitude', 'ideal_binary_mask', 'source_magnitudes'])
1.009408950805664 GB allocated
8.646484375 GB reserved
dict_keys(['index', 'mixture_magnitude', 'mixture_phase', 'source_phase', 'mix_magnitude', 'ideal_binary_mask', 'source_magnitudes'])
1.009408950805664 GB allocated
8.646484375 GB reserved
dict_keys(['index', 'mixture_magnitude', 'mixture_phase', 'source_phase', 'mix_magnitude', 'ideal_binary_mask', 'source_magnitudes'])
1.009408950805664 GB allocated
8.646484375 GB reserved
dict_keys(['index', 'mixture_magnitude', 'mixture_phase', 'source_phase', 'mix_magnitude', 'ideal_binary_mask', 'source_magnitudes'])
1.0085558891296387 GB allocated
8.646484375 GB reserved
dict_keys(['index', 'mixture_magnitude', 'mixture_phase', 'source_phase', 'mix_magnitude', 'ideal_binary_mask', 'source_magnitudes'])
1.009408950805664 GB allocated
8.646484375 GB reserved
dict_keys(['index', 'mixture_magnitude', 'mixture_phase', 'source_phase', 'mix_magnitude', 'ideal_binary_mask', 'source_magnitudes'])
1.009408950805664 GB allocated
8.646484375 GB reserved
dict_keys(['index', 'mixture_magnitude', 'mixture_phase', 'source_phase', 'mix_magnitude', 'ideal_binary_mask', 'source_magnitudes'])
1.009408950805664 GB allocated
8.646484375 GB reserved
dict_keys(['index', 'mixture_magnitude', 'mixture_phase', 'source_phase', 'mix_magnitude', 'ideal_binary_mask', 'source_magnitudes'])
1.0085558891296387 GB allocated
8.646484375 GB reserved
dict_keys(['index', 'mixture_magnitude', 'mixture_phase', 'source_phase', 'mix_magnitude', 'ideal_binary_mask', 'source_magnitudes'])
1.009408950805664 GB allocated
8.646484375 GB reserved
dict_keys(['index', 'mixture_magnitude', 'mixture_phase', 'source_phase', 'mix_magnitude', 'ideal_binary_mask', 'source_magnitudes'])
1.009408950805664 GB allocated
8.646484375 GB reserved
dict_keys(['index', 'mixture_magnitude', 'mixture_phase', 'source_phase', 'mix_magnitude', 'ideal_binary_mask', 'source_magnitudes'])
1.009408950805664 GB allocated
8.646484375 GB reserved
dict_keys(['index', 'mixture_magnitude', 'mixture_phase', 'source_phase', 'mix_magnitude', 'ideal_binary_mask', 'source_magnitudes'])
1.0085558891296387 GB allocated
8.646484375 GB reserved
dict_keys(['index', 'mixture_magnitude', 'mixture_phase', 'source_phase', 'mix_magnitude', 'ideal_binary_mask', 'source_magnitudes'])
1.009408950805664 GB allocated
8.646484375 GB reserved
dict_keys(['index', 'mixture_magnitude', 'mixture_phase', 'source_phase', 'mix_magnitude', 'ideal_binary_mask', 'source_magnitudes'])
1.009408950805664 GB allocated
8.646484375 GB reserved
dict_keys(['index', 'mixture_magnitude', 'mixture_phase', 'source_phase', 'mix_magnitude', 'ideal_binary_mask', 'source_magnitudes'])
1.009408950805664 GB allocated
8.646484375 GB reserved
dict_keys(['index', 'mixture_magnitude', 'mixture_phase', 'source_phase', 'mix_magnitude', 'ideal_binary_mask', 'source_magnitudes'])
1.0085558891296387 GB allocated
8.646484375 GB reserved
dict_keys(['index', 'mixture_magnitude', 'mixture_phase', 'source_phase', 'mix_magnitude', 'ideal_binary_mask', 'source_magnitudes'])
1.009408950805664 GB allocated
8.646484375 GB reserved
dict_keys(['index', 'mixture_magnitude', 'mixture_phase', 'source_phase', 'mix_magnitude', 'ideal_binary_mask', 'source_magnitudes'])
1.009408950805664 GB allocated
8.646484375 GB reserved
dict_keys(['index', 'mixture_magnitude', 'mixture_phase', 'source_phase', 'mix_magnitude', 'ideal_binary_mask', 'source_magnitudes'])
1.009408950805664 GB allocated
8.646484375 GB reserved
dict_keys(['index', 'mixture_magnitude', 'mixture_phase', 'source_phase', 'mix_magnitude', 'ideal_binary_mask', 'source_magnitudes'])
1.0085558891296387 GB allocated
8.646484375 GB reserved
dict_keys(['index', 'mixture_magnitude', 'mixture_phase', 'source_phase', 'mix_magnitude', 'ideal_binary_mask', 'source_magnitudes'])
1.009408950805664 GB allocated
8.646484375 GB reserved
dict_keys(['index', 'mixture_magnitude', 'mixture_phase', 'source_phase', 'mix_magnitude', 'ideal_binary_mask', 'source_magnitudes'])
1.009408950805664 GB allocated
8.646484375 GB reserved
dict_keys(['index', 'mixture_magnitude', 'mixture_phase', 'source_phase', 'mix_magnitude', 'ideal_binary_mask', 'source_magnitudes'])
1.009408950805664 GB allocated
8.646484375 GB reserved
dict_keys(['index', 'mixture_magnitude', 'mixture_phase', 'source_phase', 'mix_magnitude', 'ideal_binary_mask', 'source_magnitudes'])
1.0085558891296387 GB allocated
8.646484375 GB reserved
dict_keys(['index', 'mixture_magnitude', 'mixture_phase', 'source_phase', 'mix_magnitude', 'ideal_binary_mask', 'source_magnitudes'])
1.009408950805664 GB allocated
8.646484375 GB reserved
dict_keys(['index', 'mixture_magnitude', 'mixture_phase', 'source_phase', 'mix_magnitude', 'ideal_binary_mask', 'source_magnitudes'])
1.009408950805664 GB allocated
8.646484375 GB reserved
dict_keys(['index', 'mixture_magnitude', 'mixture_phase', 'source_phase', 'mix_magnitude', 'ideal_binary_mask', 'source_magnitudes'])
1.009408950805664 GB allocated
8.646484375 GB reserved
dict_keys(['index', 'mixture_magnitude', 'mixture_phase', 'source_phase', 'mix_magnitude', 'ideal_binary_mask', 'source_magnitudes'])
1.0085558891296387 GB allocated
8.646484375 GB reserved
dict_keys(['index', 'mixture_magnitude', 'mixture_phase', 'source_phase', 'mix_magnitude', 'ideal_binary_mask', 'source_magnitudes'])
1.009408950805664 GB allocated
8.646484375 GB reserved
dict_keys(['index', 'mixture_magnitude', 'mixture_phase', 'source_phase', 'mix_magnitude', 'ideal_binary_mask', 'source_magnitudes'])
1.009408950805664 GB allocated
8.646484375 GB reserved
dict_keys(['index', 'mixture_magnitude', 'mixture_phase', 'source_phase', 'mix_magnitude', 'ideal_binary_mask', 'source_magnitudes'])
1.009408950805664 GB allocated
8.646484375 GB reserved
dict_keys(['index', 'mixture_magnitude', 'mixture_phase', 'source_phase', 'mix_magnitude', 'ideal_binary_mask', 'source_magnitudes'])
1.0085558891296387 GB allocated
8.646484375 GB reserved
dict_keys(['index', 'mixture_magnitude', 'mixture_phase', 'source_phase', 'mix_magnitude', 'ideal_binary_mask', 'source_magnitudes'])
1.009408950805664 GB allocated
8.646484375 GB reserved
dict_keys(['index', 'mixture_magnitude', 'mixture_phase', 'source_phase', 'mix_magnitude', 'ideal_binary_mask', 'source_magnitudes'])
1.009408950805664 GB allocated
8.646484375 GB reserved
dict_keys(['index', 'mixture_magnitude', 'mixture_phase', 'source_phase', 'mix_magnitude', 'ideal_binary_mask', 'source_magnitudes'])
1.009408950805664 GB allocated
8.646484375 GB reserved
dict_keys(['index', 'mixture_magnitude', 'mixture_phase', 'source_phase', 'mix_magnitude', 'ideal_binary_mask', 'source_magnitudes'])
1.0085558891296387 GB allocated
8.646484375 GB reserved
dict_keys(['index', 'mixture_magnitude', 'mixture_phase', 'source_phase', 'mix_magnitude', 'ideal_binary_mask', 'source_magnitudes'])
1.009408950805664 GB allocated
8.646484375 GB reserved
dict_keys(['index', 'mixture_magnitude', 'mixture_phase', 'source_phase', 'mix_magnitude', 'ideal_binary_mask', 'source_magnitudes'])
1.009408950805664 GB allocated
8.646484375 GB reserved
dict_keys(['index', 'mixture_magnitude', 'mixture_phase', 'source_phase', 'mix_magnitude', 'ideal_binary_mask', 'source_magnitudes'])
1.009408950805664 GB allocated
8.646484375 GB reserved
dict_keys(['index', 'mixture_magnitude', 'mixture_phase', 'source_phase', 'mix_magnitude', 'ideal_binary_mask', 'source_magnitudes'])
1.0085558891296387 GB allocated
8.646484375 GB reserved
dict_keys(['index', 'mixture_magnitude', 'mixture_phase', 'source_phase', 'mix_magnitude', 'ideal_binary_mask', 'source_magnitudes'])
1.009408950805664 GB allocated
8.646484375 GB reserved
dict_keys(['index', 'mixture_magnitude', 'mixture_phase', 'source_phase', 'mix_magnitude', 'ideal_binary_mask', 'source_magnitudes'])
1.009408950805664 GB allocated
8.646484375 GB reserved
dict_keys(['index', 'mixture_magnitude', 'mixture_phase', 'source_phase', 'mix_magnitude', 'ideal_binary_mask', 'source_magnitudes'])
1.009408950805664 GB allocated
8.646484375 GB reserved
dict_keys(['index', 'mixture_magnitude', 'mixture_phase', 'source_phase', 'mix_magnitude', 'ideal_binary_mask', 'source_magnitudes'])
1.0085558891296387 GB allocated
8.646484375 GB reserved
dict_keys(['index', 'mixture_magnitude', 'mixture_phase', 'source_phase', 'mix_magnitude', 'ideal_binary_mask', 'source_magnitudes'])
1.009408950805664 GB allocated
8.646484375 GB reserved
dict_keys(['index', 'mixture_magnitude', 'mixture_phase', 'source_phase', 'mix_magnitude', 'ideal_binary_mask', 'source_magnitudes'])
1.009408950805664 GB allocated
8.646484375 GB reserved
dict_keys(['index', 'mixture_magnitude', 'mixture_phase', 'source_phase', 'mix_magnitude', 'ideal_binary_mask', 'source_magnitudes'])
1.009408950805664 GB allocated
8.646484375 GB reserved
dict_keys(['index', 'mixture_magnitude', 'mixture_phase', 'source_phase', 'mix_magnitude', 'ideal_binary_mask', 'source_magnitudes'])
1.0085558891296387 GB allocated
8.646484375 GB reserved
dict_keys(['index', 'mixture_magnitude', 'mixture_phase', 'source_phase', 'mix_magnitude', 'ideal_binary_mask', 'source_magnitudes'])
1.009408950805664 GB allocated
8.646484375 GB reserved
dict_keys(['index', 'mixture_magnitude', 'mixture_phase', 'source_phase', 'mix_magnitude', 'ideal_binary_mask', 'source_magnitudes'])
1.009408950805664 GB allocated
8.646484375 GB reserved
dict_keys(['index', 'mixture_magnitude', 'mixture_phase', 'source_phase', 'mix_magnitude', 'ideal_binary_mask', 'source_magnitudes'])
1.009408950805664 GB allocated
8.646484375 GB reserved
dict_keys(['index', 'mixture_magnitude', 'mixture_phase', 'source_phase', 'mix_magnitude', 'ideal_binary_mask', 'source_magnitudes'])
[Validator] Epoch 27 - val_loss: 0.885680
[BEST CHECKPOINT] Guardado/actualizado en: checkpoints\Mis_modelos_v2\advanced\l_mrs checkpoints\4stems\best_checkpoint_26_val_loss=-0.8846.pt
06/11/2026 12:35:22 PM | engine.py:1037 Engine run finished. Time taken: 00:01:03.869
[Epoch 27] train_loss=0.892881 | val_loss=0.885680
06/11/2026 12:35:22 PM | engine.py:1010 Epoch[27] Complete. Time taken: 00:39:13.040
1.0085558891296387 GB allocated
8.646484375 GB reserved
dict_keys(['index', 'mixture_magnitude', 'mixture_phase', 'source_phase', 'mix_magnitude', 'ideal_binary_mask', 'source_magnitudes'])
1.009408950805664 GB allocated
8.646484375 GB reserved
dict_keys(['index', 'mixture_magnitude', 'mixture_phase', 'source_phase', 'mix_magnitude', 'ideal_binary_mask', 'source_magnitudes'])
1.009408950805664 GB allocated
8.646484375 GB reserved
dict_keys(['index', 'mixture_magnitude', 'mixture_phase', 'source_phase', 'mix_magnitude', 'ideal_binary_mask', 'source_magnitudes'])
1.009408950805664 GB allocated
8.646484375 GB reserved
dict_keys(['index', 'mixture_magnitude', 'mixture_phase', 'source_phase', 'mix_magnitude', 'ideal_binary_mask', 'source_magnitudes'])
1.0085558891296387 GB allocated
8.646484375 GB reserved
dict_keys(['index', 'mixture_magnitude', 'mixture_phase', 'source_phase', 'mix_magnitude', 'ideal_binary_mask', 'source_magnitudes'])
1.009408950805664 GB allocated
8.646484375 GB reserved
dict_keys(['index', 'mixture_magnitude', 'mixture_phase', 'source_phase', 'mix_magnitude', 'ideal_binary_mask', 'source_magnitudes'])
1.009408950805664 GB allocated
8.646484375 GB reserved
dict_keys(['index', 'mixture_magnitude', 'mixture_phase', 'source_phase', 'mix_magnitude', 'ideal_binary_mask', 'source_magnitudes'])
1.009408950805664 GB allocated
8.646484375 GB reserved
dict_keys(['index', 'mixture_magnitude', 'mixture_phase', 'source_phase', 'mix_magnitude', 'ideal_binary_mask', 'source_magnitudes'])
1.0085558891296387 GB allocated
8.646484375 GB reserved
dict_keys(['index', 'mixture_magnitude', 'mixture_phase', 'source_phase', 'mix_magnitude', 'ideal_binary_mask', 'source_magnitudes'])
1.009408950805664 GB allocated
8.646484375 GB reserved
dict_keys(['index', 'mixture_magnitude', 'mixture_phase', 'source_phase', 'mix_magnitude', 'ideal_binary_mask', 'source_magnitudes'])
1.009408950805664 GB allocated
8.646484375 GB reserved
dict_keys(['index', 'mixture_magnitude', 'mixture_phase', 'source_phase', 'mix_magnitude', 'ideal_binary_mask', 'source_magnitudes'])
1.009408950805664 GB allocated
8.646484375 GB reserved
dict_keys(['index', 'mixture_magnitude', 'mixture_phase', 'source_phase', 'mix_magnitude', 'ideal_binary_mask', 'source_magnitudes'])
1.0085558891296387 GB allocated
8.646484375 GB reserved
dict_keys(['index', 'mixture_magnitude', 'mixture_phase', 'source_phase', 'mix_magnitude', 'ideal_binary_mask', 'source_magnitudes'])
1.009408950805664 GB allocated
8.646484375 GB reserved
dict_keys(['index', 'mixture_magnitude', 'mixture_phase', 'source_phase', 'mix_magnitude', 'ideal_binary_mask', 'source_magnitudes'])
1.009408950805664 GB allocated
8.646484375 GB reserved
dict_keys(['index', 'mixture_magnitude', 'mixture_phase', 'source_phase', 'mix_magnitude', 'ideal_binary_mask', 'source_magnitudes'])
1.009408950805664 GB allocated
8.646484375 GB reserved
dict_keys(['index', 'mixture_magnitude', 'mixture_phase', 'source_phase', 'mix_magnitude', 'ideal_binary_mask', 'source_magnitudes'])
1.0085558891296387 GB allocated
8.646484375 GB reserved
dict_keys(['index', 'mixture_magnitude', 'mixture_phase', 'source_phase', 'mix_magnitude', 'ideal_binary_mask', 'source_magnitudes'])
1.009408950805664 GB allocated
8.646484375 GB reserved
dict_keys(['index', 'mixture_magnitude', 'mixture_phase', 'source_phase', 'mix_magnitude', 'ideal_binary_mask', 'source_magnitudes'])
1.009408950805664 GB allocated
8.646484375 GB reserved
dict_keys(['index', 'mixture_magnitude', 'mixture_phase', 'source_phase', 'mix_magnitude', 'ideal_binary_mask', 'source_magnitudes'])
1.009408950805664 GB allocated
8.646484375 GB reserved
dict_keys(['index', 'mixture_magnitude', 'mixture_phase', 'source_phase', 'mix_magnitude', 'ideal_binary_mask', 'source_magnitudes'])
1.0085558891296387 GB allocated
8.646484375 GB reserved
dict_keys(['index', 'mixture_magnitude', 'mixture_phase', 'source_phase', 'mix_magnitude', 'ideal_binary_mask', 'source_magnitudes'])
1.009408950805664 GB allocated
8.646484375 GB reserved
dict_keys(['index', 'mixture_magnitude', 'mixture_phase', 'source_phase', 'mix_magnitude', 'ideal_binary_mask', 'source_magnitudes'])
1.009408950805664 GB allocated
8.646484375 GB reserved
dict_keys(['index', 'mixture_magnitude', 'mixture_phase', 'source_phase', 'mix_magnitude', 'ideal_binary_mask', 'source_magnitudes'])
1.009408950805664 GB allocated
8.646484375 GB reserved
dict_keys(['index', 'mixture_magnitude', 'mixture_phase', 'source_phase', 'mix_magnitude', 'ideal_binary_mask', 'source_magnitudes'])
1.0085558891296387 GB allocated
8.646484375 GB reserved
dict_keys(['index', 'mixture_magnitude', 'mixture_phase', 'source_phase', 'mix_magnitude', 'ideal_binary_mask', 'source_magnitudes'])
1.009408950805664 GB allocated
8.646484375 GB reserved
dict_keys(['index', 'mixture_magnitude', 'mixture_phase', 'source_phase', 'mix_magnitude', 'ideal_binary_mask', 'source_magnitudes'])
1.009408950805664 GB allocated
8.646484375 GB reserved
dict_keys(['index', 'mixture_magnitude', 'mixture_phase', 'source_phase', 'mix_magnitude', 'ideal_binary_mask', 'source_magnitudes'])
1.009408950805664 GB allocated
8.646484375 GB reserved
dict_keys(['index', 'mixture_magnitude', 'mixture_phase', 'source_phase', 'mix_magnitude', 'ideal_binary_mask', 'source_magnitudes'])
1.0085558891296387 GB allocated
8.646484375 GB reserved
dict_keys(['index', 'mixture_magnitude', 'mixture_phase', 'source_phase', 'mix_magnitude', 'ideal_binary_mask', 'source_magnitudes'])
1.009408950805664 GB allocated
8.646484375 GB reserved
dict_keys(['index', 'mixture_magnitude', 'mixture_phase', 'source_phase', 'mix_magnitude', 'ideal_binary_mask', 'source_magnitudes'])
1.009408950805664 GB allocated
8.646484375 GB reserved
dict_keys(['index', 'mixture_magnitude', 'mixture_phase', 'source_phase', 'mix_magnitude', 'ideal_binary_mask', 'source_magnitudes'])
1.009408950805664 GB allocated
8.646484375 GB reserved
dict_keys(['index', 'mixture_magnitude', 'mixture_phase', 'source_phase', 'mix_magnitude', 'ideal_binary_mask', 'source_magnitudes'])
1.0085558891296387 GB allocated
8.646484375 GB reserved
dict_keys(['index', 'mixture_magnitude', 'mixture_phase', 'source_phase', 'mix_magnitude', 'ideal_binary_mask', 'source_magnitudes'])
1.009408950805664 GB allocated
8.646484375 GB reserved
dict_keys(['index', 'mixture_magnitude', 'mixture_phase', 'source_phase', 'mix_magnitude', 'ideal_binary_mask', 'source_magnitudes'])
1.009408950805664 GB allocated
8.646484375 GB reserved
dict_keys(['index', 'mixture_magnitude', 'mixture_phase', 'source_phase', 'mix_magnitude', 'ideal_binary_mask', 'source_magnitudes'])
1.009408950805664 GB allocated
8.646484375 GB reserved
dict_keys(['index', 'mixture_magnitude', 'mixture_phase', 'source_phase', 'mix_magnitude', 'ideal_binary_mask', 'source_magnitudes'])
1.0085558891296387 GB allocated
8.646484375 GB reserved
dict_keys(['index', 'mixture_magnitude', 'mixture_phase', 'source_phase', 'mix_magnitude', 'ideal_binary_mask', 'source_magnitudes'])
1.009408950805664 GB allocated
8.646484375 GB reserved
dict_keys(['index', 'mixture_magnitude', 'mixture_phase', 'source_phase', 'mix_magnitude', 'ideal_binary_mask', 'source_magnitudes'])
1.009408950805664 GB allocated
8.646484375 GB reserved
dict_keys(['index', 'mixture_magnitude', 'mixture_phase', 'source_phase', 'mix_magnitude', 'ideal_binary_mask', 'source_magnitudes'])
1.009408950805664 GB allocated
8.646484375 GB reserved
dict_keys(['index', 'mixture_magnitude', 'mixture_phase', 'source_phase', 'mix_magnitude', 'ideal_binary_mask', 'source_magnitudes'])
1.0085558891296387 GB allocated
8.646484375 GB reserved
dict_keys(['index', 'mixture_magnitude', 'mixture_phase', 'source_phase', 'mix_magnitude', 'ideal_binary_mask', 'source_magnitudes'])
1.009408950805664 GB allocated
8.646484375 GB reserved
dict_keys(['index', 'mixture_magnitude', 'mixture_phase', 'source_phase', 'mix_magnitude', 'ideal_binary_mask', 'source_magnitudes'])
1.009408950805664 GB allocated
8.646484375 GB reserved
06/11/2026 01:13:33 PM | engine.py:906 Engine run starting with max_epochs=1.
06/11/2026 01:14:36 PM | engine.py:1010 Epoch[1] Complete. Time taken: 00:01:03.219
dict_keys(['index', 'mixture_magnitude', 'mixture_phase', 'source_phase', 'mix_magnitude', 'ideal_binary_mask', 'source_magnitudes'])
1.009408950805664 GB allocated
8.646484375 GB reserved
dict_keys(['index', 'mixture_magnitude', 'mixture_phase', 'source_phase', 'mix_magnitude', 'ideal_binary_mask', 'source_magnitudes'])
1.0085558891296387 GB allocated
8.646484375 GB reserved
dict_keys(['index', 'mixture_magnitude', 'mixture_phase', 'source_phase', 'mix_magnitude', 'ideal_binary_mask', 'source_magnitudes'])
1.009408950805664 GB allocated
8.646484375 GB reserved
dict_keys(['index', 'mixture_magnitude', 'mixture_phase', 'source_phase', 'mix_magnitude', 'ideal_binary_mask', 'source_magnitudes'])
1.009408950805664 GB allocated
8.646484375 GB reserved
dict_keys(['index', 'mixture_magnitude', 'mixture_phase', 'source_phase', 'mix_magnitude', 'ideal_binary_mask', 'source_magnitudes'])
1.009408950805664 GB allocated
8.646484375 GB reserved
dict_keys(['index', 'mixture_magnitude', 'mixture_phase', 'source_phase', 'mix_magnitude', 'ideal_binary_mask', 'source_magnitudes'])
1.0085558891296387 GB allocated
8.646484375 GB reserved
dict_keys(['index', 'mixture_magnitude', 'mixture_phase', 'source_phase', 'mix_magnitude', 'ideal_binary_mask', 'source_magnitudes'])
1.009408950805664 GB allocated
8.646484375 GB reserved
dict_keys(['index', 'mixture_magnitude', 'mixture_phase', 'source_phase', 'mix_magnitude', 'ideal_binary_mask', 'source_magnitudes'])
1.009408950805664 GB allocated
8.646484375 GB reserved
dict_keys(['index', 'mixture_magnitude', 'mixture_phase', 'source_phase', 'mix_magnitude', 'ideal_binary_mask', 'source_magnitudes'])
1.009408950805664 GB allocated
8.646484375 GB reserved
dict_keys(['index', 'mixture_magnitude', 'mixture_phase', 'source_phase', 'mix_magnitude', 'ideal_binary_mask', 'source_magnitudes'])
1.0085558891296387 GB allocated
8.646484375 GB reserved
dict_keys(['index', 'mixture_magnitude', 'mixture_phase', 'source_phase', 'mix_magnitude', 'ideal_binary_mask', 'source_magnitudes'])
1.009408950805664 GB allocated
8.646484375 GB reserved
dict_keys(['index', 'mixture_magnitude', 'mixture_phase', 'source_phase', 'mix_magnitude', 'ideal_binary_mask', 'source_magnitudes'])
1.009408950805664 GB allocated
8.646484375 GB reserved
dict_keys(['index', 'mixture_magnitude', 'mixture_phase', 'source_phase', 'mix_magnitude', 'ideal_binary_mask', 'source_magnitudes'])
1.009408950805664 GB allocated
8.646484375 GB reserved
dict_keys(['index', 'mixture_magnitude', 'mixture_phase', 'source_phase', 'mix_magnitude', 'ideal_binary_mask', 'source_magnitudes'])
1.0085558891296387 GB allocated
8.646484375 GB reserved
dict_keys(['index', 'mixture_magnitude', 'mixture_phase', 'source_phase', 'mix_magnitude', 'ideal_binary_mask', 'source_magnitudes'])
1.009408950805664 GB allocated
8.646484375 GB reserved
dict_keys(['index', 'mixture_magnitude', 'mixture_phase', 'source_phase', 'mix_magnitude', 'ideal_binary_mask', 'source_magnitudes'])
1.009408950805664 GB allocated
8.646484375 GB reserved
dict_keys(['index', 'mixture_magnitude', 'mixture_phase', 'source_phase', 'mix_magnitude', 'ideal_binary_mask', 'source_magnitudes'])
1.009408950805664 GB allocated
8.646484375 GB reserved
dict_keys(['index', 'mixture_magnitude', 'mixture_phase', 'source_phase', 'mix_magnitude', 'ideal_binary_mask', 'source_magnitudes'])
1.0085558891296387 GB allocated
8.646484375 GB reserved
dict_keys(['index', 'mixture_magnitude', 'mixture_phase', 'source_phase', 'mix_magnitude', 'ideal_binary_mask', 'source_magnitudes'])
1.009408950805664 GB allocated
8.646484375 GB reserved
dict_keys(['index', 'mixture_magnitude', 'mixture_phase', 'source_phase', 'mix_magnitude', 'ideal_binary_mask', 'source_magnitudes'])
1.009408950805664 GB allocated
8.646484375 GB reserved
dict_keys(['index', 'mixture_magnitude', 'mixture_phase', 'source_phase', 'mix_magnitude', 'ideal_binary_mask', 'source_magnitudes'])
1.009408950805664 GB allocated
8.646484375 GB reserved
dict_keys(['index', 'mixture_magnitude', 'mixture_phase', 'source_phase', 'mix_magnitude', 'ideal_binary_mask', 'source_magnitudes'])
1.0085558891296387 GB allocated
8.646484375 GB reserved
dict_keys(['index', 'mixture_magnitude', 'mixture_phase', 'source_phase', 'mix_magnitude', 'ideal_binary_mask', 'source_magnitudes'])
1.009408950805664 GB allocated
8.646484375 GB reserved
dict_keys(['index', 'mixture_magnitude', 'mixture_phase', 'source_phase', 'mix_magnitude', 'ideal_binary_mask', 'source_magnitudes'])
1.009408950805664 GB allocated
8.646484375 GB reserved
dict_keys(['index', 'mixture_magnitude', 'mixture_phase', 'source_phase', 'mix_magnitude', 'ideal_binary_mask', 'source_magnitudes'])
1.009408950805664 GB allocated
8.646484375 GB reserved
dict_keys(['index', 'mixture_magnitude', 'mixture_phase', 'source_phase', 'mix_magnitude', 'ideal_binary_mask', 'source_magnitudes'])
1.0085558891296387 GB allocated
8.646484375 GB reserved
dict_keys(['index', 'mixture_magnitude', 'mixture_phase', 'source_phase', 'mix_magnitude', 'ideal_binary_mask', 'source_magnitudes'])
1.009408950805664 GB allocated
8.646484375 GB reserved
dict_keys(['index', 'mixture_magnitude', 'mixture_phase', 'source_phase', 'mix_magnitude', 'ideal_binary_mask', 'source_magnitudes'])
1.009408950805664 GB allocated
8.646484375 GB reserved
dict_keys(['index', 'mixture_magnitude', 'mixture_phase', 'source_phase', 'mix_magnitude', 'ideal_binary_mask', 'source_magnitudes'])
1.009408950805664 GB allocated
8.646484375 GB reserved
dict_keys(['index', 'mixture_magnitude', 'mixture_phase', 'source_phase', 'mix_magnitude', 'ideal_binary_mask', 'source_magnitudes'])
1.0085558891296387 GB allocated
8.646484375 GB reserved
dict_keys(['index', 'mixture_magnitude', 'mixture_phase', 'source_phase', 'mix_magnitude', 'ideal_binary_mask', 'source_magnitudes'])
1.009408950805664 GB allocated
8.646484375 GB reserved
dict_keys(['index', 'mixture_magnitude', 'mixture_phase', 'source_phase', 'mix_magnitude', 'ideal_binary_mask', 'source_magnitudes'])
1.009408950805664 GB allocated
8.646484375 GB reserved
dict_keys(['index', 'mixture_magnitude', 'mixture_phase', 'source_phase', 'mix_magnitude', 'ideal_binary_mask', 'source_magnitudes'])
1.009408950805664 GB allocated
8.646484375 GB reserved
dict_keys(['index', 'mixture_magnitude', 'mixture_phase', 'source_phase', 'mix_magnitude', 'ideal_binary_mask', 'source_magnitudes'])
1.0085558891296387 GB allocated
8.646484375 GB reserved
dict_keys(['index', 'mixture_magnitude', 'mixture_phase', 'source_phase', 'mix_magnitude', 'ideal_binary_mask', 'source_magnitudes'])
1.009408950805664 GB allocated
8.646484375 GB reserved
dict_keys(['index', 'mixture_magnitude', 'mixture_phase', 'source_phase', 'mix_magnitude', 'ideal_binary_mask', 'source_magnitudes'])
1.009408950805664 GB allocated
8.646484375 GB reserved
dict_keys(['index', 'mixture_magnitude', 'mixture_phase', 'source_phase', 'mix_magnitude', 'ideal_binary_mask', 'source_magnitudes'])
1.009408950805664 GB allocated
8.646484375 GB reserved
dict_keys(['index', 'mixture_magnitude', 'mixture_phase', 'source_phase', 'mix_magnitude', 'ideal_binary_mask', 'source_magnitudes'])
1.0085558891296387 GB allocated
8.646484375 GB reserved
dict_keys(['index', 'mixture_magnitude', 'mixture_phase', 'source_phase', 'mix_magnitude', 'ideal_binary_mask', 'source_magnitudes'])
1.009408950805664 GB allocated
8.646484375 GB reserved
dict_keys(['index', 'mixture_magnitude', 'mixture_phase', 'source_phase', 'mix_magnitude', 'ideal_binary_mask', 'source_magnitudes'])
1.009408950805664 GB allocated
8.646484375 GB reserved
dict_keys(['index', 'mixture_magnitude', 'mixture_phase', 'source_phase', 'mix_magnitude', 'ideal_binary_mask', 'source_magnitudes'])
1.009408950805664 GB allocated
8.646484375 GB reserved
dict_keys(['index', 'mixture_magnitude', 'mixture_phase', 'source_phase', 'mix_magnitude', 'ideal_binary_mask', 'source_magnitudes'])
1.0085558891296387 GB allocated
8.646484375 GB reserved
dict_keys(['index', 'mixture_magnitude', 'mixture_phase', 'source_phase', 'mix_magnitude', 'ideal_binary_mask', 'source_magnitudes'])
1.009408950805664 GB allocated
8.646484375 GB reserved
dict_keys(['index', 'mixture_magnitude', 'mixture_phase', 'source_phase', 'mix_magnitude', 'ideal_binary_mask', 'source_magnitudes'])
1.009408950805664 GB allocated
8.646484375 GB reserved
dict_keys(['index', 'mixture_magnitude', 'mixture_phase', 'source_phase', 'mix_magnitude', 'ideal_binary_mask', 'source_magnitudes'])
1.009408950805664 GB allocated
8.646484375 GB reserved
dict_keys(['index', 'mixture_magnitude', 'mixture_phase', 'source_phase', 'mix_magnitude', 'ideal_binary_mask', 'source_magnitudes'])
1.0085558891296387 GB allocated
8.646484375 GB reserved
dict_keys(['index', 'mixture_magnitude', 'mixture_phase', 'source_phase', 'mix_magnitude', 'ideal_binary_mask', 'source_magnitudes'])
1.009408950805664 GB allocated
8.646484375 GB reserved
dict_keys(['index', 'mixture_magnitude', 'mixture_phase', 'source_phase', 'mix_magnitude', 'ideal_binary_mask', 'source_magnitudes'])
1.009408950805664 GB allocated
8.646484375 GB reserved
dict_keys(['index', 'mixture_magnitude', 'mixture_phase', 'source_phase', 'mix_magnitude', 'ideal_binary_mask', 'source_magnitudes'])
1.009408950805664 GB allocated
8.646484375 GB reserved
dict_keys(['index', 'mixture_magnitude', 'mixture_phase', 'source_phase', 'mix_magnitude', 'ideal_binary_mask', 'source_magnitudes'])
1.0085558891296387 GB allocated
8.646484375 GB reserved
dict_keys(['index', 'mixture_magnitude', 'mixture_phase', 'source_phase', 'mix_magnitude', 'ideal_binary_mask', 'source_magnitudes'])
1.009408950805664 GB allocated
8.646484375 GB reserved
dict_keys(['index', 'mixture_magnitude', 'mixture_phase', 'source_phase', 'mix_magnitude', 'ideal_binary_mask', 'source_magnitudes'])
1.009408950805664 GB allocated
8.646484375 GB reserved
dict_keys(['index', 'mixture_magnitude', 'mixture_phase', 'source_phase', 'mix_magnitude', 'ideal_binary_mask', 'source_magnitudes'])
1.009408950805664 GB allocated
8.646484375 GB reserved
dict_keys(['index', 'mixture_magnitude', 'mixture_phase', 'source_phase', 'mix_magnitude', 'ideal_binary_mask', 'source_magnitudes'])
1.0085558891296387 GB allocated
8.646484375 GB reserved
dict_keys(['index', 'mixture_magnitude', 'mixture_phase', 'source_phase', 'mix_magnitude', 'ideal_binary_mask', 'source_magnitudes'])
1.009408950805664 GB allocated
8.646484375 GB reserved
dict_keys(['index', 'mixture_magnitude', 'mixture_phase', 'source_phase', 'mix_magnitude', 'ideal_binary_mask', 'source_magnitudes'])
1.009408950805664 GB allocated
8.646484375 GB reserved
dict_keys(['index', 'mixture_magnitude', 'mixture_phase', 'source_phase', 'mix_magnitude', 'ideal_binary_mask', 'source_magnitudes'])
1.009408950805664 GB allocated
8.646484375 GB reserved
dict_keys(['index', 'mixture_magnitude', 'mixture_phase', 'source_phase', 'mix_magnitude', 'ideal_binary_mask', 'source_magnitudes'])
[Validator] Epoch 28 - val_loss: 0.880358
[BEST CHECKPOINT] Guardado/actualizado en: checkpoints\Mis_modelos_v2\advanced\l_mrs checkpoints\4stems\best_checkpoint_28_val_loss=-0.8804.pt
06/11/2026 01:14:36 PM | engine.py:1037 Engine run finished. Time taken: 00:01:03.227
[Epoch 28] train_loss=0.890125 | val_loss=0.880358
06/11/2026 01:14:36 PM | engine.py:1010 Epoch[28] Complete. Time taken: 00:39:13.668
1.0085558891296387 GB allocated
8.646484375 GB reserved
dict_keys(['index', 'mixture_magnitude', 'mixture_phase', 'source_phase', 'mix_magnitude', 'ideal_binary_mask', 'source_magnitudes'])
1.009408950805664 GB allocated
8.646484375 GB reserved
dict_keys(['index', 'mixture_magnitude', 'mixture_phase', 'source_phase', 'mix_magnitude', 'ideal_binary_mask', 'source_magnitudes'])
1.009408950805664 GB allocated
8.646484375 GB reserved
dict_keys(['index', 'mixture_magnitude', 'mixture_phase', 'source_phase', 'mix_magnitude', 'ideal_binary_mask', 'source_magnitudes'])
1.009408950805664 GB allocated
8.646484375 GB reserved
dict_keys(['index', 'mixture_magnitude', 'mixture_phase', 'source_phase', 'mix_magnitude', 'ideal_binary_mask', 'source_magnitudes'])
1.0085558891296387 GB allocated
8.646484375 GB reserved
dict_keys(['index', 'mixture_magnitude', 'mixture_phase', 'source_phase', 'mix_magnitude', 'ideal_binary_mask', 'source_magnitudes'])
1.009408950805664 GB allocated
8.646484375 GB reserved
dict_keys(['index', 'mixture_magnitude', 'mixture_phase', 'source_phase', 'mix_magnitude', 'ideal_binary_mask', 'source_magnitudes'])
1.009408950805664 GB allocated
8.646484375 GB reserved
dict_keys(['index', 'mixture_magnitude', 'mixture_phase', 'source_phase', 'mix_magnitude', 'ideal_binary_mask', 'source_magnitudes'])
1.009408950805664 GB allocated
8.646484375 GB reserved
dict_keys(['index', 'mixture_magnitude', 'mixture_phase', 'source_phase', 'mix_magnitude', 'ideal_binary_mask', 'source_magnitudes'])
1.0085558891296387 GB allocated
8.646484375 GB reserved
dict_keys(['index', 'mixture_magnitude', 'mixture_phase', 'source_phase', 'mix_magnitude', 'ideal_binary_mask', 'source_magnitudes'])
1.009408950805664 GB allocated
8.646484375 GB reserved
dict_keys(['index', 'mixture_magnitude', 'mixture_phase', 'source_phase', 'mix_magnitude', 'ideal_binary_mask', 'source_magnitudes'])
1.009408950805664 GB allocated
8.646484375 GB reserved
dict_keys(['index', 'mixture_magnitude', 'mixture_phase', 'source_phase', 'mix_magnitude', 'ideal_binary_mask', 'source_magnitudes'])
1.009408950805664 GB allocated
8.646484375 GB reserved
dict_keys(['index', 'mixture_magnitude', 'mixture_phase', 'source_phase', 'mix_magnitude', 'ideal_binary_mask', 'source_magnitudes'])
1.0085558891296387 GB allocated
8.646484375 GB reserved
dict_keys(['index', 'mixture_magnitude', 'mixture_phase', 'source_phase', 'mix_magnitude', 'ideal_binary_mask', 'source_magnitudes'])
1.009408950805664 GB allocated
8.646484375 GB reserved
dict_keys(['index', 'mixture_magnitude', 'mixture_phase', 'source_phase', 'mix_magnitude', 'ideal_binary_mask', 'source_magnitudes'])
1.009408950805664 GB allocated
8.646484375 GB reserved
dict_keys(['index', 'mixture_magnitude', 'mixture_phase', 'source_phase', 'mix_magnitude', 'ideal_binary_mask', 'source_magnitudes'])
1.009408950805664 GB allocated
8.646484375 GB reserved
dict_keys(['index', 'mixture_magnitude', 'mixture_phase', 'source_phase', 'mix_magnitude', 'ideal_binary_mask', 'source_magnitudes'])
1.0085558891296387 GB allocated
8.646484375 GB reserved
dict_keys(['index', 'mixture_magnitude', 'mixture_phase', 'source_phase', 'mix_magnitude', 'ideal_binary_mask', 'source_magnitudes'])
1.009408950805664 GB allocated
8.646484375 GB reserved
dict_keys(['index', 'mixture_magnitude', 'mixture_phase', 'source_phase', 'mix_magnitude', 'ideal_binary_mask', 'source_magnitudes'])
1.009408950805664 GB allocated
8.646484375 GB reserved
dict_keys(['index', 'mixture_magnitude', 'mixture_phase', 'source_phase', 'mix_magnitude', 'ideal_binary_mask', 'source_magnitudes'])
1.009408950805664 GB allocated
8.646484375 GB reserved
dict_keys(['index', 'mixture_magnitude', 'mixture_phase', 'source_phase', 'mix_magnitude', 'ideal_binary_mask', 'source_magnitudes'])
1.0085558891296387 GB allocated
8.646484375 GB reserved
dict_keys(['index', 'mixture_magnitude', 'mixture_phase', 'source_phase', 'mix_magnitude', 'ideal_binary_mask', 'source_magnitudes'])
1.009408950805664 GB allocated
8.646484375 GB reserved
dict_keys(['index', 'mixture_magnitude', 'mixture_phase', 'source_phase', 'mix_magnitude', 'ideal_binary_mask', 'source_magnitudes'])
1.009408950805664 GB allocated
8.646484375 GB reserved
dict_keys(['index', 'mixture_magnitude', 'mixture_phase', 'source_phase', 'mix_magnitude', 'ideal_binary_mask', 'source_magnitudes'])
1.009408950805664 GB allocated
8.646484375 GB reserved
dict_keys(['index', 'mixture_magnitude', 'mixture_phase', 'source_phase', 'mix_magnitude', 'ideal_binary_mask', 'source_magnitudes'])
1.0085558891296387 GB allocated
8.646484375 GB reserved
dict_keys(['index', 'mixture_magnitude', 'mixture_phase', 'source_phase', 'mix_magnitude', 'ideal_binary_mask', 'source_magnitudes'])
1.009408950805664 GB allocated
8.646484375 GB reserved
dict_keys(['index', 'mixture_magnitude', 'mixture_phase', 'source_phase', 'mix_magnitude', 'ideal_binary_mask', 'source_magnitudes'])
1.009408950805664 GB allocated
8.646484375 GB reserved
dict_keys(['index', 'mixture_magnitude', 'mixture_phase', 'source_phase', 'mix_magnitude', 'ideal_binary_mask', 'source_magnitudes'])
1.009408950805664 GB allocated
8.646484375 GB reserved
dict_keys(['index', 'mixture_magnitude', 'mixture_phase', 'source_phase', 'mix_magnitude', 'ideal_binary_mask', 'source_magnitudes'])
1.0085558891296387 GB allocated
8.646484375 GB reserved
dict_keys(['index', 'mixture_magnitude', 'mixture_phase', 'source_phase', 'mix_magnitude', 'ideal_binary_mask', 'source_magnitudes'])
1.009408950805664 GB allocated
8.646484375 GB reserved
dict_keys(['index', 'mixture_magnitude', 'mixture_phase', 'source_phase', 'mix_magnitude', 'ideal_binary_mask', 'source_magnitudes'])
1.009408950805664 GB allocated
8.646484375 GB reserved
dict_keys(['index', 'mixture_magnitude', 'mixture_phase', 'source_phase', 'mix_magnitude', 'ideal_binary_mask', 'source_magnitudes'])
1.009408950805664 GB allocated
8.646484375 GB reserved
dict_keys(['index', 'mixture_magnitude', 'mixture_phase', 'source_phase', 'mix_magnitude', 'ideal_binary_mask', 'source_magnitudes'])
1.0085558891296387 GB allocated
8.646484375 GB reserved
dict_keys(['index', 'mixture_magnitude', 'mixture_phase', 'source_phase', 'mix_magnitude', 'ideal_binary_mask', 'source_magnitudes'])
1.009408950805664 GB allocated
8.646484375 GB reserved
dict_keys(['index', 'mixture_magnitude', 'mixture_phase', 'source_phase', 'mix_magnitude', 'ideal_binary_mask', 'source_magnitudes'])
1.009408950805664 GB allocated
8.646484375 GB reserved
dict_keys(['index', 'mixture_magnitude', 'mixture_phase', 'source_phase', 'mix_magnitude', 'ideal_binary_mask', 'source_magnitudes'])
1.009408950805664 GB allocated
8.646484375 GB reserved
dict_keys(['index', 'mixture_magnitude', 'mixture_phase', 'source_phase', 'mix_magnitude', 'ideal_binary_mask', 'source_magnitudes'])
1.0085558891296387 GB allocated
8.646484375 GB reserved
dict_keys(['index', 'mixture_magnitude', 'mixture_phase', 'source_phase', 'mix_magnitude', 'ideal_binary_mask', 'source_magnitudes'])
1.009408950805664 GB allocated
8.646484375 GB reserved
dict_keys(['index', 'mixture_magnitude', 'mixture_phase', 'source_phase', 'mix_magnitude', 'ideal_binary_mask', 'source_magnitudes'])
1.009408950805664 GB allocated
8.646484375 GB reserved
dict_keys(['index', 'mixture_magnitude', 'mixture_phase', 'source_phase', 'mix_magnitude', 'ideal_binary_mask', 'source_magnitudes'])
1.009408950805664 GB allocated
8.646484375 GB reserved
dict_keys(['index', 'mixture_magnitude', 'mixture_phase', 'source_phase', 'mix_magnitude', 'ideal_binary_mask', 'source_magnitudes'])
1.0085558891296387 GB allocated
8.646484375 GB reserved
dict_keys(['index', 'mixture_magnitude', 'mixture_phase', 'source_phase', 'mix_magnitude', 'ideal_binary_mask', 'source_magnitudes'])
1.009408950805664 GB allocated
8.646484375 GB reserved
dict_keys(['index', 'mixture_magnitude', 'mixture_phase', 'source_phase', 'mix_magnitude', 'ideal_binary_mask', 'source_magnitudes'])
1.009408950805664 GB allocated
8.646484375 GB reserved
06/11/2026 01:53:17 PM | engine.py:906 Engine run starting with max_epochs=1.
06/11/2026 01:54:20 PM | engine.py:1010 Epoch[1] Complete. Time taken: 00:01:02.666
dict_keys(['index', 'mixture_magnitude', 'mixture_phase', 'source_phase', 'mix_magnitude', 'ideal_binary_mask', 'source_magnitudes'])
1.009408950805664 GB allocated
8.646484375 GB reserved
dict_keys(['index', 'mixture_magnitude', 'mixture_phase', 'source_phase', 'mix_magnitude', 'ideal_binary_mask', 'source_magnitudes'])
1.0085558891296387 GB allocated
8.646484375 GB reserved
dict_keys(['index', 'mixture_magnitude', 'mixture_phase', 'source_phase', 'mix_magnitude', 'ideal_binary_mask', 'source_magnitudes'])
1.009408950805664 GB allocated
8.646484375 GB reserved
dict_keys(['index', 'mixture_magnitude', 'mixture_phase', 'source_phase', 'mix_magnitude', 'ideal_binary_mask', 'source_magnitudes'])
1.009408950805664 GB allocated
8.646484375 GB reserved
dict_keys(['index', 'mixture_magnitude', 'mixture_phase', 'source_phase', 'mix_magnitude', 'ideal_binary_mask', 'source_magnitudes'])
1.009408950805664 GB allocated
8.646484375 GB reserved
dict_keys(['index', 'mixture_magnitude', 'mixture_phase', 'source_phase', 'mix_magnitude', 'ideal_binary_mask', 'source_magnitudes'])
1.0085558891296387 GB allocated
8.646484375 GB reserved
dict_keys(['index', 'mixture_magnitude', 'mixture_phase', 'source_phase', 'mix_magnitude', 'ideal_binary_mask', 'source_magnitudes'])
1.009408950805664 GB allocated
8.646484375 GB reserved
dict_keys(['index', 'mixture_magnitude', 'mixture_phase', 'source_phase', 'mix_magnitude', 'ideal_binary_mask', 'source_magnitudes'])
1.009408950805664 GB allocated
8.646484375 GB reserved
dict_keys(['index', 'mixture_magnitude', 'mixture_phase', 'source_phase', 'mix_magnitude', 'ideal_binary_mask', 'source_magnitudes'])
1.009408950805664 GB allocated
8.646484375 GB reserved
dict_keys(['index', 'mixture_magnitude', 'mixture_phase', 'source_phase', 'mix_magnitude', 'ideal_binary_mask', 'source_magnitudes'])
1.0085558891296387 GB allocated
8.646484375 GB reserved
dict_keys(['index', 'mixture_magnitude', 'mixture_phase', 'source_phase', 'mix_magnitude', 'ideal_binary_mask', 'source_magnitudes'])
1.009408950805664 GB allocated
8.646484375 GB reserved
dict_keys(['index', 'mixture_magnitude', 'mixture_phase', 'source_phase', 'mix_magnitude', 'ideal_binary_mask', 'source_magnitudes'])
1.009408950805664 GB allocated
8.646484375 GB reserved
dict_keys(['index', 'mixture_magnitude', 'mixture_phase', 'source_phase', 'mix_magnitude', 'ideal_binary_mask', 'source_magnitudes'])
1.009408950805664 GB allocated
8.646484375 GB reserved
dict_keys(['index', 'mixture_magnitude', 'mixture_phase', 'source_phase', 'mix_magnitude', 'ideal_binary_mask', 'source_magnitudes'])
1.0085558891296387 GB allocated
8.646484375 GB reserved
dict_keys(['index', 'mixture_magnitude', 'mixture_phase', 'source_phase', 'mix_magnitude', 'ideal_binary_mask', 'source_magnitudes'])
1.009408950805664 GB allocated
8.646484375 GB reserved
dict_keys(['index', 'mixture_magnitude', 'mixture_phase', 'source_phase', 'mix_magnitude', 'ideal_binary_mask', 'source_magnitudes'])
1.009408950805664 GB allocated
8.646484375 GB reserved
dict_keys(['index', 'mixture_magnitude', 'mixture_phase', 'source_phase', 'mix_magnitude', 'ideal_binary_mask', 'source_magnitudes'])
1.009408950805664 GB allocated
8.646484375 GB reserved
dict_keys(['index', 'mixture_magnitude', 'mixture_phase', 'source_phase', 'mix_magnitude', 'ideal_binary_mask', 'source_magnitudes'])
1.0085558891296387 GB allocated
8.646484375 GB reserved
dict_keys(['index', 'mixture_magnitude', 'mixture_phase', 'source_phase', 'mix_magnitude', 'ideal_binary_mask', 'source_magnitudes'])
1.009408950805664 GB allocated
8.646484375 GB reserved
dict_keys(['index', 'mixture_magnitude', 'mixture_phase', 'source_phase', 'mix_magnitude', 'ideal_binary_mask', 'source_magnitudes'])
1.009408950805664 GB allocated
8.646484375 GB reserved
dict_keys(['index', 'mixture_magnitude', 'mixture_phase', 'source_phase', 'mix_magnitude', 'ideal_binary_mask', 'source_magnitudes'])
1.009408950805664 GB allocated
8.646484375 GB reserved
dict_keys(['index', 'mixture_magnitude', 'mixture_phase', 'source_phase', 'mix_magnitude', 'ideal_binary_mask', 'source_magnitudes'])
1.0085558891296387 GB allocated
8.646484375 GB reserved
dict_keys(['index', 'mixture_magnitude', 'mixture_phase', 'source_phase', 'mix_magnitude', 'ideal_binary_mask', 'source_magnitudes'])
1.009408950805664 GB allocated
8.646484375 GB reserved
dict_keys(['index', 'mixture_magnitude', 'mixture_phase', 'source_phase', 'mix_magnitude', 'ideal_binary_mask', 'source_magnitudes'])
1.009408950805664 GB allocated
8.646484375 GB reserved
dict_keys(['index', 'mixture_magnitude', 'mixture_phase', 'source_phase', 'mix_magnitude', 'ideal_binary_mask', 'source_magnitudes'])
1.009408950805664 GB allocated
8.646484375 GB reserved
dict_keys(['index', 'mixture_magnitude', 'mixture_phase', 'source_phase', 'mix_magnitude', 'ideal_binary_mask', 'source_magnitudes'])
1.0085558891296387 GB allocated
8.646484375 GB reserved
dict_keys(['index', 'mixture_magnitude', 'mixture_phase', 'source_phase', 'mix_magnitude', 'ideal_binary_mask', 'source_magnitudes'])
1.009408950805664 GB allocated
8.646484375 GB reserved
dict_keys(['index', 'mixture_magnitude', 'mixture_phase', 'source_phase', 'mix_magnitude', 'ideal_binary_mask', 'source_magnitudes'])
1.009408950805664 GB allocated
8.646484375 GB reserved
dict_keys(['index', 'mixture_magnitude', 'mixture_phase', 'source_phase', 'mix_magnitude', 'ideal_binary_mask', 'source_magnitudes'])
1.009408950805664 GB allocated
8.646484375 GB reserved
dict_keys(['index', 'mixture_magnitude', 'mixture_phase', 'source_phase', 'mix_magnitude', 'ideal_binary_mask', 'source_magnitudes'])
1.0085558891296387 GB allocated
8.646484375 GB reserved
dict_keys(['index', 'mixture_magnitude', 'mixture_phase', 'source_phase', 'mix_magnitude', 'ideal_binary_mask', 'source_magnitudes'])
1.009408950805664 GB allocated
8.646484375 GB reserved
dict_keys(['index', 'mixture_magnitude', 'mixture_phase', 'source_phase', 'mix_magnitude', 'ideal_binary_mask', 'source_magnitudes'])
1.009408950805664 GB allocated
8.646484375 GB reserved
dict_keys(['index', 'mixture_magnitude', 'mixture_phase', 'source_phase', 'mix_magnitude', 'ideal_binary_mask', 'source_magnitudes'])
1.009408950805664 GB allocated
8.646484375 GB reserved
dict_keys(['index', 'mixture_magnitude', 'mixture_phase', 'source_phase', 'mix_magnitude', 'ideal_binary_mask', 'source_magnitudes'])
1.0085558891296387 GB allocated
8.646484375 GB reserved
dict_keys(['index', 'mixture_magnitude', 'mixture_phase', 'source_phase', 'mix_magnitude', 'ideal_binary_mask', 'source_magnitudes'])
1.009408950805664 GB allocated
8.646484375 GB reserved
dict_keys(['index', 'mixture_magnitude', 'mixture_phase', 'source_phase', 'mix_magnitude', 'ideal_binary_mask', 'source_magnitudes'])
1.009408950805664 GB allocated
8.646484375 GB reserved
dict_keys(['index', 'mixture_magnitude', 'mixture_phase', 'source_phase', 'mix_magnitude', 'ideal_binary_mask', 'source_magnitudes'])
1.009408950805664 GB allocated
8.646484375 GB reserved
dict_keys(['index', 'mixture_magnitude', 'mixture_phase', 'source_phase', 'mix_magnitude', 'ideal_binary_mask', 'source_magnitudes'])
1.0085558891296387 GB allocated
8.646484375 GB reserved
dict_keys(['index', 'mixture_magnitude', 'mixture_phase', 'source_phase', 'mix_magnitude', 'ideal_binary_mask', 'source_magnitudes'])
1.009408950805664 GB allocated
8.646484375 GB reserved
dict_keys(['index', 'mixture_magnitude', 'mixture_phase', 'source_phase', 'mix_magnitude', 'ideal_binary_mask', 'source_magnitudes'])
1.009408950805664 GB allocated
8.646484375 GB reserved
dict_keys(['index', 'mixture_magnitude', 'mixture_phase', 'source_phase', 'mix_magnitude', 'ideal_binary_mask', 'source_magnitudes'])
1.009408950805664 GB allocated
8.646484375 GB reserved
dict_keys(['index', 'mixture_magnitude', 'mixture_phase', 'source_phase', 'mix_magnitude', 'ideal_binary_mask', 'source_magnitudes'])
1.0085558891296387 GB allocated
8.646484375 GB reserved
dict_keys(['index', 'mixture_magnitude', 'mixture_phase', 'source_phase', 'mix_magnitude', 'ideal_binary_mask', 'source_magnitudes'])
1.009408950805664 GB allocated
8.646484375 GB reserved
dict_keys(['index', 'mixture_magnitude', 'mixture_phase', 'source_phase', 'mix_magnitude', 'ideal_binary_mask', 'source_magnitudes'])
1.009408950805664 GB allocated
8.646484375 GB reserved
dict_keys(['index', 'mixture_magnitude', 'mixture_phase', 'source_phase', 'mix_magnitude', 'ideal_binary_mask', 'source_magnitudes'])
1.009408950805664 GB allocated
8.646484375 GB reserved
dict_keys(['index', 'mixture_magnitude', 'mixture_phase', 'source_phase', 'mix_magnitude', 'ideal_binary_mask', 'source_magnitudes'])
1.0085558891296387 GB allocated
8.646484375 GB reserved
dict_keys(['index', 'mixture_magnitude', 'mixture_phase', 'source_phase', 'mix_magnitude', 'ideal_binary_mask', 'source_magnitudes'])
1.009408950805664 GB allocated
8.646484375 GB reserved
dict_keys(['index', 'mixture_magnitude', 'mixture_phase', 'source_phase', 'mix_magnitude', 'ideal_binary_mask', 'source_magnitudes'])
1.009408950805664 GB allocated
8.646484375 GB reserved
dict_keys(['index', 'mixture_magnitude', 'mixture_phase', 'source_phase', 'mix_magnitude', 'ideal_binary_mask', 'source_magnitudes'])
1.009408950805664 GB allocated
8.646484375 GB reserved
dict_keys(['index', 'mixture_magnitude', 'mixture_phase', 'source_phase', 'mix_magnitude', 'ideal_binary_mask', 'source_magnitudes'])
1.0085558891296387 GB allocated
8.646484375 GB reserved
dict_keys(['index', 'mixture_magnitude', 'mixture_phase', 'source_phase', 'mix_magnitude', 'ideal_binary_mask', 'source_magnitudes'])
1.009408950805664 GB allocated
8.646484375 GB reserved
dict_keys(['index', 'mixture_magnitude', 'mixture_phase', 'source_phase', 'mix_magnitude', 'ideal_binary_mask', 'source_magnitudes'])
1.009408950805664 GB allocated
8.646484375 GB reserved
dict_keys(['index', 'mixture_magnitude', 'mixture_phase', 'source_phase', 'mix_magnitude', 'ideal_binary_mask', 'source_magnitudes'])
1.009408950805664 GB allocated
8.646484375 GB reserved
dict_keys(['index', 'mixture_magnitude', 'mixture_phase', 'source_phase', 'mix_magnitude', 'ideal_binary_mask', 'source_magnitudes'])
1.0085558891296387 GB allocated
8.646484375 GB reserved
dict_keys(['index', 'mixture_magnitude', 'mixture_phase', 'source_phase', 'mix_magnitude', 'ideal_binary_mask', 'source_magnitudes'])
1.009408950805664 GB allocated
8.646484375 GB reserved
dict_keys(['index', 'mixture_magnitude', 'mixture_phase', 'source_phase', 'mix_magnitude', 'ideal_binary_mask', 'source_magnitudes'])
1.009408950805664 GB allocated
8.646484375 GB reserved
dict_keys(['index', 'mixture_magnitude', 'mixture_phase', 'source_phase', 'mix_magnitude', 'ideal_binary_mask', 'source_magnitudes'])
1.009408950805664 GB allocated
8.646484375 GB reserved
dict_keys(['index', 'mixture_magnitude', 'mixture_phase', 'source_phase', 'mix_magnitude', 'ideal_binary_mask', 'source_magnitudes'])
[Validator] Epoch 29 - val_loss: 0.878677
[BEST CHECKPOINT] Guardado/actualizado en: checkpoints\Mis_modelos_v2\advanced\l_mrs checkpoints\4stems\best_checkpoint_29_val_loss=-0.8787.pt
06/11/2026 01:54:20 PM | engine.py:1037 Engine run finished. Time taken: 00:01:02.671
[Epoch 29] train_loss=0.890426 | val_loss=0.878677
06/11/2026 01:54:20 PM | engine.py:1010 Epoch[29] Complete. Time taken: 00:39:43.892
1.0085558891296387 GB allocated
8.646484375 GB reserved
dict_keys(['index', 'mixture_magnitude', 'mixture_phase', 'source_phase', 'mix_magnitude', 'ideal_binary_mask', 'source_magnitudes'])
1.009408950805664 GB allocated
8.646484375 GB reserved
dict_keys(['index', 'mixture_magnitude', 'mixture_phase', 'source_phase', 'mix_magnitude', 'ideal_binary_mask', 'source_magnitudes'])
1.009408950805664 GB allocated
8.646484375 GB reserved
dict_keys(['index', 'mixture_magnitude', 'mixture_phase', 'source_phase', 'mix_magnitude', 'ideal_binary_mask', 'source_magnitudes'])
1.009408950805664 GB allocated
8.646484375 GB reserved
dict_keys(['index', 'mixture_magnitude', 'mixture_phase', 'source_phase', 'mix_magnitude', 'ideal_binary_mask', 'source_magnitudes'])
1.0085558891296387 GB allocated
8.646484375 GB reserved
dict_keys(['index', 'mixture_magnitude', 'mixture_phase', 'source_phase', 'mix_magnitude', 'ideal_binary_mask', 'source_magnitudes'])
1.009408950805664 GB allocated
8.646484375 GB reserved
dict_keys(['index', 'mixture_magnitude', 'mixture_phase', 'source_phase', 'mix_magnitude', 'ideal_binary_mask', 'source_magnitudes'])
1.009408950805664 GB allocated
8.646484375 GB reserved
dict_keys(['index', 'mixture_magnitude', 'mixture_phase', 'source_phase', 'mix_magnitude', 'ideal_binary_mask', 'source_magnitudes'])
1.009408950805664 GB allocated
8.646484375 GB reserved
dict_keys(['index', 'mixture_magnitude', 'mixture_phase', 'source_phase', 'mix_magnitude', 'ideal_binary_mask', 'source_magnitudes'])
1.0085558891296387 GB allocated
8.646484375 GB reserved
dict_keys(['index', 'mixture_magnitude', 'mixture_phase', 'source_phase', 'mix_magnitude', 'ideal_binary_mask', 'source_magnitudes'])
1.009408950805664 GB allocated
8.646484375 GB reserved
dict_keys(['index', 'mixture_magnitude', 'mixture_phase', 'source_phase', 'mix_magnitude', 'ideal_binary_mask', 'source_magnitudes'])
1.009408950805664 GB allocated
8.646484375 GB reserved
dict_keys(['index', 'mixture_magnitude', 'mixture_phase', 'source_phase', 'mix_magnitude', 'ideal_binary_mask', 'source_magnitudes'])
1.009408950805664 GB allocated
8.646484375 GB reserved
dict_keys(['index', 'mixture_magnitude', 'mixture_phase', 'source_phase', 'mix_magnitude', 'ideal_binary_mask', 'source_magnitudes'])
1.0085558891296387 GB allocated
8.646484375 GB reserved
dict_keys(['index', 'mixture_magnitude', 'mixture_phase', 'source_phase', 'mix_magnitude', 'ideal_binary_mask', 'source_magnitudes'])
1.009408950805664 GB allocated
8.646484375 GB reserved
dict_keys(['index', 'mixture_magnitude', 'mixture_phase', 'source_phase', 'mix_magnitude', 'ideal_binary_mask', 'source_magnitudes'])
1.009408950805664 GB allocated
8.646484375 GB reserved
dict_keys(['index', 'mixture_magnitude', 'mixture_phase', 'source_phase', 'mix_magnitude', 'ideal_binary_mask', 'source_magnitudes'])
1.009408950805664 GB allocated
8.646484375 GB reserved
dict_keys(['index', 'mixture_magnitude', 'mixture_phase', 'source_phase', 'mix_magnitude', 'ideal_binary_mask', 'source_magnitudes'])
1.0085558891296387 GB allocated
8.646484375 GB reserved
dict_keys(['index', 'mixture_magnitude', 'mixture_phase', 'source_phase', 'mix_magnitude', 'ideal_binary_mask', 'source_magnitudes'])
1.009408950805664 GB allocated
8.646484375 GB reserved
dict_keys(['index', 'mixture_magnitude', 'mixture_phase', 'source_phase', 'mix_magnitude', 'ideal_binary_mask', 'source_magnitudes'])
1.009408950805664 GB allocated
8.646484375 GB reserved
dict_keys(['index', 'mixture_magnitude', 'mixture_phase', 'source_phase', 'mix_magnitude', 'ideal_binary_mask', 'source_magnitudes'])
1.009408950805664 GB allocated
8.646484375 GB reserved
dict_keys(['index', 'mixture_magnitude', 'mixture_phase', 'source_phase', 'mix_magnitude', 'ideal_binary_mask', 'source_magnitudes'])
1.0085558891296387 GB allocated
8.646484375 GB reserved
dict_keys(['index', 'mixture_magnitude', 'mixture_phase', 'source_phase', 'mix_magnitude', 'ideal_binary_mask', 'source_magnitudes'])
1.009408950805664 GB allocated
8.646484375 GB reserved
dict_keys(['index', 'mixture_magnitude', 'mixture_phase', 'source_phase', 'mix_magnitude', 'ideal_binary_mask', 'source_magnitudes'])
1.009408950805664 GB allocated
8.646484375 GB reserved
dict_keys(['index', 'mixture_magnitude', 'mixture_phase', 'source_phase', 'mix_magnitude', 'ideal_binary_mask', 'source_magnitudes'])
1.009408950805664 GB allocated
8.646484375 GB reserved
dict_keys(['index', 'mixture_magnitude', 'mixture_phase', 'source_phase', 'mix_magnitude', 'ideal_binary_mask', 'source_magnitudes'])
1.0085558891296387 GB allocated
8.646484375 GB reserved
dict_keys(['index', 'mixture_magnitude', 'mixture_phase', 'source_phase', 'mix_magnitude', 'ideal_binary_mask', 'source_magnitudes'])
1.009408950805664 GB allocated
8.646484375 GB reserved
dict_keys(['index', 'mixture_magnitude', 'mixture_phase', 'source_phase', 'mix_magnitude', 'ideal_binary_mask', 'source_magnitudes'])
1.009408950805664 GB allocated
8.646484375 GB reserved
dict_keys(['index', 'mixture_magnitude', 'mixture_phase', 'source_phase', 'mix_magnitude', 'ideal_binary_mask', 'source_magnitudes'])
1.009408950805664 GB allocated
8.646484375 GB reserved
dict_keys(['index', 'mixture_magnitude', 'mixture_phase', 'source_phase', 'mix_magnitude', 'ideal_binary_mask', 'source_magnitudes'])
1.0085558891296387 GB allocated
8.646484375 GB reserved
dict_keys(['index', 'mixture_magnitude', 'mixture_phase', 'source_phase', 'mix_magnitude', 'ideal_binary_mask', 'source_magnitudes'])
1.009408950805664 GB allocated
8.646484375 GB reserved
dict_keys(['index', 'mixture_magnitude', 'mixture_phase', 'source_phase', 'mix_magnitude', 'ideal_binary_mask', 'source_magnitudes'])
1.009408950805664 GB allocated
8.646484375 GB reserved
dict_keys(['index', 'mixture_magnitude', 'mixture_phase', 'source_phase', 'mix_magnitude', 'ideal_binary_mask', 'source_magnitudes'])
1.009408950805664 GB allocated
8.646484375 GB reserved
dict_keys(['index', 'mixture_magnitude', 'mixture_phase', 'source_phase', 'mix_magnitude', 'ideal_binary_mask', 'source_magnitudes'])
1.0085558891296387 GB allocated
8.646484375 GB reserved
dict_keys(['index', 'mixture_magnitude', 'mixture_phase', 'source_phase', 'mix_magnitude', 'ideal_binary_mask', 'source_magnitudes'])
1.009408950805664 GB allocated
8.646484375 GB reserved
dict_keys(['index', 'mixture_magnitude', 'mixture_phase', 'source_phase', 'mix_magnitude', 'ideal_binary_mask', 'source_magnitudes'])
1.009408950805664 GB allocated
8.646484375 GB reserved
dict_keys(['index', 'mixture_magnitude', 'mixture_phase', 'source_phase', 'mix_magnitude', 'ideal_binary_mask', 'source_magnitudes'])
1.009408950805664 GB allocated
8.646484375 GB reserved
dict_keys(['index', 'mixture_magnitude', 'mixture_phase', 'source_phase', 'mix_magnitude', 'ideal_binary_mask', 'source_magnitudes'])
1.0085558891296387 GB allocated
8.646484375 GB reserved
dict_keys(['index', 'mixture_magnitude', 'mixture_phase', 'source_phase', 'mix_magnitude', 'ideal_binary_mask', 'source_magnitudes'])
1.009408950805664 GB allocated
8.646484375 GB reserved
dict_keys(['index', 'mixture_magnitude', 'mixture_phase', 'source_phase', 'mix_magnitude', 'ideal_binary_mask', 'source_magnitudes'])
1.009408950805664 GB allocated
8.646484375 GB reserved
dict_keys(['index', 'mixture_magnitude', 'mixture_phase', 'source_phase', 'mix_magnitude', 'ideal_binary_mask', 'source_magnitudes'])
1.009408950805664 GB allocated
8.646484375 GB reserved
dict_keys(['index', 'mixture_magnitude', 'mixture_phase', 'source_phase', 'mix_magnitude', 'ideal_binary_mask', 'source_magnitudes'])
1.0085558891296387 GB allocated
8.646484375 GB reserved
dict_keys(['index', 'mixture_magnitude', 'mixture_phase', 'source_phase', 'mix_magnitude', 'ideal_binary_mask', 'source_magnitudes'])
1.009408950805664 GB allocated
8.646484375 GB reserved
dict_keys(['index', 'mixture_magnitude', 'mixture_phase', 'source_phase', 'mix_magnitude', 'ideal_binary_mask', 'source_magnitudes'])
1.009408950805664 GB allocated
8.646484375 GB reserved
06/11/2026 02:32:29 PM | engine.py:906 Engine run starting with max_epochs=1.
06/11/2026 02:33:32 PM | engine.py:1010 Epoch[1] Complete. Time taken: 00:01:02.957
dict_keys(['index', 'mixture_magnitude', 'mixture_phase', 'source_phase', 'mix_magnitude', 'ideal_binary_mask', 'source_magnitudes'])
1.009408950805664 GB allocated
8.646484375 GB reserved
dict_keys(['index', 'mixture_magnitude', 'mixture_phase', 'source_phase', 'mix_magnitude', 'ideal_binary_mask', 'source_magnitudes'])
1.0085558891296387 GB allocated
8.646484375 GB reserved
dict_keys(['index', 'mixture_magnitude', 'mixture_phase', 'source_phase', 'mix_magnitude', 'ideal_binary_mask', 'source_magnitudes'])
1.009408950805664 GB allocated
8.646484375 GB reserved
dict_keys(['index', 'mixture_magnitude', 'mixture_phase', 'source_phase', 'mix_magnitude', 'ideal_binary_mask', 'source_magnitudes'])
1.009408950805664 GB allocated
8.646484375 GB reserved
dict_keys(['index', 'mixture_magnitude', 'mixture_phase', 'source_phase', 'mix_magnitude', 'ideal_binary_mask', 'source_magnitudes'])
1.009408950805664 GB allocated
8.646484375 GB reserved
dict_keys(['index', 'mixture_magnitude', 'mixture_phase', 'source_phase', 'mix_magnitude', 'ideal_binary_mask', 'source_magnitudes'])
1.0085558891296387 GB allocated
8.646484375 GB reserved
dict_keys(['index', 'mixture_magnitude', 'mixture_phase', 'source_phase', 'mix_magnitude', 'ideal_binary_mask', 'source_magnitudes'])
1.009408950805664 GB allocated
8.646484375 GB reserved
dict_keys(['index', 'mixture_magnitude', 'mixture_phase', 'source_phase', 'mix_magnitude', 'ideal_binary_mask', 'source_magnitudes'])
1.009408950805664 GB allocated
8.646484375 GB reserved
dict_keys(['index', 'mixture_magnitude', 'mixture_phase', 'source_phase', 'mix_magnitude', 'ideal_binary_mask', 'source_magnitudes'])
1.009408950805664 GB allocated
8.646484375 GB reserved
dict_keys(['index', 'mixture_magnitude', 'mixture_phase', 'source_phase', 'mix_magnitude', 'ideal_binary_mask', 'source_magnitudes'])
1.0085558891296387 GB allocated
8.646484375 GB reserved
dict_keys(['index', 'mixture_magnitude', 'mixture_phase', 'source_phase', 'mix_magnitude', 'ideal_binary_mask', 'source_magnitudes'])
1.009408950805664 GB allocated
8.646484375 GB reserved
dict_keys(['index', 'mixture_magnitude', 'mixture_phase', 'source_phase', 'mix_magnitude', 'ideal_binary_mask', 'source_magnitudes'])
1.009408950805664 GB allocated
8.646484375 GB reserved
dict_keys(['index', 'mixture_magnitude', 'mixture_phase', 'source_phase', 'mix_magnitude', 'ideal_binary_mask', 'source_magnitudes'])
1.009408950805664 GB allocated
8.646484375 GB reserved
dict_keys(['index', 'mixture_magnitude', 'mixture_phase', 'source_phase', 'mix_magnitude', 'ideal_binary_mask', 'source_magnitudes'])
1.0085558891296387 GB allocated
8.646484375 GB reserved
dict_keys(['index', 'mixture_magnitude', 'mixture_phase', 'source_phase', 'mix_magnitude', 'ideal_binary_mask', 'source_magnitudes'])
1.009408950805664 GB allocated
8.646484375 GB reserved
dict_keys(['index', 'mixture_magnitude', 'mixture_phase', 'source_phase', 'mix_magnitude', 'ideal_binary_mask', 'source_magnitudes'])
1.009408950805664 GB allocated
8.646484375 GB reserved
dict_keys(['index', 'mixture_magnitude', 'mixture_phase', 'source_phase', 'mix_magnitude', 'ideal_binary_mask', 'source_magnitudes'])
1.009408950805664 GB allocated
8.646484375 GB reserved
dict_keys(['index', 'mixture_magnitude', 'mixture_phase', 'source_phase', 'mix_magnitude', 'ideal_binary_mask', 'source_magnitudes'])
1.0085558891296387 GB allocated
8.646484375 GB reserved
dict_keys(['index', 'mixture_magnitude', 'mixture_phase', 'source_phase', 'mix_magnitude', 'ideal_binary_mask', 'source_magnitudes'])
1.009408950805664 GB allocated
8.646484375 GB reserved
dict_keys(['index', 'mixture_magnitude', 'mixture_phase', 'source_phase', 'mix_magnitude', 'ideal_binary_mask', 'source_magnitudes'])
1.009408950805664 GB allocated
8.646484375 GB reserved
dict_keys(['index', 'mixture_magnitude', 'mixture_phase', 'source_phase', 'mix_magnitude', 'ideal_binary_mask', 'source_magnitudes'])
1.009408950805664 GB allocated
8.646484375 GB reserved
dict_keys(['index', 'mixture_magnitude', 'mixture_phase', 'source_phase', 'mix_magnitude', 'ideal_binary_mask', 'source_magnitudes'])
1.0085558891296387 GB allocated
8.646484375 GB reserved
dict_keys(['index', 'mixture_magnitude', 'mixture_phase', 'source_phase', 'mix_magnitude', 'ideal_binary_mask', 'source_magnitudes'])
1.009408950805664 GB allocated
8.646484375 GB reserved
dict_keys(['index', 'mixture_magnitude', 'mixture_phase', 'source_phase', 'mix_magnitude', 'ideal_binary_mask', 'source_magnitudes'])
1.009408950805664 GB allocated
8.646484375 GB reserved
dict_keys(['index', 'mixture_magnitude', 'mixture_phase', 'source_phase', 'mix_magnitude', 'ideal_binary_mask', 'source_magnitudes'])
1.009408950805664 GB allocated
8.646484375 GB reserved
dict_keys(['index', 'mixture_magnitude', 'mixture_phase', 'source_phase', 'mix_magnitude', 'ideal_binary_mask', 'source_magnitudes'])
1.0085558891296387 GB allocated
8.646484375 GB reserved
dict_keys(['index', 'mixture_magnitude', 'mixture_phase', 'source_phase', 'mix_magnitude', 'ideal_binary_mask', 'source_magnitudes'])
1.009408950805664 GB allocated
8.646484375 GB reserved
dict_keys(['index', 'mixture_magnitude', 'mixture_phase', 'source_phase', 'mix_magnitude', 'ideal_binary_mask', 'source_magnitudes'])
1.009408950805664 GB allocated
8.646484375 GB reserved
dict_keys(['index', 'mixture_magnitude', 'mixture_phase', 'source_phase', 'mix_magnitude', 'ideal_binary_mask', 'source_magnitudes'])
1.009408950805664 GB allocated
8.646484375 GB reserved
dict_keys(['index', 'mixture_magnitude', 'mixture_phase', 'source_phase', 'mix_magnitude', 'ideal_binary_mask', 'source_magnitudes'])
1.0085558891296387 GB allocated
8.646484375 GB reserved
dict_keys(['index', 'mixture_magnitude', 'mixture_phase', 'source_phase', 'mix_magnitude', 'ideal_binary_mask', 'source_magnitudes'])
1.009408950805664 GB allocated
8.646484375 GB reserved
dict_keys(['index', 'mixture_magnitude', 'mixture_phase', 'source_phase', 'mix_magnitude', 'ideal_binary_mask', 'source_magnitudes'])
1.009408950805664 GB allocated
8.646484375 GB reserved
dict_keys(['index', 'mixture_magnitude', 'mixture_phase', 'source_phase', 'mix_magnitude', 'ideal_binary_mask', 'source_magnitudes'])
1.009408950805664 GB allocated
8.646484375 GB reserved
dict_keys(['index', 'mixture_magnitude', 'mixture_phase', 'source_phase', 'mix_magnitude', 'ideal_binary_mask', 'source_magnitudes'])
1.0085558891296387 GB allocated
8.646484375 GB reserved
dict_keys(['index', 'mixture_magnitude', 'mixture_phase', 'source_phase', 'mix_magnitude', 'ideal_binary_mask', 'source_magnitudes'])
1.009408950805664 GB allocated
8.646484375 GB reserved
dict_keys(['index', 'mixture_magnitude', 'mixture_phase', 'source_phase', 'mix_magnitude', 'ideal_binary_mask', 'source_magnitudes'])
1.009408950805664 GB allocated
8.646484375 GB reserved
dict_keys(['index', 'mixture_magnitude', 'mixture_phase', 'source_phase', 'mix_magnitude', 'ideal_binary_mask', 'source_magnitudes'])
1.009408950805664 GB allocated
8.646484375 GB reserved
dict_keys(['index', 'mixture_magnitude', 'mixture_phase', 'source_phase', 'mix_magnitude', 'ideal_binary_mask', 'source_magnitudes'])
1.0085558891296387 GB allocated
8.646484375 GB reserved
dict_keys(['index', 'mixture_magnitude', 'mixture_phase', 'source_phase', 'mix_magnitude', 'ideal_binary_mask', 'source_magnitudes'])
1.009408950805664 GB allocated
8.646484375 GB reserved
dict_keys(['index', 'mixture_magnitude', 'mixture_phase', 'source_phase', 'mix_magnitude', 'ideal_binary_mask', 'source_magnitudes'])
1.009408950805664 GB allocated
8.646484375 GB reserved
dict_keys(['index', 'mixture_magnitude', 'mixture_phase', 'source_phase', 'mix_magnitude', 'ideal_binary_mask', 'source_magnitudes'])
1.009408950805664 GB allocated
8.646484375 GB reserved
dict_keys(['index', 'mixture_magnitude', 'mixture_phase', 'source_phase', 'mix_magnitude', 'ideal_binary_mask', 'source_magnitudes'])
1.0085558891296387 GB allocated
8.646484375 GB reserved
dict_keys(['index', 'mixture_magnitude', 'mixture_phase', 'source_phase', 'mix_magnitude', 'ideal_binary_mask', 'source_magnitudes'])
1.009408950805664 GB allocated
8.646484375 GB reserved
dict_keys(['index', 'mixture_magnitude', 'mixture_phase', 'source_phase', 'mix_magnitude', 'ideal_binary_mask', 'source_magnitudes'])
1.009408950805664 GB allocated
8.646484375 GB reserved
dict_keys(['index', 'mixture_magnitude', 'mixture_phase', 'source_phase', 'mix_magnitude', 'ideal_binary_mask', 'source_magnitudes'])
1.009408950805664 GB allocated
8.646484375 GB reserved
dict_keys(['index', 'mixture_magnitude', 'mixture_phase', 'source_phase', 'mix_magnitude', 'ideal_binary_mask', 'source_magnitudes'])
1.0085558891296387 GB allocated
8.646484375 GB reserved
dict_keys(['index', 'mixture_magnitude', 'mixture_phase', 'source_phase', 'mix_magnitude', 'ideal_binary_mask', 'source_magnitudes'])
1.009408950805664 GB allocated
8.646484375 GB reserved
dict_keys(['index', 'mixture_magnitude', 'mixture_phase', 'source_phase', 'mix_magnitude', 'ideal_binary_mask', 'source_magnitudes'])
1.009408950805664 GB allocated
8.646484375 GB reserved
dict_keys(['index', 'mixture_magnitude', 'mixture_phase', 'source_phase', 'mix_magnitude', 'ideal_binary_mask', 'source_magnitudes'])
1.009408950805664 GB allocated
8.646484375 GB reserved
dict_keys(['index', 'mixture_magnitude', 'mixture_phase', 'source_phase', 'mix_magnitude', 'ideal_binary_mask', 'source_magnitudes'])
1.0085558891296387 GB allocated
8.646484375 GB reserved
dict_keys(['index', 'mixture_magnitude', 'mixture_phase', 'source_phase', 'mix_magnitude', 'ideal_binary_mask', 'source_magnitudes'])
1.009408950805664 GB allocated
8.646484375 GB reserved
dict_keys(['index', 'mixture_magnitude', 'mixture_phase', 'source_phase', 'mix_magnitude', 'ideal_binary_mask', 'source_magnitudes'])
1.009408950805664 GB allocated
8.646484375 GB reserved
dict_keys(['index', 'mixture_magnitude', 'mixture_phase', 'source_phase', 'mix_magnitude', 'ideal_binary_mask', 'source_magnitudes'])
1.009408950805664 GB allocated
8.646484375 GB reserved
dict_keys(['index', 'mixture_magnitude', 'mixture_phase', 'source_phase', 'mix_magnitude', 'ideal_binary_mask', 'source_magnitudes'])
1.0085558891296387 GB allocated
8.646484375 GB reserved
dict_keys(['index', 'mixture_magnitude', 'mixture_phase', 'source_phase', 'mix_magnitude', 'ideal_binary_mask', 'source_magnitudes'])
1.009408950805664 GB allocated
8.646484375 GB reserved
dict_keys(['index', 'mixture_magnitude', 'mixture_phase', 'source_phase', 'mix_magnitude', 'ideal_binary_mask', 'source_magnitudes'])
1.009408950805664 GB allocated
8.646484375 GB reserved
dict_keys(['index', 'mixture_magnitude', 'mixture_phase', 'source_phase', 'mix_magnitude', 'ideal_binary_mask', 'source_magnitudes'])
1.009408950805664 GB allocated
8.646484375 GB reserved
dict_keys(['index', 'mixture_magnitude', 'mixture_phase', 'source_phase', 'mix_magnitude', 'ideal_binary_mask', 'source_magnitudes'])
[Validator] Epoch 30 - val_loss: 0.880333
[BEST CHECKPOINT] Guardado/actualizado en: checkpoints\Mis_modelos_v2\advanced\l_mrs checkpoints\4stems\best_checkpoint_29_val_loss=-0.8787.pt
06/11/2026 02:33:32 PM | engine.py:1037 Engine run finished. Time taken: 00:01:02.957
[Epoch 30] train_loss=0.881574 | val_loss=0.880333
06/11/2026 02:33:32 PM | engine.py:1010 Epoch[30] Complete. Time taken: 00:39:12.056
1.0085558891296387 GB allocated
8.646484375 GB reserved
dict_keys(['index', 'mixture_magnitude', 'mixture_phase', 'source_phase', 'mix_magnitude', 'ideal_binary_mask', 'source_magnitudes'])
1.009408950805664 GB allocated
8.646484375 GB reserved
dict_keys(['index', 'mixture_magnitude', 'mixture_phase', 'source_phase', 'mix_magnitude', 'ideal_binary_mask', 'source_magnitudes'])
1.009408950805664 GB allocated
8.646484375 GB reserved
dict_keys(['index', 'mixture_magnitude', 'mixture_phase', 'source_phase', 'mix_magnitude', 'ideal_binary_mask', 'source_magnitudes'])
1.009408950805664 GB allocated
8.646484375 GB reserved
dict_keys(['index', 'mixture_magnitude', 'mixture_phase', 'source_phase', 'mix_magnitude', 'ideal_binary_mask', 'source_magnitudes'])
1.0085558891296387 GB allocated
8.646484375 GB reserved
dict_keys(['index', 'mixture_magnitude', 'mixture_phase', 'source_phase', 'mix_magnitude', 'ideal_binary_mask', 'source_magnitudes'])
1.009408950805664 GB allocated
8.646484375 GB reserved
dict_keys(['index', 'mixture_magnitude', 'mixture_phase', 'source_phase', 'mix_magnitude', 'ideal_binary_mask', 'source_magnitudes'])
1.009408950805664 GB allocated
8.646484375 GB reserved
dict_keys(['index', 'mixture_magnitude', 'mixture_phase', 'source_phase', 'mix_magnitude', 'ideal_binary_mask', 'source_magnitudes'])
1.009408950805664 GB allocated
8.646484375 GB reserved
dict_keys(['index', 'mixture_magnitude', 'mixture_phase', 'source_phase', 'mix_magnitude', 'ideal_binary_mask', 'source_magnitudes'])
1.0085558891296387 GB allocated
8.646484375 GB reserved
dict_keys(['index', 'mixture_magnitude', 'mixture_phase', 'source_phase', 'mix_magnitude', 'ideal_binary_mask', 'source_magnitudes'])
1.009408950805664 GB allocated
8.646484375 GB reserved
dict_keys(['index', 'mixture_magnitude', 'mixture_phase', 'source_phase', 'mix_magnitude', 'ideal_binary_mask', 'source_magnitudes'])
1.009408950805664 GB allocated
8.646484375 GB reserved
dict_keys(['index', 'mixture_magnitude', 'mixture_phase', 'source_phase', 'mix_magnitude', 'ideal_binary_mask', 'source_magnitudes'])
1.009408950805664 GB allocated
8.646484375 GB reserved
dict_keys(['index', 'mixture_magnitude', 'mixture_phase', 'source_phase', 'mix_magnitude', 'ideal_binary_mask', 'source_magnitudes'])
1.0085558891296387 GB allocated
8.646484375 GB reserved
dict_keys(['index', 'mixture_magnitude', 'mixture_phase', 'source_phase', 'mix_magnitude', 'ideal_binary_mask', 'source_magnitudes'])
1.009408950805664 GB allocated
8.646484375 GB reserved
dict_keys(['index', 'mixture_magnitude', 'mixture_phase', 'source_phase', 'mix_magnitude', 'ideal_binary_mask', 'source_magnitudes'])
1.009408950805664 GB allocated
8.646484375 GB reserved
dict_keys(['index', 'mixture_magnitude', 'mixture_phase', 'source_phase', 'mix_magnitude', 'ideal_binary_mask', 'source_magnitudes'])
1.009408950805664 GB allocated
8.646484375 GB reserved
dict_keys(['index', 'mixture_magnitude', 'mixture_phase', 'source_phase', 'mix_magnitude', 'ideal_binary_mask', 'source_magnitudes'])
1.0085558891296387 GB allocated
8.646484375 GB reserved
dict_keys(['index', 'mixture_magnitude', 'mixture_phase', 'source_phase', 'mix_magnitude', 'ideal_binary_mask', 'source_magnitudes'])
1.009408950805664 GB allocated
8.646484375 GB reserved
dict_keys(['index', 'mixture_magnitude', 'mixture_phase', 'source_phase', 'mix_magnitude', 'ideal_binary_mask', 'source_magnitudes'])
1.009408950805664 GB allocated
8.646484375 GB reserved
dict_keys(['index', 'mixture_magnitude', 'mixture_phase', 'source_phase', 'mix_magnitude', 'ideal_binary_mask', 'source_magnitudes'])
1.009408950805664 GB allocated
8.646484375 GB reserved
dict_keys(['index', 'mixture_magnitude', 'mixture_phase', 'source_phase', 'mix_magnitude', 'ideal_binary_mask', 'source_magnitudes'])
1.0085558891296387 GB allocated
8.646484375 GB reserved
dict_keys(['index', 'mixture_magnitude', 'mixture_phase', 'source_phase', 'mix_magnitude', 'ideal_binary_mask', 'source_magnitudes'])
1.009408950805664 GB allocated
8.646484375 GB reserved
dict_keys(['index', 'mixture_magnitude', 'mixture_phase', 'source_phase', 'mix_magnitude', 'ideal_binary_mask', 'source_magnitudes'])
1.009408950805664 GB allocated
8.646484375 GB reserved
dict_keys(['index', 'mixture_magnitude', 'mixture_phase', 'source_phase', 'mix_magnitude', 'ideal_binary_mask', 'source_magnitudes'])
1.009408950805664 GB allocated
8.646484375 GB reserved
dict_keys(['index', 'mixture_magnitude', 'mixture_phase', 'source_phase', 'mix_magnitude', 'ideal_binary_mask', 'source_magnitudes'])
1.0085558891296387 GB allocated
8.646484375 GB reserved
dict_keys(['index', 'mixture_magnitude', 'mixture_phase', 'source_phase', 'mix_magnitude', 'ideal_binary_mask', 'source_magnitudes'])
1.009408950805664 GB allocated
8.646484375 GB reserved
dict_keys(['index', 'mixture_magnitude', 'mixture_phase', 'source_phase', 'mix_magnitude', 'ideal_binary_mask', 'source_magnitudes'])
1.009408950805664 GB allocated
8.646484375 GB reserved
dict_keys(['index', 'mixture_magnitude', 'mixture_phase', 'source_phase', 'mix_magnitude', 'ideal_binary_mask', 'source_magnitudes'])
1.009408950805664 GB allocated
8.646484375 GB reserved
dict_keys(['index', 'mixture_magnitude', 'mixture_phase', 'source_phase', 'mix_magnitude', 'ideal_binary_mask', 'source_magnitudes'])
1.0085558891296387 GB allocated
8.646484375 GB reserved
dict_keys(['index', 'mixture_magnitude', 'mixture_phase', 'source_phase', 'mix_magnitude', 'ideal_binary_mask', 'source_magnitudes'])
1.009408950805664 GB allocated
8.646484375 GB reserved
dict_keys(['index', 'mixture_magnitude', 'mixture_phase', 'source_phase', 'mix_magnitude', 'ideal_binary_mask', 'source_magnitudes'])
1.009408950805664 GB allocated
8.646484375 GB reserved
dict_keys(['index', 'mixture_magnitude', 'mixture_phase', 'source_phase', 'mix_magnitude', 'ideal_binary_mask', 'source_magnitudes'])
1.009408950805664 GB allocated
8.646484375 GB reserved
dict_keys(['index', 'mixture_magnitude', 'mixture_phase', 'source_phase', 'mix_magnitude', 'ideal_binary_mask', 'source_magnitudes'])
1.0085558891296387 GB allocated
8.646484375 GB reserved
dict_keys(['index', 'mixture_magnitude', 'mixture_phase', 'source_phase', 'mix_magnitude', 'ideal_binary_mask', 'source_magnitudes'])
1.009408950805664 GB allocated
8.646484375 GB reserved
dict_keys(['index', 'mixture_magnitude', 'mixture_phase', 'source_phase', 'mix_magnitude', 'ideal_binary_mask', 'source_magnitudes'])
1.009408950805664 GB allocated
8.646484375 GB reserved
dict_keys(['index', 'mixture_magnitude', 'mixture_phase', 'source_phase', 'mix_magnitude', 'ideal_binary_mask', 'source_magnitudes'])
1.009408950805664 GB allocated
8.646484375 GB reserved
dict_keys(['index', 'mixture_magnitude', 'mixture_phase', 'source_phase', 'mix_magnitude', 'ideal_binary_mask', 'source_magnitudes'])
1.0085558891296387 GB allocated
8.646484375 GB reserved
dict_keys(['index', 'mixture_magnitude', 'mixture_phase', 'source_phase', 'mix_magnitude', 'ideal_binary_mask', 'source_magnitudes'])
1.009408950805664 GB allocated
8.646484375 GB reserved
dict_keys(['index', 'mixture_magnitude', 'mixture_phase', 'source_phase', 'mix_magnitude', 'ideal_binary_mask', 'source_magnitudes'])
1.009408950805664 GB allocated
8.646484375 GB reserved
dict_keys(['index', 'mixture_magnitude', 'mixture_phase', 'source_phase', 'mix_magnitude', 'ideal_binary_mask', 'source_magnitudes'])
1.009408950805664 GB allocated
8.646484375 GB reserved
dict_keys(['index', 'mixture_magnitude', 'mixture_phase', 'source_phase', 'mix_magnitude', 'ideal_binary_mask', 'source_magnitudes'])
1.0085558891296387 GB allocated
8.646484375 GB reserved
dict_keys(['index', 'mixture_magnitude', 'mixture_phase', 'source_phase', 'mix_magnitude', 'ideal_binary_mask', 'source_magnitudes'])
1.009408950805664 GB allocated
8.646484375 GB reserved
dict_keys(['index', 'mixture_magnitude', 'mixture_phase', 'source_phase', 'mix_magnitude', 'ideal_binary_mask', 'source_magnitudes'])
1.009408950805664 GB allocated
8.646484375 GB reserved
06/11/2026 03:11:45 PM | engine.py:906 Engine run starting with max_epochs=1.
06/11/2026 03:12:50 PM | engine.py:1010 Epoch[1] Complete. Time taken: 00:01:04.462
dict_keys(['index', 'mixture_magnitude', 'mixture_phase', 'source_phase', 'mix_magnitude', 'ideal_binary_mask', 'source_magnitudes'])
1.009408950805664 GB allocated
8.646484375 GB reserved
dict_keys(['index', 'mixture_magnitude', 'mixture_phase', 'source_phase', 'mix_magnitude', 'ideal_binary_mask', 'source_magnitudes'])
1.0085558891296387 GB allocated
8.646484375 GB reserved
dict_keys(['index', 'mixture_magnitude', 'mixture_phase', 'source_phase', 'mix_magnitude', 'ideal_binary_mask', 'source_magnitudes'])
1.009408950805664 GB allocated
8.646484375 GB reserved
dict_keys(['index', 'mixture_magnitude', 'mixture_phase', 'source_phase', 'mix_magnitude', 'ideal_binary_mask', 'source_magnitudes'])
1.009408950805664 GB allocated
8.646484375 GB reserved
dict_keys(['index', 'mixture_magnitude', 'mixture_phase', 'source_phase', 'mix_magnitude', 'ideal_binary_mask', 'source_magnitudes'])
1.009408950805664 GB allocated
8.646484375 GB reserved
dict_keys(['index', 'mixture_magnitude', 'mixture_phase', 'source_phase', 'mix_magnitude', 'ideal_binary_mask', 'source_magnitudes'])
1.0085558891296387 GB allocated
8.646484375 GB reserved
dict_keys(['index', 'mixture_magnitude', 'mixture_phase', 'source_phase', 'mix_magnitude', 'ideal_binary_mask', 'source_magnitudes'])
1.009408950805664 GB allocated
8.646484375 GB reserved
dict_keys(['index', 'mixture_magnitude', 'mixture_phase', 'source_phase', 'mix_magnitude', 'ideal_binary_mask', 'source_magnitudes'])
1.009408950805664 GB allocated
8.646484375 GB reserved
dict_keys(['index', 'mixture_magnitude', 'mixture_phase', 'source_phase', 'mix_magnitude', 'ideal_binary_mask', 'source_magnitudes'])
1.009408950805664 GB allocated
8.646484375 GB reserved
dict_keys(['index', 'mixture_magnitude', 'mixture_phase', 'source_phase', 'mix_magnitude', 'ideal_binary_mask', 'source_magnitudes'])
1.0085558891296387 GB allocated
8.646484375 GB reserved
dict_keys(['index', 'mixture_magnitude', 'mixture_phase', 'source_phase', 'mix_magnitude', 'ideal_binary_mask', 'source_magnitudes'])
1.009408950805664 GB allocated
8.646484375 GB reserved
dict_keys(['index', 'mixture_magnitude', 'mixture_phase', 'source_phase', 'mix_magnitude', 'ideal_binary_mask', 'source_magnitudes'])
1.009408950805664 GB allocated
8.646484375 GB reserved
dict_keys(['index', 'mixture_magnitude', 'mixture_phase', 'source_phase', 'mix_magnitude', 'ideal_binary_mask', 'source_magnitudes'])
1.009408950805664 GB allocated
8.646484375 GB reserved
dict_keys(['index', 'mixture_magnitude', 'mixture_phase', 'source_phase', 'mix_magnitude', 'ideal_binary_mask', 'source_magnitudes'])
1.0085558891296387 GB allocated
8.646484375 GB reserved
dict_keys(['index', 'mixture_magnitude', 'mixture_phase', 'source_phase', 'mix_magnitude', 'ideal_binary_mask', 'source_magnitudes'])
1.009408950805664 GB allocated
8.646484375 GB reserved
dict_keys(['index', 'mixture_magnitude', 'mixture_phase', 'source_phase', 'mix_magnitude', 'ideal_binary_mask', 'source_magnitudes'])
1.009408950805664 GB allocated
8.646484375 GB reserved
dict_keys(['index', 'mixture_magnitude', 'mixture_phase', 'source_phase', 'mix_magnitude', 'ideal_binary_mask', 'source_magnitudes'])
1.009408950805664 GB allocated
8.646484375 GB reserved
dict_keys(['index', 'mixture_magnitude', 'mixture_phase', 'source_phase', 'mix_magnitude', 'ideal_binary_mask', 'source_magnitudes'])
1.0085558891296387 GB allocated
8.646484375 GB reserved
dict_keys(['index', 'mixture_magnitude', 'mixture_phase', 'source_phase', 'mix_magnitude', 'ideal_binary_mask', 'source_magnitudes'])
1.009408950805664 GB allocated
8.646484375 GB reserved
dict_keys(['index', 'mixture_magnitude', 'mixture_phase', 'source_phase', 'mix_magnitude', 'ideal_binary_mask', 'source_magnitudes'])
1.009408950805664 GB allocated
8.646484375 GB reserved
dict_keys(['index', 'mixture_magnitude', 'mixture_phase', 'source_phase', 'mix_magnitude', 'ideal_binary_mask', 'source_magnitudes'])
1.009408950805664 GB allocated
8.646484375 GB reserved
dict_keys(['index', 'mixture_magnitude', 'mixture_phase', 'source_phase', 'mix_magnitude', 'ideal_binary_mask', 'source_magnitudes'])
1.0085558891296387 GB allocated
8.646484375 GB reserved
dict_keys(['index', 'mixture_magnitude', 'mixture_phase', 'source_phase', 'mix_magnitude', 'ideal_binary_mask', 'source_magnitudes'])
1.009408950805664 GB allocated
8.646484375 GB reserved
dict_keys(['index', 'mixture_magnitude', 'mixture_phase', 'source_phase', 'mix_magnitude', 'ideal_binary_mask', 'source_magnitudes'])
1.009408950805664 GB allocated
8.646484375 GB reserved
dict_keys(['index', 'mixture_magnitude', 'mixture_phase', 'source_phase', 'mix_magnitude', 'ideal_binary_mask', 'source_magnitudes'])
1.009408950805664 GB allocated
8.646484375 GB reserved
dict_keys(['index', 'mixture_magnitude', 'mixture_phase', 'source_phase', 'mix_magnitude', 'ideal_binary_mask', 'source_magnitudes'])
1.0085558891296387 GB allocated
8.646484375 GB reserved
dict_keys(['index', 'mixture_magnitude', 'mixture_phase', 'source_phase', 'mix_magnitude', 'ideal_binary_mask', 'source_magnitudes'])
1.009408950805664 GB allocated
8.646484375 GB reserved
dict_keys(['index', 'mixture_magnitude', 'mixture_phase', 'source_phase', 'mix_magnitude', 'ideal_binary_mask', 'source_magnitudes'])
1.009408950805664 GB allocated
8.646484375 GB reserved
dict_keys(['index', 'mixture_magnitude', 'mixture_phase', 'source_phase', 'mix_magnitude', 'ideal_binary_mask', 'source_magnitudes'])
1.009408950805664 GB allocated
8.646484375 GB reserved
dict_keys(['index', 'mixture_magnitude', 'mixture_phase', 'source_phase', 'mix_magnitude', 'ideal_binary_mask', 'source_magnitudes'])
1.0085558891296387 GB allocated
8.646484375 GB reserved
dict_keys(['index', 'mixture_magnitude', 'mixture_phase', 'source_phase', 'mix_magnitude', 'ideal_binary_mask', 'source_magnitudes'])
1.009408950805664 GB allocated
8.646484375 GB reserved
dict_keys(['index', 'mixture_magnitude', 'mixture_phase', 'source_phase', 'mix_magnitude', 'ideal_binary_mask', 'source_magnitudes'])
1.009408950805664 GB allocated
8.646484375 GB reserved
dict_keys(['index', 'mixture_magnitude', 'mixture_phase', 'source_phase', 'mix_magnitude', 'ideal_binary_mask', 'source_magnitudes'])
1.009408950805664 GB allocated
8.646484375 GB reserved
dict_keys(['index', 'mixture_magnitude', 'mixture_phase', 'source_phase', 'mix_magnitude', 'ideal_binary_mask', 'source_magnitudes'])
1.0085558891296387 GB allocated
8.646484375 GB reserved
dict_keys(['index', 'mixture_magnitude', 'mixture_phase', 'source_phase', 'mix_magnitude', 'ideal_binary_mask', 'source_magnitudes'])
1.009408950805664 GB allocated
8.646484375 GB reserved
dict_keys(['index', 'mixture_magnitude', 'mixture_phase', 'source_phase', 'mix_magnitude', 'ideal_binary_mask', 'source_magnitudes'])
1.009408950805664 GB allocated
8.646484375 GB reserved
dict_keys(['index', 'mixture_magnitude', 'mixture_phase', 'source_phase', 'mix_magnitude', 'ideal_binary_mask', 'source_magnitudes'])
1.009408950805664 GB allocated
8.646484375 GB reserved
dict_keys(['index', 'mixture_magnitude', 'mixture_phase', 'source_phase', 'mix_magnitude', 'ideal_binary_mask', 'source_magnitudes'])
1.0085558891296387 GB allocated
8.646484375 GB reserved
dict_keys(['index', 'mixture_magnitude', 'mixture_phase', 'source_phase', 'mix_magnitude', 'ideal_binary_mask', 'source_magnitudes'])
1.009408950805664 GB allocated
8.646484375 GB reserved
dict_keys(['index', 'mixture_magnitude', 'mixture_phase', 'source_phase', 'mix_magnitude', 'ideal_binary_mask', 'source_magnitudes'])
1.009408950805664 GB allocated
8.646484375 GB reserved
dict_keys(['index', 'mixture_magnitude', 'mixture_phase', 'source_phase', 'mix_magnitude', 'ideal_binary_mask', 'source_magnitudes'])
1.009408950805664 GB allocated
8.646484375 GB reserved
dict_keys(['index', 'mixture_magnitude', 'mixture_phase', 'source_phase', 'mix_magnitude', 'ideal_binary_mask', 'source_magnitudes'])
1.0085558891296387 GB allocated
8.646484375 GB reserved
dict_keys(['index', 'mixture_magnitude', 'mixture_phase', 'source_phase', 'mix_magnitude', 'ideal_binary_mask', 'source_magnitudes'])
1.009408950805664 GB allocated
8.646484375 GB reserved
dict_keys(['index', 'mixture_magnitude', 'mixture_phase', 'source_phase', 'mix_magnitude', 'ideal_binary_mask', 'source_magnitudes'])
1.009408950805664 GB allocated
8.646484375 GB reserved
dict_keys(['index', 'mixture_magnitude', 'mixture_phase', 'source_phase', 'mix_magnitude', 'ideal_binary_mask', 'source_magnitudes'])
1.009408950805664 GB allocated
8.646484375 GB reserved
dict_keys(['index', 'mixture_magnitude', 'mixture_phase', 'source_phase', 'mix_magnitude', 'ideal_binary_mask', 'source_magnitudes'])
1.0085558891296387 GB allocated
8.646484375 GB reserved
dict_keys(['index', 'mixture_magnitude', 'mixture_phase', 'source_phase', 'mix_magnitude', 'ideal_binary_mask', 'source_magnitudes'])
1.009408950805664 GB allocated
8.646484375 GB reserved
dict_keys(['index', 'mixture_magnitude', 'mixture_phase', 'source_phase', 'mix_magnitude', 'ideal_binary_mask', 'source_magnitudes'])
1.009408950805664 GB allocated
8.646484375 GB reserved
dict_keys(['index', 'mixture_magnitude', 'mixture_phase', 'source_phase', 'mix_magnitude', 'ideal_binary_mask', 'source_magnitudes'])
1.009408950805664 GB allocated
8.646484375 GB reserved
dict_keys(['index', 'mixture_magnitude', 'mixture_phase', 'source_phase', 'mix_magnitude', 'ideal_binary_mask', 'source_magnitudes'])
1.0085558891296387 GB allocated
8.646484375 GB reserved
dict_keys(['index', 'mixture_magnitude', 'mixture_phase', 'source_phase', 'mix_magnitude', 'ideal_binary_mask', 'source_magnitudes'])
1.009408950805664 GB allocated
8.646484375 GB reserved
dict_keys(['index', 'mixture_magnitude', 'mixture_phase', 'source_phase', 'mix_magnitude', 'ideal_binary_mask', 'source_magnitudes'])
1.009408950805664 GB allocated
8.646484375 GB reserved
dict_keys(['index', 'mixture_magnitude', 'mixture_phase', 'source_phase', 'mix_magnitude', 'ideal_binary_mask', 'source_magnitudes'])
1.009408950805664 GB allocated
8.646484375 GB reserved
dict_keys(['index', 'mixture_magnitude', 'mixture_phase', 'source_phase', 'mix_magnitude', 'ideal_binary_mask', 'source_magnitudes'])
1.0085558891296387 GB allocated
8.646484375 GB reserved
dict_keys(['index', 'mixture_magnitude', 'mixture_phase', 'source_phase', 'mix_magnitude', 'ideal_binary_mask', 'source_magnitudes'])
1.009408950805664 GB allocated
8.646484375 GB reserved
dict_keys(['index', 'mixture_magnitude', 'mixture_phase', 'source_phase', 'mix_magnitude', 'ideal_binary_mask', 'source_magnitudes'])
1.009408950805664 GB allocated
8.646484375 GB reserved
dict_keys(['index', 'mixture_magnitude', 'mixture_phase', 'source_phase', 'mix_magnitude', 'ideal_binary_mask', 'source_magnitudes'])
1.009408950805664 GB allocated
8.646484375 GB reserved
dict_keys(['index', 'mixture_magnitude', 'mixture_phase', 'source_phase', 'mix_magnitude', 'ideal_binary_mask', 'source_magnitudes'])
[Validator] Epoch 31 - val_loss: 0.875613
[BEST CHECKPOINT] Guardado/actualizado en: checkpoints\Mis_modelos_v2\advanced\l_mrs checkpoints\4stems\best_checkpoint_31_val_loss=-0.8756.pt
06/11/2026 03:12:50 PM | engine.py:1037 Engine run finished. Time taken: 00:01:04.470
[Epoch 31] train_loss=0.886129 | val_loss=0.875613
06/11/2026 03:12:50 PM | engine.py:1010 Epoch[31] Complete. Time taken: 00:39:17.982
1.0085558891296387 GB allocated
8.646484375 GB reserved
dict_keys(['index', 'mixture_magnitude', 'mixture_phase', 'source_phase', 'mix_magnitude', 'ideal_binary_mask', 'source_magnitudes'])
1.009408950805664 GB allocated
8.646484375 GB reserved
dict_keys(['index', 'mixture_magnitude', 'mixture_phase', 'source_phase', 'mix_magnitude', 'ideal_binary_mask', 'source_magnitudes'])
1.009408950805664 GB allocated
8.646484375 GB reserved
dict_keys(['index', 'mixture_magnitude', 'mixture_phase', 'source_phase', 'mix_magnitude', 'ideal_binary_mask', 'source_magnitudes'])
1.009408950805664 GB allocated
8.646484375 GB reserved
dict_keys(['index', 'mixture_magnitude', 'mixture_phase', 'source_phase', 'mix_magnitude', 'ideal_binary_mask', 'source_magnitudes'])
1.0085558891296387 GB allocated
8.646484375 GB reserved
dict_keys(['index', 'mixture_magnitude', 'mixture_phase', 'source_phase', 'mix_magnitude', 'ideal_binary_mask', 'source_magnitudes'])
1.009408950805664 GB allocated
8.646484375 GB reserved
dict_keys(['index', 'mixture_magnitude', 'mixture_phase', 'source_phase', 'mix_magnitude', 'ideal_binary_mask', 'source_magnitudes'])
1.009408950805664 GB allocated
8.646484375 GB reserved
dict_keys(['index', 'mixture_magnitude', 'mixture_phase', 'source_phase', 'mix_magnitude', 'ideal_binary_mask', 'source_magnitudes'])
1.009408950805664 GB allocated
8.646484375 GB reserved
dict_keys(['index', 'mixture_magnitude', 'mixture_phase', 'source_phase', 'mix_magnitude', 'ideal_binary_mask', 'source_magnitudes'])
1.0085558891296387 GB allocated
8.646484375 GB reserved
dict_keys(['index', 'mixture_magnitude', 'mixture_phase', 'source_phase', 'mix_magnitude', 'ideal_binary_mask', 'source_magnitudes'])
1.009408950805664 GB allocated
8.646484375 GB reserved
dict_keys(['index', 'mixture_magnitude', 'mixture_phase', 'source_phase', 'mix_magnitude', 'ideal_binary_mask', 'source_magnitudes'])
1.009408950805664 GB allocated
8.646484375 GB reserved
dict_keys(['index', 'mixture_magnitude', 'mixture_phase', 'source_phase', 'mix_magnitude', 'ideal_binary_mask', 'source_magnitudes'])
1.009408950805664 GB allocated
8.646484375 GB reserved
dict_keys(['index', 'mixture_magnitude', 'mixture_phase', 'source_phase', 'mix_magnitude', 'ideal_binary_mask', 'source_magnitudes'])
1.0085558891296387 GB allocated
8.646484375 GB reserved
dict_keys(['index', 'mixture_magnitude', 'mixture_phase', 'source_phase', 'mix_magnitude', 'ideal_binary_mask', 'source_magnitudes'])
1.009408950805664 GB allocated
8.646484375 GB reserved
dict_keys(['index', 'mixture_magnitude', 'mixture_phase', 'source_phase', 'mix_magnitude', 'ideal_binary_mask', 'source_magnitudes'])
1.009408950805664 GB allocated
8.646484375 GB reserved
dict_keys(['index', 'mixture_magnitude', 'mixture_phase', 'source_phase', 'mix_magnitude', 'ideal_binary_mask', 'source_magnitudes'])
1.009408950805664 GB allocated
8.646484375 GB reserved
dict_keys(['index', 'mixture_magnitude', 'mixture_phase', 'source_phase', 'mix_magnitude', 'ideal_binary_mask', 'source_magnitudes'])
1.0085558891296387 GB allocated
8.646484375 GB reserved
dict_keys(['index', 'mixture_magnitude', 'mixture_phase', 'source_phase', 'mix_magnitude', 'ideal_binary_mask', 'source_magnitudes'])
1.009408950805664 GB allocated
8.646484375 GB reserved
dict_keys(['index', 'mixture_magnitude', 'mixture_phase', 'source_phase', 'mix_magnitude', 'ideal_binary_mask', 'source_magnitudes'])
1.009408950805664 GB allocated
8.646484375 GB reserved
dict_keys(['index', 'mixture_magnitude', 'mixture_phase', 'source_phase', 'mix_magnitude', 'ideal_binary_mask', 'source_magnitudes'])
1.009408950805664 GB allocated
8.646484375 GB reserved
dict_keys(['index', 'mixture_magnitude', 'mixture_phase', 'source_phase', 'mix_magnitude', 'ideal_binary_mask', 'source_magnitudes'])
1.0085558891296387 GB allocated
8.646484375 GB reserved
dict_keys(['index', 'mixture_magnitude', 'mixture_phase', 'source_phase', 'mix_magnitude', 'ideal_binary_mask', 'source_magnitudes'])
1.009408950805664 GB allocated
8.646484375 GB reserved
dict_keys(['index', 'mixture_magnitude', 'mixture_phase', 'source_phase', 'mix_magnitude', 'ideal_binary_mask', 'source_magnitudes'])
1.009408950805664 GB allocated
8.646484375 GB reserved
dict_keys(['index', 'mixture_magnitude', 'mixture_phase', 'source_phase', 'mix_magnitude', 'ideal_binary_mask', 'source_magnitudes'])
1.009408950805664 GB allocated
8.646484375 GB reserved
dict_keys(['index', 'mixture_magnitude', 'mixture_phase', 'source_phase', 'mix_magnitude', 'ideal_binary_mask', 'source_magnitudes'])
1.0085558891296387 GB allocated
8.646484375 GB reserved
dict_keys(['index', 'mixture_magnitude', 'mixture_phase', 'source_phase', 'mix_magnitude', 'ideal_binary_mask', 'source_magnitudes'])
1.009408950805664 GB allocated
8.646484375 GB reserved
dict_keys(['index', 'mixture_magnitude', 'mixture_phase', 'source_phase', 'mix_magnitude', 'ideal_binary_mask', 'source_magnitudes'])
1.009408950805664 GB allocated
8.646484375 GB reserved
dict_keys(['index', 'mixture_magnitude', 'mixture_phase', 'source_phase', 'mix_magnitude', 'ideal_binary_mask', 'source_magnitudes'])
1.009408950805664 GB allocated
8.646484375 GB reserved
dict_keys(['index', 'mixture_magnitude', 'mixture_phase', 'source_phase', 'mix_magnitude', 'ideal_binary_mask', 'source_magnitudes'])
1.0085558891296387 GB allocated
8.646484375 GB reserved
dict_keys(['index', 'mixture_magnitude', 'mixture_phase', 'source_phase', 'mix_magnitude', 'ideal_binary_mask', 'source_magnitudes'])
1.009408950805664 GB allocated
8.646484375 GB reserved
dict_keys(['index', 'mixture_magnitude', 'mixture_phase', 'source_phase', 'mix_magnitude', 'ideal_binary_mask', 'source_magnitudes'])
1.009408950805664 GB allocated
8.646484375 GB reserved
dict_keys(['index', 'mixture_magnitude', 'mixture_phase', 'source_phase', 'mix_magnitude', 'ideal_binary_mask', 'source_magnitudes'])
1.009408950805664 GB allocated
8.646484375 GB reserved
dict_keys(['index', 'mixture_magnitude', 'mixture_phase', 'source_phase', 'mix_magnitude', 'ideal_binary_mask', 'source_magnitudes'])
1.0085558891296387 GB allocated
8.646484375 GB reserved
dict_keys(['index', 'mixture_magnitude', 'mixture_phase', 'source_phase', 'mix_magnitude', 'ideal_binary_mask', 'source_magnitudes'])
1.009408950805664 GB allocated
8.646484375 GB reserved
dict_keys(['index', 'mixture_magnitude', 'mixture_phase', 'source_phase', 'mix_magnitude', 'ideal_binary_mask', 'source_magnitudes'])
1.009408950805664 GB allocated
8.646484375 GB reserved
dict_keys(['index', 'mixture_magnitude', 'mixture_phase', 'source_phase', 'mix_magnitude', 'ideal_binary_mask', 'source_magnitudes'])
1.009408950805664 GB allocated
8.646484375 GB reserved
dict_keys(['index', 'mixture_magnitude', 'mixture_phase', 'source_phase', 'mix_magnitude', 'ideal_binary_mask', 'source_magnitudes'])
1.0085558891296387 GB allocated
8.646484375 GB reserved
dict_keys(['index', 'mixture_magnitude', 'mixture_phase', 'source_phase', 'mix_magnitude', 'ideal_binary_mask', 'source_magnitudes'])
1.009408950805664 GB allocated
8.646484375 GB reserved
dict_keys(['index', 'mixture_magnitude', 'mixture_phase', 'source_phase', 'mix_magnitude', 'ideal_binary_mask', 'source_magnitudes'])
1.009408950805664 GB allocated
8.646484375 GB reserved
dict_keys(['index', 'mixture_magnitude', 'mixture_phase', 'source_phase', 'mix_magnitude', 'ideal_binary_mask', 'source_magnitudes'])
1.009408950805664 GB allocated
8.646484375 GB reserved
dict_keys(['index', 'mixture_magnitude', 'mixture_phase', 'source_phase', 'mix_magnitude', 'ideal_binary_mask', 'source_magnitudes'])
1.0085558891296387 GB allocated
8.646484375 GB reserved
dict_keys(['index', 'mixture_magnitude', 'mixture_phase', 'source_phase', 'mix_magnitude', 'ideal_binary_mask', 'source_magnitudes'])
1.009408950805664 GB allocated
8.646484375 GB reserved
dict_keys(['index', 'mixture_magnitude', 'mixture_phase', 'source_phase', 'mix_magnitude', 'ideal_binary_mask', 'source_magnitudes'])
1.009408950805664 GB allocated
8.646484375 GB reserved
06/11/2026 03:51:00 PM | engine.py:906 Engine run starting with max_epochs=1.
06/11/2026 03:52:04 PM | engine.py:1010 Epoch[1] Complete. Time taken: 00:01:03.177
dict_keys(['index', 'mixture_magnitude', 'mixture_phase', 'source_phase', 'mix_magnitude', 'ideal_binary_mask', 'source_magnitudes'])
1.009408950805664 GB allocated
8.646484375 GB reserved
dict_keys(['index', 'mixture_magnitude', 'mixture_phase', 'source_phase', 'mix_magnitude', 'ideal_binary_mask', 'source_magnitudes'])
1.0085558891296387 GB allocated
8.646484375 GB reserved
dict_keys(['index', 'mixture_magnitude', 'mixture_phase', 'source_phase', 'mix_magnitude', 'ideal_binary_mask', 'source_magnitudes'])
1.009408950805664 GB allocated
8.646484375 GB reserved
dict_keys(['index', 'mixture_magnitude', 'mixture_phase', 'source_phase', 'mix_magnitude', 'ideal_binary_mask', 'source_magnitudes'])
1.009408950805664 GB allocated
8.646484375 GB reserved
dict_keys(['index', 'mixture_magnitude', 'mixture_phase', 'source_phase', 'mix_magnitude', 'ideal_binary_mask', 'source_magnitudes'])
1.009408950805664 GB allocated
8.646484375 GB reserved
dict_keys(['index', 'mixture_magnitude', 'mixture_phase', 'source_phase', 'mix_magnitude', 'ideal_binary_mask', 'source_magnitudes'])
1.0085558891296387 GB allocated
8.646484375 GB reserved
dict_keys(['index', 'mixture_magnitude', 'mixture_phase', 'source_phase', 'mix_magnitude', 'ideal_binary_mask', 'source_magnitudes'])
1.009408950805664 GB allocated
8.646484375 GB reserved
dict_keys(['index', 'mixture_magnitude', 'mixture_phase', 'source_phase', 'mix_magnitude', 'ideal_binary_mask', 'source_magnitudes'])
1.009408950805664 GB allocated
8.646484375 GB reserved
dict_keys(['index', 'mixture_magnitude', 'mixture_phase', 'source_phase', 'mix_magnitude', 'ideal_binary_mask', 'source_magnitudes'])
1.009408950805664 GB allocated
8.646484375 GB reserved
dict_keys(['index', 'mixture_magnitude', 'mixture_phase', 'source_phase', 'mix_magnitude', 'ideal_binary_mask', 'source_magnitudes'])
1.0085558891296387 GB allocated
8.646484375 GB reserved
dict_keys(['index', 'mixture_magnitude', 'mixture_phase', 'source_phase', 'mix_magnitude', 'ideal_binary_mask', 'source_magnitudes'])
1.009408950805664 GB allocated
8.646484375 GB reserved
dict_keys(['index', 'mixture_magnitude', 'mixture_phase', 'source_phase', 'mix_magnitude', 'ideal_binary_mask', 'source_magnitudes'])
1.009408950805664 GB allocated
8.646484375 GB reserved
dict_keys(['index', 'mixture_magnitude', 'mixture_phase', 'source_phase', 'mix_magnitude', 'ideal_binary_mask', 'source_magnitudes'])
1.009408950805664 GB allocated
8.646484375 GB reserved
dict_keys(['index', 'mixture_magnitude', 'mixture_phase', 'source_phase', 'mix_magnitude', 'ideal_binary_mask', 'source_magnitudes'])
1.0085558891296387 GB allocated
8.646484375 GB reserved
dict_keys(['index', 'mixture_magnitude', 'mixture_phase', 'source_phase', 'mix_magnitude', 'ideal_binary_mask', 'source_magnitudes'])
1.009408950805664 GB allocated
8.646484375 GB reserved
dict_keys(['index', 'mixture_magnitude', 'mixture_phase', 'source_phase', 'mix_magnitude', 'ideal_binary_mask', 'source_magnitudes'])
1.009408950805664 GB allocated
8.646484375 GB reserved
dict_keys(['index', 'mixture_magnitude', 'mixture_phase', 'source_phase', 'mix_magnitude', 'ideal_binary_mask', 'source_magnitudes'])
1.009408950805664 GB allocated
8.646484375 GB reserved
dict_keys(['index', 'mixture_magnitude', 'mixture_phase', 'source_phase', 'mix_magnitude', 'ideal_binary_mask', 'source_magnitudes'])
1.0085558891296387 GB allocated
8.646484375 GB reserved
dict_keys(['index', 'mixture_magnitude', 'mixture_phase', 'source_phase', 'mix_magnitude', 'ideal_binary_mask', 'source_magnitudes'])
1.009408950805664 GB allocated
8.646484375 GB reserved
dict_keys(['index', 'mixture_magnitude', 'mixture_phase', 'source_phase', 'mix_magnitude', 'ideal_binary_mask', 'source_magnitudes'])
1.009408950805664 GB allocated
8.646484375 GB reserved
dict_keys(['index', 'mixture_magnitude', 'mixture_phase', 'source_phase', 'mix_magnitude', 'ideal_binary_mask', 'source_magnitudes'])
1.009408950805664 GB allocated
8.646484375 GB reserved
dict_keys(['index', 'mixture_magnitude', 'mixture_phase', 'source_phase', 'mix_magnitude', 'ideal_binary_mask', 'source_magnitudes'])
1.0085558891296387 GB allocated
8.646484375 GB reserved
dict_keys(['index', 'mixture_magnitude', 'mixture_phase', 'source_phase', 'mix_magnitude', 'ideal_binary_mask', 'source_magnitudes'])
1.009408950805664 GB allocated
8.646484375 GB reserved
dict_keys(['index', 'mixture_magnitude', 'mixture_phase', 'source_phase', 'mix_magnitude', 'ideal_binary_mask', 'source_magnitudes'])
1.009408950805664 GB allocated
8.646484375 GB reserved
dict_keys(['index', 'mixture_magnitude', 'mixture_phase', 'source_phase', 'mix_magnitude', 'ideal_binary_mask', 'source_magnitudes'])
1.009408950805664 GB allocated
8.646484375 GB reserved
dict_keys(['index', 'mixture_magnitude', 'mixture_phase', 'source_phase', 'mix_magnitude', 'ideal_binary_mask', 'source_magnitudes'])
1.0085558891296387 GB allocated
8.646484375 GB reserved
dict_keys(['index', 'mixture_magnitude', 'mixture_phase', 'source_phase', 'mix_magnitude', 'ideal_binary_mask', 'source_magnitudes'])
1.009408950805664 GB allocated
8.646484375 GB reserved
dict_keys(['index', 'mixture_magnitude', 'mixture_phase', 'source_phase', 'mix_magnitude', 'ideal_binary_mask', 'source_magnitudes'])
1.009408950805664 GB allocated
8.646484375 GB reserved
dict_keys(['index', 'mixture_magnitude', 'mixture_phase', 'source_phase', 'mix_magnitude', 'ideal_binary_mask', 'source_magnitudes'])
1.009408950805664 GB allocated
8.646484375 GB reserved
dict_keys(['index', 'mixture_magnitude', 'mixture_phase', 'source_phase', 'mix_magnitude', 'ideal_binary_mask', 'source_magnitudes'])
1.0085558891296387 GB allocated
8.646484375 GB reserved
dict_keys(['index', 'mixture_magnitude', 'mixture_phase', 'source_phase', 'mix_magnitude', 'ideal_binary_mask', 'source_magnitudes'])
1.009408950805664 GB allocated
8.646484375 GB reserved
dict_keys(['index', 'mixture_magnitude', 'mixture_phase', 'source_phase', 'mix_magnitude', 'ideal_binary_mask', 'source_magnitudes'])
1.009408950805664 GB allocated
8.646484375 GB reserved
dict_keys(['index', 'mixture_magnitude', 'mixture_phase', 'source_phase', 'mix_magnitude', 'ideal_binary_mask', 'source_magnitudes'])
1.009408950805664 GB allocated
8.646484375 GB reserved
dict_keys(['index', 'mixture_magnitude', 'mixture_phase', 'source_phase', 'mix_magnitude', 'ideal_binary_mask', 'source_magnitudes'])
1.0085558891296387 GB allocated
8.646484375 GB reserved
dict_keys(['index', 'mixture_magnitude', 'mixture_phase', 'source_phase', 'mix_magnitude', 'ideal_binary_mask', 'source_magnitudes'])
1.009408950805664 GB allocated
8.646484375 GB reserved
dict_keys(['index', 'mixture_magnitude', 'mixture_phase', 'source_phase', 'mix_magnitude', 'ideal_binary_mask', 'source_magnitudes'])
1.009408950805664 GB allocated
8.646484375 GB reserved
dict_keys(['index', 'mixture_magnitude', 'mixture_phase', 'source_phase', 'mix_magnitude', 'ideal_binary_mask', 'source_magnitudes'])
1.009408950805664 GB allocated
8.646484375 GB reserved
dict_keys(['index', 'mixture_magnitude', 'mixture_phase', 'source_phase', 'mix_magnitude', 'ideal_binary_mask', 'source_magnitudes'])
1.0085558891296387 GB allocated
8.646484375 GB reserved
dict_keys(['index', 'mixture_magnitude', 'mixture_phase', 'source_phase', 'mix_magnitude', 'ideal_binary_mask', 'source_magnitudes'])
1.009408950805664 GB allocated
8.646484375 GB reserved
dict_keys(['index', 'mixture_magnitude', 'mixture_phase', 'source_phase', 'mix_magnitude', 'ideal_binary_mask', 'source_magnitudes'])
1.009408950805664 GB allocated
8.646484375 GB reserved
dict_keys(['index', 'mixture_magnitude', 'mixture_phase', 'source_phase', 'mix_magnitude', 'ideal_binary_mask', 'source_magnitudes'])
1.009408950805664 GB allocated
8.646484375 GB reserved
dict_keys(['index', 'mixture_magnitude', 'mixture_phase', 'source_phase', 'mix_magnitude', 'ideal_binary_mask', 'source_magnitudes'])
1.0085558891296387 GB allocated
8.646484375 GB reserved
dict_keys(['index', 'mixture_magnitude', 'mixture_phase', 'source_phase', 'mix_magnitude', 'ideal_binary_mask', 'source_magnitudes'])
1.009408950805664 GB allocated
8.646484375 GB reserved
dict_keys(['index', 'mixture_magnitude', 'mixture_phase', 'source_phase', 'mix_magnitude', 'ideal_binary_mask', 'source_magnitudes'])
1.009408950805664 GB allocated
8.646484375 GB reserved
dict_keys(['index', 'mixture_magnitude', 'mixture_phase', 'source_phase', 'mix_magnitude', 'ideal_binary_mask', 'source_magnitudes'])
1.009408950805664 GB allocated
8.646484375 GB reserved
dict_keys(['index', 'mixture_magnitude', 'mixture_phase', 'source_phase', 'mix_magnitude', 'ideal_binary_mask', 'source_magnitudes'])
1.0085558891296387 GB allocated
8.646484375 GB reserved
dict_keys(['index', 'mixture_magnitude', 'mixture_phase', 'source_phase', 'mix_magnitude', 'ideal_binary_mask', 'source_magnitudes'])
1.009408950805664 GB allocated
8.646484375 GB reserved
dict_keys(['index', 'mixture_magnitude', 'mixture_phase', 'source_phase', 'mix_magnitude', 'ideal_binary_mask', 'source_magnitudes'])
1.009408950805664 GB allocated
8.646484375 GB reserved
dict_keys(['index', 'mixture_magnitude', 'mixture_phase', 'source_phase', 'mix_magnitude', 'ideal_binary_mask', 'source_magnitudes'])
1.009408950805664 GB allocated
8.646484375 GB reserved
dict_keys(['index', 'mixture_magnitude', 'mixture_phase', 'source_phase', 'mix_magnitude', 'ideal_binary_mask', 'source_magnitudes'])
1.0085558891296387 GB allocated
8.646484375 GB reserved
dict_keys(['index', 'mixture_magnitude', 'mixture_phase', 'source_phase', 'mix_magnitude', 'ideal_binary_mask', 'source_magnitudes'])
1.009408950805664 GB allocated
8.646484375 GB reserved
dict_keys(['index', 'mixture_magnitude', 'mixture_phase', 'source_phase', 'mix_magnitude', 'ideal_binary_mask', 'source_magnitudes'])
1.009408950805664 GB allocated
8.646484375 GB reserved
dict_keys(['index', 'mixture_magnitude', 'mixture_phase', 'source_phase', 'mix_magnitude', 'ideal_binary_mask', 'source_magnitudes'])
1.009408950805664 GB allocated
8.646484375 GB reserved
dict_keys(['index', 'mixture_magnitude', 'mixture_phase', 'source_phase', 'mix_magnitude', 'ideal_binary_mask', 'source_magnitudes'])
1.0085558891296387 GB allocated
8.646484375 GB reserved
dict_keys(['index', 'mixture_magnitude', 'mixture_phase', 'source_phase', 'mix_magnitude', 'ideal_binary_mask', 'source_magnitudes'])
1.009408950805664 GB allocated
8.646484375 GB reserved
dict_keys(['index', 'mixture_magnitude', 'mixture_phase', 'source_phase', 'mix_magnitude', 'ideal_binary_mask', 'source_magnitudes'])
1.009408950805664 GB allocated
8.646484375 GB reserved
dict_keys(['index', 'mixture_magnitude', 'mixture_phase', 'source_phase', 'mix_magnitude', 'ideal_binary_mask', 'source_magnitudes'])
1.009408950805664 GB allocated
8.646484375 GB reserved
dict_keys(['index', 'mixture_magnitude', 'mixture_phase', 'source_phase', 'mix_magnitude', 'ideal_binary_mask', 'source_magnitudes'])
[Validator] Epoch 32 - val_loss: 0.874624
[BEST CHECKPOINT] Guardado/actualizado en: checkpoints\Mis_modelos_v2\advanced\l_mrs checkpoints\4stems\best_checkpoint_32_val_loss=-0.8746.pt
06/11/2026 03:52:04 PM | engine.py:1037 Engine run finished. Time taken: 00:01:03.188
[Epoch 32] train_loss=0.886437 | val_loss=0.874624
06/11/2026 03:52:04 PM | engine.py:1010 Epoch[32] Complete. Time taken: 00:39:13.605
1.0085558891296387 GB allocated
8.646484375 GB reserved
dict_keys(['index', 'mixture_magnitude', 'mixture_phase', 'source_phase', 'mix_magnitude', 'ideal_binary_mask', 'source_magnitudes'])
1.009408950805664 GB allocated
8.646484375 GB reserved
dict_keys(['index', 'mixture_magnitude', 'mixture_phase', 'source_phase', 'mix_magnitude', 'ideal_binary_mask', 'source_magnitudes'])
1.009408950805664 GB allocated
8.646484375 GB reserved
dict_keys(['index', 'mixture_magnitude', 'mixture_phase', 'source_phase', 'mix_magnitude', 'ideal_binary_mask', 'source_magnitudes'])
1.009408950805664 GB allocated
8.646484375 GB reserved
dict_keys(['index', 'mixture_magnitude', 'mixture_phase', 'source_phase', 'mix_magnitude', 'ideal_binary_mask', 'source_magnitudes'])
1.0085558891296387 GB allocated
8.646484375 GB reserved
dict_keys(['index', 'mixture_magnitude', 'mixture_phase', 'source_phase', 'mix_magnitude', 'ideal_binary_mask', 'source_magnitudes'])
1.009408950805664 GB allocated
8.646484375 GB reserved
dict_keys(['index', 'mixture_magnitude', 'mixture_phase', 'source_phase', 'mix_magnitude', 'ideal_binary_mask', 'source_magnitudes'])
1.009408950805664 GB allocated
8.646484375 GB reserved
dict_keys(['index', 'mixture_magnitude', 'mixture_phase', 'source_phase', 'mix_magnitude', 'ideal_binary_mask', 'source_magnitudes'])
1.009408950805664 GB allocated
8.646484375 GB reserved
dict_keys(['index', 'mixture_magnitude', 'mixture_phase', 'source_phase', 'mix_magnitude', 'ideal_binary_mask', 'source_magnitudes'])
1.0085558891296387 GB allocated
8.646484375 GB reserved
dict_keys(['index', 'mixture_magnitude', 'mixture_phase', 'source_phase', 'mix_magnitude', 'ideal_binary_mask', 'source_magnitudes'])
1.009408950805664 GB allocated
8.646484375 GB reserved
dict_keys(['index', 'mixture_magnitude', 'mixture_phase', 'source_phase', 'mix_magnitude', 'ideal_binary_mask', 'source_magnitudes'])
1.009408950805664 GB allocated
8.646484375 GB reserved
dict_keys(['index', 'mixture_magnitude', 'mixture_phase', 'source_phase', 'mix_magnitude', 'ideal_binary_mask', 'source_magnitudes'])
1.009408950805664 GB allocated
8.646484375 GB reserved
dict_keys(['index', 'mixture_magnitude', 'mixture_phase', 'source_phase', 'mix_magnitude', 'ideal_binary_mask', 'source_magnitudes'])
1.0085558891296387 GB allocated
8.646484375 GB reserved
dict_keys(['index', 'mixture_magnitude', 'mixture_phase', 'source_phase', 'mix_magnitude', 'ideal_binary_mask', 'source_magnitudes'])
1.009408950805664 GB allocated
8.646484375 GB reserved
dict_keys(['index', 'mixture_magnitude', 'mixture_phase', 'source_phase', 'mix_magnitude', 'ideal_binary_mask', 'source_magnitudes'])
1.009408950805664 GB allocated
8.646484375 GB reserved
dict_keys(['index', 'mixture_magnitude', 'mixture_phase', 'source_phase', 'mix_magnitude', 'ideal_binary_mask', 'source_magnitudes'])
1.009408950805664 GB allocated
8.646484375 GB reserved
dict_keys(['index', 'mixture_magnitude', 'mixture_phase', 'source_phase', 'mix_magnitude', 'ideal_binary_mask', 'source_magnitudes'])
1.0085558891296387 GB allocated
8.646484375 GB reserved
dict_keys(['index', 'mixture_magnitude', 'mixture_phase', 'source_phase', 'mix_magnitude', 'ideal_binary_mask', 'source_magnitudes'])
1.009408950805664 GB allocated
8.646484375 GB reserved
dict_keys(['index', 'mixture_magnitude', 'mixture_phase', 'source_phase', 'mix_magnitude', 'ideal_binary_mask', 'source_magnitudes'])
1.009408950805664 GB allocated
8.646484375 GB reserved
dict_keys(['index', 'mixture_magnitude', 'mixture_phase', 'source_phase', 'mix_magnitude', 'ideal_binary_mask', 'source_magnitudes'])
1.009408950805664 GB allocated
8.646484375 GB reserved
dict_keys(['index', 'mixture_magnitude', 'mixture_phase', 'source_phase', 'mix_magnitude', 'ideal_binary_mask', 'source_magnitudes'])
1.0085558891296387 GB allocated
8.646484375 GB reserved
dict_keys(['index', 'mixture_magnitude', 'mixture_phase', 'source_phase', 'mix_magnitude', 'ideal_binary_mask', 'source_magnitudes'])
1.009408950805664 GB allocated
8.646484375 GB reserved
dict_keys(['index', 'mixture_magnitude', 'mixture_phase', 'source_phase', 'mix_magnitude', 'ideal_binary_mask', 'source_magnitudes'])
1.009408950805664 GB allocated
8.646484375 GB reserved
dict_keys(['index', 'mixture_magnitude', 'mixture_phase', 'source_phase', 'mix_magnitude', 'ideal_binary_mask', 'source_magnitudes'])
1.009408950805664 GB allocated
8.646484375 GB reserved
dict_keys(['index', 'mixture_magnitude', 'mixture_phase', 'source_phase', 'mix_magnitude', 'ideal_binary_mask', 'source_magnitudes'])
1.0085558891296387 GB allocated
8.646484375 GB reserved
dict_keys(['index', 'mixture_magnitude', 'mixture_phase', 'source_phase', 'mix_magnitude', 'ideal_binary_mask', 'source_magnitudes'])
1.009408950805664 GB allocated
8.646484375 GB reserved
dict_keys(['index', 'mixture_magnitude', 'mixture_phase', 'source_phase', 'mix_magnitude', 'ideal_binary_mask', 'source_magnitudes'])
1.009408950805664 GB allocated
8.646484375 GB reserved
dict_keys(['index', 'mixture_magnitude', 'mixture_phase', 'source_phase', 'mix_magnitude', 'ideal_binary_mask', 'source_magnitudes'])
1.009408950805664 GB allocated
8.646484375 GB reserved
dict_keys(['index', 'mixture_magnitude', 'mixture_phase', 'source_phase', 'mix_magnitude', 'ideal_binary_mask', 'source_magnitudes'])
1.0085558891296387 GB allocated
8.646484375 GB reserved
dict_keys(['index', 'mixture_magnitude', 'mixture_phase', 'source_phase', 'mix_magnitude', 'ideal_binary_mask', 'source_magnitudes'])
1.009408950805664 GB allocated
8.646484375 GB reserved
dict_keys(['index', 'mixture_magnitude', 'mixture_phase', 'source_phase', 'mix_magnitude', 'ideal_binary_mask', 'source_magnitudes'])
1.009408950805664 GB allocated
8.646484375 GB reserved
dict_keys(['index', 'mixture_magnitude', 'mixture_phase', 'source_phase', 'mix_magnitude', 'ideal_binary_mask', 'source_magnitudes'])
1.009408950805664 GB allocated
8.646484375 GB reserved
dict_keys(['index', 'mixture_magnitude', 'mixture_phase', 'source_phase', 'mix_magnitude', 'ideal_binary_mask', 'source_magnitudes'])
1.0085558891296387 GB allocated
8.646484375 GB reserved
dict_keys(['index', 'mixture_magnitude', 'mixture_phase', 'source_phase', 'mix_magnitude', 'ideal_binary_mask', 'source_magnitudes'])
1.009408950805664 GB allocated
8.646484375 GB reserved
dict_keys(['index', 'mixture_magnitude', 'mixture_phase', 'source_phase', 'mix_magnitude', 'ideal_binary_mask', 'source_magnitudes'])
1.009408950805664 GB allocated
8.646484375 GB reserved
dict_keys(['index', 'mixture_magnitude', 'mixture_phase', 'source_phase', 'mix_magnitude', 'ideal_binary_mask', 'source_magnitudes'])
1.009408950805664 GB allocated
8.646484375 GB reserved
dict_keys(['index', 'mixture_magnitude', 'mixture_phase', 'source_phase', 'mix_magnitude', 'ideal_binary_mask', 'source_magnitudes'])
1.0085558891296387 GB allocated
8.646484375 GB reserved
dict_keys(['index', 'mixture_magnitude', 'mixture_phase', 'source_phase', 'mix_magnitude', 'ideal_binary_mask', 'source_magnitudes'])
1.009408950805664 GB allocated
8.646484375 GB reserved
dict_keys(['index', 'mixture_magnitude', 'mixture_phase', 'source_phase', 'mix_magnitude', 'ideal_binary_mask', 'source_magnitudes'])
1.009408950805664 GB allocated
8.646484375 GB reserved
dict_keys(['index', 'mixture_magnitude', 'mixture_phase', 'source_phase', 'mix_magnitude', 'ideal_binary_mask', 'source_magnitudes'])
1.009408950805664 GB allocated
8.646484375 GB reserved
dict_keys(['index', 'mixture_magnitude', 'mixture_phase', 'source_phase', 'mix_magnitude', 'ideal_binary_mask', 'source_magnitudes'])
1.0085558891296387 GB allocated
8.646484375 GB reserved
dict_keys(['index', 'mixture_magnitude', 'mixture_phase', 'source_phase', 'mix_magnitude', 'ideal_binary_mask', 'source_magnitudes'])
1.009408950805664 GB allocated
8.646484375 GB reserved
dict_keys(['index', 'mixture_magnitude', 'mixture_phase', 'source_phase', 'mix_magnitude', 'ideal_binary_mask', 'source_magnitudes'])
1.009408950805664 GB allocated
8.646484375 GB reserved
06/11/2026 04:30:16 PM | engine.py:906 Engine run starting with max_epochs=1.
06/11/2026 04:31:20 PM | engine.py:1010 Epoch[1] Complete. Time taken: 00:01:03.853
dict_keys(['index', 'mixture_magnitude', 'mixture_phase', 'source_phase', 'mix_magnitude', 'ideal_binary_mask', 'source_magnitudes'])
1.009408950805664 GB allocated
8.646484375 GB reserved
dict_keys(['index', 'mixture_magnitude', 'mixture_phase', 'source_phase', 'mix_magnitude', 'ideal_binary_mask', 'source_magnitudes'])
1.0085558891296387 GB allocated
8.646484375 GB reserved
dict_keys(['index', 'mixture_magnitude', 'mixture_phase', 'source_phase', 'mix_magnitude', 'ideal_binary_mask', 'source_magnitudes'])
1.009408950805664 GB allocated
8.646484375 GB reserved
dict_keys(['index', 'mixture_magnitude', 'mixture_phase', 'source_phase', 'mix_magnitude', 'ideal_binary_mask', 'source_magnitudes'])
1.009408950805664 GB allocated
8.646484375 GB reserved
dict_keys(['index', 'mixture_magnitude', 'mixture_phase', 'source_phase', 'mix_magnitude', 'ideal_binary_mask', 'source_magnitudes'])
1.009408950805664 GB allocated
8.646484375 GB reserved
dict_keys(['index', 'mixture_magnitude', 'mixture_phase', 'source_phase', 'mix_magnitude', 'ideal_binary_mask', 'source_magnitudes'])
1.0085558891296387 GB allocated
8.646484375 GB reserved
dict_keys(['index', 'mixture_magnitude', 'mixture_phase', 'source_phase', 'mix_magnitude', 'ideal_binary_mask', 'source_magnitudes'])
1.009408950805664 GB allocated
8.646484375 GB reserved
dict_keys(['index', 'mixture_magnitude', 'mixture_phase', 'source_phase', 'mix_magnitude', 'ideal_binary_mask', 'source_magnitudes'])
1.009408950805664 GB allocated
8.646484375 GB reserved
dict_keys(['index', 'mixture_magnitude', 'mixture_phase', 'source_phase', 'mix_magnitude', 'ideal_binary_mask', 'source_magnitudes'])
1.009408950805664 GB allocated
8.646484375 GB reserved
dict_keys(['index', 'mixture_magnitude', 'mixture_phase', 'source_phase', 'mix_magnitude', 'ideal_binary_mask', 'source_magnitudes'])
1.0085558891296387 GB allocated
8.646484375 GB reserved
dict_keys(['index', 'mixture_magnitude', 'mixture_phase', 'source_phase', 'mix_magnitude', 'ideal_binary_mask', 'source_magnitudes'])
1.009408950805664 GB allocated
8.646484375 GB reserved
dict_keys(['index', 'mixture_magnitude', 'mixture_phase', 'source_phase', 'mix_magnitude', 'ideal_binary_mask', 'source_magnitudes'])
1.009408950805664 GB allocated
8.646484375 GB reserved
dict_keys(['index', 'mixture_magnitude', 'mixture_phase', 'source_phase', 'mix_magnitude', 'ideal_binary_mask', 'source_magnitudes'])
1.009408950805664 GB allocated
8.646484375 GB reserved
dict_keys(['index', 'mixture_magnitude', 'mixture_phase', 'source_phase', 'mix_magnitude', 'ideal_binary_mask', 'source_magnitudes'])
1.0085558891296387 GB allocated
8.646484375 GB reserved
dict_keys(['index', 'mixture_magnitude', 'mixture_phase', 'source_phase', 'mix_magnitude', 'ideal_binary_mask', 'source_magnitudes'])
1.009408950805664 GB allocated
8.646484375 GB reserved
dict_keys(['index', 'mixture_magnitude', 'mixture_phase', 'source_phase', 'mix_magnitude', 'ideal_binary_mask', 'source_magnitudes'])
1.009408950805664 GB allocated
8.646484375 GB reserved
dict_keys(['index', 'mixture_magnitude', 'mixture_phase', 'source_phase', 'mix_magnitude', 'ideal_binary_mask', 'source_magnitudes'])
1.009408950805664 GB allocated
8.646484375 GB reserved
dict_keys(['index', 'mixture_magnitude', 'mixture_phase', 'source_phase', 'mix_magnitude', 'ideal_binary_mask', 'source_magnitudes'])
1.0085558891296387 GB allocated
8.646484375 GB reserved
dict_keys(['index', 'mixture_magnitude', 'mixture_phase', 'source_phase', 'mix_magnitude', 'ideal_binary_mask', 'source_magnitudes'])
1.009408950805664 GB allocated
8.646484375 GB reserved
dict_keys(['index', 'mixture_magnitude', 'mixture_phase', 'source_phase', 'mix_magnitude', 'ideal_binary_mask', 'source_magnitudes'])
1.009408950805664 GB allocated
8.646484375 GB reserved
dict_keys(['index', 'mixture_magnitude', 'mixture_phase', 'source_phase', 'mix_magnitude', 'ideal_binary_mask', 'source_magnitudes'])
1.009408950805664 GB allocated
8.646484375 GB reserved
dict_keys(['index', 'mixture_magnitude', 'mixture_phase', 'source_phase', 'mix_magnitude', 'ideal_binary_mask', 'source_magnitudes'])
1.0085558891296387 GB allocated
8.646484375 GB reserved
dict_keys(['index', 'mixture_magnitude', 'mixture_phase', 'source_phase', 'mix_magnitude', 'ideal_binary_mask', 'source_magnitudes'])
1.009408950805664 GB allocated
8.646484375 GB reserved
dict_keys(['index', 'mixture_magnitude', 'mixture_phase', 'source_phase', 'mix_magnitude', 'ideal_binary_mask', 'source_magnitudes'])
1.009408950805664 GB allocated
8.646484375 GB reserved
dict_keys(['index', 'mixture_magnitude', 'mixture_phase', 'source_phase', 'mix_magnitude', 'ideal_binary_mask', 'source_magnitudes'])
1.009408950805664 GB allocated
8.646484375 GB reserved
dict_keys(['index', 'mixture_magnitude', 'mixture_phase', 'source_phase', 'mix_magnitude', 'ideal_binary_mask', 'source_magnitudes'])
1.0085558891296387 GB allocated
8.646484375 GB reserved
dict_keys(['index', 'mixture_magnitude', 'mixture_phase', 'source_phase', 'mix_magnitude', 'ideal_binary_mask', 'source_magnitudes'])
1.009408950805664 GB allocated
8.646484375 GB reserved
dict_keys(['index', 'mixture_magnitude', 'mixture_phase', 'source_phase', 'mix_magnitude', 'ideal_binary_mask', 'source_magnitudes'])
1.009408950805664 GB allocated
8.646484375 GB reserved
dict_keys(['index', 'mixture_magnitude', 'mixture_phase', 'source_phase', 'mix_magnitude', 'ideal_binary_mask', 'source_magnitudes'])
1.009408950805664 GB allocated
8.646484375 GB reserved
dict_keys(['index', 'mixture_magnitude', 'mixture_phase', 'source_phase', 'mix_magnitude', 'ideal_binary_mask', 'source_magnitudes'])
1.0085558891296387 GB allocated
8.646484375 GB reserved
dict_keys(['index', 'mixture_magnitude', 'mixture_phase', 'source_phase', 'mix_magnitude', 'ideal_binary_mask', 'source_magnitudes'])
1.009408950805664 GB allocated
8.646484375 GB reserved
dict_keys(['index', 'mixture_magnitude', 'mixture_phase', 'source_phase', 'mix_magnitude', 'ideal_binary_mask', 'source_magnitudes'])
1.009408950805664 GB allocated
8.646484375 GB reserved
dict_keys(['index', 'mixture_magnitude', 'mixture_phase', 'source_phase', 'mix_magnitude', 'ideal_binary_mask', 'source_magnitudes'])
1.009408950805664 GB allocated
8.646484375 GB reserved
dict_keys(['index', 'mixture_magnitude', 'mixture_phase', 'source_phase', 'mix_magnitude', 'ideal_binary_mask', 'source_magnitudes'])
1.0085558891296387 GB allocated
8.646484375 GB reserved
dict_keys(['index', 'mixture_magnitude', 'mixture_phase', 'source_phase', 'mix_magnitude', 'ideal_binary_mask', 'source_magnitudes'])
1.009408950805664 GB allocated
8.646484375 GB reserved
dict_keys(['index', 'mixture_magnitude', 'mixture_phase', 'source_phase', 'mix_magnitude', 'ideal_binary_mask', 'source_magnitudes'])
1.009408950805664 GB allocated
8.646484375 GB reserved
dict_keys(['index', 'mixture_magnitude', 'mixture_phase', 'source_phase', 'mix_magnitude', 'ideal_binary_mask', 'source_magnitudes'])
1.009408950805664 GB allocated
8.646484375 GB reserved
dict_keys(['index', 'mixture_magnitude', 'mixture_phase', 'source_phase', 'mix_magnitude', 'ideal_binary_mask', 'source_magnitudes'])
1.0085558891296387 GB allocated
8.646484375 GB reserved
dict_keys(['index', 'mixture_magnitude', 'mixture_phase', 'source_phase', 'mix_magnitude', 'ideal_binary_mask', 'source_magnitudes'])
1.009408950805664 GB allocated
8.646484375 GB reserved
dict_keys(['index', 'mixture_magnitude', 'mixture_phase', 'source_phase', 'mix_magnitude', 'ideal_binary_mask', 'source_magnitudes'])
1.009408950805664 GB allocated
8.646484375 GB reserved
dict_keys(['index', 'mixture_magnitude', 'mixture_phase', 'source_phase', 'mix_magnitude', 'ideal_binary_mask', 'source_magnitudes'])
1.009408950805664 GB allocated
8.646484375 GB reserved
dict_keys(['index', 'mixture_magnitude', 'mixture_phase', 'source_phase', 'mix_magnitude', 'ideal_binary_mask', 'source_magnitudes'])
1.0085558891296387 GB allocated
8.646484375 GB reserved
dict_keys(['index', 'mixture_magnitude', 'mixture_phase', 'source_phase', 'mix_magnitude', 'ideal_binary_mask', 'source_magnitudes'])
1.009408950805664 GB allocated
8.646484375 GB reserved
dict_keys(['index', 'mixture_magnitude', 'mixture_phase', 'source_phase', 'mix_magnitude', 'ideal_binary_mask', 'source_magnitudes'])
1.009408950805664 GB allocated
8.646484375 GB reserved
dict_keys(['index', 'mixture_magnitude', 'mixture_phase', 'source_phase', 'mix_magnitude', 'ideal_binary_mask', 'source_magnitudes'])
1.009408950805664 GB allocated
8.646484375 GB reserved
dict_keys(['index', 'mixture_magnitude', 'mixture_phase', 'source_phase', 'mix_magnitude', 'ideal_binary_mask', 'source_magnitudes'])
1.0085558891296387 GB allocated
8.646484375 GB reserved
dict_keys(['index', 'mixture_magnitude', 'mixture_phase', 'source_phase', 'mix_magnitude', 'ideal_binary_mask', 'source_magnitudes'])
1.009408950805664 GB allocated
8.646484375 GB reserved
dict_keys(['index', 'mixture_magnitude', 'mixture_phase', 'source_phase', 'mix_magnitude', 'ideal_binary_mask', 'source_magnitudes'])
1.009408950805664 GB allocated
8.646484375 GB reserved
dict_keys(['index', 'mixture_magnitude', 'mixture_phase', 'source_phase', 'mix_magnitude', 'ideal_binary_mask', 'source_magnitudes'])
1.009408950805664 GB allocated
8.646484375 GB reserved
dict_keys(['index', 'mixture_magnitude', 'mixture_phase', 'source_phase', 'mix_magnitude', 'ideal_binary_mask', 'source_magnitudes'])
1.0085558891296387 GB allocated
8.646484375 GB reserved
dict_keys(['index', 'mixture_magnitude', 'mixture_phase', 'source_phase', 'mix_magnitude', 'ideal_binary_mask', 'source_magnitudes'])
1.009408950805664 GB allocated
8.646484375 GB reserved
dict_keys(['index', 'mixture_magnitude', 'mixture_phase', 'source_phase', 'mix_magnitude', 'ideal_binary_mask', 'source_magnitudes'])
1.009408950805664 GB allocated
8.646484375 GB reserved
dict_keys(['index', 'mixture_magnitude', 'mixture_phase', 'source_phase', 'mix_magnitude', 'ideal_binary_mask', 'source_magnitudes'])
1.009408950805664 GB allocated
8.646484375 GB reserved
dict_keys(['index', 'mixture_magnitude', 'mixture_phase', 'source_phase', 'mix_magnitude', 'ideal_binary_mask', 'source_magnitudes'])
1.0085558891296387 GB allocated
8.646484375 GB reserved
dict_keys(['index', 'mixture_magnitude', 'mixture_phase', 'source_phase', 'mix_magnitude', 'ideal_binary_mask', 'source_magnitudes'])
1.009408950805664 GB allocated
8.646484375 GB reserved
dict_keys(['index', 'mixture_magnitude', 'mixture_phase', 'source_phase', 'mix_magnitude', 'ideal_binary_mask', 'source_magnitudes'])
1.009408950805664 GB allocated
8.646484375 GB reserved
dict_keys(['index', 'mixture_magnitude', 'mixture_phase', 'source_phase', 'mix_magnitude', 'ideal_binary_mask', 'source_magnitudes'])
1.009408950805664 GB allocated
8.646484375 GB reserved
dict_keys(['index', 'mixture_magnitude', 'mixture_phase', 'source_phase', 'mix_magnitude', 'ideal_binary_mask', 'source_magnitudes'])
[Validator] Epoch 33 - val_loss: 0.872522
[BEST CHECKPOINT] Guardado/actualizado en: checkpoints\Mis_modelos_v2\advanced\l_mrs checkpoints\4stems\best_checkpoint_33_val_loss=-0.8725.pt
06/11/2026 04:31:20 PM | engine.py:1037 Engine run finished. Time taken: 00:01:03.855
[Epoch 33] train_loss=0.881743 | val_loss=0.872522
06/11/2026 04:31:20 PM | engine.py:1010 Epoch[33] Complete. Time taken: 00:39:16.112
1.0085558891296387 GB allocated
8.646484375 GB reserved
dict_keys(['index', 'mixture_magnitude', 'mixture_phase', 'source_phase', 'mix_magnitude', 'ideal_binary_mask', 'source_magnitudes'])
1.009408950805664 GB allocated
8.646484375 GB reserved
dict_keys(['index', 'mixture_magnitude', 'mixture_phase', 'source_phase', 'mix_magnitude', 'ideal_binary_mask', 'source_magnitudes'])
1.009408950805664 GB allocated
8.646484375 GB reserved
dict_keys(['index', 'mixture_magnitude', 'mixture_phase', 'source_phase', 'mix_magnitude', 'ideal_binary_mask', 'source_magnitudes'])
1.009408950805664 GB allocated
8.646484375 GB reserved
dict_keys(['index', 'mixture_magnitude', 'mixture_phase', 'source_phase', 'mix_magnitude', 'ideal_binary_mask', 'source_magnitudes'])
1.0085558891296387 GB allocated
8.646484375 GB reserved
dict_keys(['index', 'mixture_magnitude', 'mixture_phase', 'source_phase', 'mix_magnitude', 'ideal_binary_mask', 'source_magnitudes'])
1.009408950805664 GB allocated
8.646484375 GB reserved
dict_keys(['index', 'mixture_magnitude', 'mixture_phase', 'source_phase', 'mix_magnitude', 'ideal_binary_mask', 'source_magnitudes'])
1.009408950805664 GB allocated
8.646484375 GB reserved
dict_keys(['index', 'mixture_magnitude', 'mixture_phase', 'source_phase', 'mix_magnitude', 'ideal_binary_mask', 'source_magnitudes'])
1.009408950805664 GB allocated
8.646484375 GB reserved
dict_keys(['index', 'mixture_magnitude', 'mixture_phase', 'source_phase', 'mix_magnitude', 'ideal_binary_mask', 'source_magnitudes'])
1.0085558891296387 GB allocated
8.646484375 GB reserved
dict_keys(['index', 'mixture_magnitude', 'mixture_phase', 'source_phase', 'mix_magnitude', 'ideal_binary_mask', 'source_magnitudes'])
1.009408950805664 GB allocated
8.646484375 GB reserved
dict_keys(['index', 'mixture_magnitude', 'mixture_phase', 'source_phase', 'mix_magnitude', 'ideal_binary_mask', 'source_magnitudes'])
1.009408950805664 GB allocated
8.646484375 GB reserved
dict_keys(['index', 'mixture_magnitude', 'mixture_phase', 'source_phase', 'mix_magnitude', 'ideal_binary_mask', 'source_magnitudes'])
1.009408950805664 GB allocated
8.646484375 GB reserved
dict_keys(['index', 'mixture_magnitude', 'mixture_phase', 'source_phase', 'mix_magnitude', 'ideal_binary_mask', 'source_magnitudes'])
1.0085558891296387 GB allocated
8.646484375 GB reserved
dict_keys(['index', 'mixture_magnitude', 'mixture_phase', 'source_phase', 'mix_magnitude', 'ideal_binary_mask', 'source_magnitudes'])
1.009408950805664 GB allocated
8.646484375 GB reserved
dict_keys(['index', 'mixture_magnitude', 'mixture_phase', 'source_phase', 'mix_magnitude', 'ideal_binary_mask', 'source_magnitudes'])
1.009408950805664 GB allocated
8.646484375 GB reserved
dict_keys(['index', 'mixture_magnitude', 'mixture_phase', 'source_phase', 'mix_magnitude', 'ideal_binary_mask', 'source_magnitudes'])
1.009408950805664 GB allocated
8.646484375 GB reserved
dict_keys(['index', 'mixture_magnitude', 'mixture_phase', 'source_phase', 'mix_magnitude', 'ideal_binary_mask', 'source_magnitudes'])
1.0085558891296387 GB allocated
8.646484375 GB reserved
dict_keys(['index', 'mixture_magnitude', 'mixture_phase', 'source_phase', 'mix_magnitude', 'ideal_binary_mask', 'source_magnitudes'])
1.009408950805664 GB allocated
8.646484375 GB reserved
dict_keys(['index', 'mixture_magnitude', 'mixture_phase', 'source_phase', 'mix_magnitude', 'ideal_binary_mask', 'source_magnitudes'])
1.009408950805664 GB allocated
8.646484375 GB reserved
dict_keys(['index', 'mixture_magnitude', 'mixture_phase', 'source_phase', 'mix_magnitude', 'ideal_binary_mask', 'source_magnitudes'])
1.009408950805664 GB allocated
8.646484375 GB reserved
dict_keys(['index', 'mixture_magnitude', 'mixture_phase', 'source_phase', 'mix_magnitude', 'ideal_binary_mask', 'source_magnitudes'])
1.0085558891296387 GB allocated
8.646484375 GB reserved
dict_keys(['index', 'mixture_magnitude', 'mixture_phase', 'source_phase', 'mix_magnitude', 'ideal_binary_mask', 'source_magnitudes'])
1.009408950805664 GB allocated
8.646484375 GB reserved
dict_keys(['index', 'mixture_magnitude', 'mixture_phase', 'source_phase', 'mix_magnitude', 'ideal_binary_mask', 'source_magnitudes'])
1.009408950805664 GB allocated
8.646484375 GB reserved
dict_keys(['index', 'mixture_magnitude', 'mixture_phase', 'source_phase', 'mix_magnitude', 'ideal_binary_mask', 'source_magnitudes'])
1.009408950805664 GB allocated
8.646484375 GB reserved
dict_keys(['index', 'mixture_magnitude', 'mixture_phase', 'source_phase', 'mix_magnitude', 'ideal_binary_mask', 'source_magnitudes'])
1.0085558891296387 GB allocated
8.646484375 GB reserved
dict_keys(['index', 'mixture_magnitude', 'mixture_phase', 'source_phase', 'mix_magnitude', 'ideal_binary_mask', 'source_magnitudes'])
1.009408950805664 GB allocated
8.646484375 GB reserved
dict_keys(['index', 'mixture_magnitude', 'mixture_phase', 'source_phase', 'mix_magnitude', 'ideal_binary_mask', 'source_magnitudes'])
1.009408950805664 GB allocated
8.646484375 GB reserved
dict_keys(['index', 'mixture_magnitude', 'mixture_phase', 'source_phase', 'mix_magnitude', 'ideal_binary_mask', 'source_magnitudes'])
1.009408950805664 GB allocated
8.646484375 GB reserved
dict_keys(['index', 'mixture_magnitude', 'mixture_phase', 'source_phase', 'mix_magnitude', 'ideal_binary_mask', 'source_magnitudes'])
1.0085558891296387 GB allocated
8.646484375 GB reserved
dict_keys(['index', 'mixture_magnitude', 'mixture_phase', 'source_phase', 'mix_magnitude', 'ideal_binary_mask', 'source_magnitudes'])
1.009408950805664 GB allocated
8.646484375 GB reserved
dict_keys(['index', 'mixture_magnitude', 'mixture_phase', 'source_phase', 'mix_magnitude', 'ideal_binary_mask', 'source_magnitudes'])
1.009408950805664 GB allocated
8.646484375 GB reserved
dict_keys(['index', 'mixture_magnitude', 'mixture_phase', 'source_phase', 'mix_magnitude', 'ideal_binary_mask', 'source_magnitudes'])
1.009408950805664 GB allocated
8.646484375 GB reserved
dict_keys(['index', 'mixture_magnitude', 'mixture_phase', 'source_phase', 'mix_magnitude', 'ideal_binary_mask', 'source_magnitudes'])
1.0085558891296387 GB allocated
8.646484375 GB reserved
dict_keys(['index', 'mixture_magnitude', 'mixture_phase', 'source_phase', 'mix_magnitude', 'ideal_binary_mask', 'source_magnitudes'])
1.009408950805664 GB allocated
8.646484375 GB reserved
dict_keys(['index', 'mixture_magnitude', 'mixture_phase', 'source_phase', 'mix_magnitude', 'ideal_binary_mask', 'source_magnitudes'])
1.009408950805664 GB allocated
8.646484375 GB reserved
dict_keys(['index', 'mixture_magnitude', 'mixture_phase', 'source_phase', 'mix_magnitude', 'ideal_binary_mask', 'source_magnitudes'])
1.009408950805664 GB allocated
8.646484375 GB reserved
dict_keys(['index', 'mixture_magnitude', 'mixture_phase', 'source_phase', 'mix_magnitude', 'ideal_binary_mask', 'source_magnitudes'])
1.0085558891296387 GB allocated
8.646484375 GB reserved
dict_keys(['index', 'mixture_magnitude', 'mixture_phase', 'source_phase', 'mix_magnitude', 'ideal_binary_mask', 'source_magnitudes'])
1.009408950805664 GB allocated
8.646484375 GB reserved
dict_keys(['index', 'mixture_magnitude', 'mixture_phase', 'source_phase', 'mix_magnitude', 'ideal_binary_mask', 'source_magnitudes'])
1.009408950805664 GB allocated
8.646484375 GB reserved
dict_keys(['index', 'mixture_magnitude', 'mixture_phase', 'source_phase', 'mix_magnitude', 'ideal_binary_mask', 'source_magnitudes'])
1.009408950805664 GB allocated
8.646484375 GB reserved
dict_keys(['index', 'mixture_magnitude', 'mixture_phase', 'source_phase', 'mix_magnitude', 'ideal_binary_mask', 'source_magnitudes'])
1.0085558891296387 GB allocated
8.646484375 GB reserved
dict_keys(['index', 'mixture_magnitude', 'mixture_phase', 'source_phase', 'mix_magnitude', 'ideal_binary_mask', 'source_magnitudes'])
1.009408950805664 GB allocated
8.646484375 GB reserved
dict_keys(['index', 'mixture_magnitude', 'mixture_phase', 'source_phase', 'mix_magnitude', 'ideal_binary_mask', 'source_magnitudes'])
1.009408950805664 GB allocated
8.646484375 GB reserved
06/11/2026 05:09:44 PM | engine.py:906 Engine run starting with max_epochs=1.
06/11/2026 05:10:49 PM | engine.py:1010 Epoch[1] Complete. Time taken: 00:01:04.599
dict_keys(['index', 'mixture_magnitude', 'mixture_phase', 'source_phase', 'mix_magnitude', 'ideal_binary_mask', 'source_magnitudes'])
1.009408950805664 GB allocated
8.646484375 GB reserved
dict_keys(['index', 'mixture_magnitude', 'mixture_phase', 'source_phase', 'mix_magnitude', 'ideal_binary_mask', 'source_magnitudes'])
1.0085558891296387 GB allocated
8.646484375 GB reserved
dict_keys(['index', 'mixture_magnitude', 'mixture_phase', 'source_phase', 'mix_magnitude', 'ideal_binary_mask', 'source_magnitudes'])
1.009408950805664 GB allocated
8.646484375 GB reserved
dict_keys(['index', 'mixture_magnitude', 'mixture_phase', 'source_phase', 'mix_magnitude', 'ideal_binary_mask', 'source_magnitudes'])
1.009408950805664 GB allocated
8.646484375 GB reserved
dict_keys(['index', 'mixture_magnitude', 'mixture_phase', 'source_phase', 'mix_magnitude', 'ideal_binary_mask', 'source_magnitudes'])
1.009408950805664 GB allocated
8.646484375 GB reserved
dict_keys(['index', 'mixture_magnitude', 'mixture_phase', 'source_phase', 'mix_magnitude', 'ideal_binary_mask', 'source_magnitudes'])
1.0085558891296387 GB allocated
8.646484375 GB reserved
dict_keys(['index', 'mixture_magnitude', 'mixture_phase', 'source_phase', 'mix_magnitude', 'ideal_binary_mask', 'source_magnitudes'])
1.009408950805664 GB allocated
8.646484375 GB reserved
dict_keys(['index', 'mixture_magnitude', 'mixture_phase', 'source_phase', 'mix_magnitude', 'ideal_binary_mask', 'source_magnitudes'])
1.009408950805664 GB allocated
8.646484375 GB reserved
dict_keys(['index', 'mixture_magnitude', 'mixture_phase', 'source_phase', 'mix_magnitude', 'ideal_binary_mask', 'source_magnitudes'])
1.009408950805664 GB allocated
8.646484375 GB reserved
dict_keys(['index', 'mixture_magnitude', 'mixture_phase', 'source_phase', 'mix_magnitude', 'ideal_binary_mask', 'source_magnitudes'])
1.0085558891296387 GB allocated
8.646484375 GB reserved
dict_keys(['index', 'mixture_magnitude', 'mixture_phase', 'source_phase', 'mix_magnitude', 'ideal_binary_mask', 'source_magnitudes'])
1.009408950805664 GB allocated
8.646484375 GB reserved
dict_keys(['index', 'mixture_magnitude', 'mixture_phase', 'source_phase', 'mix_magnitude', 'ideal_binary_mask', 'source_magnitudes'])
1.009408950805664 GB allocated
8.646484375 GB reserved
dict_keys(['index', 'mixture_magnitude', 'mixture_phase', 'source_phase', 'mix_magnitude', 'ideal_binary_mask', 'source_magnitudes'])
1.009408950805664 GB allocated
8.646484375 GB reserved
dict_keys(['index', 'mixture_magnitude', 'mixture_phase', 'source_phase', 'mix_magnitude', 'ideal_binary_mask', 'source_magnitudes'])
1.0085558891296387 GB allocated
8.646484375 GB reserved
dict_keys(['index', 'mixture_magnitude', 'mixture_phase', 'source_phase', 'mix_magnitude', 'ideal_binary_mask', 'source_magnitudes'])
1.009408950805664 GB allocated
8.646484375 GB reserved
dict_keys(['index', 'mixture_magnitude', 'mixture_phase', 'source_phase', 'mix_magnitude', 'ideal_binary_mask', 'source_magnitudes'])
1.009408950805664 GB allocated
8.646484375 GB reserved
dict_keys(['index', 'mixture_magnitude', 'mixture_phase', 'source_phase', 'mix_magnitude', 'ideal_binary_mask', 'source_magnitudes'])
1.009408950805664 GB allocated
8.646484375 GB reserved
dict_keys(['index', 'mixture_magnitude', 'mixture_phase', 'source_phase', 'mix_magnitude', 'ideal_binary_mask', 'source_magnitudes'])
1.0085558891296387 GB allocated
8.646484375 GB reserved
dict_keys(['index', 'mixture_magnitude', 'mixture_phase', 'source_phase', 'mix_magnitude', 'ideal_binary_mask', 'source_magnitudes'])
1.009408950805664 GB allocated
8.646484375 GB reserved
dict_keys(['index', 'mixture_magnitude', 'mixture_phase', 'source_phase', 'mix_magnitude', 'ideal_binary_mask', 'source_magnitudes'])
1.009408950805664 GB allocated
8.646484375 GB reserved
dict_keys(['index', 'mixture_magnitude', 'mixture_phase', 'source_phase', 'mix_magnitude', 'ideal_binary_mask', 'source_magnitudes'])
1.009408950805664 GB allocated
8.646484375 GB reserved
dict_keys(['index', 'mixture_magnitude', 'mixture_phase', 'source_phase', 'mix_magnitude', 'ideal_binary_mask', 'source_magnitudes'])
1.0085558891296387 GB allocated
8.646484375 GB reserved
dict_keys(['index', 'mixture_magnitude', 'mixture_phase', 'source_phase', 'mix_magnitude', 'ideal_binary_mask', 'source_magnitudes'])
1.009408950805664 GB allocated
8.646484375 GB reserved
dict_keys(['index', 'mixture_magnitude', 'mixture_phase', 'source_phase', 'mix_magnitude', 'ideal_binary_mask', 'source_magnitudes'])
1.009408950805664 GB allocated
8.646484375 GB reserved
dict_keys(['index', 'mixture_magnitude', 'mixture_phase', 'source_phase', 'mix_magnitude', 'ideal_binary_mask', 'source_magnitudes'])
1.009408950805664 GB allocated
8.646484375 GB reserved
dict_keys(['index', 'mixture_magnitude', 'mixture_phase', 'source_phase', 'mix_magnitude', 'ideal_binary_mask', 'source_magnitudes'])
1.0085558891296387 GB allocated
8.646484375 GB reserved
dict_keys(['index', 'mixture_magnitude', 'mixture_phase', 'source_phase', 'mix_magnitude', 'ideal_binary_mask', 'source_magnitudes'])
1.009408950805664 GB allocated
8.646484375 GB reserved
dict_keys(['index', 'mixture_magnitude', 'mixture_phase', 'source_phase', 'mix_magnitude', 'ideal_binary_mask', 'source_magnitudes'])
1.009408950805664 GB allocated
8.646484375 GB reserved
dict_keys(['index', 'mixture_magnitude', 'mixture_phase', 'source_phase', 'mix_magnitude', 'ideal_binary_mask', 'source_magnitudes'])
1.009408950805664 GB allocated
8.646484375 GB reserved
dict_keys(['index', 'mixture_magnitude', 'mixture_phase', 'source_phase', 'mix_magnitude', 'ideal_binary_mask', 'source_magnitudes'])
1.0085558891296387 GB allocated
8.646484375 GB reserved
dict_keys(['index', 'mixture_magnitude', 'mixture_phase', 'source_phase', 'mix_magnitude', 'ideal_binary_mask', 'source_magnitudes'])
1.009408950805664 GB allocated
8.646484375 GB reserved
dict_keys(['index', 'mixture_magnitude', 'mixture_phase', 'source_phase', 'mix_magnitude', 'ideal_binary_mask', 'source_magnitudes'])
1.009408950805664 GB allocated
8.646484375 GB reserved
dict_keys(['index', 'mixture_magnitude', 'mixture_phase', 'source_phase', 'mix_magnitude', 'ideal_binary_mask', 'source_magnitudes'])
1.009408950805664 GB allocated
8.646484375 GB reserved
dict_keys(['index', 'mixture_magnitude', 'mixture_phase', 'source_phase', 'mix_magnitude', 'ideal_binary_mask', 'source_magnitudes'])
1.0085558891296387 GB allocated
8.646484375 GB reserved
dict_keys(['index', 'mixture_magnitude', 'mixture_phase', 'source_phase', 'mix_magnitude', 'ideal_binary_mask', 'source_magnitudes'])
1.009408950805664 GB allocated
8.646484375 GB reserved
dict_keys(['index', 'mixture_magnitude', 'mixture_phase', 'source_phase', 'mix_magnitude', 'ideal_binary_mask', 'source_magnitudes'])
1.009408950805664 GB allocated
8.646484375 GB reserved
dict_keys(['index', 'mixture_magnitude', 'mixture_phase', 'source_phase', 'mix_magnitude', 'ideal_binary_mask', 'source_magnitudes'])
1.009408950805664 GB allocated
8.646484375 GB reserved
dict_keys(['index', 'mixture_magnitude', 'mixture_phase', 'source_phase', 'mix_magnitude', 'ideal_binary_mask', 'source_magnitudes'])
1.0085558891296387 GB allocated
8.646484375 GB reserved
dict_keys(['index', 'mixture_magnitude', 'mixture_phase', 'source_phase', 'mix_magnitude', 'ideal_binary_mask', 'source_magnitudes'])
1.009408950805664 GB allocated
8.646484375 GB reserved
dict_keys(['index', 'mixture_magnitude', 'mixture_phase', 'source_phase', 'mix_magnitude', 'ideal_binary_mask', 'source_magnitudes'])
1.009408950805664 GB allocated
8.646484375 GB reserved
dict_keys(['index', 'mixture_magnitude', 'mixture_phase', 'source_phase', 'mix_magnitude', 'ideal_binary_mask', 'source_magnitudes'])
1.009408950805664 GB allocated
8.646484375 GB reserved
dict_keys(['index', 'mixture_magnitude', 'mixture_phase', 'source_phase', 'mix_magnitude', 'ideal_binary_mask', 'source_magnitudes'])
1.0085558891296387 GB allocated
8.646484375 GB reserved
dict_keys(['index', 'mixture_magnitude', 'mixture_phase', 'source_phase', 'mix_magnitude', 'ideal_binary_mask', 'source_magnitudes'])
1.009408950805664 GB allocated
8.646484375 GB reserved
dict_keys(['index', 'mixture_magnitude', 'mixture_phase', 'source_phase', 'mix_magnitude', 'ideal_binary_mask', 'source_magnitudes'])
1.009408950805664 GB allocated
8.646484375 GB reserved
dict_keys(['index', 'mixture_magnitude', 'mixture_phase', 'source_phase', 'mix_magnitude', 'ideal_binary_mask', 'source_magnitudes'])
1.009408950805664 GB allocated
8.646484375 GB reserved
dict_keys(['index', 'mixture_magnitude', 'mixture_phase', 'source_phase', 'mix_magnitude', 'ideal_binary_mask', 'source_magnitudes'])
1.0085558891296387 GB allocated
8.646484375 GB reserved
dict_keys(['index', 'mixture_magnitude', 'mixture_phase', 'source_phase', 'mix_magnitude', 'ideal_binary_mask', 'source_magnitudes'])
1.009408950805664 GB allocated
8.646484375 GB reserved
dict_keys(['index', 'mixture_magnitude', 'mixture_phase', 'source_phase', 'mix_magnitude', 'ideal_binary_mask', 'source_magnitudes'])
1.009408950805664 GB allocated
8.646484375 GB reserved
dict_keys(['index', 'mixture_magnitude', 'mixture_phase', 'source_phase', 'mix_magnitude', 'ideal_binary_mask', 'source_magnitudes'])
1.009408950805664 GB allocated
8.646484375 GB reserved
dict_keys(['index', 'mixture_magnitude', 'mixture_phase', 'source_phase', 'mix_magnitude', 'ideal_binary_mask', 'source_magnitudes'])
1.0085558891296387 GB allocated
8.646484375 GB reserved
dict_keys(['index', 'mixture_magnitude', 'mixture_phase', 'source_phase', 'mix_magnitude', 'ideal_binary_mask', 'source_magnitudes'])
1.009408950805664 GB allocated
8.646484375 GB reserved
dict_keys(['index', 'mixture_magnitude', 'mixture_phase', 'source_phase', 'mix_magnitude', 'ideal_binary_mask', 'source_magnitudes'])
1.009408950805664 GB allocated
8.646484375 GB reserved
dict_keys(['index', 'mixture_magnitude', 'mixture_phase', 'source_phase', 'mix_magnitude', 'ideal_binary_mask', 'source_magnitudes'])
1.009408950805664 GB allocated
8.646484375 GB reserved
dict_keys(['index', 'mixture_magnitude', 'mixture_phase', 'source_phase', 'mix_magnitude', 'ideal_binary_mask', 'source_magnitudes'])
1.0085558891296387 GB allocated
8.646484375 GB reserved
dict_keys(['index', 'mixture_magnitude', 'mixture_phase', 'source_phase', 'mix_magnitude', 'ideal_binary_mask', 'source_magnitudes'])
1.009408950805664 GB allocated
8.646484375 GB reserved
dict_keys(['index', 'mixture_magnitude', 'mixture_phase', 'source_phase', 'mix_magnitude', 'ideal_binary_mask', 'source_magnitudes'])
1.009408950805664 GB allocated
8.646484375 GB reserved
dict_keys(['index', 'mixture_magnitude', 'mixture_phase', 'source_phase', 'mix_magnitude', 'ideal_binary_mask', 'source_magnitudes'])
1.009408950805664 GB allocated
8.646484375 GB reserved
dict_keys(['index', 'mixture_magnitude', 'mixture_phase', 'source_phase', 'mix_magnitude', 'ideal_binary_mask', 'source_magnitudes'])
[Validator] Epoch 34 - val_loss: 0.872593
[BEST CHECKPOINT] Guardado/actualizado en: checkpoints\Mis_modelos_v2\advanced\l_mrs checkpoints\4stems\best_checkpoint_33_val_loss=-0.8725.pt
06/11/2026 05:10:49 PM | engine.py:1037 Engine run finished. Time taken: 00:01:04.599
[Epoch 34] train_loss=0.879164 | val_loss=0.872593
06/11/2026 05:10:49 PM | engine.py:1010 Epoch[34] Complete. Time taken: 00:39:29.265
1.0085558891296387 GB allocated
8.646484375 GB reserved
dict_keys(['index', 'mixture_magnitude', 'mixture_phase', 'source_phase', 'mix_magnitude', 'ideal_binary_mask', 'source_magnitudes'])
1.009408950805664 GB allocated
8.646484375 GB reserved
dict_keys(['index', 'mixture_magnitude', 'mixture_phase', 'source_phase', 'mix_magnitude', 'ideal_binary_mask', 'source_magnitudes'])
1.009408950805664 GB allocated
8.646484375 GB reserved
dict_keys(['index', 'mixture_magnitude', 'mixture_phase', 'source_phase', 'mix_magnitude', 'ideal_binary_mask', 'source_magnitudes'])
1.009408950805664 GB allocated
8.646484375 GB reserved
dict_keys(['index', 'mixture_magnitude', 'mixture_phase', 'source_phase', 'mix_magnitude', 'ideal_binary_mask', 'source_magnitudes'])
1.0085558891296387 GB allocated
8.646484375 GB reserved
dict_keys(['index', 'mixture_magnitude', 'mixture_phase', 'source_phase', 'mix_magnitude', 'ideal_binary_mask', 'source_magnitudes'])
1.009408950805664 GB allocated
8.646484375 GB reserved
dict_keys(['index', 'mixture_magnitude', 'mixture_phase', 'source_phase', 'mix_magnitude', 'ideal_binary_mask', 'source_magnitudes'])
1.009408950805664 GB allocated
8.646484375 GB reserved
dict_keys(['index', 'mixture_magnitude', 'mixture_phase', 'source_phase', 'mix_magnitude', 'ideal_binary_mask', 'source_magnitudes'])
1.009408950805664 GB allocated
8.646484375 GB reserved
dict_keys(['index', 'mixture_magnitude', 'mixture_phase', 'source_phase', 'mix_magnitude', 'ideal_binary_mask', 'source_magnitudes'])
1.0085558891296387 GB allocated
8.646484375 GB reserved
dict_keys(['index', 'mixture_magnitude', 'mixture_phase', 'source_phase', 'mix_magnitude', 'ideal_binary_mask', 'source_magnitudes'])
1.009408950805664 GB allocated
8.646484375 GB reserved
dict_keys(['index', 'mixture_magnitude', 'mixture_phase', 'source_phase', 'mix_magnitude', 'ideal_binary_mask', 'source_magnitudes'])
1.009408950805664 GB allocated
8.646484375 GB reserved
dict_keys(['index', 'mixture_magnitude', 'mixture_phase', 'source_phase', 'mix_magnitude', 'ideal_binary_mask', 'source_magnitudes'])
1.009408950805664 GB allocated
8.646484375 GB reserved
dict_keys(['index', 'mixture_magnitude', 'mixture_phase', 'source_phase', 'mix_magnitude', 'ideal_binary_mask', 'source_magnitudes'])
1.0085558891296387 GB allocated
8.646484375 GB reserved
dict_keys(['index', 'mixture_magnitude', 'mixture_phase', 'source_phase', 'mix_magnitude', 'ideal_binary_mask', 'source_magnitudes'])
1.009408950805664 GB allocated
8.646484375 GB reserved
dict_keys(['index', 'mixture_magnitude', 'mixture_phase', 'source_phase', 'mix_magnitude', 'ideal_binary_mask', 'source_magnitudes'])
1.009408950805664 GB allocated
8.646484375 GB reserved
dict_keys(['index', 'mixture_magnitude', 'mixture_phase', 'source_phase', 'mix_magnitude', 'ideal_binary_mask', 'source_magnitudes'])
1.009408950805664 GB allocated
8.646484375 GB reserved
dict_keys(['index', 'mixture_magnitude', 'mixture_phase', 'source_phase', 'mix_magnitude', 'ideal_binary_mask', 'source_magnitudes'])
1.0085558891296387 GB allocated
8.646484375 GB reserved
dict_keys(['index', 'mixture_magnitude', 'mixture_phase', 'source_phase', 'mix_magnitude', 'ideal_binary_mask', 'source_magnitudes'])
1.009408950805664 GB allocated
8.646484375 GB reserved
dict_keys(['index', 'mixture_magnitude', 'mixture_phase', 'source_phase', 'mix_magnitude', 'ideal_binary_mask', 'source_magnitudes'])
1.009408950805664 GB allocated
8.646484375 GB reserved
dict_keys(['index', 'mixture_magnitude', 'mixture_phase', 'source_phase', 'mix_magnitude', 'ideal_binary_mask', 'source_magnitudes'])
1.009408950805664 GB allocated
8.646484375 GB reserved
dict_keys(['index', 'mixture_magnitude', 'mixture_phase', 'source_phase', 'mix_magnitude', 'ideal_binary_mask', 'source_magnitudes'])
1.0085558891296387 GB allocated
8.646484375 GB reserved
dict_keys(['index', 'mixture_magnitude', 'mixture_phase', 'source_phase', 'mix_magnitude', 'ideal_binary_mask', 'source_magnitudes'])
1.009408950805664 GB allocated
8.646484375 GB reserved
dict_keys(['index', 'mixture_magnitude', 'mixture_phase', 'source_phase', 'mix_magnitude', 'ideal_binary_mask', 'source_magnitudes'])
1.009408950805664 GB allocated
8.646484375 GB reserved
dict_keys(['index', 'mixture_magnitude', 'mixture_phase', 'source_phase', 'mix_magnitude', 'ideal_binary_mask', 'source_magnitudes'])
1.009408950805664 GB allocated
8.646484375 GB reserved
dict_keys(['index', 'mixture_magnitude', 'mixture_phase', 'source_phase', 'mix_magnitude', 'ideal_binary_mask', 'source_magnitudes'])
1.0085558891296387 GB allocated
8.646484375 GB reserved
dict_keys(['index', 'mixture_magnitude', 'mixture_phase', 'source_phase', 'mix_magnitude', 'ideal_binary_mask', 'source_magnitudes'])
1.009408950805664 GB allocated
8.646484375 GB reserved
dict_keys(['index', 'mixture_magnitude', 'mixture_phase', 'source_phase', 'mix_magnitude', 'ideal_binary_mask', 'source_magnitudes'])
1.009408950805664 GB allocated
8.646484375 GB reserved
dict_keys(['index', 'mixture_magnitude', 'mixture_phase', 'source_phase', 'mix_magnitude', 'ideal_binary_mask', 'source_magnitudes'])
1.009408950805664 GB allocated
8.646484375 GB reserved
dict_keys(['index', 'mixture_magnitude', 'mixture_phase', 'source_phase', 'mix_magnitude', 'ideal_binary_mask', 'source_magnitudes'])
1.0085558891296387 GB allocated
8.646484375 GB reserved
dict_keys(['index', 'mixture_magnitude', 'mixture_phase', 'source_phase', 'mix_magnitude', 'ideal_binary_mask', 'source_magnitudes'])
1.009408950805664 GB allocated
8.646484375 GB reserved
dict_keys(['index', 'mixture_magnitude', 'mixture_phase', 'source_phase', 'mix_magnitude', 'ideal_binary_mask', 'source_magnitudes'])
1.009408950805664 GB allocated
8.646484375 GB reserved
dict_keys(['index', 'mixture_magnitude', 'mixture_phase', 'source_phase', 'mix_magnitude', 'ideal_binary_mask', 'source_magnitudes'])
1.009408950805664 GB allocated
8.646484375 GB reserved
dict_keys(['index', 'mixture_magnitude', 'mixture_phase', 'source_phase', 'mix_magnitude', 'ideal_binary_mask', 'source_magnitudes'])
1.0085558891296387 GB allocated
8.646484375 GB reserved
dict_keys(['index', 'mixture_magnitude', 'mixture_phase', 'source_phase', 'mix_magnitude', 'ideal_binary_mask', 'source_magnitudes'])
1.009408950805664 GB allocated
8.646484375 GB reserved
dict_keys(['index', 'mixture_magnitude', 'mixture_phase', 'source_phase', 'mix_magnitude', 'ideal_binary_mask', 'source_magnitudes'])
1.009408950805664 GB allocated
8.646484375 GB reserved
dict_keys(['index', 'mixture_magnitude', 'mixture_phase', 'source_phase', 'mix_magnitude', 'ideal_binary_mask', 'source_magnitudes'])
1.009408950805664 GB allocated
8.646484375 GB reserved
dict_keys(['index', 'mixture_magnitude', 'mixture_phase', 'source_phase', 'mix_magnitude', 'ideal_binary_mask', 'source_magnitudes'])
1.0085558891296387 GB allocated
8.646484375 GB reserved
dict_keys(['index', 'mixture_magnitude', 'mixture_phase', 'source_phase', 'mix_magnitude', 'ideal_binary_mask', 'source_magnitudes'])
1.009408950805664 GB allocated
8.646484375 GB reserved
dict_keys(['index', 'mixture_magnitude', 'mixture_phase', 'source_phase', 'mix_magnitude', 'ideal_binary_mask', 'source_magnitudes'])
1.009408950805664 GB allocated
8.646484375 GB reserved
dict_keys(['index', 'mixture_magnitude', 'mixture_phase', 'source_phase', 'mix_magnitude', 'ideal_binary_mask', 'source_magnitudes'])
1.009408950805664 GB allocated
8.646484375 GB reserved
dict_keys(['index', 'mixture_magnitude', 'mixture_phase', 'source_phase', 'mix_magnitude', 'ideal_binary_mask', 'source_magnitudes'])
1.0085558891296387 GB allocated
8.646484375 GB reserved
dict_keys(['index', 'mixture_magnitude', 'mixture_phase', 'source_phase', 'mix_magnitude', 'ideal_binary_mask', 'source_magnitudes'])
1.009408950805664 GB allocated
8.646484375 GB reserved
dict_keys(['index', 'mixture_magnitude', 'mixture_phase', 'source_phase', 'mix_magnitude', 'ideal_binary_mask', 'source_magnitudes'])
1.009408950805664 GB allocated
8.646484375 GB reserved
06/11/2026 05:49:03 PM | engine.py:906 Engine run starting with max_epochs=1.
06/11/2026 05:50:07 PM | engine.py:1010 Epoch[1] Complete. Time taken: 00:01:03.784
dict_keys(['index', 'mixture_magnitude', 'mixture_phase', 'source_phase', 'mix_magnitude', 'ideal_binary_mask', 'source_magnitudes'])
1.009408950805664 GB allocated
8.646484375 GB reserved
dict_keys(['index', 'mixture_magnitude', 'mixture_phase', 'source_phase', 'mix_magnitude', 'ideal_binary_mask', 'source_magnitudes'])
1.0085558891296387 GB allocated
8.646484375 GB reserved
dict_keys(['index', 'mixture_magnitude', 'mixture_phase', 'source_phase', 'mix_magnitude', 'ideal_binary_mask', 'source_magnitudes'])
1.009408950805664 GB allocated
8.646484375 GB reserved
dict_keys(['index', 'mixture_magnitude', 'mixture_phase', 'source_phase', 'mix_magnitude', 'ideal_binary_mask', 'source_magnitudes'])
1.009408950805664 GB allocated
8.646484375 GB reserved
dict_keys(['index', 'mixture_magnitude', 'mixture_phase', 'source_phase', 'mix_magnitude', 'ideal_binary_mask', 'source_magnitudes'])
1.009408950805664 GB allocated
8.646484375 GB reserved
dict_keys(['index', 'mixture_magnitude', 'mixture_phase', 'source_phase', 'mix_magnitude', 'ideal_binary_mask', 'source_magnitudes'])
1.0085558891296387 GB allocated
8.646484375 GB reserved
dict_keys(['index', 'mixture_magnitude', 'mixture_phase', 'source_phase', 'mix_magnitude', 'ideal_binary_mask', 'source_magnitudes'])
1.009408950805664 GB allocated
8.646484375 GB reserved
dict_keys(['index', 'mixture_magnitude', 'mixture_phase', 'source_phase', 'mix_magnitude', 'ideal_binary_mask', 'source_magnitudes'])
1.009408950805664 GB allocated
8.646484375 GB reserved
dict_keys(['index', 'mixture_magnitude', 'mixture_phase', 'source_phase', 'mix_magnitude', 'ideal_binary_mask', 'source_magnitudes'])
1.009408950805664 GB allocated
8.646484375 GB reserved
dict_keys(['index', 'mixture_magnitude', 'mixture_phase', 'source_phase', 'mix_magnitude', 'ideal_binary_mask', 'source_magnitudes'])
1.0085558891296387 GB allocated
8.646484375 GB reserved
dict_keys(['index', 'mixture_magnitude', 'mixture_phase', 'source_phase', 'mix_magnitude', 'ideal_binary_mask', 'source_magnitudes'])
1.009408950805664 GB allocated
8.646484375 GB reserved
dict_keys(['index', 'mixture_magnitude', 'mixture_phase', 'source_phase', 'mix_magnitude', 'ideal_binary_mask', 'source_magnitudes'])
1.009408950805664 GB allocated
8.646484375 GB reserved
dict_keys(['index', 'mixture_magnitude', 'mixture_phase', 'source_phase', 'mix_magnitude', 'ideal_binary_mask', 'source_magnitudes'])
1.009408950805664 GB allocated
8.646484375 GB reserved
dict_keys(['index', 'mixture_magnitude', 'mixture_phase', 'source_phase', 'mix_magnitude', 'ideal_binary_mask', 'source_magnitudes'])
1.0085558891296387 GB allocated
8.646484375 GB reserved
dict_keys(['index', 'mixture_magnitude', 'mixture_phase', 'source_phase', 'mix_magnitude', 'ideal_binary_mask', 'source_magnitudes'])
1.009408950805664 GB allocated
8.646484375 GB reserved
dict_keys(['index', 'mixture_magnitude', 'mixture_phase', 'source_phase', 'mix_magnitude', 'ideal_binary_mask', 'source_magnitudes'])
1.009408950805664 GB allocated
8.646484375 GB reserved
dict_keys(['index', 'mixture_magnitude', 'mixture_phase', 'source_phase', 'mix_magnitude', 'ideal_binary_mask', 'source_magnitudes'])
1.009408950805664 GB allocated
8.646484375 GB reserved
dict_keys(['index', 'mixture_magnitude', 'mixture_phase', 'source_phase', 'mix_magnitude', 'ideal_binary_mask', 'source_magnitudes'])
1.0085558891296387 GB allocated
8.646484375 GB reserved
dict_keys(['index', 'mixture_magnitude', 'mixture_phase', 'source_phase', 'mix_magnitude', 'ideal_binary_mask', 'source_magnitudes'])
1.009408950805664 GB allocated
8.646484375 GB reserved
dict_keys(['index', 'mixture_magnitude', 'mixture_phase', 'source_phase', 'mix_magnitude', 'ideal_binary_mask', 'source_magnitudes'])
1.009408950805664 GB allocated
8.646484375 GB reserved
dict_keys(['index', 'mixture_magnitude', 'mixture_phase', 'source_phase', 'mix_magnitude', 'ideal_binary_mask', 'source_magnitudes'])
1.009408950805664 GB allocated
8.646484375 GB reserved
dict_keys(['index', 'mixture_magnitude', 'mixture_phase', 'source_phase', 'mix_magnitude', 'ideal_binary_mask', 'source_magnitudes'])
1.0085558891296387 GB allocated
8.646484375 GB reserved
dict_keys(['index', 'mixture_magnitude', 'mixture_phase', 'source_phase', 'mix_magnitude', 'ideal_binary_mask', 'source_magnitudes'])
1.009408950805664 GB allocated
8.646484375 GB reserved
dict_keys(['index', 'mixture_magnitude', 'mixture_phase', 'source_phase', 'mix_magnitude', 'ideal_binary_mask', 'source_magnitudes'])
1.009408950805664 GB allocated
8.646484375 GB reserved
dict_keys(['index', 'mixture_magnitude', 'mixture_phase', 'source_phase', 'mix_magnitude', 'ideal_binary_mask', 'source_magnitudes'])
1.009408950805664 GB allocated
8.646484375 GB reserved
dict_keys(['index', 'mixture_magnitude', 'mixture_phase', 'source_phase', 'mix_magnitude', 'ideal_binary_mask', 'source_magnitudes'])
1.0085558891296387 GB allocated
8.646484375 GB reserved
dict_keys(['index', 'mixture_magnitude', 'mixture_phase', 'source_phase', 'mix_magnitude', 'ideal_binary_mask', 'source_magnitudes'])
1.009408950805664 GB allocated
8.646484375 GB reserved
dict_keys(['index', 'mixture_magnitude', 'mixture_phase', 'source_phase', 'mix_magnitude', 'ideal_binary_mask', 'source_magnitudes'])
1.009408950805664 GB allocated
8.646484375 GB reserved
dict_keys(['index', 'mixture_magnitude', 'mixture_phase', 'source_phase', 'mix_magnitude', 'ideal_binary_mask', 'source_magnitudes'])
1.009408950805664 GB allocated
8.646484375 GB reserved
dict_keys(['index', 'mixture_magnitude', 'mixture_phase', 'source_phase', 'mix_magnitude', 'ideal_binary_mask', 'source_magnitudes'])
1.0085558891296387 GB allocated
8.646484375 GB reserved
dict_keys(['index', 'mixture_magnitude', 'mixture_phase', 'source_phase', 'mix_magnitude', 'ideal_binary_mask', 'source_magnitudes'])
1.009408950805664 GB allocated
8.646484375 GB reserved
dict_keys(['index', 'mixture_magnitude', 'mixture_phase', 'source_phase', 'mix_magnitude', 'ideal_binary_mask', 'source_magnitudes'])
1.009408950805664 GB allocated
8.646484375 GB reserved
dict_keys(['index', 'mixture_magnitude', 'mixture_phase', 'source_phase', 'mix_magnitude', 'ideal_binary_mask', 'source_magnitudes'])
1.009408950805664 GB allocated
8.646484375 GB reserved
dict_keys(['index', 'mixture_magnitude', 'mixture_phase', 'source_phase', 'mix_magnitude', 'ideal_binary_mask', 'source_magnitudes'])
1.0085558891296387 GB allocated
8.646484375 GB reserved
dict_keys(['index', 'mixture_magnitude', 'mixture_phase', 'source_phase', 'mix_magnitude', 'ideal_binary_mask', 'source_magnitudes'])
1.009408950805664 GB allocated
8.646484375 GB reserved
dict_keys(['index', 'mixture_magnitude', 'mixture_phase', 'source_phase', 'mix_magnitude', 'ideal_binary_mask', 'source_magnitudes'])
1.009408950805664 GB allocated
8.646484375 GB reserved
dict_keys(['index', 'mixture_magnitude', 'mixture_phase', 'source_phase', 'mix_magnitude', 'ideal_binary_mask', 'source_magnitudes'])
1.009408950805664 GB allocated
8.646484375 GB reserved
dict_keys(['index', 'mixture_magnitude', 'mixture_phase', 'source_phase', 'mix_magnitude', 'ideal_binary_mask', 'source_magnitudes'])
1.0085558891296387 GB allocated
8.646484375 GB reserved
dict_keys(['index', 'mixture_magnitude', 'mixture_phase', 'source_phase', 'mix_magnitude', 'ideal_binary_mask', 'source_magnitudes'])
1.009408950805664 GB allocated
8.646484375 GB reserved
dict_keys(['index', 'mixture_magnitude', 'mixture_phase', 'source_phase', 'mix_magnitude', 'ideal_binary_mask', 'source_magnitudes'])
1.009408950805664 GB allocated
8.646484375 GB reserved
dict_keys(['index', 'mixture_magnitude', 'mixture_phase', 'source_phase', 'mix_magnitude', 'ideal_binary_mask', 'source_magnitudes'])
1.009408950805664 GB allocated
8.646484375 GB reserved
dict_keys(['index', 'mixture_magnitude', 'mixture_phase', 'source_phase', 'mix_magnitude', 'ideal_binary_mask', 'source_magnitudes'])
1.0085558891296387 GB allocated
8.646484375 GB reserved
dict_keys(['index', 'mixture_magnitude', 'mixture_phase', 'source_phase', 'mix_magnitude', 'ideal_binary_mask', 'source_magnitudes'])
1.009408950805664 GB allocated
8.646484375 GB reserved
dict_keys(['index', 'mixture_magnitude', 'mixture_phase', 'source_phase', 'mix_magnitude', 'ideal_binary_mask', 'source_magnitudes'])
1.009408950805664 GB allocated
8.646484375 GB reserved
dict_keys(['index', 'mixture_magnitude', 'mixture_phase', 'source_phase', 'mix_magnitude', 'ideal_binary_mask', 'source_magnitudes'])
1.009408950805664 GB allocated
8.646484375 GB reserved
dict_keys(['index', 'mixture_magnitude', 'mixture_phase', 'source_phase', 'mix_magnitude', 'ideal_binary_mask', 'source_magnitudes'])
1.0085558891296387 GB allocated
8.646484375 GB reserved
dict_keys(['index', 'mixture_magnitude', 'mixture_phase', 'source_phase', 'mix_magnitude', 'ideal_binary_mask', 'source_magnitudes'])
1.009408950805664 GB allocated
8.646484375 GB reserved
dict_keys(['index', 'mixture_magnitude', 'mixture_phase', 'source_phase', 'mix_magnitude', 'ideal_binary_mask', 'source_magnitudes'])
1.009408950805664 GB allocated
8.646484375 GB reserved
dict_keys(['index', 'mixture_magnitude', 'mixture_phase', 'source_phase', 'mix_magnitude', 'ideal_binary_mask', 'source_magnitudes'])
1.009408950805664 GB allocated
8.646484375 GB reserved
dict_keys(['index', 'mixture_magnitude', 'mixture_phase', 'source_phase', 'mix_magnitude', 'ideal_binary_mask', 'source_magnitudes'])
1.0085558891296387 GB allocated
8.646484375 GB reserved
dict_keys(['index', 'mixture_magnitude', 'mixture_phase', 'source_phase', 'mix_magnitude', 'ideal_binary_mask', 'source_magnitudes'])
1.009408950805664 GB allocated
8.646484375 GB reserved
dict_keys(['index', 'mixture_magnitude', 'mixture_phase', 'source_phase', 'mix_magnitude', 'ideal_binary_mask', 'source_magnitudes'])
1.009408950805664 GB allocated
8.646484375 GB reserved
dict_keys(['index', 'mixture_magnitude', 'mixture_phase', 'source_phase', 'mix_magnitude', 'ideal_binary_mask', 'source_magnitudes'])
1.009408950805664 GB allocated
8.646484375 GB reserved
dict_keys(['index', 'mixture_magnitude', 'mixture_phase', 'source_phase', 'mix_magnitude', 'ideal_binary_mask', 'source_magnitudes'])
1.0085558891296387 GB allocated
8.646484375 GB reserved
dict_keys(['index', 'mixture_magnitude', 'mixture_phase', 'source_phase', 'mix_magnitude', 'ideal_binary_mask', 'source_magnitudes'])
1.009408950805664 GB allocated
8.646484375 GB reserved
dict_keys(['index', 'mixture_magnitude', 'mixture_phase', 'source_phase', 'mix_magnitude', 'ideal_binary_mask', 'source_magnitudes'])
1.009408950805664 GB allocated
8.646484375 GB reserved
dict_keys(['index', 'mixture_magnitude', 'mixture_phase', 'source_phase', 'mix_magnitude', 'ideal_binary_mask', 'source_magnitudes'])
1.009408950805664 GB allocated
8.646484375 GB reserved
dict_keys(['index', 'mixture_magnitude', 'mixture_phase', 'source_phase', 'mix_magnitude', 'ideal_binary_mask', 'source_magnitudes'])
[Validator] Epoch 35 - val_loss: 0.870255
[BEST CHECKPOINT] Guardado/actualizado en: checkpoints\Mis_modelos_v2\advanced\l_mrs checkpoints\4stems\best_checkpoint_35_val_loss=-0.8703.pt
06/11/2026 05:50:07 PM | engine.py:1037 Engine run finished. Time taken: 00:01:03.784
[Epoch 35] train_loss=0.877979 | val_loss=0.870255
06/11/2026 05:50:07 PM | engine.py:1010 Epoch[35] Complete. Time taken: 00:39:17.726
1.0085558891296387 GB allocated
8.646484375 GB reserved
dict_keys(['index', 'mixture_magnitude', 'mixture_phase', 'source_phase', 'mix_magnitude', 'ideal_binary_mask', 'source_magnitudes'])
1.009408950805664 GB allocated
8.646484375 GB reserved
dict_keys(['index', 'mixture_magnitude', 'mixture_phase', 'source_phase', 'mix_magnitude', 'ideal_binary_mask', 'source_magnitudes'])
1.009408950805664 GB allocated
8.646484375 GB reserved
dict_keys(['index', 'mixture_magnitude', 'mixture_phase', 'source_phase', 'mix_magnitude', 'ideal_binary_mask', 'source_magnitudes'])
1.009408950805664 GB allocated
8.646484375 GB reserved
dict_keys(['index', 'mixture_magnitude', 'mixture_phase', 'source_phase', 'mix_magnitude', 'ideal_binary_mask', 'source_magnitudes'])
1.0085558891296387 GB allocated
8.646484375 GB reserved
dict_keys(['index', 'mixture_magnitude', 'mixture_phase', 'source_phase', 'mix_magnitude', 'ideal_binary_mask', 'source_magnitudes'])
1.009408950805664 GB allocated
8.646484375 GB reserved
dict_keys(['index', 'mixture_magnitude', 'mixture_phase', 'source_phase', 'mix_magnitude', 'ideal_binary_mask', 'source_magnitudes'])
1.009408950805664 GB allocated
8.646484375 GB reserved
dict_keys(['index', 'mixture_magnitude', 'mixture_phase', 'source_phase', 'mix_magnitude', 'ideal_binary_mask', 'source_magnitudes'])
1.009408950805664 GB allocated
8.646484375 GB reserved
dict_keys(['index', 'mixture_magnitude', 'mixture_phase', 'source_phase', 'mix_magnitude', 'ideal_binary_mask', 'source_magnitudes'])
1.0085558891296387 GB allocated
8.646484375 GB reserved
dict_keys(['index', 'mixture_magnitude', 'mixture_phase', 'source_phase', 'mix_magnitude', 'ideal_binary_mask', 'source_magnitudes'])
1.009408950805664 GB allocated
8.646484375 GB reserved
dict_keys(['index', 'mixture_magnitude', 'mixture_phase', 'source_phase', 'mix_magnitude', 'ideal_binary_mask', 'source_magnitudes'])
1.009408950805664 GB allocated
8.646484375 GB reserved
dict_keys(['index', 'mixture_magnitude', 'mixture_phase', 'source_phase', 'mix_magnitude', 'ideal_binary_mask', 'source_magnitudes'])
1.009408950805664 GB allocated
8.646484375 GB reserved
dict_keys(['index', 'mixture_magnitude', 'mixture_phase', 'source_phase', 'mix_magnitude', 'ideal_binary_mask', 'source_magnitudes'])
1.0085558891296387 GB allocated
8.646484375 GB reserved
dict_keys(['index', 'mixture_magnitude', 'mixture_phase', 'source_phase', 'mix_magnitude', 'ideal_binary_mask', 'source_magnitudes'])
1.009408950805664 GB allocated
8.646484375 GB reserved
dict_keys(['index', 'mixture_magnitude', 'mixture_phase', 'source_phase', 'mix_magnitude', 'ideal_binary_mask', 'source_magnitudes'])
1.009408950805664 GB allocated
8.646484375 GB reserved
dict_keys(['index', 'mixture_magnitude', 'mixture_phase', 'source_phase', 'mix_magnitude', 'ideal_binary_mask', 'source_magnitudes'])
1.009408950805664 GB allocated
8.646484375 GB reserved
dict_keys(['index', 'mixture_magnitude', 'mixture_phase', 'source_phase', 'mix_magnitude', 'ideal_binary_mask', 'source_magnitudes'])
1.0085558891296387 GB allocated
8.646484375 GB reserved
dict_keys(['index', 'mixture_magnitude', 'mixture_phase', 'source_phase', 'mix_magnitude', 'ideal_binary_mask', 'source_magnitudes'])
1.009408950805664 GB allocated
8.646484375 GB reserved
dict_keys(['index', 'mixture_magnitude', 'mixture_phase', 'source_phase', 'mix_magnitude', 'ideal_binary_mask', 'source_magnitudes'])
1.009408950805664 GB allocated
8.646484375 GB reserved
dict_keys(['index', 'mixture_magnitude', 'mixture_phase', 'source_phase', 'mix_magnitude', 'ideal_binary_mask', 'source_magnitudes'])
1.009408950805664 GB allocated
8.646484375 GB reserved
dict_keys(['index', 'mixture_magnitude', 'mixture_phase', 'source_phase', 'mix_magnitude', 'ideal_binary_mask', 'source_magnitudes'])
1.0085558891296387 GB allocated
8.646484375 GB reserved
dict_keys(['index', 'mixture_magnitude', 'mixture_phase', 'source_phase', 'mix_magnitude', 'ideal_binary_mask', 'source_magnitudes'])
1.009408950805664 GB allocated
8.646484375 GB reserved
dict_keys(['index', 'mixture_magnitude', 'mixture_phase', 'source_phase', 'mix_magnitude', 'ideal_binary_mask', 'source_magnitudes'])
1.009408950805664 GB allocated
8.646484375 GB reserved
dict_keys(['index', 'mixture_magnitude', 'mixture_phase', 'source_phase', 'mix_magnitude', 'ideal_binary_mask', 'source_magnitudes'])
1.009408950805664 GB allocated
8.646484375 GB reserved
dict_keys(['index', 'mixture_magnitude', 'mixture_phase', 'source_phase', 'mix_magnitude', 'ideal_binary_mask', 'source_magnitudes'])
1.0085558891296387 GB allocated
8.646484375 GB reserved
dict_keys(['index', 'mixture_magnitude', 'mixture_phase', 'source_phase', 'mix_magnitude', 'ideal_binary_mask', 'source_magnitudes'])
1.009408950805664 GB allocated
8.646484375 GB reserved
dict_keys(['index', 'mixture_magnitude', 'mixture_phase', 'source_phase', 'mix_magnitude', 'ideal_binary_mask', 'source_magnitudes'])
1.009408950805664 GB allocated
8.646484375 GB reserved
dict_keys(['index', 'mixture_magnitude', 'mixture_phase', 'source_phase', 'mix_magnitude', 'ideal_binary_mask', 'source_magnitudes'])
1.009408950805664 GB allocated
8.646484375 GB reserved
dict_keys(['index', 'mixture_magnitude', 'mixture_phase', 'source_phase', 'mix_magnitude', 'ideal_binary_mask', 'source_magnitudes'])
1.0085558891296387 GB allocated
8.646484375 GB reserved
dict_keys(['index', 'mixture_magnitude', 'mixture_phase', 'source_phase', 'mix_magnitude', 'ideal_binary_mask', 'source_magnitudes'])
1.009408950805664 GB allocated
8.646484375 GB reserved
dict_keys(['index', 'mixture_magnitude', 'mixture_phase', 'source_phase', 'mix_magnitude', 'ideal_binary_mask', 'source_magnitudes'])
1.009408950805664 GB allocated
8.646484375 GB reserved
dict_keys(['index', 'mixture_magnitude', 'mixture_phase', 'source_phase', 'mix_magnitude', 'ideal_binary_mask', 'source_magnitudes'])
1.009408950805664 GB allocated
8.646484375 GB reserved
dict_keys(['index', 'mixture_magnitude', 'mixture_phase', 'source_phase', 'mix_magnitude', 'ideal_binary_mask', 'source_magnitudes'])
1.0085558891296387 GB allocated
8.646484375 GB reserved
dict_keys(['index', 'mixture_magnitude', 'mixture_phase', 'source_phase', 'mix_magnitude', 'ideal_binary_mask', 'source_magnitudes'])
1.009408950805664 GB allocated
8.646484375 GB reserved
dict_keys(['index', 'mixture_magnitude', 'mixture_phase', 'source_phase', 'mix_magnitude', 'ideal_binary_mask', 'source_magnitudes'])
1.009408950805664 GB allocated
8.646484375 GB reserved
dict_keys(['index', 'mixture_magnitude', 'mixture_phase', 'source_phase', 'mix_magnitude', 'ideal_binary_mask', 'source_magnitudes'])
1.009408950805664 GB allocated
8.646484375 GB reserved
dict_keys(['index', 'mixture_magnitude', 'mixture_phase', 'source_phase', 'mix_magnitude', 'ideal_binary_mask', 'source_magnitudes'])
1.0085558891296387 GB allocated
8.646484375 GB reserved
dict_keys(['index', 'mixture_magnitude', 'mixture_phase', 'source_phase', 'mix_magnitude', 'ideal_binary_mask', 'source_magnitudes'])
1.009408950805664 GB allocated
8.646484375 GB reserved
dict_keys(['index', 'mixture_magnitude', 'mixture_phase', 'source_phase', 'mix_magnitude', 'ideal_binary_mask', 'source_magnitudes'])
1.009408950805664 GB allocated
8.646484375 GB reserved
dict_keys(['index', 'mixture_magnitude', 'mixture_phase', 'source_phase', 'mix_magnitude', 'ideal_binary_mask', 'source_magnitudes'])
1.009408950805664 GB allocated
8.646484375 GB reserved
dict_keys(['index', 'mixture_magnitude', 'mixture_phase', 'source_phase', 'mix_magnitude', 'ideal_binary_mask', 'source_magnitudes'])
1.0085558891296387 GB allocated
8.646484375 GB reserved
dict_keys(['index', 'mixture_magnitude', 'mixture_phase', 'source_phase', 'mix_magnitude', 'ideal_binary_mask', 'source_magnitudes'])
1.009408950805664 GB allocated
8.646484375 GB reserved
dict_keys(['index', 'mixture_magnitude', 'mixture_phase', 'source_phase', 'mix_magnitude', 'ideal_binary_mask', 'source_magnitudes'])
1.009408950805664 GB allocated
8.646484375 GB reserved
06/11/2026 06:29:14 PM | engine.py:906 Engine run starting with max_epochs=1.
06/11/2026 06:30:24 PM | engine.py:1010 Epoch[1] Complete. Time taken: 00:01:09.567
dict_keys(['index', 'mixture_magnitude', 'mixture_phase', 'source_phase', 'mix_magnitude', 'ideal_binary_mask', 'source_magnitudes'])
1.009408950805664 GB allocated
8.646484375 GB reserved
dict_keys(['index', 'mixture_magnitude', 'mixture_phase', 'source_phase', 'mix_magnitude', 'ideal_binary_mask', 'source_magnitudes'])
1.0085558891296387 GB allocated
8.646484375 GB reserved
dict_keys(['index', 'mixture_magnitude', 'mixture_phase', 'source_phase', 'mix_magnitude', 'ideal_binary_mask', 'source_magnitudes'])
1.009408950805664 GB allocated
8.646484375 GB reserved
dict_keys(['index', 'mixture_magnitude', 'mixture_phase', 'source_phase', 'mix_magnitude', 'ideal_binary_mask', 'source_magnitudes'])
1.009408950805664 GB allocated
8.646484375 GB reserved
dict_keys(['index', 'mixture_magnitude', 'mixture_phase', 'source_phase', 'mix_magnitude', 'ideal_binary_mask', 'source_magnitudes'])
1.009408950805664 GB allocated
8.646484375 GB reserved
dict_keys(['index', 'mixture_magnitude', 'mixture_phase', 'source_phase', 'mix_magnitude', 'ideal_binary_mask', 'source_magnitudes'])
1.0085558891296387 GB allocated
8.646484375 GB reserved
dict_keys(['index', 'mixture_magnitude', 'mixture_phase', 'source_phase', 'mix_magnitude', 'ideal_binary_mask', 'source_magnitudes'])
1.009408950805664 GB allocated
8.646484375 GB reserved
dict_keys(['index', 'mixture_magnitude', 'mixture_phase', 'source_phase', 'mix_magnitude', 'ideal_binary_mask', 'source_magnitudes'])
1.009408950805664 GB allocated
8.646484375 GB reserved
dict_keys(['index', 'mixture_magnitude', 'mixture_phase', 'source_phase', 'mix_magnitude', 'ideal_binary_mask', 'source_magnitudes'])
1.009408950805664 GB allocated
8.646484375 GB reserved
dict_keys(['index', 'mixture_magnitude', 'mixture_phase', 'source_phase', 'mix_magnitude', 'ideal_binary_mask', 'source_magnitudes'])
1.0085558891296387 GB allocated
8.646484375 GB reserved
dict_keys(['index', 'mixture_magnitude', 'mixture_phase', 'source_phase', 'mix_magnitude', 'ideal_binary_mask', 'source_magnitudes'])
1.009408950805664 GB allocated
8.646484375 GB reserved
dict_keys(['index', 'mixture_magnitude', 'mixture_phase', 'source_phase', 'mix_magnitude', 'ideal_binary_mask', 'source_magnitudes'])
1.009408950805664 GB allocated
8.646484375 GB reserved
dict_keys(['index', 'mixture_magnitude', 'mixture_phase', 'source_phase', 'mix_magnitude', 'ideal_binary_mask', 'source_magnitudes'])
1.009408950805664 GB allocated
8.646484375 GB reserved
dict_keys(['index', 'mixture_magnitude', 'mixture_phase', 'source_phase', 'mix_magnitude', 'ideal_binary_mask', 'source_magnitudes'])
1.0085558891296387 GB allocated
8.646484375 GB reserved
dict_keys(['index', 'mixture_magnitude', 'mixture_phase', 'source_phase', 'mix_magnitude', 'ideal_binary_mask', 'source_magnitudes'])
1.009408950805664 GB allocated
8.646484375 GB reserved
dict_keys(['index', 'mixture_magnitude', 'mixture_phase', 'source_phase', 'mix_magnitude', 'ideal_binary_mask', 'source_magnitudes'])
1.009408950805664 GB allocated
8.646484375 GB reserved
dict_keys(['index', 'mixture_magnitude', 'mixture_phase', 'source_phase', 'mix_magnitude', 'ideal_binary_mask', 'source_magnitudes'])
1.009408950805664 GB allocated
8.646484375 GB reserved
dict_keys(['index', 'mixture_magnitude', 'mixture_phase', 'source_phase', 'mix_magnitude', 'ideal_binary_mask', 'source_magnitudes'])
1.0085558891296387 GB allocated
8.646484375 GB reserved
dict_keys(['index', 'mixture_magnitude', 'mixture_phase', 'source_phase', 'mix_magnitude', 'ideal_binary_mask', 'source_magnitudes'])
1.009408950805664 GB allocated
8.646484375 GB reserved
dict_keys(['index', 'mixture_magnitude', 'mixture_phase', 'source_phase', 'mix_magnitude', 'ideal_binary_mask', 'source_magnitudes'])
1.009408950805664 GB allocated
8.646484375 GB reserved
dict_keys(['index', 'mixture_magnitude', 'mixture_phase', 'source_phase', 'mix_magnitude', 'ideal_binary_mask', 'source_magnitudes'])
1.009408950805664 GB allocated
8.646484375 GB reserved
dict_keys(['index', 'mixture_magnitude', 'mixture_phase', 'source_phase', 'mix_magnitude', 'ideal_binary_mask', 'source_magnitudes'])
1.0085558891296387 GB allocated
8.646484375 GB reserved
dict_keys(['index', 'mixture_magnitude', 'mixture_phase', 'source_phase', 'mix_magnitude', 'ideal_binary_mask', 'source_magnitudes'])
1.009408950805664 GB allocated
8.646484375 GB reserved
dict_keys(['index', 'mixture_magnitude', 'mixture_phase', 'source_phase', 'mix_magnitude', 'ideal_binary_mask', 'source_magnitudes'])
1.009408950805664 GB allocated
8.646484375 GB reserved
dict_keys(['index', 'mixture_magnitude', 'mixture_phase', 'source_phase', 'mix_magnitude', 'ideal_binary_mask', 'source_magnitudes'])
1.009408950805664 GB allocated
8.646484375 GB reserved
dict_keys(['index', 'mixture_magnitude', 'mixture_phase', 'source_phase', 'mix_magnitude', 'ideal_binary_mask', 'source_magnitudes'])
1.0085558891296387 GB allocated
8.646484375 GB reserved
dict_keys(['index', 'mixture_magnitude', 'mixture_phase', 'source_phase', 'mix_magnitude', 'ideal_binary_mask', 'source_magnitudes'])
1.009408950805664 GB allocated
8.646484375 GB reserved
dict_keys(['index', 'mixture_magnitude', 'mixture_phase', 'source_phase', 'mix_magnitude', 'ideal_binary_mask', 'source_magnitudes'])
1.009408950805664 GB allocated
8.646484375 GB reserved
dict_keys(['index', 'mixture_magnitude', 'mixture_phase', 'source_phase', 'mix_magnitude', 'ideal_binary_mask', 'source_magnitudes'])
1.009408950805664 GB allocated
8.646484375 GB reserved
dict_keys(['index', 'mixture_magnitude', 'mixture_phase', 'source_phase', 'mix_magnitude', 'ideal_binary_mask', 'source_magnitudes'])
1.0085558891296387 GB allocated
8.646484375 GB reserved
dict_keys(['index', 'mixture_magnitude', 'mixture_phase', 'source_phase', 'mix_magnitude', 'ideal_binary_mask', 'source_magnitudes'])
1.009408950805664 GB allocated
8.646484375 GB reserved
dict_keys(['index', 'mixture_magnitude', 'mixture_phase', 'source_phase', 'mix_magnitude', 'ideal_binary_mask', 'source_magnitudes'])
1.009408950805664 GB allocated
8.646484375 GB reserved
dict_keys(['index', 'mixture_magnitude', 'mixture_phase', 'source_phase', 'mix_magnitude', 'ideal_binary_mask', 'source_magnitudes'])
1.009408950805664 GB allocated
8.646484375 GB reserved
dict_keys(['index', 'mixture_magnitude', 'mixture_phase', 'source_phase', 'mix_magnitude', 'ideal_binary_mask', 'source_magnitudes'])
1.0085558891296387 GB allocated
8.646484375 GB reserved
dict_keys(['index', 'mixture_magnitude', 'mixture_phase', 'source_phase', 'mix_magnitude', 'ideal_binary_mask', 'source_magnitudes'])
1.009408950805664 GB allocated
8.646484375 GB reserved
dict_keys(['index', 'mixture_magnitude', 'mixture_phase', 'source_phase', 'mix_magnitude', 'ideal_binary_mask', 'source_magnitudes'])
1.009408950805664 GB allocated
8.646484375 GB reserved
dict_keys(['index', 'mixture_magnitude', 'mixture_phase', 'source_phase', 'mix_magnitude', 'ideal_binary_mask', 'source_magnitudes'])
1.009408950805664 GB allocated
8.646484375 GB reserved
dict_keys(['index', 'mixture_magnitude', 'mixture_phase', 'source_phase', 'mix_magnitude', 'ideal_binary_mask', 'source_magnitudes'])
1.0085558891296387 GB allocated
8.646484375 GB reserved
dict_keys(['index', 'mixture_magnitude', 'mixture_phase', 'source_phase', 'mix_magnitude', 'ideal_binary_mask', 'source_magnitudes'])
1.009408950805664 GB allocated
8.646484375 GB reserved
dict_keys(['index', 'mixture_magnitude', 'mixture_phase', 'source_phase', 'mix_magnitude', 'ideal_binary_mask', 'source_magnitudes'])
1.009408950805664 GB allocated
8.646484375 GB reserved
dict_keys(['index', 'mixture_magnitude', 'mixture_phase', 'source_phase', 'mix_magnitude', 'ideal_binary_mask', 'source_magnitudes'])
1.009408950805664 GB allocated
8.646484375 GB reserved
dict_keys(['index', 'mixture_magnitude', 'mixture_phase', 'source_phase', 'mix_magnitude', 'ideal_binary_mask', 'source_magnitudes'])
1.0085558891296387 GB allocated
8.646484375 GB reserved
dict_keys(['index', 'mixture_magnitude', 'mixture_phase', 'source_phase', 'mix_magnitude', 'ideal_binary_mask', 'source_magnitudes'])
1.009408950805664 GB allocated
8.646484375 GB reserved
dict_keys(['index', 'mixture_magnitude', 'mixture_phase', 'source_phase', 'mix_magnitude', 'ideal_binary_mask', 'source_magnitudes'])
1.009408950805664 GB allocated
8.646484375 GB reserved
dict_keys(['index', 'mixture_magnitude', 'mixture_phase', 'source_phase', 'mix_magnitude', 'ideal_binary_mask', 'source_magnitudes'])
1.009408950805664 GB allocated
8.646484375 GB reserved
dict_keys(['index', 'mixture_magnitude', 'mixture_phase', 'source_phase', 'mix_magnitude', 'ideal_binary_mask', 'source_magnitudes'])
1.0085558891296387 GB allocated
8.646484375 GB reserved
dict_keys(['index', 'mixture_magnitude', 'mixture_phase', 'source_phase', 'mix_magnitude', 'ideal_binary_mask', 'source_magnitudes'])
1.009408950805664 GB allocated
8.646484375 GB reserved
dict_keys(['index', 'mixture_magnitude', 'mixture_phase', 'source_phase', 'mix_magnitude', 'ideal_binary_mask', 'source_magnitudes'])
1.009408950805664 GB allocated
8.646484375 GB reserved
dict_keys(['index', 'mixture_magnitude', 'mixture_phase', 'source_phase', 'mix_magnitude', 'ideal_binary_mask', 'source_magnitudes'])
1.009408950805664 GB allocated
8.646484375 GB reserved
dict_keys(['index', 'mixture_magnitude', 'mixture_phase', 'source_phase', 'mix_magnitude', 'ideal_binary_mask', 'source_magnitudes'])
1.0085558891296387 GB allocated
8.646484375 GB reserved
dict_keys(['index', 'mixture_magnitude', 'mixture_phase', 'source_phase', 'mix_magnitude', 'ideal_binary_mask', 'source_magnitudes'])
1.009408950805664 GB allocated
8.646484375 GB reserved
dict_keys(['index', 'mixture_magnitude', 'mixture_phase', 'source_phase', 'mix_magnitude', 'ideal_binary_mask', 'source_magnitudes'])
1.009408950805664 GB allocated
8.646484375 GB reserved
dict_keys(['index', 'mixture_magnitude', 'mixture_phase', 'source_phase', 'mix_magnitude', 'ideal_binary_mask', 'source_magnitudes'])
1.009408950805664 GB allocated
8.646484375 GB reserved
dict_keys(['index', 'mixture_magnitude', 'mixture_phase', 'source_phase', 'mix_magnitude', 'ideal_binary_mask', 'source_magnitudes'])
1.0085558891296387 GB allocated
8.646484375 GB reserved
dict_keys(['index', 'mixture_magnitude', 'mixture_phase', 'source_phase', 'mix_magnitude', 'ideal_binary_mask', 'source_magnitudes'])
1.009408950805664 GB allocated
8.646484375 GB reserved
dict_keys(['index', 'mixture_magnitude', 'mixture_phase', 'source_phase', 'mix_magnitude', 'ideal_binary_mask', 'source_magnitudes'])
1.009408950805664 GB allocated
8.646484375 GB reserved
dict_keys(['index', 'mixture_magnitude', 'mixture_phase', 'source_phase', 'mix_magnitude', 'ideal_binary_mask', 'source_magnitudes'])
1.009408950805664 GB allocated
8.646484375 GB reserved
dict_keys(['index', 'mixture_magnitude', 'mixture_phase', 'source_phase', 'mix_magnitude', 'ideal_binary_mask', 'source_magnitudes'])
[Validator] Epoch 36 - val_loss: 0.867474
[BEST CHECKPOINT] Guardado/actualizado en: checkpoints\Mis_modelos_v2\advanced\l_mrs checkpoints\4stems\best_checkpoint_36_val_loss=-0.8675.pt
06/11/2026 06:30:24 PM | engine.py:1037 Engine run finished. Time taken: 00:01:09.577
[Epoch 36] train_loss=0.872727 | val_loss=0.867474
06/11/2026 06:30:24 PM | engine.py:1010 Epoch[36] Complete. Time taken: 00:40:17.276
1.0085558891296387 GB allocated
8.646484375 GB reserved
dict_keys(['index', 'mixture_magnitude', 'mixture_phase', 'source_phase', 'mix_magnitude', 'ideal_binary_mask', 'source_magnitudes'])
1.009408950805664 GB allocated
8.646484375 GB reserved
dict_keys(['index', 'mixture_magnitude', 'mixture_phase', 'source_phase', 'mix_magnitude', 'ideal_binary_mask', 'source_magnitudes'])
1.009408950805664 GB allocated
8.646484375 GB reserved
dict_keys(['index', 'mixture_magnitude', 'mixture_phase', 'source_phase', 'mix_magnitude', 'ideal_binary_mask', 'source_magnitudes'])
1.009408950805664 GB allocated
8.646484375 GB reserved
dict_keys(['index', 'mixture_magnitude', 'mixture_phase', 'source_phase', 'mix_magnitude', 'ideal_binary_mask', 'source_magnitudes'])
1.0085558891296387 GB allocated
8.646484375 GB reserved
dict_keys(['index', 'mixture_magnitude', 'mixture_phase', 'source_phase', 'mix_magnitude', 'ideal_binary_mask', 'source_magnitudes'])
1.009408950805664 GB allocated
8.646484375 GB reserved
dict_keys(['index', 'mixture_magnitude', 'mixture_phase', 'source_phase', 'mix_magnitude', 'ideal_binary_mask', 'source_magnitudes'])
1.009408950805664 GB allocated
8.646484375 GB reserved
dict_keys(['index', 'mixture_magnitude', 'mixture_phase', 'source_phase', 'mix_magnitude', 'ideal_binary_mask', 'source_magnitudes'])
1.009408950805664 GB allocated
8.646484375 GB reserved
dict_keys(['index', 'mixture_magnitude', 'mixture_phase', 'source_phase', 'mix_magnitude', 'ideal_binary_mask', 'source_magnitudes'])
1.0085558891296387 GB allocated
8.646484375 GB reserved
dict_keys(['index', 'mixture_magnitude', 'mixture_phase', 'source_phase', 'mix_magnitude', 'ideal_binary_mask', 'source_magnitudes'])
1.009408950805664 GB allocated
8.646484375 GB reserved
dict_keys(['index', 'mixture_magnitude', 'mixture_phase', 'source_phase', 'mix_magnitude', 'ideal_binary_mask', 'source_magnitudes'])
1.009408950805664 GB allocated
8.646484375 GB reserved
dict_keys(['index', 'mixture_magnitude', 'mixture_phase', 'source_phase', 'mix_magnitude', 'ideal_binary_mask', 'source_magnitudes'])
1.009408950805664 GB allocated
8.646484375 GB reserved
dict_keys(['index', 'mixture_magnitude', 'mixture_phase', 'source_phase', 'mix_magnitude', 'ideal_binary_mask', 'source_magnitudes'])
1.0085558891296387 GB allocated
8.646484375 GB reserved
dict_keys(['index', 'mixture_magnitude', 'mixture_phase', 'source_phase', 'mix_magnitude', 'ideal_binary_mask', 'source_magnitudes'])
1.009408950805664 GB allocated
8.646484375 GB reserved
dict_keys(['index', 'mixture_magnitude', 'mixture_phase', 'source_phase', 'mix_magnitude', 'ideal_binary_mask', 'source_magnitudes'])
1.009408950805664 GB allocated
8.646484375 GB reserved
dict_keys(['index', 'mixture_magnitude', 'mixture_phase', 'source_phase', 'mix_magnitude', 'ideal_binary_mask', 'source_magnitudes'])
1.009408950805664 GB allocated
8.646484375 GB reserved
dict_keys(['index', 'mixture_magnitude', 'mixture_phase', 'source_phase', 'mix_magnitude', 'ideal_binary_mask', 'source_magnitudes'])
1.0085558891296387 GB allocated
8.646484375 GB reserved
dict_keys(['index', 'mixture_magnitude', 'mixture_phase', 'source_phase', 'mix_magnitude', 'ideal_binary_mask', 'source_magnitudes'])
1.009408950805664 GB allocated
8.646484375 GB reserved
dict_keys(['index', 'mixture_magnitude', 'mixture_phase', 'source_phase', 'mix_magnitude', 'ideal_binary_mask', 'source_magnitudes'])
1.009408950805664 GB allocated
8.646484375 GB reserved
dict_keys(['index', 'mixture_magnitude', 'mixture_phase', 'source_phase', 'mix_magnitude', 'ideal_binary_mask', 'source_magnitudes'])
1.009408950805664 GB allocated
8.646484375 GB reserved
dict_keys(['index', 'mixture_magnitude', 'mixture_phase', 'source_phase', 'mix_magnitude', 'ideal_binary_mask', 'source_magnitudes'])
1.0085558891296387 GB allocated
8.646484375 GB reserved
dict_keys(['index', 'mixture_magnitude', 'mixture_phase', 'source_phase', 'mix_magnitude', 'ideal_binary_mask', 'source_magnitudes'])
1.009408950805664 GB allocated
8.646484375 GB reserved
dict_keys(['index', 'mixture_magnitude', 'mixture_phase', 'source_phase', 'mix_magnitude', 'ideal_binary_mask', 'source_magnitudes'])
1.009408950805664 GB allocated
8.646484375 GB reserved
dict_keys(['index', 'mixture_magnitude', 'mixture_phase', 'source_phase', 'mix_magnitude', 'ideal_binary_mask', 'source_magnitudes'])
1.009408950805664 GB allocated
8.646484375 GB reserved
dict_keys(['index', 'mixture_magnitude', 'mixture_phase', 'source_phase', 'mix_magnitude', 'ideal_binary_mask', 'source_magnitudes'])
1.0085558891296387 GB allocated
8.646484375 GB reserved
dict_keys(['index', 'mixture_magnitude', 'mixture_phase', 'source_phase', 'mix_magnitude', 'ideal_binary_mask', 'source_magnitudes'])
1.009408950805664 GB allocated
8.646484375 GB reserved
dict_keys(['index', 'mixture_magnitude', 'mixture_phase', 'source_phase', 'mix_magnitude', 'ideal_binary_mask', 'source_magnitudes'])
1.009408950805664 GB allocated
8.646484375 GB reserved
dict_keys(['index', 'mixture_magnitude', 'mixture_phase', 'source_phase', 'mix_magnitude', 'ideal_binary_mask', 'source_magnitudes'])
1.009408950805664 GB allocated
8.646484375 GB reserved
dict_keys(['index', 'mixture_magnitude', 'mixture_phase', 'source_phase', 'mix_magnitude', 'ideal_binary_mask', 'source_magnitudes'])
1.0085558891296387 GB allocated
8.646484375 GB reserved
dict_keys(['index', 'mixture_magnitude', 'mixture_phase', 'source_phase', 'mix_magnitude', 'ideal_binary_mask', 'source_magnitudes'])
1.009408950805664 GB allocated
8.646484375 GB reserved
dict_keys(['index', 'mixture_magnitude', 'mixture_phase', 'source_phase', 'mix_magnitude', 'ideal_binary_mask', 'source_magnitudes'])
1.009408950805664 GB allocated
8.646484375 GB reserved
dict_keys(['index', 'mixture_magnitude', 'mixture_phase', 'source_phase', 'mix_magnitude', 'ideal_binary_mask', 'source_magnitudes'])
1.009408950805664 GB allocated
8.646484375 GB reserved
dict_keys(['index', 'mixture_magnitude', 'mixture_phase', 'source_phase', 'mix_magnitude', 'ideal_binary_mask', 'source_magnitudes'])
1.0085558891296387 GB allocated
8.646484375 GB reserved
dict_keys(['index', 'mixture_magnitude', 'mixture_phase', 'source_phase', 'mix_magnitude', 'ideal_binary_mask', 'source_magnitudes'])
1.009408950805664 GB allocated
8.646484375 GB reserved
dict_keys(['index', 'mixture_magnitude', 'mixture_phase', 'source_phase', 'mix_magnitude', 'ideal_binary_mask', 'source_magnitudes'])
1.009408950805664 GB allocated
8.646484375 GB reserved
dict_keys(['index', 'mixture_magnitude', 'mixture_phase', 'source_phase', 'mix_magnitude', 'ideal_binary_mask', 'source_magnitudes'])
1.009408950805664 GB allocated
8.646484375 GB reserved
dict_keys(['index', 'mixture_magnitude', 'mixture_phase', 'source_phase', 'mix_magnitude', 'ideal_binary_mask', 'source_magnitudes'])
1.0085558891296387 GB allocated
8.646484375 GB reserved
dict_keys(['index', 'mixture_magnitude', 'mixture_phase', 'source_phase', 'mix_magnitude', 'ideal_binary_mask', 'source_magnitudes'])
1.009408950805664 GB allocated
8.646484375 GB reserved
dict_keys(['index', 'mixture_magnitude', 'mixture_phase', 'source_phase', 'mix_magnitude', 'ideal_binary_mask', 'source_magnitudes'])
1.009408950805664 GB allocated
8.646484375 GB reserved
dict_keys(['index', 'mixture_magnitude', 'mixture_phase', 'source_phase', 'mix_magnitude', 'ideal_binary_mask', 'source_magnitudes'])
1.009408950805664 GB allocated
8.646484375 GB reserved
dict_keys(['index', 'mixture_magnitude', 'mixture_phase', 'source_phase', 'mix_magnitude', 'ideal_binary_mask', 'source_magnitudes'])
1.0085558891296387 GB allocated
8.646484375 GB reserved
dict_keys(['index', 'mixture_magnitude', 'mixture_phase', 'source_phase', 'mix_magnitude', 'ideal_binary_mask', 'source_magnitudes'])
1.009408950805664 GB allocated
8.646484375 GB reserved
dict_keys(['index', 'mixture_magnitude', 'mixture_phase', 'source_phase', 'mix_magnitude', 'ideal_binary_mask', 'source_magnitudes'])
1.009408950805664 GB allocated
8.646484375 GB reserved
06/11/2026 07:09:32 PM | engine.py:906 Engine run starting with max_epochs=1.
06/11/2026 07:10:35 PM | engine.py:1010 Epoch[1] Complete. Time taken: 00:01:03.159
dict_keys(['index', 'mixture_magnitude', 'mixture_phase', 'source_phase', 'mix_magnitude', 'ideal_binary_mask', 'source_magnitudes'])
1.009408950805664 GB allocated
8.646484375 GB reserved
dict_keys(['index', 'mixture_magnitude', 'mixture_phase', 'source_phase', 'mix_magnitude', 'ideal_binary_mask', 'source_magnitudes'])
1.0085558891296387 GB allocated
8.646484375 GB reserved
dict_keys(['index', 'mixture_magnitude', 'mixture_phase', 'source_phase', 'mix_magnitude', 'ideal_binary_mask', 'source_magnitudes'])
1.009408950805664 GB allocated
8.646484375 GB reserved
dict_keys(['index', 'mixture_magnitude', 'mixture_phase', 'source_phase', 'mix_magnitude', 'ideal_binary_mask', 'source_magnitudes'])
1.009408950805664 GB allocated
8.646484375 GB reserved
dict_keys(['index', 'mixture_magnitude', 'mixture_phase', 'source_phase', 'mix_magnitude', 'ideal_binary_mask', 'source_magnitudes'])
1.009408950805664 GB allocated
8.646484375 GB reserved
dict_keys(['index', 'mixture_magnitude', 'mixture_phase', 'source_phase', 'mix_magnitude', 'ideal_binary_mask', 'source_magnitudes'])
1.0085558891296387 GB allocated
8.646484375 GB reserved
dict_keys(['index', 'mixture_magnitude', 'mixture_phase', 'source_phase', 'mix_magnitude', 'ideal_binary_mask', 'source_magnitudes'])
1.009408950805664 GB allocated
8.646484375 GB reserved
dict_keys(['index', 'mixture_magnitude', 'mixture_phase', 'source_phase', 'mix_magnitude', 'ideal_binary_mask', 'source_magnitudes'])
1.009408950805664 GB allocated
8.646484375 GB reserved
dict_keys(['index', 'mixture_magnitude', 'mixture_phase', 'source_phase', 'mix_magnitude', 'ideal_binary_mask', 'source_magnitudes'])
1.009408950805664 GB allocated
8.646484375 GB reserved
dict_keys(['index', 'mixture_magnitude', 'mixture_phase', 'source_phase', 'mix_magnitude', 'ideal_binary_mask', 'source_magnitudes'])
1.0085558891296387 GB allocated
8.646484375 GB reserved
dict_keys(['index', 'mixture_magnitude', 'mixture_phase', 'source_phase', 'mix_magnitude', 'ideal_binary_mask', 'source_magnitudes'])
1.009408950805664 GB allocated
8.646484375 GB reserved
dict_keys(['index', 'mixture_magnitude', 'mixture_phase', 'source_phase', 'mix_magnitude', 'ideal_binary_mask', 'source_magnitudes'])
1.009408950805664 GB allocated
8.646484375 GB reserved
dict_keys(['index', 'mixture_magnitude', 'mixture_phase', 'source_phase', 'mix_magnitude', 'ideal_binary_mask', 'source_magnitudes'])
1.009408950805664 GB allocated
8.646484375 GB reserved
dict_keys(['index', 'mixture_magnitude', 'mixture_phase', 'source_phase', 'mix_magnitude', 'ideal_binary_mask', 'source_magnitudes'])
1.0085558891296387 GB allocated
8.646484375 GB reserved
dict_keys(['index', 'mixture_magnitude', 'mixture_phase', 'source_phase', 'mix_magnitude', 'ideal_binary_mask', 'source_magnitudes'])
1.009408950805664 GB allocated
8.646484375 GB reserved
dict_keys(['index', 'mixture_magnitude', 'mixture_phase', 'source_phase', 'mix_magnitude', 'ideal_binary_mask', 'source_magnitudes'])
1.009408950805664 GB allocated
8.646484375 GB reserved
dict_keys(['index', 'mixture_magnitude', 'mixture_phase', 'source_phase', 'mix_magnitude', 'ideal_binary_mask', 'source_magnitudes'])
1.009408950805664 GB allocated
8.646484375 GB reserved
dict_keys(['index', 'mixture_magnitude', 'mixture_phase', 'source_phase', 'mix_magnitude', 'ideal_binary_mask', 'source_magnitudes'])
1.0085558891296387 GB allocated
8.646484375 GB reserved
dict_keys(['index', 'mixture_magnitude', 'mixture_phase', 'source_phase', 'mix_magnitude', 'ideal_binary_mask', 'source_magnitudes'])
1.009408950805664 GB allocated
8.646484375 GB reserved
dict_keys(['index', 'mixture_magnitude', 'mixture_phase', 'source_phase', 'mix_magnitude', 'ideal_binary_mask', 'source_magnitudes'])
1.009408950805664 GB allocated
8.646484375 GB reserved
dict_keys(['index', 'mixture_magnitude', 'mixture_phase', 'source_phase', 'mix_magnitude', 'ideal_binary_mask', 'source_magnitudes'])
1.009408950805664 GB allocated
8.646484375 GB reserved
dict_keys(['index', 'mixture_magnitude', 'mixture_phase', 'source_phase', 'mix_magnitude', 'ideal_binary_mask', 'source_magnitudes'])
1.0085558891296387 GB allocated
8.646484375 GB reserved
dict_keys(['index', 'mixture_magnitude', 'mixture_phase', 'source_phase', 'mix_magnitude', 'ideal_binary_mask', 'source_magnitudes'])
1.009408950805664 GB allocated
8.646484375 GB reserved
dict_keys(['index', 'mixture_magnitude', 'mixture_phase', 'source_phase', 'mix_magnitude', 'ideal_binary_mask', 'source_magnitudes'])
1.009408950805664 GB allocated
8.646484375 GB reserved
dict_keys(['index', 'mixture_magnitude', 'mixture_phase', 'source_phase', 'mix_magnitude', 'ideal_binary_mask', 'source_magnitudes'])
1.009408950805664 GB allocated
8.646484375 GB reserved
dict_keys(['index', 'mixture_magnitude', 'mixture_phase', 'source_phase', 'mix_magnitude', 'ideal_binary_mask', 'source_magnitudes'])
1.0085558891296387 GB allocated
8.646484375 GB reserved
dict_keys(['index', 'mixture_magnitude', 'mixture_phase', 'source_phase', 'mix_magnitude', 'ideal_binary_mask', 'source_magnitudes'])
1.009408950805664 GB allocated
8.646484375 GB reserved
dict_keys(['index', 'mixture_magnitude', 'mixture_phase', 'source_phase', 'mix_magnitude', 'ideal_binary_mask', 'source_magnitudes'])
1.009408950805664 GB allocated
8.646484375 GB reserved
dict_keys(['index', 'mixture_magnitude', 'mixture_phase', 'source_phase', 'mix_magnitude', 'ideal_binary_mask', 'source_magnitudes'])
1.009408950805664 GB allocated
8.646484375 GB reserved
dict_keys(['index', 'mixture_magnitude', 'mixture_phase', 'source_phase', 'mix_magnitude', 'ideal_binary_mask', 'source_magnitudes'])
1.0085558891296387 GB allocated
8.646484375 GB reserved
dict_keys(['index', 'mixture_magnitude', 'mixture_phase', 'source_phase', 'mix_magnitude', 'ideal_binary_mask', 'source_magnitudes'])
1.009408950805664 GB allocated
8.646484375 GB reserved
dict_keys(['index', 'mixture_magnitude', 'mixture_phase', 'source_phase', 'mix_magnitude', 'ideal_binary_mask', 'source_magnitudes'])
1.009408950805664 GB allocated
8.646484375 GB reserved
dict_keys(['index', 'mixture_magnitude', 'mixture_phase', 'source_phase', 'mix_magnitude', 'ideal_binary_mask', 'source_magnitudes'])
1.009408950805664 GB allocated
8.646484375 GB reserved
dict_keys(['index', 'mixture_magnitude', 'mixture_phase', 'source_phase', 'mix_magnitude', 'ideal_binary_mask', 'source_magnitudes'])
1.0085558891296387 GB allocated
8.646484375 GB reserved
dict_keys(['index', 'mixture_magnitude', 'mixture_phase', 'source_phase', 'mix_magnitude', 'ideal_binary_mask', 'source_magnitudes'])
1.009408950805664 GB allocated
8.646484375 GB reserved
dict_keys(['index', 'mixture_magnitude', 'mixture_phase', 'source_phase', 'mix_magnitude', 'ideal_binary_mask', 'source_magnitudes'])
1.009408950805664 GB allocated
8.646484375 GB reserved
dict_keys(['index', 'mixture_magnitude', 'mixture_phase', 'source_phase', 'mix_magnitude', 'ideal_binary_mask', 'source_magnitudes'])
1.009408950805664 GB allocated
8.646484375 GB reserved
dict_keys(['index', 'mixture_magnitude', 'mixture_phase', 'source_phase', 'mix_magnitude', 'ideal_binary_mask', 'source_magnitudes'])
1.0085558891296387 GB allocated
8.646484375 GB reserved
dict_keys(['index', 'mixture_magnitude', 'mixture_phase', 'source_phase', 'mix_magnitude', 'ideal_binary_mask', 'source_magnitudes'])
1.009408950805664 GB allocated
8.646484375 GB reserved
dict_keys(['index', 'mixture_magnitude', 'mixture_phase', 'source_phase', 'mix_magnitude', 'ideal_binary_mask', 'source_magnitudes'])
1.009408950805664 GB allocated
8.646484375 GB reserved
dict_keys(['index', 'mixture_magnitude', 'mixture_phase', 'source_phase', 'mix_magnitude', 'ideal_binary_mask', 'source_magnitudes'])
1.009408950805664 GB allocated
8.646484375 GB reserved
dict_keys(['index', 'mixture_magnitude', 'mixture_phase', 'source_phase', 'mix_magnitude', 'ideal_binary_mask', 'source_magnitudes'])
1.0085558891296387 GB allocated
8.646484375 GB reserved
dict_keys(['index', 'mixture_magnitude', 'mixture_phase', 'source_phase', 'mix_magnitude', 'ideal_binary_mask', 'source_magnitudes'])
1.009408950805664 GB allocated
8.646484375 GB reserved
dict_keys(['index', 'mixture_magnitude', 'mixture_phase', 'source_phase', 'mix_magnitude', 'ideal_binary_mask', 'source_magnitudes'])
1.009408950805664 GB allocated
8.646484375 GB reserved
dict_keys(['index', 'mixture_magnitude', 'mixture_phase', 'source_phase', 'mix_magnitude', 'ideal_binary_mask', 'source_magnitudes'])
1.009408950805664 GB allocated
8.646484375 GB reserved
dict_keys(['index', 'mixture_magnitude', 'mixture_phase', 'source_phase', 'mix_magnitude', 'ideal_binary_mask', 'source_magnitudes'])
1.0085558891296387 GB allocated
8.646484375 GB reserved
dict_keys(['index', 'mixture_magnitude', 'mixture_phase', 'source_phase', 'mix_magnitude', 'ideal_binary_mask', 'source_magnitudes'])
1.009408950805664 GB allocated
8.646484375 GB reserved
dict_keys(['index', 'mixture_magnitude', 'mixture_phase', 'source_phase', 'mix_magnitude', 'ideal_binary_mask', 'source_magnitudes'])
1.009408950805664 GB allocated
8.646484375 GB reserved
dict_keys(['index', 'mixture_magnitude', 'mixture_phase', 'source_phase', 'mix_magnitude', 'ideal_binary_mask', 'source_magnitudes'])
1.009408950805664 GB allocated
8.646484375 GB reserved
dict_keys(['index', 'mixture_magnitude', 'mixture_phase', 'source_phase', 'mix_magnitude', 'ideal_binary_mask', 'source_magnitudes'])
1.0085558891296387 GB allocated
8.646484375 GB reserved
dict_keys(['index', 'mixture_magnitude', 'mixture_phase', 'source_phase', 'mix_magnitude', 'ideal_binary_mask', 'source_magnitudes'])
1.009408950805664 GB allocated
8.646484375 GB reserved
dict_keys(['index', 'mixture_magnitude', 'mixture_phase', 'source_phase', 'mix_magnitude', 'ideal_binary_mask', 'source_magnitudes'])
1.009408950805664 GB allocated
8.646484375 GB reserved
dict_keys(['index', 'mixture_magnitude', 'mixture_phase', 'source_phase', 'mix_magnitude', 'ideal_binary_mask', 'source_magnitudes'])
1.009408950805664 GB allocated
8.646484375 GB reserved
dict_keys(['index', 'mixture_magnitude', 'mixture_phase', 'source_phase', 'mix_magnitude', 'ideal_binary_mask', 'source_magnitudes'])
1.0085558891296387 GB allocated
8.646484375 GB reserved
dict_keys(['index', 'mixture_magnitude', 'mixture_phase', 'source_phase', 'mix_magnitude', 'ideal_binary_mask', 'source_magnitudes'])
1.009408950805664 GB allocated
8.646484375 GB reserved
dict_keys(['index', 'mixture_magnitude', 'mixture_phase', 'source_phase', 'mix_magnitude', 'ideal_binary_mask', 'source_magnitudes'])
1.009408950805664 GB allocated
8.646484375 GB reserved
dict_keys(['index', 'mixture_magnitude', 'mixture_phase', 'source_phase', 'mix_magnitude', 'ideal_binary_mask', 'source_magnitudes'])
1.009408950805664 GB allocated
8.646484375 GB reserved
dict_keys(['index', 'mixture_magnitude', 'mixture_phase', 'source_phase', 'mix_magnitude', 'ideal_binary_mask', 'source_magnitudes'])
[Validator] Epoch 37 - val_loss: 0.868115
[BEST CHECKPOINT] Guardado/actualizado en: checkpoints\Mis_modelos_v2\advanced\l_mrs checkpoints\4stems\best_checkpoint_36_val_loss=-0.8675.pt
06/11/2026 07:10:35 PM | engine.py:1037 Engine run finished. Time taken: 00:01:03.160
[Epoch 37] train_loss=0.873939 | val_loss=0.868115
06/11/2026 07:10:35 PM | engine.py:1010 Epoch[37] Complete. Time taken: 00:40:11.228
1.0085558891296387 GB allocated
8.646484375 GB reserved
dict_keys(['index', 'mixture_magnitude', 'mixture_phase', 'source_phase', 'mix_magnitude', 'ideal_binary_mask', 'source_magnitudes'])
1.009408950805664 GB allocated
8.646484375 GB reserved
dict_keys(['index', 'mixture_magnitude', 'mixture_phase', 'source_phase', 'mix_magnitude', 'ideal_binary_mask', 'source_magnitudes'])
1.009408950805664 GB allocated
8.646484375 GB reserved
dict_keys(['index', 'mixture_magnitude', 'mixture_phase', 'source_phase', 'mix_magnitude', 'ideal_binary_mask', 'source_magnitudes'])
1.009408950805664 GB allocated
8.646484375 GB reserved
dict_keys(['index', 'mixture_magnitude', 'mixture_phase', 'source_phase', 'mix_magnitude', 'ideal_binary_mask', 'source_magnitudes'])
1.0085558891296387 GB allocated
8.646484375 GB reserved
dict_keys(['index', 'mixture_magnitude', 'mixture_phase', 'source_phase', 'mix_magnitude', 'ideal_binary_mask', 'source_magnitudes'])
1.009408950805664 GB allocated
8.646484375 GB reserved
dict_keys(['index', 'mixture_magnitude', 'mixture_phase', 'source_phase', 'mix_magnitude', 'ideal_binary_mask', 'source_magnitudes'])
1.009408950805664 GB allocated
8.646484375 GB reserved
dict_keys(['index', 'mixture_magnitude', 'mixture_phase', 'source_phase', 'mix_magnitude', 'ideal_binary_mask', 'source_magnitudes'])
1.009408950805664 GB allocated
8.646484375 GB reserved
dict_keys(['index', 'mixture_magnitude', 'mixture_phase', 'source_phase', 'mix_magnitude', 'ideal_binary_mask', 'source_magnitudes'])
1.0085558891296387 GB allocated
8.646484375 GB reserved
dict_keys(['index', 'mixture_magnitude', 'mixture_phase', 'source_phase', 'mix_magnitude', 'ideal_binary_mask', 'source_magnitudes'])
1.009408950805664 GB allocated
8.646484375 GB reserved
dict_keys(['index', 'mixture_magnitude', 'mixture_phase', 'source_phase', 'mix_magnitude', 'ideal_binary_mask', 'source_magnitudes'])
1.009408950805664 GB allocated
8.646484375 GB reserved
dict_keys(['index', 'mixture_magnitude', 'mixture_phase', 'source_phase', 'mix_magnitude', 'ideal_binary_mask', 'source_magnitudes'])
1.009408950805664 GB allocated
8.646484375 GB reserved
dict_keys(['index', 'mixture_magnitude', 'mixture_phase', 'source_phase', 'mix_magnitude', 'ideal_binary_mask', 'source_magnitudes'])
1.0085558891296387 GB allocated
8.646484375 GB reserved
dict_keys(['index', 'mixture_magnitude', 'mixture_phase', 'source_phase', 'mix_magnitude', 'ideal_binary_mask', 'source_magnitudes'])
1.009408950805664 GB allocated
8.646484375 GB reserved
dict_keys(['index', 'mixture_magnitude', 'mixture_phase', 'source_phase', 'mix_magnitude', 'ideal_binary_mask', 'source_magnitudes'])
1.009408950805664 GB allocated
8.646484375 GB reserved
dict_keys(['index', 'mixture_magnitude', 'mixture_phase', 'source_phase', 'mix_magnitude', 'ideal_binary_mask', 'source_magnitudes'])
1.009408950805664 GB allocated
8.646484375 GB reserved
dict_keys(['index', 'mixture_magnitude', 'mixture_phase', 'source_phase', 'mix_magnitude', 'ideal_binary_mask', 'source_magnitudes'])
1.0085558891296387 GB allocated
8.646484375 GB reserved
dict_keys(['index', 'mixture_magnitude', 'mixture_phase', 'source_phase', 'mix_magnitude', 'ideal_binary_mask', 'source_magnitudes'])
1.009408950805664 GB allocated
8.646484375 GB reserved
dict_keys(['index', 'mixture_magnitude', 'mixture_phase', 'source_phase', 'mix_magnitude', 'ideal_binary_mask', 'source_magnitudes'])
1.009408950805664 GB allocated
8.646484375 GB reserved
dict_keys(['index', 'mixture_magnitude', 'mixture_phase', 'source_phase', 'mix_magnitude', 'ideal_binary_mask', 'source_magnitudes'])
1.009408950805664 GB allocated
8.646484375 GB reserved
dict_keys(['index', 'mixture_magnitude', 'mixture_phase', 'source_phase', 'mix_magnitude', 'ideal_binary_mask', 'source_magnitudes'])
1.0085558891296387 GB allocated
8.646484375 GB reserved
dict_keys(['index', 'mixture_magnitude', 'mixture_phase', 'source_phase', 'mix_magnitude', 'ideal_binary_mask', 'source_magnitudes'])
1.009408950805664 GB allocated
8.646484375 GB reserved
dict_keys(['index', 'mixture_magnitude', 'mixture_phase', 'source_phase', 'mix_magnitude', 'ideal_binary_mask', 'source_magnitudes'])
1.009408950805664 GB allocated
8.646484375 GB reserved
dict_keys(['index', 'mixture_magnitude', 'mixture_phase', 'source_phase', 'mix_magnitude', 'ideal_binary_mask', 'source_magnitudes'])
1.009408950805664 GB allocated
8.646484375 GB reserved
dict_keys(['index', 'mixture_magnitude', 'mixture_phase', 'source_phase', 'mix_magnitude', 'ideal_binary_mask', 'source_magnitudes'])
1.0085558891296387 GB allocated
8.646484375 GB reserved
dict_keys(['index', 'mixture_magnitude', 'mixture_phase', 'source_phase', 'mix_magnitude', 'ideal_binary_mask', 'source_magnitudes'])
1.009408950805664 GB allocated
8.646484375 GB reserved
dict_keys(['index', 'mixture_magnitude', 'mixture_phase', 'source_phase', 'mix_magnitude', 'ideal_binary_mask', 'source_magnitudes'])
1.009408950805664 GB allocated
8.646484375 GB reserved
dict_keys(['index', 'mixture_magnitude', 'mixture_phase', 'source_phase', 'mix_magnitude', 'ideal_binary_mask', 'source_magnitudes'])
1.009408950805664 GB allocated
8.646484375 GB reserved
dict_keys(['index', 'mixture_magnitude', 'mixture_phase', 'source_phase', 'mix_magnitude', 'ideal_binary_mask', 'source_magnitudes'])
1.0085558891296387 GB allocated
8.646484375 GB reserved
dict_keys(['index', 'mixture_magnitude', 'mixture_phase', 'source_phase', 'mix_magnitude', 'ideal_binary_mask', 'source_magnitudes'])
1.009408950805664 GB allocated
8.646484375 GB reserved
dict_keys(['index', 'mixture_magnitude', 'mixture_phase', 'source_phase', 'mix_magnitude', 'ideal_binary_mask', 'source_magnitudes'])
1.009408950805664 GB allocated
8.646484375 GB reserved
dict_keys(['index', 'mixture_magnitude', 'mixture_phase', 'source_phase', 'mix_magnitude', 'ideal_binary_mask', 'source_magnitudes'])
1.009408950805664 GB allocated
8.646484375 GB reserved
dict_keys(['index', 'mixture_magnitude', 'mixture_phase', 'source_phase', 'mix_magnitude', 'ideal_binary_mask', 'source_magnitudes'])
1.0085558891296387 GB allocated
8.646484375 GB reserved
dict_keys(['index', 'mixture_magnitude', 'mixture_phase', 'source_phase', 'mix_magnitude', 'ideal_binary_mask', 'source_magnitudes'])
1.009408950805664 GB allocated
8.646484375 GB reserved
dict_keys(['index', 'mixture_magnitude', 'mixture_phase', 'source_phase', 'mix_magnitude', 'ideal_binary_mask', 'source_magnitudes'])
1.009408950805664 GB allocated
8.646484375 GB reserved
dict_keys(['index', 'mixture_magnitude', 'mixture_phase', 'source_phase', 'mix_magnitude', 'ideal_binary_mask', 'source_magnitudes'])
1.009408950805664 GB allocated
8.646484375 GB reserved
dict_keys(['index', 'mixture_magnitude', 'mixture_phase', 'source_phase', 'mix_magnitude', 'ideal_binary_mask', 'source_magnitudes'])
1.0085558891296387 GB allocated
8.646484375 GB reserved
dict_keys(['index', 'mixture_magnitude', 'mixture_phase', 'source_phase', 'mix_magnitude', 'ideal_binary_mask', 'source_magnitudes'])
1.009408950805664 GB allocated
8.646484375 GB reserved
dict_keys(['index', 'mixture_magnitude', 'mixture_phase', 'source_phase', 'mix_magnitude', 'ideal_binary_mask', 'source_magnitudes'])
1.009408950805664 GB allocated
8.646484375 GB reserved
dict_keys(['index', 'mixture_magnitude', 'mixture_phase', 'source_phase', 'mix_magnitude', 'ideal_binary_mask', 'source_magnitudes'])
1.009408950805664 GB allocated
8.646484375 GB reserved
dict_keys(['index', 'mixture_magnitude', 'mixture_phase', 'source_phase', 'mix_magnitude', 'ideal_binary_mask', 'source_magnitudes'])
1.0085558891296387 GB allocated
8.646484375 GB reserved
