C:\Users\rdpuser\miniconda3\envs\tfg_py310\lib\site-packages\ignite\handlers\checkpoint.py:16: DeprecationWarning: `TorchScript` support for functional optimizers is deprecated and will be removed in a future PyTorch release. Consider using the `torch.compile` optimizer instead.
  from torch.distributed.optim import ZeroRedundancyOptimizer
Usando dispositivo: cuda
Using device: cuda | nf=257 | channels=1 | hidden=50 | stems=4 | loss=lpsa_phase
Batch settings: actual_batch=24 | accum_steps=4 | effective_batch=96
06/13/2026 04:30:22 AM | engine.py:906 Engine run starting with max_epochs=100.
Training model with training mixes in: C:\Users\rdpuser\TFG_Identificaci-n-de-voces-e-instrumentos-en-una-obra-musical\datasets\mix_generation\foreground_train
Validating data with validation mixes in: C:\Users\rdpuser\TFG_Identificaci-n-de-voces-e-instrumentos-en-una-obra-musical\datasets\mix_generation\foreground_valid
[DEBUG] Num de sources: 4
[DEBUG] Pipeline de 4 fuentes
0.7929577827453613 GB allocated
0.8046875 GB reserved
dict_keys(['index', 'mixture_magnitude', 'mixture_phase', 'source_phase', 'mix_magnitude', 'ideal_binary_mask', 'source_magnitudes'])
Batch keys: dict_keys(['index', 'mixture_magnitude', 'mixture_phase', 'source_phase', 'mix_magnitude', 'ideal_binary_mask', 'source_magnitudes'])
mixture_phase shape: torch.Size([32, 257, 1723])
source_phase shape: torch.Size([32, 4, 257, 1723])
source_magnitudes shape: torch.Size([32, 1724, 257, 1, 4])
Estimates stats - mean: 0.0009, std: 0.0037
est shape: torch.Size([32, 1724, 257, 1, 4])
tgt shape: torch.Size([32, 1724, 257, 1, 4])
0.8096809387207031 GB allocated
3.2734375 GB reserved
dict_keys(['index', 'mixture_magnitude', 'mixture_phase', 'source_phase', 'mix_magnitude', 'ideal_binary_mask', 'source_magnitudes'])
0.8096809387207031 GB allocated
3.2734375 GB reserved
dict_keys(['index', 'mixture_magnitude', 'mixture_phase', 'source_phase', 'mix_magnitude', 'ideal_binary_mask', 'source_magnitudes'])
0.8096809387207031 GB allocated
3.2734375 GB reserved
dict_keys(['index', 'mixture_magnitude', 'mixture_phase', 'source_phase', 'mix_magnitude', 'ideal_binary_mask', 'source_magnitudes'])
0.8105340003967285 GB allocated
3.275390625 GB reserved
dict_keys(['index', 'mixture_magnitude', 'mixture_phase', 'source_phase', 'mix_magnitude', 'ideal_binary_mask', 'source_magnitudes'])
0.8113870620727539 GB allocated
3.275390625 GB reserved
dict_keys(['index', 'mixture_magnitude', 'mixture_phase', 'source_phase', 'mix_magnitude', 'ideal_binary_mask', 'source_magnitudes'])
0.8113870620727539 GB allocated
3.275390625 GB reserved
dict_keys(['index', 'mixture_magnitude', 'mixture_phase', 'source_phase', 'mix_magnitude', 'ideal_binary_mask', 'source_magnitudes'])
0.8113870620727539 GB allocated
3.275390625 GB reserved
dict_keys(['index', 'mixture_magnitude', 'mixture_phase', 'source_phase', 'mix_magnitude', 'ideal_binary_mask', 'source_magnitudes'])
0.8105340003967285 GB allocated
3.275390625 GB reserved
dict_keys(['index', 'mixture_magnitude', 'mixture_phase', 'source_phase', 'mix_magnitude', 'ideal_binary_mask', 'source_magnitudes'])
0.8113870620727539 GB allocated
3.275390625 GB reserved
dict_keys(['index', 'mixture_magnitude', 'mixture_phase', 'source_phase', 'mix_magnitude', 'ideal_binary_mask', 'source_magnitudes'])
0.8113870620727539 GB allocated
3.275390625 GB reserved
dict_keys(['index', 'mixture_magnitude', 'mixture_phase', 'source_phase', 'mix_magnitude', 'ideal_binary_mask', 'source_magnitudes'])
0.8113870620727539 GB allocated
3.275390625 GB reserved
dict_keys(['index', 'mixture_magnitude', 'mixture_phase', 'source_phase', 'mix_magnitude', 'ideal_binary_mask', 'source_magnitudes'])
0.8105340003967285 GB allocated
3.275390625 GB reserved
dict_keys(['index', 'mixture_magnitude', 'mixture_phase', 'source_phase', 'mix_magnitude', 'ideal_binary_mask', 'source_magnitudes'])
0.8113870620727539 GB allocated
3.275390625 GB reserved
dict_keys(['index', 'mixture_magnitude', 'mixture_phase', 'source_phase', 'mix_magnitude', 'ideal_binary_mask', 'source_magnitudes'])
0.8113870620727539 GB allocated
3.275390625 GB reserved
dict_keys(['index', 'mixture_magnitude', 'mixture_phase', 'source_phase', 'mix_magnitude', 'ideal_binary_mask', 'source_magnitudes'])
0.8113870620727539 GB allocated
3.275390625 GB reserved
dict_keys(['index', 'mixture_magnitude', 'mixture_phase', 'source_phase', 'mix_magnitude', 'ideal_binary_mask', 'source_magnitudes'])
0.8105340003967285 GB allocated
3.275390625 GB reserved
dict_keys(['index', 'mixture_magnitude', 'mixture_phase', 'source_phase', 'mix_magnitude', 'ideal_binary_mask', 'source_magnitudes'])
0.8113870620727539 GB allocated
3.275390625 GB reserved
dict_keys(['index', 'mixture_magnitude', 'mixture_phase', 'source_phase', 'mix_magnitude', 'ideal_binary_mask', 'source_magnitudes'])
0.8113870620727539 GB allocated
3.275390625 GB reserved
dict_keys(['index', 'mixture_magnitude', 'mixture_phase', 'source_phase', 'mix_magnitude', 'ideal_binary_mask', 'source_magnitudes'])
0.8113870620727539 GB allocated
3.275390625 GB reserved
dict_keys(['index', 'mixture_magnitude', 'mixture_phase', 'source_phase', 'mix_magnitude', 'ideal_binary_mask', 'source_magnitudes'])
0.8105340003967285 GB allocated
3.275390625 GB reserved
dict_keys(['index', 'mixture_magnitude', 'mixture_phase', 'source_phase', 'mix_magnitude', 'ideal_binary_mask', 'source_magnitudes'])
0.8113870620727539 GB allocated
3.275390625 GB reserved
dict_keys(['index', 'mixture_magnitude', 'mixture_phase', 'source_phase', 'mix_magnitude', 'ideal_binary_mask', 'source_magnitudes'])
0.8113870620727539 GB allocated
3.275390625 GB reserved
dict_keys(['index', 'mixture_magnitude', 'mixture_phase', 'source_phase', 'mix_magnitude', 'ideal_binary_mask', 'source_magnitudes'])
0.8113870620727539 GB allocated
3.275390625 GB reserved
dict_keys(['index', 'mixture_magnitude', 'mixture_phase', 'source_phase', 'mix_magnitude', 'ideal_binary_mask', 'source_magnitudes'])
0.8105340003967285 GB allocated
3.275390625 GB reserved
dict_keys(['index', 'mixture_magnitude', 'mixture_phase', 'source_phase', 'mix_magnitude', 'ideal_binary_mask', 'source_magnitudes'])
0.8113870620727539 GB allocated
3.275390625 GB reserved
dict_keys(['index', 'mixture_magnitude', 'mixture_phase', 'source_phase', 'mix_magnitude', 'ideal_binary_mask', 'source_magnitudes'])
0.8113870620727539 GB allocated
3.275390625 GB reserved
dict_keys(['index', 'mixture_magnitude', 'mixture_phase', 'source_phase', 'mix_magnitude', 'ideal_binary_mask', 'source_magnitudes'])
0.8113870620727539 GB allocated
3.275390625 GB reserved
dict_keys(['index', 'mixture_magnitude', 'mixture_phase', 'source_phase', 'mix_magnitude', 'ideal_binary_mask', 'source_magnitudes'])
0.8105340003967285 GB allocated
3.275390625 GB reserved
dict_keys(['index', 'mixture_magnitude', 'mixture_phase', 'source_phase', 'mix_magnitude', 'ideal_binary_mask', 'source_magnitudes'])
0.8113870620727539 GB allocated
3.275390625 GB reserved
dict_keys(['index', 'mixture_magnitude', 'mixture_phase', 'source_phase', 'mix_magnitude', 'ideal_binary_mask', 'source_magnitudes'])
0.8113870620727539 GB allocated
3.275390625 GB reserved
dict_keys(['index', 'mixture_magnitude', 'mixture_phase', 'source_phase', 'mix_magnitude', 'ideal_binary_mask', 'source_magnitudes'])
0.8113870620727539 GB allocated
3.275390625 GB reserved
dict_keys(['index', 'mixture_magnitude', 'mixture_phase', 'source_phase', 'mix_magnitude', 'ideal_binary_mask', 'source_magnitudes'])
0.8105340003967285 GB allocated
3.275390625 GB reserved
dict_keys(['index', 'mixture_magnitude', 'mixture_phase', 'source_phase', 'mix_magnitude', 'ideal_binary_mask', 'source_magnitudes'])
0.8113870620727539 GB allocated
3.275390625 GB reserved
dict_keys(['index', 'mixture_magnitude', 'mixture_phase', 'source_phase', 'mix_magnitude', 'ideal_binary_mask', 'source_magnitudes'])
0.8113870620727539 GB allocated
3.275390625 GB reserved
dict_keys(['index', 'mixture_magnitude', 'mixture_phase', 'source_phase', 'mix_magnitude', 'ideal_binary_mask', 'source_magnitudes'])
0.8113870620727539 GB allocated
3.275390625 GB reserved
dict_keys(['index', 'mixture_magnitude', 'mixture_phase', 'source_phase', 'mix_magnitude', 'ideal_binary_mask', 'source_magnitudes'])
0.8105340003967285 GB allocated
3.275390625 GB reserved
dict_keys(['index', 'mixture_magnitude', 'mixture_phase', 'source_phase', 'mix_magnitude', 'ideal_binary_mask', 'source_magnitudes'])
0.8113870620727539 GB allocated
3.275390625 GB reserved
dict_keys(['index', 'mixture_magnitude', 'mixture_phase', 'source_phase', 'mix_magnitude', 'ideal_binary_mask', 'source_magnitudes'])
0.8113870620727539 GB allocated
3.275390625 GB reserved
dict_keys(['index', 'mixture_magnitude', 'mixture_phase', 'source_phase', 'mix_magnitude', 'ideal_binary_mask', 'source_magnitudes'])
0.8113870620727539 GB allocated
3.275390625 GB reserved
dict_keys(['index', 'mixture_magnitude', 'mixture_phase', 'source_phase', 'mix_magnitude', 'ideal_binary_mask', 'source_magnitudes'])
0.8105340003967285 GB allocated
3.275390625 GB reserved
dict_keys(['index', 'mixture_magnitude', 'mixture_phase', 'source_phase', 'mix_magnitude', 'ideal_binary_mask', 'source_magnitudes'])
0.8113870620727539 GB allocated
3.275390625 GB reserved
dict_keys(['index', 'mixture_magnitude', 'mixture_phase', 'source_phase', 'mix_magnitude', 'ideal_binary_mask', 'source_magnitudes'])
0.8113870620727539 GB allocated
3.275390625 GB reserved
dict_keys(['index', 'mixture_magnitude', 'mixture_phase', 'source_phase', 'mix_magnitude', 'ideal_binary_mask', 'source_magnitudes'])
0.8113870620727539 GB allocated
3.275390625 GB reserved
06/13/2026 04:46:53 AM | engine.py:906 Engine run starting with max_epochs=1.
06/13/2026 04:47:55 AM | engine.py:1010 Epoch[1] Complete. Time taken: 00:01:01.358
dict_keys(['index', 'mixture_magnitude', 'mixture_phase', 'source_phase', 'mix_magnitude', 'ideal_binary_mask', 'source_magnitudes'])
0.8105340003967285 GB allocated
3.275390625 GB reserved
dict_keys(['index', 'mixture_magnitude', 'mixture_phase', 'source_phase', 'mix_magnitude', 'ideal_binary_mask', 'source_magnitudes'])
0.8113870620727539 GB allocated
3.275390625 GB reserved
dict_keys(['index', 'mixture_magnitude', 'mixture_phase', 'source_phase', 'mix_magnitude', 'ideal_binary_mask', 'source_magnitudes'])
0.8113870620727539 GB allocated
3.275390625 GB reserved
dict_keys(['index', 'mixture_magnitude', 'mixture_phase', 'source_phase', 'mix_magnitude', 'ideal_binary_mask', 'source_magnitudes'])
0.8113870620727539 GB allocated
3.275390625 GB reserved
dict_keys(['index', 'mixture_magnitude', 'mixture_phase', 'source_phase', 'mix_magnitude', 'ideal_binary_mask', 'source_magnitudes'])
0.8105340003967285 GB allocated
3.275390625 GB reserved
dict_keys(['index', 'mixture_magnitude', 'mixture_phase', 'source_phase', 'mix_magnitude', 'ideal_binary_mask', 'source_magnitudes'])
0.8113870620727539 GB allocated
3.275390625 GB reserved
dict_keys(['index', 'mixture_magnitude', 'mixture_phase', 'source_phase', 'mix_magnitude', 'ideal_binary_mask', 'source_magnitudes'])
0.8113870620727539 GB allocated
3.275390625 GB reserved
dict_keys(['index', 'mixture_magnitude', 'mixture_phase', 'source_phase', 'mix_magnitude', 'ideal_binary_mask', 'source_magnitudes'])
0.8113870620727539 GB allocated
3.275390625 GB reserved
dict_keys(['index', 'mixture_magnitude', 'mixture_phase', 'source_phase', 'mix_magnitude', 'ideal_binary_mask', 'source_magnitudes'])
0.8105340003967285 GB allocated
3.275390625 GB reserved
dict_keys(['index', 'mixture_magnitude', 'mixture_phase', 'source_phase', 'mix_magnitude', 'ideal_binary_mask', 'source_magnitudes'])
0.8113870620727539 GB allocated
3.275390625 GB reserved
dict_keys(['index', 'mixture_magnitude', 'mixture_phase', 'source_phase', 'mix_magnitude', 'ideal_binary_mask', 'source_magnitudes'])
0.8113870620727539 GB allocated
3.275390625 GB reserved
dict_keys(['index', 'mixture_magnitude', 'mixture_phase', 'source_phase', 'mix_magnitude', 'ideal_binary_mask', 'source_magnitudes'])
0.8113870620727539 GB allocated
3.275390625 GB reserved
dict_keys(['index', 'mixture_magnitude', 'mixture_phase', 'source_phase', 'mix_magnitude', 'ideal_binary_mask', 'source_magnitudes'])
0.8105340003967285 GB allocated
3.275390625 GB reserved
dict_keys(['index', 'mixture_magnitude', 'mixture_phase', 'source_phase', 'mix_magnitude', 'ideal_binary_mask', 'source_magnitudes'])
0.8113870620727539 GB allocated
3.275390625 GB reserved
dict_keys(['index', 'mixture_magnitude', 'mixture_phase', 'source_phase', 'mix_magnitude', 'ideal_binary_mask', 'source_magnitudes'])
0.8113870620727539 GB allocated
3.275390625 GB reserved
dict_keys(['index', 'mixture_magnitude', 'mixture_phase', 'source_phase', 'mix_magnitude', 'ideal_binary_mask', 'source_magnitudes'])
0.8113870620727539 GB allocated
3.275390625 GB reserved
dict_keys(['index', 'mixture_magnitude', 'mixture_phase', 'source_phase', 'mix_magnitude', 'ideal_binary_mask', 'source_magnitudes'])
0.8105340003967285 GB allocated
3.275390625 GB reserved
dict_keys(['index', 'mixture_magnitude', 'mixture_phase', 'source_phase', 'mix_magnitude', 'ideal_binary_mask', 'source_magnitudes'])
0.8113870620727539 GB allocated
3.275390625 GB reserved
dict_keys(['index', 'mixture_magnitude', 'mixture_phase', 'source_phase', 'mix_magnitude', 'ideal_binary_mask', 'source_magnitudes'])
0.8113870620727539 GB allocated
3.275390625 GB reserved
dict_keys(['index', 'mixture_magnitude', 'mixture_phase', 'source_phase', 'mix_magnitude', 'ideal_binary_mask', 'source_magnitudes'])
0.8113870620727539 GB allocated
3.275390625 GB reserved
dict_keys(['index', 'mixture_magnitude', 'mixture_phase', 'source_phase', 'mix_magnitude', 'ideal_binary_mask', 'source_magnitudes'])
0.8105340003967285 GB allocated
3.275390625 GB reserved
dict_keys(['index', 'mixture_magnitude', 'mixture_phase', 'source_phase', 'mix_magnitude', 'ideal_binary_mask', 'source_magnitudes'])
0.8113870620727539 GB allocated
3.275390625 GB reserved
dict_keys(['index', 'mixture_magnitude', 'mixture_phase', 'source_phase', 'mix_magnitude', 'ideal_binary_mask', 'source_magnitudes'])
0.8113870620727539 GB allocated
3.275390625 GB reserved
dict_keys(['index', 'mixture_magnitude', 'mixture_phase', 'source_phase', 'mix_magnitude', 'ideal_binary_mask', 'source_magnitudes'])
0.8113870620727539 GB allocated
3.275390625 GB reserved
dict_keys(['index', 'mixture_magnitude', 'mixture_phase', 'source_phase', 'mix_magnitude', 'ideal_binary_mask', 'source_magnitudes'])
0.8105340003967285 GB allocated
3.275390625 GB reserved
dict_keys(['index', 'mixture_magnitude', 'mixture_phase', 'source_phase', 'mix_magnitude', 'ideal_binary_mask', 'source_magnitudes'])
0.8113870620727539 GB allocated
3.275390625 GB reserved
dict_keys(['index', 'mixture_magnitude', 'mixture_phase', 'source_phase', 'mix_magnitude', 'ideal_binary_mask', 'source_magnitudes'])
0.8113870620727539 GB allocated
3.275390625 GB reserved
dict_keys(['index', 'mixture_magnitude', 'mixture_phase', 'source_phase', 'mix_magnitude', 'ideal_binary_mask', 'source_magnitudes'])
0.8113870620727539 GB allocated
3.275390625 GB reserved
dict_keys(['index', 'mixture_magnitude', 'mixture_phase', 'source_phase', 'mix_magnitude', 'ideal_binary_mask', 'source_magnitudes'])
0.8105340003967285 GB allocated
3.275390625 GB reserved
dict_keys(['index', 'mixture_magnitude', 'mixture_phase', 'source_phase', 'mix_magnitude', 'ideal_binary_mask', 'source_magnitudes'])
0.8113870620727539 GB allocated
3.275390625 GB reserved
dict_keys(['index', 'mixture_magnitude', 'mixture_phase', 'source_phase', 'mix_magnitude', 'ideal_binary_mask', 'source_magnitudes'])
0.8113870620727539 GB allocated
3.275390625 GB reserved
dict_keys(['index', 'mixture_magnitude', 'mixture_phase', 'source_phase', 'mix_magnitude', 'ideal_binary_mask', 'source_magnitudes'])
0.8113870620727539 GB allocated
3.275390625 GB reserved
dict_keys(['index', 'mixture_magnitude', 'mixture_phase', 'source_phase', 'mix_magnitude', 'ideal_binary_mask', 'source_magnitudes'])
0.8105340003967285 GB allocated
3.275390625 GB reserved
dict_keys(['index', 'mixture_magnitude', 'mixture_phase', 'source_phase', 'mix_magnitude', 'ideal_binary_mask', 'source_magnitudes'])
0.8113870620727539 GB allocated
3.275390625 GB reserved
dict_keys(['index', 'mixture_magnitude', 'mixture_phase', 'source_phase', 'mix_magnitude', 'ideal_binary_mask', 'source_magnitudes'])
0.8113870620727539 GB allocated
3.275390625 GB reserved
dict_keys(['index', 'mixture_magnitude', 'mixture_phase', 'source_phase', 'mix_magnitude', 'ideal_binary_mask', 'source_magnitudes'])
0.8113870620727539 GB allocated
3.275390625 GB reserved
dict_keys(['index', 'mixture_magnitude', 'mixture_phase', 'source_phase', 'mix_magnitude', 'ideal_binary_mask', 'source_magnitudes'])
0.8105340003967285 GB allocated
3.275390625 GB reserved
dict_keys(['index', 'mixture_magnitude', 'mixture_phase', 'source_phase', 'mix_magnitude', 'ideal_binary_mask', 'source_magnitudes'])
0.8113870620727539 GB allocated
3.275390625 GB reserved
dict_keys(['index', 'mixture_magnitude', 'mixture_phase', 'source_phase', 'mix_magnitude', 'ideal_binary_mask', 'source_magnitudes'])
0.8113870620727539 GB allocated
3.275390625 GB reserved
dict_keys(['index', 'mixture_magnitude', 'mixture_phase', 'source_phase', 'mix_magnitude', 'ideal_binary_mask', 'source_magnitudes'])
0.8113870620727539 GB allocated
3.275390625 GB reserved
dict_keys(['index', 'mixture_magnitude', 'mixture_phase', 'source_phase', 'mix_magnitude', 'ideal_binary_mask', 'source_magnitudes'])
0.8105340003967285 GB allocated
3.275390625 GB reserved
dict_keys(['index', 'mixture_magnitude', 'mixture_phase', 'source_phase', 'mix_magnitude', 'ideal_binary_mask', 'source_magnitudes'])
0.8113870620727539 GB allocated
3.275390625 GB reserved
dict_keys(['index', 'mixture_magnitude', 'mixture_phase', 'source_phase', 'mix_magnitude', 'ideal_binary_mask', 'source_magnitudes'])
0.8113870620727539 GB allocated
3.275390625 GB reserved
dict_keys(['index', 'mixture_magnitude', 'mixture_phase', 'source_phase', 'mix_magnitude', 'ideal_binary_mask', 'source_magnitudes'])
0.8113870620727539 GB allocated
3.275390625 GB reserved
dict_keys(['index', 'mixture_magnitude', 'mixture_phase', 'source_phase', 'mix_magnitude', 'ideal_binary_mask', 'source_magnitudes'])
0.8105340003967285 GB allocated
3.275390625 GB reserved
dict_keys(['index', 'mixture_magnitude', 'mixture_phase', 'source_phase', 'mix_magnitude', 'ideal_binary_mask', 'source_magnitudes'])
0.8113870620727539 GB allocated
3.275390625 GB reserved
dict_keys(['index', 'mixture_magnitude', 'mixture_phase', 'source_phase', 'mix_magnitude', 'ideal_binary_mask', 'source_magnitudes'])
0.8113870620727539 GB allocated
3.275390625 GB reserved
dict_keys(['index', 'mixture_magnitude', 'mixture_phase', 'source_phase', 'mix_magnitude', 'ideal_binary_mask', 'source_magnitudes'])
0.8113870620727539 GB allocated
3.275390625 GB reserved
dict_keys(['index', 'mixture_magnitude', 'mixture_phase', 'source_phase', 'mix_magnitude', 'ideal_binary_mask', 'source_magnitudes'])
0.8105340003967285 GB allocated
3.275390625 GB reserved
dict_keys(['index', 'mixture_magnitude', 'mixture_phase', 'source_phase', 'mix_magnitude', 'ideal_binary_mask', 'source_magnitudes'])
0.8113870620727539 GB allocated
3.275390625 GB reserved
dict_keys(['index', 'mixture_magnitude', 'mixture_phase', 'source_phase', 'mix_magnitude', 'ideal_binary_mask', 'source_magnitudes'])
0.8113870620727539 GB allocated
3.275390625 GB reserved
dict_keys(['index', 'mixture_magnitude', 'mixture_phase', 'source_phase', 'mix_magnitude', 'ideal_binary_mask', 'source_magnitudes'])
0.8113870620727539 GB allocated
3.275390625 GB reserved
dict_keys(['index', 'mixture_magnitude', 'mixture_phase', 'source_phase', 'mix_magnitude', 'ideal_binary_mask', 'source_magnitudes'])
0.8105340003967285 GB allocated
3.275390625 GB reserved
dict_keys(['index', 'mixture_magnitude', 'mixture_phase', 'source_phase', 'mix_magnitude', 'ideal_binary_mask', 'source_magnitudes'])
0.8113870620727539 GB allocated
3.275390625 GB reserved
dict_keys(['index', 'mixture_magnitude', 'mixture_phase', 'source_phase', 'mix_magnitude', 'ideal_binary_mask', 'source_magnitudes'])
0.8113870620727539 GB allocated
3.275390625 GB reserved
dict_keys(['index', 'mixture_magnitude', 'mixture_phase', 'source_phase', 'mix_magnitude', 'ideal_binary_mask', 'source_magnitudes'])
0.8113870620727539 GB allocated
3.275390625 GB reserved
dict_keys(['index', 'mixture_magnitude', 'mixture_phase', 'source_phase', 'mix_magnitude', 'ideal_binary_mask', 'source_magnitudes'])
[Validator] Epoch 1 - val_loss: 0.000024
[BEST CHECKPOINT] Guardado/actualizado en: checkpoints\Mis_modelos_v2\advanced\lpsa_phase checkpoints\4stems\best_checkpoint_1_val_loss=-0.0000.pt
06/13/2026 04:47:55 AM | engine.py:1037 Engine run finished. Time taken: 00:01:01.358
[Epoch 1] train_loss=0.000021 | val_loss=0.000024
06/13/2026 04:47:55 AM | engine.py:1010 Epoch[1] Complete. Time taken: 00:17:32.958
1.0085558891296387 GB allocated
3.9140625 GB reserved
dict_keys(['index', 'mixture_magnitude', 'mixture_phase', 'source_phase', 'mix_magnitude', 'ideal_binary_mask', 'source_magnitudes'])
1.009408950805664 GB allocated
3.9140625 GB reserved
dict_keys(['index', 'mixture_magnitude', 'mixture_phase', 'source_phase', 'mix_magnitude', 'ideal_binary_mask', 'source_magnitudes'])
1.009408950805664 GB allocated
3.9140625 GB reserved
dict_keys(['index', 'mixture_magnitude', 'mixture_phase', 'source_phase', 'mix_magnitude', 'ideal_binary_mask', 'source_magnitudes'])
1.009408950805664 GB allocated
3.9140625 GB reserved
dict_keys(['index', 'mixture_magnitude', 'mixture_phase', 'source_phase', 'mix_magnitude', 'ideal_binary_mask', 'source_magnitudes'])
1.0085558891296387 GB allocated
3.9140625 GB reserved
dict_keys(['index', 'mixture_magnitude', 'mixture_phase', 'source_phase', 'mix_magnitude', 'ideal_binary_mask', 'source_magnitudes'])
1.009408950805664 GB allocated
3.9140625 GB reserved
dict_keys(['index', 'mixture_magnitude', 'mixture_phase', 'source_phase', 'mix_magnitude', 'ideal_binary_mask', 'source_magnitudes'])
1.009408950805664 GB allocated
3.9140625 GB reserved
dict_keys(['index', 'mixture_magnitude', 'mixture_phase', 'source_phase', 'mix_magnitude', 'ideal_binary_mask', 'source_magnitudes'])
1.009408950805664 GB allocated
3.9140625 GB reserved
dict_keys(['index', 'mixture_magnitude', 'mixture_phase', 'source_phase', 'mix_magnitude', 'ideal_binary_mask', 'source_magnitudes'])
1.0085558891296387 GB allocated
3.9140625 GB reserved
dict_keys(['index', 'mixture_magnitude', 'mixture_phase', 'source_phase', 'mix_magnitude', 'ideal_binary_mask', 'source_magnitudes'])
1.009408950805664 GB allocated
3.9140625 GB reserved
dict_keys(['index', 'mixture_magnitude', 'mixture_phase', 'source_phase', 'mix_magnitude', 'ideal_binary_mask', 'source_magnitudes'])
1.009408950805664 GB allocated
3.9140625 GB reserved
dict_keys(['index', 'mixture_magnitude', 'mixture_phase', 'source_phase', 'mix_magnitude', 'ideal_binary_mask', 'source_magnitudes'])
1.009408950805664 GB allocated
3.9140625 GB reserved
dict_keys(['index', 'mixture_magnitude', 'mixture_phase', 'source_phase', 'mix_magnitude', 'ideal_binary_mask', 'source_magnitudes'])
1.0085558891296387 GB allocated
3.9140625 GB reserved
dict_keys(['index', 'mixture_magnitude', 'mixture_phase', 'source_phase', 'mix_magnitude', 'ideal_binary_mask', 'source_magnitudes'])
1.009408950805664 GB allocated
3.9140625 GB reserved
dict_keys(['index', 'mixture_magnitude', 'mixture_phase', 'source_phase', 'mix_magnitude', 'ideal_binary_mask', 'source_magnitudes'])
1.009408950805664 GB allocated
3.9140625 GB reserved
dict_keys(['index', 'mixture_magnitude', 'mixture_phase', 'source_phase', 'mix_magnitude', 'ideal_binary_mask', 'source_magnitudes'])
1.009408950805664 GB allocated
3.9140625 GB reserved
dict_keys(['index', 'mixture_magnitude', 'mixture_phase', 'source_phase', 'mix_magnitude', 'ideal_binary_mask', 'source_magnitudes'])
1.0085558891296387 GB allocated
3.9140625 GB reserved
dict_keys(['index', 'mixture_magnitude', 'mixture_phase', 'source_phase', 'mix_magnitude', 'ideal_binary_mask', 'source_magnitudes'])
1.009408950805664 GB allocated
3.9140625 GB reserved
dict_keys(['index', 'mixture_magnitude', 'mixture_phase', 'source_phase', 'mix_magnitude', 'ideal_binary_mask', 'source_magnitudes'])
1.009408950805664 GB allocated
3.9140625 GB reserved
dict_keys(['index', 'mixture_magnitude', 'mixture_phase', 'source_phase', 'mix_magnitude', 'ideal_binary_mask', 'source_magnitudes'])
1.009408950805664 GB allocated
3.9140625 GB reserved
dict_keys(['index', 'mixture_magnitude', 'mixture_phase', 'source_phase', 'mix_magnitude', 'ideal_binary_mask', 'source_magnitudes'])
1.0085558891296387 GB allocated
3.9140625 GB reserved
dict_keys(['index', 'mixture_magnitude', 'mixture_phase', 'source_phase', 'mix_magnitude', 'ideal_binary_mask', 'source_magnitudes'])
1.009408950805664 GB allocated
3.9140625 GB reserved
dict_keys(['index', 'mixture_magnitude', 'mixture_phase', 'source_phase', 'mix_magnitude', 'ideal_binary_mask', 'source_magnitudes'])
1.009408950805664 GB allocated
3.9140625 GB reserved
dict_keys(['index', 'mixture_magnitude', 'mixture_phase', 'source_phase', 'mix_magnitude', 'ideal_binary_mask', 'source_magnitudes'])
1.009408950805664 GB allocated
3.9140625 GB reserved
dict_keys(['index', 'mixture_magnitude', 'mixture_phase', 'source_phase', 'mix_magnitude', 'ideal_binary_mask', 'source_magnitudes'])
1.0085558891296387 GB allocated
3.9140625 GB reserved
dict_keys(['index', 'mixture_magnitude', 'mixture_phase', 'source_phase', 'mix_magnitude', 'ideal_binary_mask', 'source_magnitudes'])
1.009408950805664 GB allocated
3.9140625 GB reserved
dict_keys(['index', 'mixture_magnitude', 'mixture_phase', 'source_phase', 'mix_magnitude', 'ideal_binary_mask', 'source_magnitudes'])
1.009408950805664 GB allocated
3.9140625 GB reserved
dict_keys(['index', 'mixture_magnitude', 'mixture_phase', 'source_phase', 'mix_magnitude', 'ideal_binary_mask', 'source_magnitudes'])
1.009408950805664 GB allocated
3.9140625 GB reserved
dict_keys(['index', 'mixture_magnitude', 'mixture_phase', 'source_phase', 'mix_magnitude', 'ideal_binary_mask', 'source_magnitudes'])
1.0085558891296387 GB allocated
3.9140625 GB reserved
dict_keys(['index', 'mixture_magnitude', 'mixture_phase', 'source_phase', 'mix_magnitude', 'ideal_binary_mask', 'source_magnitudes'])
1.009408950805664 GB allocated
3.9140625 GB reserved
dict_keys(['index', 'mixture_magnitude', 'mixture_phase', 'source_phase', 'mix_magnitude', 'ideal_binary_mask', 'source_magnitudes'])
1.009408950805664 GB allocated
3.9140625 GB reserved
dict_keys(['index', 'mixture_magnitude', 'mixture_phase', 'source_phase', 'mix_magnitude', 'ideal_binary_mask', 'source_magnitudes'])
1.009408950805664 GB allocated
3.9140625 GB reserved
dict_keys(['index', 'mixture_magnitude', 'mixture_phase', 'source_phase', 'mix_magnitude', 'ideal_binary_mask', 'source_magnitudes'])
1.0085558891296387 GB allocated
3.9140625 GB reserved
dict_keys(['index', 'mixture_magnitude', 'mixture_phase', 'source_phase', 'mix_magnitude', 'ideal_binary_mask', 'source_magnitudes'])
1.009408950805664 GB allocated
3.9140625 GB reserved
dict_keys(['index', 'mixture_magnitude', 'mixture_phase', 'source_phase', 'mix_magnitude', 'ideal_binary_mask', 'source_magnitudes'])
1.009408950805664 GB allocated
3.9140625 GB reserved
dict_keys(['index', 'mixture_magnitude', 'mixture_phase', 'source_phase', 'mix_magnitude', 'ideal_binary_mask', 'source_magnitudes'])
1.009408950805664 GB allocated
3.9140625 GB reserved
dict_keys(['index', 'mixture_magnitude', 'mixture_phase', 'source_phase', 'mix_magnitude', 'ideal_binary_mask', 'source_magnitudes'])
1.0085558891296387 GB allocated
3.9140625 GB reserved
dict_keys(['index', 'mixture_magnitude', 'mixture_phase', 'source_phase', 'mix_magnitude', 'ideal_binary_mask', 'source_magnitudes'])
1.009408950805664 GB allocated
3.9140625 GB reserved
dict_keys(['index', 'mixture_magnitude', 'mixture_phase', 'source_phase', 'mix_magnitude', 'ideal_binary_mask', 'source_magnitudes'])
1.009408950805664 GB allocated
3.9140625 GB reserved
dict_keys(['index', 'mixture_magnitude', 'mixture_phase', 'source_phase', 'mix_magnitude', 'ideal_binary_mask', 'source_magnitudes'])
1.009408950805664 GB allocated
3.9140625 GB reserved
dict_keys(['index', 'mixture_magnitude', 'mixture_phase', 'source_phase', 'mix_magnitude', 'ideal_binary_mask', 'source_magnitudes'])
1.0085558891296387 GB allocated
3.9140625 GB reserved
dict_keys(['index', 'mixture_magnitude', 'mixture_phase', 'source_phase', 'mix_magnitude', 'ideal_binary_mask', 'source_magnitudes'])
1.009408950805664 GB allocated
3.9140625 GB reserved
dict_keys(['index', 'mixture_magnitude', 'mixture_phase', 'source_phase', 'mix_magnitude', 'ideal_binary_mask', 'source_magnitudes'])
1.009408950805664 GB allocated
3.9140625 GB reserved
dict_keys(['index', 'mixture_magnitude', 'mixture_phase', 'source_phase', 'mix_magnitude', 'ideal_binary_mask', 'source_magnitudes'])
06/13/2026 05:04:26 AM | engine.py:906 Engine run starting with max_epochs=1.
06/13/2026 05:05:28 AM | engine.py:1010 Epoch[1] Complete. Time taken: 00:01:01.933
1.009408950805664 GB allocated
3.9140625 GB reserved
dict_keys(['index', 'mixture_magnitude', 'mixture_phase', 'source_phase', 'mix_magnitude', 'ideal_binary_mask', 'source_magnitudes'])
1.0085558891296387 GB allocated
3.9140625 GB reserved
dict_keys(['index', 'mixture_magnitude', 'mixture_phase', 'source_phase', 'mix_magnitude', 'ideal_binary_mask', 'source_magnitudes'])
1.009408950805664 GB allocated
3.9140625 GB reserved
dict_keys(['index', 'mixture_magnitude', 'mixture_phase', 'source_phase', 'mix_magnitude', 'ideal_binary_mask', 'source_magnitudes'])
1.009408950805664 GB allocated
3.9140625 GB reserved
dict_keys(['index', 'mixture_magnitude', 'mixture_phase', 'source_phase', 'mix_magnitude', 'ideal_binary_mask', 'source_magnitudes'])
1.009408950805664 GB allocated
3.9140625 GB reserved
dict_keys(['index', 'mixture_magnitude', 'mixture_phase', 'source_phase', 'mix_magnitude', 'ideal_binary_mask', 'source_magnitudes'])
1.0085558891296387 GB allocated
3.9140625 GB reserved
dict_keys(['index', 'mixture_magnitude', 'mixture_phase', 'source_phase', 'mix_magnitude', 'ideal_binary_mask', 'source_magnitudes'])
1.009408950805664 GB allocated
3.9140625 GB reserved
dict_keys(['index', 'mixture_magnitude', 'mixture_phase', 'source_phase', 'mix_magnitude', 'ideal_binary_mask', 'source_magnitudes'])
1.009408950805664 GB allocated
3.9140625 GB reserved
dict_keys(['index', 'mixture_magnitude', 'mixture_phase', 'source_phase', 'mix_magnitude', 'ideal_binary_mask', 'source_magnitudes'])
1.009408950805664 GB allocated
3.9140625 GB reserved
dict_keys(['index', 'mixture_magnitude', 'mixture_phase', 'source_phase', 'mix_magnitude', 'ideal_binary_mask', 'source_magnitudes'])
1.0085558891296387 GB allocated
3.9140625 GB reserved
dict_keys(['index', 'mixture_magnitude', 'mixture_phase', 'source_phase', 'mix_magnitude', 'ideal_binary_mask', 'source_magnitudes'])
1.009408950805664 GB allocated
3.9140625 GB reserved
dict_keys(['index', 'mixture_magnitude', 'mixture_phase', 'source_phase', 'mix_magnitude', 'ideal_binary_mask', 'source_magnitudes'])
1.009408950805664 GB allocated
3.9140625 GB reserved
dict_keys(['index', 'mixture_magnitude', 'mixture_phase', 'source_phase', 'mix_magnitude', 'ideal_binary_mask', 'source_magnitudes'])
1.009408950805664 GB allocated
3.9140625 GB reserved
dict_keys(['index', 'mixture_magnitude', 'mixture_phase', 'source_phase', 'mix_magnitude', 'ideal_binary_mask', 'source_magnitudes'])
1.0085558891296387 GB allocated
3.9140625 GB reserved
dict_keys(['index', 'mixture_magnitude', 'mixture_phase', 'source_phase', 'mix_magnitude', 'ideal_binary_mask', 'source_magnitudes'])
1.009408950805664 GB allocated
3.9140625 GB reserved
dict_keys(['index', 'mixture_magnitude', 'mixture_phase', 'source_phase', 'mix_magnitude', 'ideal_binary_mask', 'source_magnitudes'])
1.009408950805664 GB allocated
3.9140625 GB reserved
dict_keys(['index', 'mixture_magnitude', 'mixture_phase', 'source_phase', 'mix_magnitude', 'ideal_binary_mask', 'source_magnitudes'])
1.009408950805664 GB allocated
3.9140625 GB reserved
dict_keys(['index', 'mixture_magnitude', 'mixture_phase', 'source_phase', 'mix_magnitude', 'ideal_binary_mask', 'source_magnitudes'])
1.0085558891296387 GB allocated
3.9140625 GB reserved
dict_keys(['index', 'mixture_magnitude', 'mixture_phase', 'source_phase', 'mix_magnitude', 'ideal_binary_mask', 'source_magnitudes'])
1.009408950805664 GB allocated
3.9140625 GB reserved
dict_keys(['index', 'mixture_magnitude', 'mixture_phase', 'source_phase', 'mix_magnitude', 'ideal_binary_mask', 'source_magnitudes'])
1.009408950805664 GB allocated
3.9140625 GB reserved
dict_keys(['index', 'mixture_magnitude', 'mixture_phase', 'source_phase', 'mix_magnitude', 'ideal_binary_mask', 'source_magnitudes'])
1.009408950805664 GB allocated
3.9140625 GB reserved
dict_keys(['index', 'mixture_magnitude', 'mixture_phase', 'source_phase', 'mix_magnitude', 'ideal_binary_mask', 'source_magnitudes'])
1.0085558891296387 GB allocated
3.9140625 GB reserved
dict_keys(['index', 'mixture_magnitude', 'mixture_phase', 'source_phase', 'mix_magnitude', 'ideal_binary_mask', 'source_magnitudes'])
1.009408950805664 GB allocated
3.9140625 GB reserved
dict_keys(['index', 'mixture_magnitude', 'mixture_phase', 'source_phase', 'mix_magnitude', 'ideal_binary_mask', 'source_magnitudes'])
1.009408950805664 GB allocated
3.9140625 GB reserved
dict_keys(['index', 'mixture_magnitude', 'mixture_phase', 'source_phase', 'mix_magnitude', 'ideal_binary_mask', 'source_magnitudes'])
1.009408950805664 GB allocated
3.9140625 GB reserved
dict_keys(['index', 'mixture_magnitude', 'mixture_phase', 'source_phase', 'mix_magnitude', 'ideal_binary_mask', 'source_magnitudes'])
1.0085558891296387 GB allocated
3.9140625 GB reserved
dict_keys(['index', 'mixture_magnitude', 'mixture_phase', 'source_phase', 'mix_magnitude', 'ideal_binary_mask', 'source_magnitudes'])
1.009408950805664 GB allocated
3.9140625 GB reserved
dict_keys(['index', 'mixture_magnitude', 'mixture_phase', 'source_phase', 'mix_magnitude', 'ideal_binary_mask', 'source_magnitudes'])
1.009408950805664 GB allocated
3.9140625 GB reserved
dict_keys(['index', 'mixture_magnitude', 'mixture_phase', 'source_phase', 'mix_magnitude', 'ideal_binary_mask', 'source_magnitudes'])
1.009408950805664 GB allocated
3.9140625 GB reserved
dict_keys(['index', 'mixture_magnitude', 'mixture_phase', 'source_phase', 'mix_magnitude', 'ideal_binary_mask', 'source_magnitudes'])
1.0085558891296387 GB allocated
3.9140625 GB reserved
dict_keys(['index', 'mixture_magnitude', 'mixture_phase', 'source_phase', 'mix_magnitude', 'ideal_binary_mask', 'source_magnitudes'])
1.009408950805664 GB allocated
3.9140625 GB reserved
dict_keys(['index', 'mixture_magnitude', 'mixture_phase', 'source_phase', 'mix_magnitude', 'ideal_binary_mask', 'source_magnitudes'])
1.009408950805664 GB allocated
3.9140625 GB reserved
dict_keys(['index', 'mixture_magnitude', 'mixture_phase', 'source_phase', 'mix_magnitude', 'ideal_binary_mask', 'source_magnitudes'])
1.009408950805664 GB allocated
3.9140625 GB reserved
dict_keys(['index', 'mixture_magnitude', 'mixture_phase', 'source_phase', 'mix_magnitude', 'ideal_binary_mask', 'source_magnitudes'])
1.0085558891296387 GB allocated
3.9140625 GB reserved
dict_keys(['index', 'mixture_magnitude', 'mixture_phase', 'source_phase', 'mix_magnitude', 'ideal_binary_mask', 'source_magnitudes'])
1.009408950805664 GB allocated
3.9140625 GB reserved
dict_keys(['index', 'mixture_magnitude', 'mixture_phase', 'source_phase', 'mix_magnitude', 'ideal_binary_mask', 'source_magnitudes'])
1.009408950805664 GB allocated
3.9140625 GB reserved
dict_keys(['index', 'mixture_magnitude', 'mixture_phase', 'source_phase', 'mix_magnitude', 'ideal_binary_mask', 'source_magnitudes'])
1.009408950805664 GB allocated
3.9140625 GB reserved
dict_keys(['index', 'mixture_magnitude', 'mixture_phase', 'source_phase', 'mix_magnitude', 'ideal_binary_mask', 'source_magnitudes'])
1.0085558891296387 GB allocated
3.9140625 GB reserved
dict_keys(['index', 'mixture_magnitude', 'mixture_phase', 'source_phase', 'mix_magnitude', 'ideal_binary_mask', 'source_magnitudes'])
1.009408950805664 GB allocated
3.9140625 GB reserved
dict_keys(['index', 'mixture_magnitude', 'mixture_phase', 'source_phase', 'mix_magnitude', 'ideal_binary_mask', 'source_magnitudes'])
1.009408950805664 GB allocated
3.9140625 GB reserved
dict_keys(['index', 'mixture_magnitude', 'mixture_phase', 'source_phase', 'mix_magnitude', 'ideal_binary_mask', 'source_magnitudes'])
1.009408950805664 GB allocated
3.9140625 GB reserved
dict_keys(['index', 'mixture_magnitude', 'mixture_phase', 'source_phase', 'mix_magnitude', 'ideal_binary_mask', 'source_magnitudes'])
1.0085558891296387 GB allocated
3.9140625 GB reserved
dict_keys(['index', 'mixture_magnitude', 'mixture_phase', 'source_phase', 'mix_magnitude', 'ideal_binary_mask', 'source_magnitudes'])
1.009408950805664 GB allocated
3.9140625 GB reserved
dict_keys(['index', 'mixture_magnitude', 'mixture_phase', 'source_phase', 'mix_magnitude', 'ideal_binary_mask', 'source_magnitudes'])
1.009408950805664 GB allocated
3.9140625 GB reserved
dict_keys(['index', 'mixture_magnitude', 'mixture_phase', 'source_phase', 'mix_magnitude', 'ideal_binary_mask', 'source_magnitudes'])
1.009408950805664 GB allocated
3.9140625 GB reserved
dict_keys(['index', 'mixture_magnitude', 'mixture_phase', 'source_phase', 'mix_magnitude', 'ideal_binary_mask', 'source_magnitudes'])
1.0085558891296387 GB allocated
3.9140625 GB reserved
dict_keys(['index', 'mixture_magnitude', 'mixture_phase', 'source_phase', 'mix_magnitude', 'ideal_binary_mask', 'source_magnitudes'])
1.009408950805664 GB allocated
3.9140625 GB reserved
dict_keys(['index', 'mixture_magnitude', 'mixture_phase', 'source_phase', 'mix_magnitude', 'ideal_binary_mask', 'source_magnitudes'])
1.009408950805664 GB allocated
3.9140625 GB reserved
dict_keys(['index', 'mixture_magnitude', 'mixture_phase', 'source_phase', 'mix_magnitude', 'ideal_binary_mask', 'source_magnitudes'])
1.009408950805664 GB allocated
3.9140625 GB reserved
dict_keys(['index', 'mixture_magnitude', 'mixture_phase', 'source_phase', 'mix_magnitude', 'ideal_binary_mask', 'source_magnitudes'])
1.0085558891296387 GB allocated
3.9140625 GB reserved
dict_keys(['index', 'mixture_magnitude', 'mixture_phase', 'source_phase', 'mix_magnitude', 'ideal_binary_mask', 'source_magnitudes'])
1.009408950805664 GB allocated
3.9140625 GB reserved
dict_keys(['index', 'mixture_magnitude', 'mixture_phase', 'source_phase', 'mix_magnitude', 'ideal_binary_mask', 'source_magnitudes'])
1.009408950805664 GB allocated
3.9140625 GB reserved
dict_keys(['index', 'mixture_magnitude', 'mixture_phase', 'source_phase', 'mix_magnitude', 'ideal_binary_mask', 'source_magnitudes'])
1.009408950805664 GB allocated
3.9140625 GB reserved
dict_keys(['index', 'mixture_magnitude', 'mixture_phase', 'source_phase', 'mix_magnitude', 'ideal_binary_mask', 'source_magnitudes'])
1.0085558891296387 GB allocated
3.9140625 GB reserved
dict_keys(['index', 'mixture_magnitude', 'mixture_phase', 'source_phase', 'mix_magnitude', 'ideal_binary_mask', 'source_magnitudes'])
1.009408950805664 GB allocated
3.9140625 GB reserved
dict_keys(['index', 'mixture_magnitude', 'mixture_phase', 'source_phase', 'mix_magnitude', 'ideal_binary_mask', 'source_magnitudes'])
1.009408950805664 GB allocated
3.9140625 GB reserved
dict_keys(['index', 'mixture_magnitude', 'mixture_phase', 'source_phase', 'mix_magnitude', 'ideal_binary_mask', 'source_magnitudes'])
1.009408950805664 GB allocated
3.9140625 GB reserved
dict_keys(['index', 'mixture_magnitude', 'mixture_phase', 'source_phase', 'mix_magnitude', 'ideal_binary_mask', 'source_magnitudes'])
[Validator] Epoch 2 - val_loss: 0.000024
[BEST CHECKPOINT] Guardado/actualizado en: checkpoints\Mis_modelos_v2\advanced\lpsa_phase checkpoints\4stems\best_checkpoint_2_val_loss=-0.0000.pt
06/13/2026 05:05:28 AM | engine.py:1037 Engine run finished. Time taken: 00:01:01.940
[Epoch 2] train_loss=0.000021 | val_loss=0.000024
06/13/2026 05:05:28 AM | engine.py:1010 Epoch[2] Complete. Time taken: 00:17:32.845
1.0085558891296387 GB allocated
3.9140625 GB reserved
dict_keys(['index', 'mixture_magnitude', 'mixture_phase', 'source_phase', 'mix_magnitude', 'ideal_binary_mask', 'source_magnitudes'])
1.009408950805664 GB allocated
3.9140625 GB reserved
dict_keys(['index', 'mixture_magnitude', 'mixture_phase', 'source_phase', 'mix_magnitude', 'ideal_binary_mask', 'source_magnitudes'])
1.009408950805664 GB allocated
3.9140625 GB reserved
dict_keys(['index', 'mixture_magnitude', 'mixture_phase', 'source_phase', 'mix_magnitude', 'ideal_binary_mask', 'source_magnitudes'])
1.009408950805664 GB allocated
3.9140625 GB reserved
dict_keys(['index', 'mixture_magnitude', 'mixture_phase', 'source_phase', 'mix_magnitude', 'ideal_binary_mask', 'source_magnitudes'])
1.0085558891296387 GB allocated
3.9140625 GB reserved
dict_keys(['index', 'mixture_magnitude', 'mixture_phase', 'source_phase', 'mix_magnitude', 'ideal_binary_mask', 'source_magnitudes'])
1.009408950805664 GB allocated
3.9140625 GB reserved
dict_keys(['index', 'mixture_magnitude', 'mixture_phase', 'source_phase', 'mix_magnitude', 'ideal_binary_mask', 'source_magnitudes'])
1.009408950805664 GB allocated
3.9140625 GB reserved
dict_keys(['index', 'mixture_magnitude', 'mixture_phase', 'source_phase', 'mix_magnitude', 'ideal_binary_mask', 'source_magnitudes'])
1.009408950805664 GB allocated
3.9140625 GB reserved
dict_keys(['index', 'mixture_magnitude', 'mixture_phase', 'source_phase', 'mix_magnitude', 'ideal_binary_mask', 'source_magnitudes'])
1.0085558891296387 GB allocated
3.9140625 GB reserved
dict_keys(['index', 'mixture_magnitude', 'mixture_phase', 'source_phase', 'mix_magnitude', 'ideal_binary_mask', 'source_magnitudes'])
1.009408950805664 GB allocated
3.9140625 GB reserved
dict_keys(['index', 'mixture_magnitude', 'mixture_phase', 'source_phase', 'mix_magnitude', 'ideal_binary_mask', 'source_magnitudes'])
1.009408950805664 GB allocated
3.9140625 GB reserved
dict_keys(['index', 'mixture_magnitude', 'mixture_phase', 'source_phase', 'mix_magnitude', 'ideal_binary_mask', 'source_magnitudes'])
1.009408950805664 GB allocated
3.9140625 GB reserved
dict_keys(['index', 'mixture_magnitude', 'mixture_phase', 'source_phase', 'mix_magnitude', 'ideal_binary_mask', 'source_magnitudes'])
1.0085558891296387 GB allocated
3.9140625 GB reserved
dict_keys(['index', 'mixture_magnitude', 'mixture_phase', 'source_phase', 'mix_magnitude', 'ideal_binary_mask', 'source_magnitudes'])
1.009408950805664 GB allocated
3.9140625 GB reserved
dict_keys(['index', 'mixture_magnitude', 'mixture_phase', 'source_phase', 'mix_magnitude', 'ideal_binary_mask', 'source_magnitudes'])
1.009408950805664 GB allocated
3.9140625 GB reserved
dict_keys(['index', 'mixture_magnitude', 'mixture_phase', 'source_phase', 'mix_magnitude', 'ideal_binary_mask', 'source_magnitudes'])
1.009408950805664 GB allocated
3.9140625 GB reserved
dict_keys(['index', 'mixture_magnitude', 'mixture_phase', 'source_phase', 'mix_magnitude', 'ideal_binary_mask', 'source_magnitudes'])
1.0085558891296387 GB allocated
3.9140625 GB reserved
dict_keys(['index', 'mixture_magnitude', 'mixture_phase', 'source_phase', 'mix_magnitude', 'ideal_binary_mask', 'source_magnitudes'])
1.009408950805664 GB allocated
3.9140625 GB reserved
dict_keys(['index', 'mixture_magnitude', 'mixture_phase', 'source_phase', 'mix_magnitude', 'ideal_binary_mask', 'source_magnitudes'])
1.009408950805664 GB allocated
3.9140625 GB reserved
dict_keys(['index', 'mixture_magnitude', 'mixture_phase', 'source_phase', 'mix_magnitude', 'ideal_binary_mask', 'source_magnitudes'])
1.009408950805664 GB allocated
3.9140625 GB reserved
dict_keys(['index', 'mixture_magnitude', 'mixture_phase', 'source_phase', 'mix_magnitude', 'ideal_binary_mask', 'source_magnitudes'])
1.0085558891296387 GB allocated
3.9140625 GB reserved
dict_keys(['index', 'mixture_magnitude', 'mixture_phase', 'source_phase', 'mix_magnitude', 'ideal_binary_mask', 'source_magnitudes'])
1.009408950805664 GB allocated
3.9140625 GB reserved
dict_keys(['index', 'mixture_magnitude', 'mixture_phase', 'source_phase', 'mix_magnitude', 'ideal_binary_mask', 'source_magnitudes'])
1.009408950805664 GB allocated
3.9140625 GB reserved
dict_keys(['index', 'mixture_magnitude', 'mixture_phase', 'source_phase', 'mix_magnitude', 'ideal_binary_mask', 'source_magnitudes'])
1.009408950805664 GB allocated
3.9140625 GB reserved
dict_keys(['index', 'mixture_magnitude', 'mixture_phase', 'source_phase', 'mix_magnitude', 'ideal_binary_mask', 'source_magnitudes'])
1.0085558891296387 GB allocated
3.9140625 GB reserved
dict_keys(['index', 'mixture_magnitude', 'mixture_phase', 'source_phase', 'mix_magnitude', 'ideal_binary_mask', 'source_magnitudes'])
1.009408950805664 GB allocated
3.9140625 GB reserved
dict_keys(['index', 'mixture_magnitude', 'mixture_phase', 'source_phase', 'mix_magnitude', 'ideal_binary_mask', 'source_magnitudes'])
1.009408950805664 GB allocated
3.9140625 GB reserved
dict_keys(['index', 'mixture_magnitude', 'mixture_phase', 'source_phase', 'mix_magnitude', 'ideal_binary_mask', 'source_magnitudes'])
1.009408950805664 GB allocated
3.9140625 GB reserved
dict_keys(['index', 'mixture_magnitude', 'mixture_phase', 'source_phase', 'mix_magnitude', 'ideal_binary_mask', 'source_magnitudes'])
1.0085558891296387 GB allocated
3.9140625 GB reserved
dict_keys(['index', 'mixture_magnitude', 'mixture_phase', 'source_phase', 'mix_magnitude', 'ideal_binary_mask', 'source_magnitudes'])
1.009408950805664 GB allocated
3.9140625 GB reserved
dict_keys(['index', 'mixture_magnitude', 'mixture_phase', 'source_phase', 'mix_magnitude', 'ideal_binary_mask', 'source_magnitudes'])
1.009408950805664 GB allocated
3.9140625 GB reserved
dict_keys(['index', 'mixture_magnitude', 'mixture_phase', 'source_phase', 'mix_magnitude', 'ideal_binary_mask', 'source_magnitudes'])
1.009408950805664 GB allocated
3.9140625 GB reserved
dict_keys(['index', 'mixture_magnitude', 'mixture_phase', 'source_phase', 'mix_magnitude', 'ideal_binary_mask', 'source_magnitudes'])
1.0085558891296387 GB allocated
3.9140625 GB reserved
dict_keys(['index', 'mixture_magnitude', 'mixture_phase', 'source_phase', 'mix_magnitude', 'ideal_binary_mask', 'source_magnitudes'])
1.009408950805664 GB allocated
3.9140625 GB reserved
dict_keys(['index', 'mixture_magnitude', 'mixture_phase', 'source_phase', 'mix_magnitude', 'ideal_binary_mask', 'source_magnitudes'])
1.009408950805664 GB allocated
3.9140625 GB reserved
dict_keys(['index', 'mixture_magnitude', 'mixture_phase', 'source_phase', 'mix_magnitude', 'ideal_binary_mask', 'source_magnitudes'])
1.009408950805664 GB allocated
3.9140625 GB reserved
dict_keys(['index', 'mixture_magnitude', 'mixture_phase', 'source_phase', 'mix_magnitude', 'ideal_binary_mask', 'source_magnitudes'])
1.0085558891296387 GB allocated
3.9140625 GB reserved
dict_keys(['index', 'mixture_magnitude', 'mixture_phase', 'source_phase', 'mix_magnitude', 'ideal_binary_mask', 'source_magnitudes'])
1.009408950805664 GB allocated
3.9140625 GB reserved
dict_keys(['index', 'mixture_magnitude', 'mixture_phase', 'source_phase', 'mix_magnitude', 'ideal_binary_mask', 'source_magnitudes'])
1.009408950805664 GB allocated
3.9140625 GB reserved
dict_keys(['index', 'mixture_magnitude', 'mixture_phase', 'source_phase', 'mix_magnitude', 'ideal_binary_mask', 'source_magnitudes'])
1.009408950805664 GB allocated
3.9140625 GB reserved
dict_keys(['index', 'mixture_magnitude', 'mixture_phase', 'source_phase', 'mix_magnitude', 'ideal_binary_mask', 'source_magnitudes'])
1.0085558891296387 GB allocated
3.9140625 GB reserved
dict_keys(['index', 'mixture_magnitude', 'mixture_phase', 'source_phase', 'mix_magnitude', 'ideal_binary_mask', 'source_magnitudes'])
1.009408950805664 GB allocated
3.9140625 GB reserved
dict_keys(['index', 'mixture_magnitude', 'mixture_phase', 'source_phase', 'mix_magnitude', 'ideal_binary_mask', 'source_magnitudes'])
1.009408950805664 GB allocated
3.9140625 GB reserved
dict_keys(['index', 'mixture_magnitude', 'mixture_phase', 'source_phase', 'mix_magnitude', 'ideal_binary_mask', 'source_magnitudes'])
06/13/2026 05:22:04 AM | engine.py:906 Engine run starting with max_epochs=1.
06/13/2026 05:23:05 AM | engine.py:1010 Epoch[1] Complete. Time taken: 00:01:00.681
1.009408950805664 GB allocated
3.9140625 GB reserved
dict_keys(['index', 'mixture_magnitude', 'mixture_phase', 'source_phase', 'mix_magnitude', 'ideal_binary_mask', 'source_magnitudes'])
1.0085558891296387 GB allocated
3.9140625 GB reserved
dict_keys(['index', 'mixture_magnitude', 'mixture_phase', 'source_phase', 'mix_magnitude', 'ideal_binary_mask', 'source_magnitudes'])
1.009408950805664 GB allocated
3.9140625 GB reserved
dict_keys(['index', 'mixture_magnitude', 'mixture_phase', 'source_phase', 'mix_magnitude', 'ideal_binary_mask', 'source_magnitudes'])
1.009408950805664 GB allocated
3.9140625 GB reserved
dict_keys(['index', 'mixture_magnitude', 'mixture_phase', 'source_phase', 'mix_magnitude', 'ideal_binary_mask', 'source_magnitudes'])
1.009408950805664 GB allocated
3.9140625 GB reserved
dict_keys(['index', 'mixture_magnitude', 'mixture_phase', 'source_phase', 'mix_magnitude', 'ideal_binary_mask', 'source_magnitudes'])
1.0085558891296387 GB allocated
3.9140625 GB reserved
dict_keys(['index', 'mixture_magnitude', 'mixture_phase', 'source_phase', 'mix_magnitude', 'ideal_binary_mask', 'source_magnitudes'])
1.009408950805664 GB allocated
3.9140625 GB reserved
dict_keys(['index', 'mixture_magnitude', 'mixture_phase', 'source_phase', 'mix_magnitude', 'ideal_binary_mask', 'source_magnitudes'])
1.009408950805664 GB allocated
3.9140625 GB reserved
dict_keys(['index', 'mixture_magnitude', 'mixture_phase', 'source_phase', 'mix_magnitude', 'ideal_binary_mask', 'source_magnitudes'])
1.009408950805664 GB allocated
3.9140625 GB reserved
dict_keys(['index', 'mixture_magnitude', 'mixture_phase', 'source_phase', 'mix_magnitude', 'ideal_binary_mask', 'source_magnitudes'])
1.0085558891296387 GB allocated
3.9140625 GB reserved
dict_keys(['index', 'mixture_magnitude', 'mixture_phase', 'source_phase', 'mix_magnitude', 'ideal_binary_mask', 'source_magnitudes'])
1.009408950805664 GB allocated
3.9140625 GB reserved
dict_keys(['index', 'mixture_magnitude', 'mixture_phase', 'source_phase', 'mix_magnitude', 'ideal_binary_mask', 'source_magnitudes'])
1.009408950805664 GB allocated
3.9140625 GB reserved
dict_keys(['index', 'mixture_magnitude', 'mixture_phase', 'source_phase', 'mix_magnitude', 'ideal_binary_mask', 'source_magnitudes'])
1.009408950805664 GB allocated
3.9140625 GB reserved
dict_keys(['index', 'mixture_magnitude', 'mixture_phase', 'source_phase', 'mix_magnitude', 'ideal_binary_mask', 'source_magnitudes'])
1.0085558891296387 GB allocated
3.9140625 GB reserved
dict_keys(['index', 'mixture_magnitude', 'mixture_phase', 'source_phase', 'mix_magnitude', 'ideal_binary_mask', 'source_magnitudes'])
1.009408950805664 GB allocated
3.9140625 GB reserved
dict_keys(['index', 'mixture_magnitude', 'mixture_phase', 'source_phase', 'mix_magnitude', 'ideal_binary_mask', 'source_magnitudes'])
1.009408950805664 GB allocated
3.9140625 GB reserved
dict_keys(['index', 'mixture_magnitude', 'mixture_phase', 'source_phase', 'mix_magnitude', 'ideal_binary_mask', 'source_magnitudes'])
1.009408950805664 GB allocated
3.9140625 GB reserved
dict_keys(['index', 'mixture_magnitude', 'mixture_phase', 'source_phase', 'mix_magnitude', 'ideal_binary_mask', 'source_magnitudes'])
1.0085558891296387 GB allocated
3.9140625 GB reserved
dict_keys(['index', 'mixture_magnitude', 'mixture_phase', 'source_phase', 'mix_magnitude', 'ideal_binary_mask', 'source_magnitudes'])
1.009408950805664 GB allocated
3.9140625 GB reserved
dict_keys(['index', 'mixture_magnitude', 'mixture_phase', 'source_phase', 'mix_magnitude', 'ideal_binary_mask', 'source_magnitudes'])
1.009408950805664 GB allocated
3.9140625 GB reserved
dict_keys(['index', 'mixture_magnitude', 'mixture_phase', 'source_phase', 'mix_magnitude', 'ideal_binary_mask', 'source_magnitudes'])
1.009408950805664 GB allocated
3.9140625 GB reserved
dict_keys(['index', 'mixture_magnitude', 'mixture_phase', 'source_phase', 'mix_magnitude', 'ideal_binary_mask', 'source_magnitudes'])
1.0085558891296387 GB allocated
3.9140625 GB reserved
dict_keys(['index', 'mixture_magnitude', 'mixture_phase', 'source_phase', 'mix_magnitude', 'ideal_binary_mask', 'source_magnitudes'])
1.009408950805664 GB allocated
3.9140625 GB reserved
dict_keys(['index', 'mixture_magnitude', 'mixture_phase', 'source_phase', 'mix_magnitude', 'ideal_binary_mask', 'source_magnitudes'])
1.009408950805664 GB allocated
3.9140625 GB reserved
dict_keys(['index', 'mixture_magnitude', 'mixture_phase', 'source_phase', 'mix_magnitude', 'ideal_binary_mask', 'source_magnitudes'])
1.009408950805664 GB allocated
3.9140625 GB reserved
dict_keys(['index', 'mixture_magnitude', 'mixture_phase', 'source_phase', 'mix_magnitude', 'ideal_binary_mask', 'source_magnitudes'])
1.0085558891296387 GB allocated
3.9140625 GB reserved
dict_keys(['index', 'mixture_magnitude', 'mixture_phase', 'source_phase', 'mix_magnitude', 'ideal_binary_mask', 'source_magnitudes'])
1.009408950805664 GB allocated
3.9140625 GB reserved
dict_keys(['index', 'mixture_magnitude', 'mixture_phase', 'source_phase', 'mix_magnitude', 'ideal_binary_mask', 'source_magnitudes'])
1.009408950805664 GB allocated
3.9140625 GB reserved
dict_keys(['index', 'mixture_magnitude', 'mixture_phase', 'source_phase', 'mix_magnitude', 'ideal_binary_mask', 'source_magnitudes'])
1.009408950805664 GB allocated
3.9140625 GB reserved
dict_keys(['index', 'mixture_magnitude', 'mixture_phase', 'source_phase', 'mix_magnitude', 'ideal_binary_mask', 'source_magnitudes'])
1.0085558891296387 GB allocated
3.9140625 GB reserved
dict_keys(['index', 'mixture_magnitude', 'mixture_phase', 'source_phase', 'mix_magnitude', 'ideal_binary_mask', 'source_magnitudes'])
1.009408950805664 GB allocated
3.9140625 GB reserved
dict_keys(['index', 'mixture_magnitude', 'mixture_phase', 'source_phase', 'mix_magnitude', 'ideal_binary_mask', 'source_magnitudes'])
1.009408950805664 GB allocated
3.9140625 GB reserved
dict_keys(['index', 'mixture_magnitude', 'mixture_phase', 'source_phase', 'mix_magnitude', 'ideal_binary_mask', 'source_magnitudes'])
1.009408950805664 GB allocated
3.9140625 GB reserved
dict_keys(['index', 'mixture_magnitude', 'mixture_phase', 'source_phase', 'mix_magnitude', 'ideal_binary_mask', 'source_magnitudes'])
1.0085558891296387 GB allocated
3.9140625 GB reserved
dict_keys(['index', 'mixture_magnitude', 'mixture_phase', 'source_phase', 'mix_magnitude', 'ideal_binary_mask', 'source_magnitudes'])
1.009408950805664 GB allocated
3.9140625 GB reserved
dict_keys(['index', 'mixture_magnitude', 'mixture_phase', 'source_phase', 'mix_magnitude', 'ideal_binary_mask', 'source_magnitudes'])
1.009408950805664 GB allocated
3.9140625 GB reserved
dict_keys(['index', 'mixture_magnitude', 'mixture_phase', 'source_phase', 'mix_magnitude', 'ideal_binary_mask', 'source_magnitudes'])
1.009408950805664 GB allocated
3.9140625 GB reserved
dict_keys(['index', 'mixture_magnitude', 'mixture_phase', 'source_phase', 'mix_magnitude', 'ideal_binary_mask', 'source_magnitudes'])
1.0085558891296387 GB allocated
3.9140625 GB reserved
dict_keys(['index', 'mixture_magnitude', 'mixture_phase', 'source_phase', 'mix_magnitude', 'ideal_binary_mask', 'source_magnitudes'])
1.009408950805664 GB allocated
3.9140625 GB reserved
dict_keys(['index', 'mixture_magnitude', 'mixture_phase', 'source_phase', 'mix_magnitude', 'ideal_binary_mask', 'source_magnitudes'])
1.009408950805664 GB allocated
3.9140625 GB reserved
dict_keys(['index', 'mixture_magnitude', 'mixture_phase', 'source_phase', 'mix_magnitude', 'ideal_binary_mask', 'source_magnitudes'])
1.009408950805664 GB allocated
3.9140625 GB reserved
dict_keys(['index', 'mixture_magnitude', 'mixture_phase', 'source_phase', 'mix_magnitude', 'ideal_binary_mask', 'source_magnitudes'])
1.0085558891296387 GB allocated
3.9140625 GB reserved
dict_keys(['index', 'mixture_magnitude', 'mixture_phase', 'source_phase', 'mix_magnitude', 'ideal_binary_mask', 'source_magnitudes'])
1.009408950805664 GB allocated
3.9140625 GB reserved
dict_keys(['index', 'mixture_magnitude', 'mixture_phase', 'source_phase', 'mix_magnitude', 'ideal_binary_mask', 'source_magnitudes'])
1.009408950805664 GB allocated
3.9140625 GB reserved
dict_keys(['index', 'mixture_magnitude', 'mixture_phase', 'source_phase', 'mix_magnitude', 'ideal_binary_mask', 'source_magnitudes'])
1.009408950805664 GB allocated
3.9140625 GB reserved
dict_keys(['index', 'mixture_magnitude', 'mixture_phase', 'source_phase', 'mix_magnitude', 'ideal_binary_mask', 'source_magnitudes'])
1.0085558891296387 GB allocated
3.9140625 GB reserved
dict_keys(['index', 'mixture_magnitude', 'mixture_phase', 'source_phase', 'mix_magnitude', 'ideal_binary_mask', 'source_magnitudes'])
1.009408950805664 GB allocated
3.9140625 GB reserved
dict_keys(['index', 'mixture_magnitude', 'mixture_phase', 'source_phase', 'mix_magnitude', 'ideal_binary_mask', 'source_magnitudes'])
1.009408950805664 GB allocated
3.9140625 GB reserved
dict_keys(['index', 'mixture_magnitude', 'mixture_phase', 'source_phase', 'mix_magnitude', 'ideal_binary_mask', 'source_magnitudes'])
1.009408950805664 GB allocated
3.9140625 GB reserved
dict_keys(['index', 'mixture_magnitude', 'mixture_phase', 'source_phase', 'mix_magnitude', 'ideal_binary_mask', 'source_magnitudes'])
1.0085558891296387 GB allocated
3.9140625 GB reserved
dict_keys(['index', 'mixture_magnitude', 'mixture_phase', 'source_phase', 'mix_magnitude', 'ideal_binary_mask', 'source_magnitudes'])
1.009408950805664 GB allocated
3.9140625 GB reserved
dict_keys(['index', 'mixture_magnitude', 'mixture_phase', 'source_phase', 'mix_magnitude', 'ideal_binary_mask', 'source_magnitudes'])
1.009408950805664 GB allocated
3.9140625 GB reserved
dict_keys(['index', 'mixture_magnitude', 'mixture_phase', 'source_phase', 'mix_magnitude', 'ideal_binary_mask', 'source_magnitudes'])
1.009408950805664 GB allocated
3.9140625 GB reserved
dict_keys(['index', 'mixture_magnitude', 'mixture_phase', 'source_phase', 'mix_magnitude', 'ideal_binary_mask', 'source_magnitudes'])
1.0085558891296387 GB allocated
3.9140625 GB reserved
dict_keys(['index', 'mixture_magnitude', 'mixture_phase', 'source_phase', 'mix_magnitude', 'ideal_binary_mask', 'source_magnitudes'])
1.009408950805664 GB allocated
3.9140625 GB reserved
dict_keys(['index', 'mixture_magnitude', 'mixture_phase', 'source_phase', 'mix_magnitude', 'ideal_binary_mask', 'source_magnitudes'])
1.009408950805664 GB allocated
3.9140625 GB reserved
dict_keys(['index', 'mixture_magnitude', 'mixture_phase', 'source_phase', 'mix_magnitude', 'ideal_binary_mask', 'source_magnitudes'])
1.009408950805664 GB allocated
3.9140625 GB reserved
dict_keys(['index', 'mixture_magnitude', 'mixture_phase', 'source_phase', 'mix_magnitude', 'ideal_binary_mask', 'source_magnitudes'])
[Validator] Epoch 3 - val_loss: 0.000023
[BEST CHECKPOINT] Guardado/actualizado en: checkpoints\Mis_modelos_v2\advanced\lpsa_phase checkpoints\4stems\best_checkpoint_3_val_loss=-0.0000.pt
06/13/2026 05:23:05 AM | engine.py:1037 Engine run finished. Time taken: 00:01:00.689
[Epoch 3] train_loss=0.000021 | val_loss=0.000023
06/13/2026 05:23:05 AM | engine.py:1010 Epoch[3] Complete. Time taken: 00:17:37.199
1.0085558891296387 GB allocated
3.9140625 GB reserved
dict_keys(['index', 'mixture_magnitude', 'mixture_phase', 'source_phase', 'mix_magnitude', 'ideal_binary_mask', 'source_magnitudes'])
1.009408950805664 GB allocated
3.9140625 GB reserved
dict_keys(['index', 'mixture_magnitude', 'mixture_phase', 'source_phase', 'mix_magnitude', 'ideal_binary_mask', 'source_magnitudes'])
1.009408950805664 GB allocated
3.9140625 GB reserved
dict_keys(['index', 'mixture_magnitude', 'mixture_phase', 'source_phase', 'mix_magnitude', 'ideal_binary_mask', 'source_magnitudes'])
1.009408950805664 GB allocated
3.9140625 GB reserved
dict_keys(['index', 'mixture_magnitude', 'mixture_phase', 'source_phase', 'mix_magnitude', 'ideal_binary_mask', 'source_magnitudes'])
1.0085558891296387 GB allocated
3.9140625 GB reserved
dict_keys(['index', 'mixture_magnitude', 'mixture_phase', 'source_phase', 'mix_magnitude', 'ideal_binary_mask', 'source_magnitudes'])
1.009408950805664 GB allocated
3.9140625 GB reserved
dict_keys(['index', 'mixture_magnitude', 'mixture_phase', 'source_phase', 'mix_magnitude', 'ideal_binary_mask', 'source_magnitudes'])
1.009408950805664 GB allocated
3.9140625 GB reserved
dict_keys(['index', 'mixture_magnitude', 'mixture_phase', 'source_phase', 'mix_magnitude', 'ideal_binary_mask', 'source_magnitudes'])
1.009408950805664 GB allocated
3.9140625 GB reserved
dict_keys(['index', 'mixture_magnitude', 'mixture_phase', 'source_phase', 'mix_magnitude', 'ideal_binary_mask', 'source_magnitudes'])
1.0085558891296387 GB allocated
3.9140625 GB reserved
dict_keys(['index', 'mixture_magnitude', 'mixture_phase', 'source_phase', 'mix_magnitude', 'ideal_binary_mask', 'source_magnitudes'])
1.009408950805664 GB allocated
3.9140625 GB reserved
dict_keys(['index', 'mixture_magnitude', 'mixture_phase', 'source_phase', 'mix_magnitude', 'ideal_binary_mask', 'source_magnitudes'])
1.009408950805664 GB allocated
3.9140625 GB reserved
dict_keys(['index', 'mixture_magnitude', 'mixture_phase', 'source_phase', 'mix_magnitude', 'ideal_binary_mask', 'source_magnitudes'])
1.009408950805664 GB allocated
3.9140625 GB reserved
dict_keys(['index', 'mixture_magnitude', 'mixture_phase', 'source_phase', 'mix_magnitude', 'ideal_binary_mask', 'source_magnitudes'])
1.0085558891296387 GB allocated
3.9140625 GB reserved
dict_keys(['index', 'mixture_magnitude', 'mixture_phase', 'source_phase', 'mix_magnitude', 'ideal_binary_mask', 'source_magnitudes'])
1.009408950805664 GB allocated
3.9140625 GB reserved
dict_keys(['index', 'mixture_magnitude', 'mixture_phase', 'source_phase', 'mix_magnitude', 'ideal_binary_mask', 'source_magnitudes'])
1.009408950805664 GB allocated
3.9140625 GB reserved
dict_keys(['index', 'mixture_magnitude', 'mixture_phase', 'source_phase', 'mix_magnitude', 'ideal_binary_mask', 'source_magnitudes'])
1.009408950805664 GB allocated
3.9140625 GB reserved
dict_keys(['index', 'mixture_magnitude', 'mixture_phase', 'source_phase', 'mix_magnitude', 'ideal_binary_mask', 'source_magnitudes'])
1.0085558891296387 GB allocated
3.9140625 GB reserved
dict_keys(['index', 'mixture_magnitude', 'mixture_phase', 'source_phase', 'mix_magnitude', 'ideal_binary_mask', 'source_magnitudes'])
1.009408950805664 GB allocated
3.9140625 GB reserved
dict_keys(['index', 'mixture_magnitude', 'mixture_phase', 'source_phase', 'mix_magnitude', 'ideal_binary_mask', 'source_magnitudes'])
1.009408950805664 GB allocated
3.9140625 GB reserved
dict_keys(['index', 'mixture_magnitude', 'mixture_phase', 'source_phase', 'mix_magnitude', 'ideal_binary_mask', 'source_magnitudes'])
1.009408950805664 GB allocated
3.9140625 GB reserved
dict_keys(['index', 'mixture_magnitude', 'mixture_phase', 'source_phase', 'mix_magnitude', 'ideal_binary_mask', 'source_magnitudes'])
1.0085558891296387 GB allocated
3.9140625 GB reserved
dict_keys(['index', 'mixture_magnitude', 'mixture_phase', 'source_phase', 'mix_magnitude', 'ideal_binary_mask', 'source_magnitudes'])
1.009408950805664 GB allocated
3.9140625 GB reserved
dict_keys(['index', 'mixture_magnitude', 'mixture_phase', 'source_phase', 'mix_magnitude', 'ideal_binary_mask', 'source_magnitudes'])
1.009408950805664 GB allocated
3.9140625 GB reserved
dict_keys(['index', 'mixture_magnitude', 'mixture_phase', 'source_phase', 'mix_magnitude', 'ideal_binary_mask', 'source_magnitudes'])
1.009408950805664 GB allocated
3.9140625 GB reserved
dict_keys(['index', 'mixture_magnitude', 'mixture_phase', 'source_phase', 'mix_magnitude', 'ideal_binary_mask', 'source_magnitudes'])
1.0085558891296387 GB allocated
3.9140625 GB reserved
dict_keys(['index', 'mixture_magnitude', 'mixture_phase', 'source_phase', 'mix_magnitude', 'ideal_binary_mask', 'source_magnitudes'])
1.009408950805664 GB allocated
3.9140625 GB reserved
dict_keys(['index', 'mixture_magnitude', 'mixture_phase', 'source_phase', 'mix_magnitude', 'ideal_binary_mask', 'source_magnitudes'])
1.009408950805664 GB allocated
3.9140625 GB reserved
dict_keys(['index', 'mixture_magnitude', 'mixture_phase', 'source_phase', 'mix_magnitude', 'ideal_binary_mask', 'source_magnitudes'])
1.009408950805664 GB allocated
3.9140625 GB reserved
dict_keys(['index', 'mixture_magnitude', 'mixture_phase', 'source_phase', 'mix_magnitude', 'ideal_binary_mask', 'source_magnitudes'])
1.0085558891296387 GB allocated
3.9140625 GB reserved
dict_keys(['index', 'mixture_magnitude', 'mixture_phase', 'source_phase', 'mix_magnitude', 'ideal_binary_mask', 'source_magnitudes'])
1.009408950805664 GB allocated
3.9140625 GB reserved
dict_keys(['index', 'mixture_magnitude', 'mixture_phase', 'source_phase', 'mix_magnitude', 'ideal_binary_mask', 'source_magnitudes'])
1.009408950805664 GB allocated
3.9140625 GB reserved
dict_keys(['index', 'mixture_magnitude', 'mixture_phase', 'source_phase', 'mix_magnitude', 'ideal_binary_mask', 'source_magnitudes'])
1.009408950805664 GB allocated
3.9140625 GB reserved
dict_keys(['index', 'mixture_magnitude', 'mixture_phase', 'source_phase', 'mix_magnitude', 'ideal_binary_mask', 'source_magnitudes'])
1.0085558891296387 GB allocated
3.9140625 GB reserved
dict_keys(['index', 'mixture_magnitude', 'mixture_phase', 'source_phase', 'mix_magnitude', 'ideal_binary_mask', 'source_magnitudes'])
1.009408950805664 GB allocated
3.9140625 GB reserved
dict_keys(['index', 'mixture_magnitude', 'mixture_phase', 'source_phase', 'mix_magnitude', 'ideal_binary_mask', 'source_magnitudes'])
1.009408950805664 GB allocated
3.9140625 GB reserved
dict_keys(['index', 'mixture_magnitude', 'mixture_phase', 'source_phase', 'mix_magnitude', 'ideal_binary_mask', 'source_magnitudes'])
1.009408950805664 GB allocated
3.9140625 GB reserved
dict_keys(['index', 'mixture_magnitude', 'mixture_phase', 'source_phase', 'mix_magnitude', 'ideal_binary_mask', 'source_magnitudes'])
1.0085558891296387 GB allocated
3.9140625 GB reserved
dict_keys(['index', 'mixture_magnitude', 'mixture_phase', 'source_phase', 'mix_magnitude', 'ideal_binary_mask', 'source_magnitudes'])
1.009408950805664 GB allocated
3.9140625 GB reserved
dict_keys(['index', 'mixture_magnitude', 'mixture_phase', 'source_phase', 'mix_magnitude', 'ideal_binary_mask', 'source_magnitudes'])
1.009408950805664 GB allocated
3.9140625 GB reserved
dict_keys(['index', 'mixture_magnitude', 'mixture_phase', 'source_phase', 'mix_magnitude', 'ideal_binary_mask', 'source_magnitudes'])
1.009408950805664 GB allocated
3.9140625 GB reserved
dict_keys(['index', 'mixture_magnitude', 'mixture_phase', 'source_phase', 'mix_magnitude', 'ideal_binary_mask', 'source_magnitudes'])
1.0085558891296387 GB allocated
3.9140625 GB reserved
dict_keys(['index', 'mixture_magnitude', 'mixture_phase', 'source_phase', 'mix_magnitude', 'ideal_binary_mask', 'source_magnitudes'])
1.009408950805664 GB allocated
3.9140625 GB reserved
dict_keys(['index', 'mixture_magnitude', 'mixture_phase', 'source_phase', 'mix_magnitude', 'ideal_binary_mask', 'source_magnitudes'])
1.009408950805664 GB allocated
3.9140625 GB reserved
dict_keys(['index', 'mixture_magnitude', 'mixture_phase', 'source_phase', 'mix_magnitude', 'ideal_binary_mask', 'source_magnitudes'])
06/13/2026 05:39:29 AM | engine.py:906 Engine run starting with max_epochs=1.
06/13/2026 05:40:28 AM | engine.py:1010 Epoch[1] Complete. Time taken: 00:00:59.534
1.009408950805664 GB allocated
3.9140625 GB reserved
dict_keys(['index', 'mixture_magnitude', 'mixture_phase', 'source_phase', 'mix_magnitude', 'ideal_binary_mask', 'source_magnitudes'])
1.0085558891296387 GB allocated
3.9140625 GB reserved
dict_keys(['index', 'mixture_magnitude', 'mixture_phase', 'source_phase', 'mix_magnitude', 'ideal_binary_mask', 'source_magnitudes'])
1.009408950805664 GB allocated
3.9140625 GB reserved
dict_keys(['index', 'mixture_magnitude', 'mixture_phase', 'source_phase', 'mix_magnitude', 'ideal_binary_mask', 'source_magnitudes'])
1.009408950805664 GB allocated
3.9140625 GB reserved
dict_keys(['index', 'mixture_magnitude', 'mixture_phase', 'source_phase', 'mix_magnitude', 'ideal_binary_mask', 'source_magnitudes'])
1.009408950805664 GB allocated
3.9140625 GB reserved
dict_keys(['index', 'mixture_magnitude', 'mixture_phase', 'source_phase', 'mix_magnitude', 'ideal_binary_mask', 'source_magnitudes'])
1.0085558891296387 GB allocated
3.9140625 GB reserved
dict_keys(['index', 'mixture_magnitude', 'mixture_phase', 'source_phase', 'mix_magnitude', 'ideal_binary_mask', 'source_magnitudes'])
1.009408950805664 GB allocated
3.9140625 GB reserved
dict_keys(['index', 'mixture_magnitude', 'mixture_phase', 'source_phase', 'mix_magnitude', 'ideal_binary_mask', 'source_magnitudes'])
1.009408950805664 GB allocated
3.9140625 GB reserved
dict_keys(['index', 'mixture_magnitude', 'mixture_phase', 'source_phase', 'mix_magnitude', 'ideal_binary_mask', 'source_magnitudes'])
1.009408950805664 GB allocated
3.9140625 GB reserved
dict_keys(['index', 'mixture_magnitude', 'mixture_phase', 'source_phase', 'mix_magnitude', 'ideal_binary_mask', 'source_magnitudes'])
1.0085558891296387 GB allocated
3.9140625 GB reserved
dict_keys(['index', 'mixture_magnitude', 'mixture_phase', 'source_phase', 'mix_magnitude', 'ideal_binary_mask', 'source_magnitudes'])
1.009408950805664 GB allocated
3.9140625 GB reserved
dict_keys(['index', 'mixture_magnitude', 'mixture_phase', 'source_phase', 'mix_magnitude', 'ideal_binary_mask', 'source_magnitudes'])
1.009408950805664 GB allocated
3.9140625 GB reserved
dict_keys(['index', 'mixture_magnitude', 'mixture_phase', 'source_phase', 'mix_magnitude', 'ideal_binary_mask', 'source_magnitudes'])
1.009408950805664 GB allocated
3.9140625 GB reserved
dict_keys(['index', 'mixture_magnitude', 'mixture_phase', 'source_phase', 'mix_magnitude', 'ideal_binary_mask', 'source_magnitudes'])
1.0085558891296387 GB allocated
3.9140625 GB reserved
dict_keys(['index', 'mixture_magnitude', 'mixture_phase', 'source_phase', 'mix_magnitude', 'ideal_binary_mask', 'source_magnitudes'])
1.009408950805664 GB allocated
3.9140625 GB reserved
dict_keys(['index', 'mixture_magnitude', 'mixture_phase', 'source_phase', 'mix_magnitude', 'ideal_binary_mask', 'source_magnitudes'])
1.009408950805664 GB allocated
3.9140625 GB reserved
dict_keys(['index', 'mixture_magnitude', 'mixture_phase', 'source_phase', 'mix_magnitude', 'ideal_binary_mask', 'source_magnitudes'])
1.009408950805664 GB allocated
3.9140625 GB reserved
dict_keys(['index', 'mixture_magnitude', 'mixture_phase', 'source_phase', 'mix_magnitude', 'ideal_binary_mask', 'source_magnitudes'])
1.0085558891296387 GB allocated
3.9140625 GB reserved
dict_keys(['index', 'mixture_magnitude', 'mixture_phase', 'source_phase', 'mix_magnitude', 'ideal_binary_mask', 'source_magnitudes'])
1.009408950805664 GB allocated
3.9140625 GB reserved
dict_keys(['index', 'mixture_magnitude', 'mixture_phase', 'source_phase', 'mix_magnitude', 'ideal_binary_mask', 'source_magnitudes'])
1.009408950805664 GB allocated
3.9140625 GB reserved
dict_keys(['index', 'mixture_magnitude', 'mixture_phase', 'source_phase', 'mix_magnitude', 'ideal_binary_mask', 'source_magnitudes'])
1.009408950805664 GB allocated
3.9140625 GB reserved
dict_keys(['index', 'mixture_magnitude', 'mixture_phase', 'source_phase', 'mix_magnitude', 'ideal_binary_mask', 'source_magnitudes'])
1.0085558891296387 GB allocated
3.9140625 GB reserved
dict_keys(['index', 'mixture_magnitude', 'mixture_phase', 'source_phase', 'mix_magnitude', 'ideal_binary_mask', 'source_magnitudes'])
1.009408950805664 GB allocated
3.9140625 GB reserved
dict_keys(['index', 'mixture_magnitude', 'mixture_phase', 'source_phase', 'mix_magnitude', 'ideal_binary_mask', 'source_magnitudes'])
1.009408950805664 GB allocated
3.9140625 GB reserved
dict_keys(['index', 'mixture_magnitude', 'mixture_phase', 'source_phase', 'mix_magnitude', 'ideal_binary_mask', 'source_magnitudes'])
1.009408950805664 GB allocated
3.9140625 GB reserved
dict_keys(['index', 'mixture_magnitude', 'mixture_phase', 'source_phase', 'mix_magnitude', 'ideal_binary_mask', 'source_magnitudes'])
1.0085558891296387 GB allocated
3.9140625 GB reserved
dict_keys(['index', 'mixture_magnitude', 'mixture_phase', 'source_phase', 'mix_magnitude', 'ideal_binary_mask', 'source_magnitudes'])
1.009408950805664 GB allocated
3.9140625 GB reserved
dict_keys(['index', 'mixture_magnitude', 'mixture_phase', 'source_phase', 'mix_magnitude', 'ideal_binary_mask', 'source_magnitudes'])
1.009408950805664 GB allocated
3.9140625 GB reserved
dict_keys(['index', 'mixture_magnitude', 'mixture_phase', 'source_phase', 'mix_magnitude', 'ideal_binary_mask', 'source_magnitudes'])
1.009408950805664 GB allocated
3.9140625 GB reserved
dict_keys(['index', 'mixture_magnitude', 'mixture_phase', 'source_phase', 'mix_magnitude', 'ideal_binary_mask', 'source_magnitudes'])
1.0085558891296387 GB allocated
3.9140625 GB reserved
dict_keys(['index', 'mixture_magnitude', 'mixture_phase', 'source_phase', 'mix_magnitude', 'ideal_binary_mask', 'source_magnitudes'])
1.009408950805664 GB allocated
3.9140625 GB reserved
dict_keys(['index', 'mixture_magnitude', 'mixture_phase', 'source_phase', 'mix_magnitude', 'ideal_binary_mask', 'source_magnitudes'])
1.009408950805664 GB allocated
3.9140625 GB reserved
dict_keys(['index', 'mixture_magnitude', 'mixture_phase', 'source_phase', 'mix_magnitude', 'ideal_binary_mask', 'source_magnitudes'])
1.009408950805664 GB allocated
3.9140625 GB reserved
dict_keys(['index', 'mixture_magnitude', 'mixture_phase', 'source_phase', 'mix_magnitude', 'ideal_binary_mask', 'source_magnitudes'])
1.0085558891296387 GB allocated
3.9140625 GB reserved
dict_keys(['index', 'mixture_magnitude', 'mixture_phase', 'source_phase', 'mix_magnitude', 'ideal_binary_mask', 'source_magnitudes'])
1.009408950805664 GB allocated
3.9140625 GB reserved
dict_keys(['index', 'mixture_magnitude', 'mixture_phase', 'source_phase', 'mix_magnitude', 'ideal_binary_mask', 'source_magnitudes'])
1.009408950805664 GB allocated
3.9140625 GB reserved
dict_keys(['index', 'mixture_magnitude', 'mixture_phase', 'source_phase', 'mix_magnitude', 'ideal_binary_mask', 'source_magnitudes'])
1.009408950805664 GB allocated
3.9140625 GB reserved
dict_keys(['index', 'mixture_magnitude', 'mixture_phase', 'source_phase', 'mix_magnitude', 'ideal_binary_mask', 'source_magnitudes'])
1.0085558891296387 GB allocated
3.9140625 GB reserved
dict_keys(['index', 'mixture_magnitude', 'mixture_phase', 'source_phase', 'mix_magnitude', 'ideal_binary_mask', 'source_magnitudes'])
1.009408950805664 GB allocated
3.9140625 GB reserved
dict_keys(['index', 'mixture_magnitude', 'mixture_phase', 'source_phase', 'mix_magnitude', 'ideal_binary_mask', 'source_magnitudes'])
1.009408950805664 GB allocated
3.9140625 GB reserved
dict_keys(['index', 'mixture_magnitude', 'mixture_phase', 'source_phase', 'mix_magnitude', 'ideal_binary_mask', 'source_magnitudes'])
1.009408950805664 GB allocated
3.9140625 GB reserved
dict_keys(['index', 'mixture_magnitude', 'mixture_phase', 'source_phase', 'mix_magnitude', 'ideal_binary_mask', 'source_magnitudes'])
1.0085558891296387 GB allocated
3.9140625 GB reserved
dict_keys(['index', 'mixture_magnitude', 'mixture_phase', 'source_phase', 'mix_magnitude', 'ideal_binary_mask', 'source_magnitudes'])
1.009408950805664 GB allocated
3.9140625 GB reserved
dict_keys(['index', 'mixture_magnitude', 'mixture_phase', 'source_phase', 'mix_magnitude', 'ideal_binary_mask', 'source_magnitudes'])
1.009408950805664 GB allocated
3.9140625 GB reserved
dict_keys(['index', 'mixture_magnitude', 'mixture_phase', 'source_phase', 'mix_magnitude', 'ideal_binary_mask', 'source_magnitudes'])
1.009408950805664 GB allocated
3.9140625 GB reserved
dict_keys(['index', 'mixture_magnitude', 'mixture_phase', 'source_phase', 'mix_magnitude', 'ideal_binary_mask', 'source_magnitudes'])
1.0085558891296387 GB allocated
3.9140625 GB reserved
dict_keys(['index', 'mixture_magnitude', 'mixture_phase', 'source_phase', 'mix_magnitude', 'ideal_binary_mask', 'source_magnitudes'])
1.009408950805664 GB allocated
3.9140625 GB reserved
dict_keys(['index', 'mixture_magnitude', 'mixture_phase', 'source_phase', 'mix_magnitude', 'ideal_binary_mask', 'source_magnitudes'])
1.009408950805664 GB allocated
3.9140625 GB reserved
dict_keys(['index', 'mixture_magnitude', 'mixture_phase', 'source_phase', 'mix_magnitude', 'ideal_binary_mask', 'source_magnitudes'])
1.009408950805664 GB allocated
3.9140625 GB reserved
dict_keys(['index', 'mixture_magnitude', 'mixture_phase', 'source_phase', 'mix_magnitude', 'ideal_binary_mask', 'source_magnitudes'])
1.0085558891296387 GB allocated
3.9140625 GB reserved
dict_keys(['index', 'mixture_magnitude', 'mixture_phase', 'source_phase', 'mix_magnitude', 'ideal_binary_mask', 'source_magnitudes'])
1.009408950805664 GB allocated
3.9140625 GB reserved
dict_keys(['index', 'mixture_magnitude', 'mixture_phase', 'source_phase', 'mix_magnitude', 'ideal_binary_mask', 'source_magnitudes'])
1.009408950805664 GB allocated
3.9140625 GB reserved
dict_keys(['index', 'mixture_magnitude', 'mixture_phase', 'source_phase', 'mix_magnitude', 'ideal_binary_mask', 'source_magnitudes'])
1.009408950805664 GB allocated
3.9140625 GB reserved
dict_keys(['index', 'mixture_magnitude', 'mixture_phase', 'source_phase', 'mix_magnitude', 'ideal_binary_mask', 'source_magnitudes'])
1.0085558891296387 GB allocated
3.9140625 GB reserved
dict_keys(['index', 'mixture_magnitude', 'mixture_phase', 'source_phase', 'mix_magnitude', 'ideal_binary_mask', 'source_magnitudes'])
1.009408950805664 GB allocated
3.9140625 GB reserved
dict_keys(['index', 'mixture_magnitude', 'mixture_phase', 'source_phase', 'mix_magnitude', 'ideal_binary_mask', 'source_magnitudes'])
1.009408950805664 GB allocated
3.9140625 GB reserved
dict_keys(['index', 'mixture_magnitude', 'mixture_phase', 'source_phase', 'mix_magnitude', 'ideal_binary_mask', 'source_magnitudes'])
1.009408950805664 GB allocated
3.9140625 GB reserved
dict_keys(['index', 'mixture_magnitude', 'mixture_phase', 'source_phase', 'mix_magnitude', 'ideal_binary_mask', 'source_magnitudes'])
[Validator] Epoch 4 - val_loss: 0.000023
[BEST CHECKPOINT] Guardado/actualizado en: checkpoints\Mis_modelos_v2\advanced\lpsa_phase checkpoints\4stems\best_checkpoint_4_val_loss=-0.0000.pt
06/13/2026 05:40:28 AM | engine.py:1037 Engine run finished. Time taken: 00:00:59.550
[Epoch 4] train_loss=0.000020 | val_loss=0.000023
06/13/2026 05:40:28 AM | engine.py:1010 Epoch[4] Complete. Time taken: 00:17:23.337
1.0085558891296387 GB allocated
3.9140625 GB reserved
dict_keys(['index', 'mixture_magnitude', 'mixture_phase', 'source_phase', 'mix_magnitude', 'ideal_binary_mask', 'source_magnitudes'])
1.009408950805664 GB allocated
3.9140625 GB reserved
dict_keys(['index', 'mixture_magnitude', 'mixture_phase', 'source_phase', 'mix_magnitude', 'ideal_binary_mask', 'source_magnitudes'])
1.009408950805664 GB allocated
3.9140625 GB reserved
dict_keys(['index', 'mixture_magnitude', 'mixture_phase', 'source_phase', 'mix_magnitude', 'ideal_binary_mask', 'source_magnitudes'])
1.009408950805664 GB allocated
3.9140625 GB reserved
dict_keys(['index', 'mixture_magnitude', 'mixture_phase', 'source_phase', 'mix_magnitude', 'ideal_binary_mask', 'source_magnitudes'])
1.0085558891296387 GB allocated
3.9140625 GB reserved
dict_keys(['index', 'mixture_magnitude', 'mixture_phase', 'source_phase', 'mix_magnitude', 'ideal_binary_mask', 'source_magnitudes'])
1.009408950805664 GB allocated
3.9140625 GB reserved
dict_keys(['index', 'mixture_magnitude', 'mixture_phase', 'source_phase', 'mix_magnitude', 'ideal_binary_mask', 'source_magnitudes'])
1.009408950805664 GB allocated
3.9140625 GB reserved
dict_keys(['index', 'mixture_magnitude', 'mixture_phase', 'source_phase', 'mix_magnitude', 'ideal_binary_mask', 'source_magnitudes'])
1.009408950805664 GB allocated
3.9140625 GB reserved
dict_keys(['index', 'mixture_magnitude', 'mixture_phase', 'source_phase', 'mix_magnitude', 'ideal_binary_mask', 'source_magnitudes'])
1.0085558891296387 GB allocated
3.9140625 GB reserved
dict_keys(['index', 'mixture_magnitude', 'mixture_phase', 'source_phase', 'mix_magnitude', 'ideal_binary_mask', 'source_magnitudes'])
1.009408950805664 GB allocated
3.9140625 GB reserved
dict_keys(['index', 'mixture_magnitude', 'mixture_phase', 'source_phase', 'mix_magnitude', 'ideal_binary_mask', 'source_magnitudes'])
1.009408950805664 GB allocated
3.9140625 GB reserved
dict_keys(['index', 'mixture_magnitude', 'mixture_phase', 'source_phase', 'mix_magnitude', 'ideal_binary_mask', 'source_magnitudes'])
1.009408950805664 GB allocated
3.9140625 GB reserved
dict_keys(['index', 'mixture_magnitude', 'mixture_phase', 'source_phase', 'mix_magnitude', 'ideal_binary_mask', 'source_magnitudes'])
1.0085558891296387 GB allocated
3.9140625 GB reserved
dict_keys(['index', 'mixture_magnitude', 'mixture_phase', 'source_phase', 'mix_magnitude', 'ideal_binary_mask', 'source_magnitudes'])
1.009408950805664 GB allocated
3.9140625 GB reserved
dict_keys(['index', 'mixture_magnitude', 'mixture_phase', 'source_phase', 'mix_magnitude', 'ideal_binary_mask', 'source_magnitudes'])
1.009408950805664 GB allocated
3.9140625 GB reserved
dict_keys(['index', 'mixture_magnitude', 'mixture_phase', 'source_phase', 'mix_magnitude', 'ideal_binary_mask', 'source_magnitudes'])
1.009408950805664 GB allocated
3.9140625 GB reserved
dict_keys(['index', 'mixture_magnitude', 'mixture_phase', 'source_phase', 'mix_magnitude', 'ideal_binary_mask', 'source_magnitudes'])
1.0085558891296387 GB allocated
3.9140625 GB reserved
dict_keys(['index', 'mixture_magnitude', 'mixture_phase', 'source_phase', 'mix_magnitude', 'ideal_binary_mask', 'source_magnitudes'])
1.009408950805664 GB allocated
3.9140625 GB reserved
dict_keys(['index', 'mixture_magnitude', 'mixture_phase', 'source_phase', 'mix_magnitude', 'ideal_binary_mask', 'source_magnitudes'])
1.009408950805664 GB allocated
3.9140625 GB reserved
dict_keys(['index', 'mixture_magnitude', 'mixture_phase', 'source_phase', 'mix_magnitude', 'ideal_binary_mask', 'source_magnitudes'])
1.009408950805664 GB allocated
3.9140625 GB reserved
dict_keys(['index', 'mixture_magnitude', 'mixture_phase', 'source_phase', 'mix_magnitude', 'ideal_binary_mask', 'source_magnitudes'])
1.0085558891296387 GB allocated
3.9140625 GB reserved
dict_keys(['index', 'mixture_magnitude', 'mixture_phase', 'source_phase', 'mix_magnitude', 'ideal_binary_mask', 'source_magnitudes'])
1.009408950805664 GB allocated
3.9140625 GB reserved
dict_keys(['index', 'mixture_magnitude', 'mixture_phase', 'source_phase', 'mix_magnitude', 'ideal_binary_mask', 'source_magnitudes'])
1.009408950805664 GB allocated
3.9140625 GB reserved
dict_keys(['index', 'mixture_magnitude', 'mixture_phase', 'source_phase', 'mix_magnitude', 'ideal_binary_mask', 'source_magnitudes'])
1.009408950805664 GB allocated
3.9140625 GB reserved
dict_keys(['index', 'mixture_magnitude', 'mixture_phase', 'source_phase', 'mix_magnitude', 'ideal_binary_mask', 'source_magnitudes'])
1.0085558891296387 GB allocated
3.9140625 GB reserved
dict_keys(['index', 'mixture_magnitude', 'mixture_phase', 'source_phase', 'mix_magnitude', 'ideal_binary_mask', 'source_magnitudes'])
1.009408950805664 GB allocated
3.9140625 GB reserved
dict_keys(['index', 'mixture_magnitude', 'mixture_phase', 'source_phase', 'mix_magnitude', 'ideal_binary_mask', 'source_magnitudes'])
1.009408950805664 GB allocated
3.9140625 GB reserved
dict_keys(['index', 'mixture_magnitude', 'mixture_phase', 'source_phase', 'mix_magnitude', 'ideal_binary_mask', 'source_magnitudes'])
1.009408950805664 GB allocated
3.9140625 GB reserved
dict_keys(['index', 'mixture_magnitude', 'mixture_phase', 'source_phase', 'mix_magnitude', 'ideal_binary_mask', 'source_magnitudes'])
1.0085558891296387 GB allocated
3.9140625 GB reserved
dict_keys(['index', 'mixture_magnitude', 'mixture_phase', 'source_phase', 'mix_magnitude', 'ideal_binary_mask', 'source_magnitudes'])
1.009408950805664 GB allocated
3.9140625 GB reserved
dict_keys(['index', 'mixture_magnitude', 'mixture_phase', 'source_phase', 'mix_magnitude', 'ideal_binary_mask', 'source_magnitudes'])
1.009408950805664 GB allocated
3.9140625 GB reserved
dict_keys(['index', 'mixture_magnitude', 'mixture_phase', 'source_phase', 'mix_magnitude', 'ideal_binary_mask', 'source_magnitudes'])
1.009408950805664 GB allocated
3.9140625 GB reserved
dict_keys(['index', 'mixture_magnitude', 'mixture_phase', 'source_phase', 'mix_magnitude', 'ideal_binary_mask', 'source_magnitudes'])
1.0085558891296387 GB allocated
3.9140625 GB reserved
dict_keys(['index', 'mixture_magnitude', 'mixture_phase', 'source_phase', 'mix_magnitude', 'ideal_binary_mask', 'source_magnitudes'])
1.009408950805664 GB allocated
3.9140625 GB reserved
dict_keys(['index', 'mixture_magnitude', 'mixture_phase', 'source_phase', 'mix_magnitude', 'ideal_binary_mask', 'source_magnitudes'])
1.009408950805664 GB allocated
3.9140625 GB reserved
dict_keys(['index', 'mixture_magnitude', 'mixture_phase', 'source_phase', 'mix_magnitude', 'ideal_binary_mask', 'source_magnitudes'])
1.009408950805664 GB allocated
3.9140625 GB reserved
dict_keys(['index', 'mixture_magnitude', 'mixture_phase', 'source_phase', 'mix_magnitude', 'ideal_binary_mask', 'source_magnitudes'])
1.0085558891296387 GB allocated
3.9140625 GB reserved
dict_keys(['index', 'mixture_magnitude', 'mixture_phase', 'source_phase', 'mix_magnitude', 'ideal_binary_mask', 'source_magnitudes'])
1.009408950805664 GB allocated
3.9140625 GB reserved
dict_keys(['index', 'mixture_magnitude', 'mixture_phase', 'source_phase', 'mix_magnitude', 'ideal_binary_mask', 'source_magnitudes'])
1.009408950805664 GB allocated
3.9140625 GB reserved
dict_keys(['index', 'mixture_magnitude', 'mixture_phase', 'source_phase', 'mix_magnitude', 'ideal_binary_mask', 'source_magnitudes'])
1.009408950805664 GB allocated
3.9140625 GB reserved
dict_keys(['index', 'mixture_magnitude', 'mixture_phase', 'source_phase', 'mix_magnitude', 'ideal_binary_mask', 'source_magnitudes'])
1.0085558891296387 GB allocated
3.9140625 GB reserved
dict_keys(['index', 'mixture_magnitude', 'mixture_phase', 'source_phase', 'mix_magnitude', 'ideal_binary_mask', 'source_magnitudes'])
1.009408950805664 GB allocated
3.9140625 GB reserved
dict_keys(['index', 'mixture_magnitude', 'mixture_phase', 'source_phase', 'mix_magnitude', 'ideal_binary_mask', 'source_magnitudes'])
1.009408950805664 GB allocated
3.9140625 GB reserved
dict_keys(['index', 'mixture_magnitude', 'mixture_phase', 'source_phase', 'mix_magnitude', 'ideal_binary_mask', 'source_magnitudes'])
06/13/2026 05:57:02 AM | engine.py:906 Engine run starting with max_epochs=1.
06/13/2026 05:58:03 AM | engine.py:1010 Epoch[1] Complete. Time taken: 00:01:01.491
1.009408950805664 GB allocated
3.9140625 GB reserved
dict_keys(['index', 'mixture_magnitude', 'mixture_phase', 'source_phase', 'mix_magnitude', 'ideal_binary_mask', 'source_magnitudes'])
1.0085558891296387 GB allocated
3.9140625 GB reserved
dict_keys(['index', 'mixture_magnitude', 'mixture_phase', 'source_phase', 'mix_magnitude', 'ideal_binary_mask', 'source_magnitudes'])
1.009408950805664 GB allocated
3.9140625 GB reserved
dict_keys(['index', 'mixture_magnitude', 'mixture_phase', 'source_phase', 'mix_magnitude', 'ideal_binary_mask', 'source_magnitudes'])
1.009408950805664 GB allocated
3.9140625 GB reserved
dict_keys(['index', 'mixture_magnitude', 'mixture_phase', 'source_phase', 'mix_magnitude', 'ideal_binary_mask', 'source_magnitudes'])
1.009408950805664 GB allocated
3.9140625 GB reserved
dict_keys(['index', 'mixture_magnitude', 'mixture_phase', 'source_phase', 'mix_magnitude', 'ideal_binary_mask', 'source_magnitudes'])
1.0085558891296387 GB allocated
3.9140625 GB reserved
dict_keys(['index', 'mixture_magnitude', 'mixture_phase', 'source_phase', 'mix_magnitude', 'ideal_binary_mask', 'source_magnitudes'])
1.009408950805664 GB allocated
3.9140625 GB reserved
dict_keys(['index', 'mixture_magnitude', 'mixture_phase', 'source_phase', 'mix_magnitude', 'ideal_binary_mask', 'source_magnitudes'])
1.009408950805664 GB allocated
3.9140625 GB reserved
dict_keys(['index', 'mixture_magnitude', 'mixture_phase', 'source_phase', 'mix_magnitude', 'ideal_binary_mask', 'source_magnitudes'])
1.009408950805664 GB allocated
3.9140625 GB reserved
dict_keys(['index', 'mixture_magnitude', 'mixture_phase', 'source_phase', 'mix_magnitude', 'ideal_binary_mask', 'source_magnitudes'])
1.0085558891296387 GB allocated
3.9140625 GB reserved
dict_keys(['index', 'mixture_magnitude', 'mixture_phase', 'source_phase', 'mix_magnitude', 'ideal_binary_mask', 'source_magnitudes'])
1.009408950805664 GB allocated
3.9140625 GB reserved
dict_keys(['index', 'mixture_magnitude', 'mixture_phase', 'source_phase', 'mix_magnitude', 'ideal_binary_mask', 'source_magnitudes'])
1.009408950805664 GB allocated
3.9140625 GB reserved
dict_keys(['index', 'mixture_magnitude', 'mixture_phase', 'source_phase', 'mix_magnitude', 'ideal_binary_mask', 'source_magnitudes'])
1.009408950805664 GB allocated
3.9140625 GB reserved
dict_keys(['index', 'mixture_magnitude', 'mixture_phase', 'source_phase', 'mix_magnitude', 'ideal_binary_mask', 'source_magnitudes'])
1.0085558891296387 GB allocated
3.9140625 GB reserved
dict_keys(['index', 'mixture_magnitude', 'mixture_phase', 'source_phase', 'mix_magnitude', 'ideal_binary_mask', 'source_magnitudes'])
1.009408950805664 GB allocated
3.9140625 GB reserved
dict_keys(['index', 'mixture_magnitude', 'mixture_phase', 'source_phase', 'mix_magnitude', 'ideal_binary_mask', 'source_magnitudes'])
1.009408950805664 GB allocated
3.9140625 GB reserved
dict_keys(['index', 'mixture_magnitude', 'mixture_phase', 'source_phase', 'mix_magnitude', 'ideal_binary_mask', 'source_magnitudes'])
1.009408950805664 GB allocated
3.9140625 GB reserved
dict_keys(['index', 'mixture_magnitude', 'mixture_phase', 'source_phase', 'mix_magnitude', 'ideal_binary_mask', 'source_magnitudes'])
1.0085558891296387 GB allocated
3.9140625 GB reserved
dict_keys(['index', 'mixture_magnitude', 'mixture_phase', 'source_phase', 'mix_magnitude', 'ideal_binary_mask', 'source_magnitudes'])
1.009408950805664 GB allocated
3.9140625 GB reserved
dict_keys(['index', 'mixture_magnitude', 'mixture_phase', 'source_phase', 'mix_magnitude', 'ideal_binary_mask', 'source_magnitudes'])
1.009408950805664 GB allocated
3.9140625 GB reserved
dict_keys(['index', 'mixture_magnitude', 'mixture_phase', 'source_phase', 'mix_magnitude', 'ideal_binary_mask', 'source_magnitudes'])
1.009408950805664 GB allocated
3.9140625 GB reserved
dict_keys(['index', 'mixture_magnitude', 'mixture_phase', 'source_phase', 'mix_magnitude', 'ideal_binary_mask', 'source_magnitudes'])
1.0085558891296387 GB allocated
3.9140625 GB reserved
dict_keys(['index', 'mixture_magnitude', 'mixture_phase', 'source_phase', 'mix_magnitude', 'ideal_binary_mask', 'source_magnitudes'])
1.009408950805664 GB allocated
3.9140625 GB reserved
dict_keys(['index', 'mixture_magnitude', 'mixture_phase', 'source_phase', 'mix_magnitude', 'ideal_binary_mask', 'source_magnitudes'])
1.009408950805664 GB allocated
3.9140625 GB reserved
dict_keys(['index', 'mixture_magnitude', 'mixture_phase', 'source_phase', 'mix_magnitude', 'ideal_binary_mask', 'source_magnitudes'])
1.009408950805664 GB allocated
3.9140625 GB reserved
dict_keys(['index', 'mixture_magnitude', 'mixture_phase', 'source_phase', 'mix_magnitude', 'ideal_binary_mask', 'source_magnitudes'])
1.0085558891296387 GB allocated
3.9140625 GB reserved
dict_keys(['index', 'mixture_magnitude', 'mixture_phase', 'source_phase', 'mix_magnitude', 'ideal_binary_mask', 'source_magnitudes'])
1.009408950805664 GB allocated
3.9140625 GB reserved
dict_keys(['index', 'mixture_magnitude', 'mixture_phase', 'source_phase', 'mix_magnitude', 'ideal_binary_mask', 'source_magnitudes'])
1.009408950805664 GB allocated
3.9140625 GB reserved
dict_keys(['index', 'mixture_magnitude', 'mixture_phase', 'source_phase', 'mix_magnitude', 'ideal_binary_mask', 'source_magnitudes'])
1.009408950805664 GB allocated
3.9140625 GB reserved
dict_keys(['index', 'mixture_magnitude', 'mixture_phase', 'source_phase', 'mix_magnitude', 'ideal_binary_mask', 'source_magnitudes'])
1.0085558891296387 GB allocated
3.9140625 GB reserved
dict_keys(['index', 'mixture_magnitude', 'mixture_phase', 'source_phase', 'mix_magnitude', 'ideal_binary_mask', 'source_magnitudes'])
1.009408950805664 GB allocated
3.9140625 GB reserved
dict_keys(['index', 'mixture_magnitude', 'mixture_phase', 'source_phase', 'mix_magnitude', 'ideal_binary_mask', 'source_magnitudes'])
1.009408950805664 GB allocated
3.9140625 GB reserved
dict_keys(['index', 'mixture_magnitude', 'mixture_phase', 'source_phase', 'mix_magnitude', 'ideal_binary_mask', 'source_magnitudes'])
1.009408950805664 GB allocated
3.9140625 GB reserved
dict_keys(['index', 'mixture_magnitude', 'mixture_phase', 'source_phase', 'mix_magnitude', 'ideal_binary_mask', 'source_magnitudes'])
1.0085558891296387 GB allocated
3.9140625 GB reserved
dict_keys(['index', 'mixture_magnitude', 'mixture_phase', 'source_phase', 'mix_magnitude', 'ideal_binary_mask', 'source_magnitudes'])
1.009408950805664 GB allocated
3.9140625 GB reserved
dict_keys(['index', 'mixture_magnitude', 'mixture_phase', 'source_phase', 'mix_magnitude', 'ideal_binary_mask', 'source_magnitudes'])
1.009408950805664 GB allocated
3.9140625 GB reserved
dict_keys(['index', 'mixture_magnitude', 'mixture_phase', 'source_phase', 'mix_magnitude', 'ideal_binary_mask', 'source_magnitudes'])
1.009408950805664 GB allocated
3.9140625 GB reserved
dict_keys(['index', 'mixture_magnitude', 'mixture_phase', 'source_phase', 'mix_magnitude', 'ideal_binary_mask', 'source_magnitudes'])
1.0085558891296387 GB allocated
3.9140625 GB reserved
dict_keys(['index', 'mixture_magnitude', 'mixture_phase', 'source_phase', 'mix_magnitude', 'ideal_binary_mask', 'source_magnitudes'])
1.009408950805664 GB allocated
3.9140625 GB reserved
dict_keys(['index', 'mixture_magnitude', 'mixture_phase', 'source_phase', 'mix_magnitude', 'ideal_binary_mask', 'source_magnitudes'])
1.009408950805664 GB allocated
3.9140625 GB reserved
dict_keys(['index', 'mixture_magnitude', 'mixture_phase', 'source_phase', 'mix_magnitude', 'ideal_binary_mask', 'source_magnitudes'])
1.009408950805664 GB allocated
3.9140625 GB reserved
dict_keys(['index', 'mixture_magnitude', 'mixture_phase', 'source_phase', 'mix_magnitude', 'ideal_binary_mask', 'source_magnitudes'])
1.0085558891296387 GB allocated
3.9140625 GB reserved
dict_keys(['index', 'mixture_magnitude', 'mixture_phase', 'source_phase', 'mix_magnitude', 'ideal_binary_mask', 'source_magnitudes'])
1.009408950805664 GB allocated
3.9140625 GB reserved
dict_keys(['index', 'mixture_magnitude', 'mixture_phase', 'source_phase', 'mix_magnitude', 'ideal_binary_mask', 'source_magnitudes'])
1.009408950805664 GB allocated
3.9140625 GB reserved
dict_keys(['index', 'mixture_magnitude', 'mixture_phase', 'source_phase', 'mix_magnitude', 'ideal_binary_mask', 'source_magnitudes'])
1.009408950805664 GB allocated
3.9140625 GB reserved
dict_keys(['index', 'mixture_magnitude', 'mixture_phase', 'source_phase', 'mix_magnitude', 'ideal_binary_mask', 'source_magnitudes'])
1.0085558891296387 GB allocated
3.9140625 GB reserved
dict_keys(['index', 'mixture_magnitude', 'mixture_phase', 'source_phase', 'mix_magnitude', 'ideal_binary_mask', 'source_magnitudes'])
1.009408950805664 GB allocated
3.9140625 GB reserved
dict_keys(['index', 'mixture_magnitude', 'mixture_phase', 'source_phase', 'mix_magnitude', 'ideal_binary_mask', 'source_magnitudes'])
1.009408950805664 GB allocated
3.9140625 GB reserved
dict_keys(['index', 'mixture_magnitude', 'mixture_phase', 'source_phase', 'mix_magnitude', 'ideal_binary_mask', 'source_magnitudes'])
1.009408950805664 GB allocated
3.9140625 GB reserved
dict_keys(['index', 'mixture_magnitude', 'mixture_phase', 'source_phase', 'mix_magnitude', 'ideal_binary_mask', 'source_magnitudes'])
1.0085558891296387 GB allocated
3.9140625 GB reserved
dict_keys(['index', 'mixture_magnitude', 'mixture_phase', 'source_phase', 'mix_magnitude', 'ideal_binary_mask', 'source_magnitudes'])
1.009408950805664 GB allocated
3.9140625 GB reserved
dict_keys(['index', 'mixture_magnitude', 'mixture_phase', 'source_phase', 'mix_magnitude', 'ideal_binary_mask', 'source_magnitudes'])
1.009408950805664 GB allocated
3.9140625 GB reserved
dict_keys(['index', 'mixture_magnitude', 'mixture_phase', 'source_phase', 'mix_magnitude', 'ideal_binary_mask', 'source_magnitudes'])
1.009408950805664 GB allocated
3.9140625 GB reserved
dict_keys(['index', 'mixture_magnitude', 'mixture_phase', 'source_phase', 'mix_magnitude', 'ideal_binary_mask', 'source_magnitudes'])
1.0085558891296387 GB allocated
3.9140625 GB reserved
dict_keys(['index', 'mixture_magnitude', 'mixture_phase', 'source_phase', 'mix_magnitude', 'ideal_binary_mask', 'source_magnitudes'])
1.009408950805664 GB allocated
3.9140625 GB reserved
dict_keys(['index', 'mixture_magnitude', 'mixture_phase', 'source_phase', 'mix_magnitude', 'ideal_binary_mask', 'source_magnitudes'])
1.009408950805664 GB allocated
3.9140625 GB reserved
dict_keys(['index', 'mixture_magnitude', 'mixture_phase', 'source_phase', 'mix_magnitude', 'ideal_binary_mask', 'source_magnitudes'])
1.009408950805664 GB allocated
3.9140625 GB reserved
dict_keys(['index', 'mixture_magnitude', 'mixture_phase', 'source_phase', 'mix_magnitude', 'ideal_binary_mask', 'source_magnitudes'])
[Validator] Epoch 5 - val_loss: 0.000023
[BEST CHECKPOINT] Guardado/actualizado en: checkpoints\Mis_modelos_v2\advanced\lpsa_phase checkpoints\4stems\best_checkpoint_5_val_loss=-0.0000.pt
06/13/2026 05:58:03 AM | engine.py:1037 Engine run finished. Time taken: 00:01:01.493
[Epoch 5] train_loss=0.000020 | val_loss=0.000023
06/13/2026 05:58:03 AM | engine.py:1010 Epoch[5] Complete. Time taken: 00:17:35.198
1.0085558891296387 GB allocated
3.9140625 GB reserved
dict_keys(['index', 'mixture_magnitude', 'mixture_phase', 'source_phase', 'mix_magnitude', 'ideal_binary_mask', 'source_magnitudes'])
1.009408950805664 GB allocated
3.9140625 GB reserved
dict_keys(['index', 'mixture_magnitude', 'mixture_phase', 'source_phase', 'mix_magnitude', 'ideal_binary_mask', 'source_magnitudes'])
1.009408950805664 GB allocated
3.9140625 GB reserved
dict_keys(['index', 'mixture_magnitude', 'mixture_phase', 'source_phase', 'mix_magnitude', 'ideal_binary_mask', 'source_magnitudes'])
1.009408950805664 GB allocated
3.9140625 GB reserved
dict_keys(['index', 'mixture_magnitude', 'mixture_phase', 'source_phase', 'mix_magnitude', 'ideal_binary_mask', 'source_magnitudes'])
1.0085558891296387 GB allocated
3.9140625 GB reserved
dict_keys(['index', 'mixture_magnitude', 'mixture_phase', 'source_phase', 'mix_magnitude', 'ideal_binary_mask', 'source_magnitudes'])
1.009408950805664 GB allocated
3.9140625 GB reserved
dict_keys(['index', 'mixture_magnitude', 'mixture_phase', 'source_phase', 'mix_magnitude', 'ideal_binary_mask', 'source_magnitudes'])
1.009408950805664 GB allocated
3.9140625 GB reserved
dict_keys(['index', 'mixture_magnitude', 'mixture_phase', 'source_phase', 'mix_magnitude', 'ideal_binary_mask', 'source_magnitudes'])
1.009408950805664 GB allocated
3.9140625 GB reserved
dict_keys(['index', 'mixture_magnitude', 'mixture_phase', 'source_phase', 'mix_magnitude', 'ideal_binary_mask', 'source_magnitudes'])
1.0085558891296387 GB allocated
3.9140625 GB reserved
dict_keys(['index', 'mixture_magnitude', 'mixture_phase', 'source_phase', 'mix_magnitude', 'ideal_binary_mask', 'source_magnitudes'])
1.009408950805664 GB allocated
3.9140625 GB reserved
dict_keys(['index', 'mixture_magnitude', 'mixture_phase', 'source_phase', 'mix_magnitude', 'ideal_binary_mask', 'source_magnitudes'])
1.009408950805664 GB allocated
3.9140625 GB reserved
dict_keys(['index', 'mixture_magnitude', 'mixture_phase', 'source_phase', 'mix_magnitude', 'ideal_binary_mask', 'source_magnitudes'])
1.009408950805664 GB allocated
3.9140625 GB reserved
dict_keys(['index', 'mixture_magnitude', 'mixture_phase', 'source_phase', 'mix_magnitude', 'ideal_binary_mask', 'source_magnitudes'])
1.0085558891296387 GB allocated
3.9140625 GB reserved
dict_keys(['index', 'mixture_magnitude', 'mixture_phase', 'source_phase', 'mix_magnitude', 'ideal_binary_mask', 'source_magnitudes'])
1.009408950805664 GB allocated
3.9140625 GB reserved
dict_keys(['index', 'mixture_magnitude', 'mixture_phase', 'source_phase', 'mix_magnitude', 'ideal_binary_mask', 'source_magnitudes'])
1.009408950805664 GB allocated
3.9140625 GB reserved
dict_keys(['index', 'mixture_magnitude', 'mixture_phase', 'source_phase', 'mix_magnitude', 'ideal_binary_mask', 'source_magnitudes'])
1.009408950805664 GB allocated
3.9140625 GB reserved
dict_keys(['index', 'mixture_magnitude', 'mixture_phase', 'source_phase', 'mix_magnitude', 'ideal_binary_mask', 'source_magnitudes'])
1.0085558891296387 GB allocated
3.9140625 GB reserved
dict_keys(['index', 'mixture_magnitude', 'mixture_phase', 'source_phase', 'mix_magnitude', 'ideal_binary_mask', 'source_magnitudes'])
1.009408950805664 GB allocated
3.9140625 GB reserved
dict_keys(['index', 'mixture_magnitude', 'mixture_phase', 'source_phase', 'mix_magnitude', 'ideal_binary_mask', 'source_magnitudes'])
1.009408950805664 GB allocated
3.9140625 GB reserved
dict_keys(['index', 'mixture_magnitude', 'mixture_phase', 'source_phase', 'mix_magnitude', 'ideal_binary_mask', 'source_magnitudes'])
1.009408950805664 GB allocated
3.9140625 GB reserved
dict_keys(['index', 'mixture_magnitude', 'mixture_phase', 'source_phase', 'mix_magnitude', 'ideal_binary_mask', 'source_magnitudes'])
1.0085558891296387 GB allocated
3.9140625 GB reserved
dict_keys(['index', 'mixture_magnitude', 'mixture_phase', 'source_phase', 'mix_magnitude', 'ideal_binary_mask', 'source_magnitudes'])
1.009408950805664 GB allocated
3.9140625 GB reserved
dict_keys(['index', 'mixture_magnitude', 'mixture_phase', 'source_phase', 'mix_magnitude', 'ideal_binary_mask', 'source_magnitudes'])
1.009408950805664 GB allocated
3.9140625 GB reserved
dict_keys(['index', 'mixture_magnitude', 'mixture_phase', 'source_phase', 'mix_magnitude', 'ideal_binary_mask', 'source_magnitudes'])
1.009408950805664 GB allocated
3.9140625 GB reserved
dict_keys(['index', 'mixture_magnitude', 'mixture_phase', 'source_phase', 'mix_magnitude', 'ideal_binary_mask', 'source_magnitudes'])
1.0085558891296387 GB allocated
3.9140625 GB reserved
dict_keys(['index', 'mixture_magnitude', 'mixture_phase', 'source_phase', 'mix_magnitude', 'ideal_binary_mask', 'source_magnitudes'])
1.009408950805664 GB allocated
3.9140625 GB reserved
dict_keys(['index', 'mixture_magnitude', 'mixture_phase', 'source_phase', 'mix_magnitude', 'ideal_binary_mask', 'source_magnitudes'])
1.009408950805664 GB allocated
3.9140625 GB reserved
dict_keys(['index', 'mixture_magnitude', 'mixture_phase', 'source_phase', 'mix_magnitude', 'ideal_binary_mask', 'source_magnitudes'])
1.009408950805664 GB allocated
3.9140625 GB reserved
dict_keys(['index', 'mixture_magnitude', 'mixture_phase', 'source_phase', 'mix_magnitude', 'ideal_binary_mask', 'source_magnitudes'])
1.0085558891296387 GB allocated
3.9140625 GB reserved
dict_keys(['index', 'mixture_magnitude', 'mixture_phase', 'source_phase', 'mix_magnitude', 'ideal_binary_mask', 'source_magnitudes'])
1.009408950805664 GB allocated
3.9140625 GB reserved
dict_keys(['index', 'mixture_magnitude', 'mixture_phase', 'source_phase', 'mix_magnitude', 'ideal_binary_mask', 'source_magnitudes'])
1.009408950805664 GB allocated
3.9140625 GB reserved
dict_keys(['index', 'mixture_magnitude', 'mixture_phase', 'source_phase', 'mix_magnitude', 'ideal_binary_mask', 'source_magnitudes'])
1.009408950805664 GB allocated
3.9140625 GB reserved
dict_keys(['index', 'mixture_magnitude', 'mixture_phase', 'source_phase', 'mix_magnitude', 'ideal_binary_mask', 'source_magnitudes'])
1.0085558891296387 GB allocated
3.9140625 GB reserved
dict_keys(['index', 'mixture_magnitude', 'mixture_phase', 'source_phase', 'mix_magnitude', 'ideal_binary_mask', 'source_magnitudes'])
1.009408950805664 GB allocated
3.9140625 GB reserved
dict_keys(['index', 'mixture_magnitude', 'mixture_phase', 'source_phase', 'mix_magnitude', 'ideal_binary_mask', 'source_magnitudes'])
1.009408950805664 GB allocated
3.9140625 GB reserved
dict_keys(['index', 'mixture_magnitude', 'mixture_phase', 'source_phase', 'mix_magnitude', 'ideal_binary_mask', 'source_magnitudes'])
1.009408950805664 GB allocated
3.9140625 GB reserved
dict_keys(['index', 'mixture_magnitude', 'mixture_phase', 'source_phase', 'mix_magnitude', 'ideal_binary_mask', 'source_magnitudes'])
1.0085558891296387 GB allocated
3.9140625 GB reserved
dict_keys(['index', 'mixture_magnitude', 'mixture_phase', 'source_phase', 'mix_magnitude', 'ideal_binary_mask', 'source_magnitudes'])
1.009408950805664 GB allocated
3.9140625 GB reserved
dict_keys(['index', 'mixture_magnitude', 'mixture_phase', 'source_phase', 'mix_magnitude', 'ideal_binary_mask', 'source_magnitudes'])
1.009408950805664 GB allocated
3.9140625 GB reserved
dict_keys(['index', 'mixture_magnitude', 'mixture_phase', 'source_phase', 'mix_magnitude', 'ideal_binary_mask', 'source_magnitudes'])
1.009408950805664 GB allocated
3.9140625 GB reserved
dict_keys(['index', 'mixture_magnitude', 'mixture_phase', 'source_phase', 'mix_magnitude', 'ideal_binary_mask', 'source_magnitudes'])
1.0085558891296387 GB allocated
3.9140625 GB reserved
dict_keys(['index', 'mixture_magnitude', 'mixture_phase', 'source_phase', 'mix_magnitude', 'ideal_binary_mask', 'source_magnitudes'])
1.009408950805664 GB allocated
3.9140625 GB reserved
dict_keys(['index', 'mixture_magnitude', 'mixture_phase', 'source_phase', 'mix_magnitude', 'ideal_binary_mask', 'source_magnitudes'])
1.009408950805664 GB allocated
3.9140625 GB reserved
dict_keys(['index', 'mixture_magnitude', 'mixture_phase', 'source_phase', 'mix_magnitude', 'ideal_binary_mask', 'source_magnitudes'])
06/13/2026 06:14:29 AM | engine.py:906 Engine run starting with max_epochs=1.
06/13/2026 06:15:30 AM | engine.py:1010 Epoch[1] Complete. Time taken: 00:01:01.257
1.009408950805664 GB allocated
3.9140625 GB reserved
dict_keys(['index', 'mixture_magnitude', 'mixture_phase', 'source_phase', 'mix_magnitude', 'ideal_binary_mask', 'source_magnitudes'])
1.0085558891296387 GB allocated
3.9140625 GB reserved
dict_keys(['index', 'mixture_magnitude', 'mixture_phase', 'source_phase', 'mix_magnitude', 'ideal_binary_mask', 'source_magnitudes'])
1.009408950805664 GB allocated
3.9140625 GB reserved
dict_keys(['index', 'mixture_magnitude', 'mixture_phase', 'source_phase', 'mix_magnitude', 'ideal_binary_mask', 'source_magnitudes'])
1.009408950805664 GB allocated
3.9140625 GB reserved
dict_keys(['index', 'mixture_magnitude', 'mixture_phase', 'source_phase', 'mix_magnitude', 'ideal_binary_mask', 'source_magnitudes'])
1.009408950805664 GB allocated
3.9140625 GB reserved
dict_keys(['index', 'mixture_magnitude', 'mixture_phase', 'source_phase', 'mix_magnitude', 'ideal_binary_mask', 'source_magnitudes'])
1.0085558891296387 GB allocated
3.9140625 GB reserved
dict_keys(['index', 'mixture_magnitude', 'mixture_phase', 'source_phase', 'mix_magnitude', 'ideal_binary_mask', 'source_magnitudes'])
1.009408950805664 GB allocated
3.9140625 GB reserved
dict_keys(['index', 'mixture_magnitude', 'mixture_phase', 'source_phase', 'mix_magnitude', 'ideal_binary_mask', 'source_magnitudes'])
1.009408950805664 GB allocated
3.9140625 GB reserved
dict_keys(['index', 'mixture_magnitude', 'mixture_phase', 'source_phase', 'mix_magnitude', 'ideal_binary_mask', 'source_magnitudes'])
1.009408950805664 GB allocated
3.9140625 GB reserved
dict_keys(['index', 'mixture_magnitude', 'mixture_phase', 'source_phase', 'mix_magnitude', 'ideal_binary_mask', 'source_magnitudes'])
1.0085558891296387 GB allocated
3.9140625 GB reserved
dict_keys(['index', 'mixture_magnitude', 'mixture_phase', 'source_phase', 'mix_magnitude', 'ideal_binary_mask', 'source_magnitudes'])
1.009408950805664 GB allocated
3.9140625 GB reserved
dict_keys(['index', 'mixture_magnitude', 'mixture_phase', 'source_phase', 'mix_magnitude', 'ideal_binary_mask', 'source_magnitudes'])
1.009408950805664 GB allocated
3.9140625 GB reserved
dict_keys(['index', 'mixture_magnitude', 'mixture_phase', 'source_phase', 'mix_magnitude', 'ideal_binary_mask', 'source_magnitudes'])
1.009408950805664 GB allocated
3.9140625 GB reserved
dict_keys(['index', 'mixture_magnitude', 'mixture_phase', 'source_phase', 'mix_magnitude', 'ideal_binary_mask', 'source_magnitudes'])
1.0085558891296387 GB allocated
3.9140625 GB reserved
dict_keys(['index', 'mixture_magnitude', 'mixture_phase', 'source_phase', 'mix_magnitude', 'ideal_binary_mask', 'source_magnitudes'])
1.009408950805664 GB allocated
3.9140625 GB reserved
dict_keys(['index', 'mixture_magnitude', 'mixture_phase', 'source_phase', 'mix_magnitude', 'ideal_binary_mask', 'source_magnitudes'])
1.009408950805664 GB allocated
3.9140625 GB reserved
dict_keys(['index', 'mixture_magnitude', 'mixture_phase', 'source_phase', 'mix_magnitude', 'ideal_binary_mask', 'source_magnitudes'])
1.009408950805664 GB allocated
3.9140625 GB reserved
dict_keys(['index', 'mixture_magnitude', 'mixture_phase', 'source_phase', 'mix_magnitude', 'ideal_binary_mask', 'source_magnitudes'])
1.0085558891296387 GB allocated
3.9140625 GB reserved
dict_keys(['index', 'mixture_magnitude', 'mixture_phase', 'source_phase', 'mix_magnitude', 'ideal_binary_mask', 'source_magnitudes'])
1.009408950805664 GB allocated
3.9140625 GB reserved
dict_keys(['index', 'mixture_magnitude', 'mixture_phase', 'source_phase', 'mix_magnitude', 'ideal_binary_mask', 'source_magnitudes'])
1.009408950805664 GB allocated
3.9140625 GB reserved
dict_keys(['index', 'mixture_magnitude', 'mixture_phase', 'source_phase', 'mix_magnitude', 'ideal_binary_mask', 'source_magnitudes'])
1.009408950805664 GB allocated
3.9140625 GB reserved
dict_keys(['index', 'mixture_magnitude', 'mixture_phase', 'source_phase', 'mix_magnitude', 'ideal_binary_mask', 'source_magnitudes'])
1.0085558891296387 GB allocated
3.9140625 GB reserved
dict_keys(['index', 'mixture_magnitude', 'mixture_phase', 'source_phase', 'mix_magnitude', 'ideal_binary_mask', 'source_magnitudes'])
1.009408950805664 GB allocated
3.9140625 GB reserved
dict_keys(['index', 'mixture_magnitude', 'mixture_phase', 'source_phase', 'mix_magnitude', 'ideal_binary_mask', 'source_magnitudes'])
1.009408950805664 GB allocated
3.9140625 GB reserved
dict_keys(['index', 'mixture_magnitude', 'mixture_phase', 'source_phase', 'mix_magnitude', 'ideal_binary_mask', 'source_magnitudes'])
1.009408950805664 GB allocated
3.9140625 GB reserved
dict_keys(['index', 'mixture_magnitude', 'mixture_phase', 'source_phase', 'mix_magnitude', 'ideal_binary_mask', 'source_magnitudes'])
1.0085558891296387 GB allocated
3.9140625 GB reserved
dict_keys(['index', 'mixture_magnitude', 'mixture_phase', 'source_phase', 'mix_magnitude', 'ideal_binary_mask', 'source_magnitudes'])
1.009408950805664 GB allocated
3.9140625 GB reserved
dict_keys(['index', 'mixture_magnitude', 'mixture_phase', 'source_phase', 'mix_magnitude', 'ideal_binary_mask', 'source_magnitudes'])
1.009408950805664 GB allocated
3.9140625 GB reserved
dict_keys(['index', 'mixture_magnitude', 'mixture_phase', 'source_phase', 'mix_magnitude', 'ideal_binary_mask', 'source_magnitudes'])
1.009408950805664 GB allocated
3.9140625 GB reserved
dict_keys(['index', 'mixture_magnitude', 'mixture_phase', 'source_phase', 'mix_magnitude', 'ideal_binary_mask', 'source_magnitudes'])
1.0085558891296387 GB allocated
3.9140625 GB reserved
dict_keys(['index', 'mixture_magnitude', 'mixture_phase', 'source_phase', 'mix_magnitude', 'ideal_binary_mask', 'source_magnitudes'])
1.009408950805664 GB allocated
3.9140625 GB reserved
dict_keys(['index', 'mixture_magnitude', 'mixture_phase', 'source_phase', 'mix_magnitude', 'ideal_binary_mask', 'source_magnitudes'])
1.009408950805664 GB allocated
3.9140625 GB reserved
dict_keys(['index', 'mixture_magnitude', 'mixture_phase', 'source_phase', 'mix_magnitude', 'ideal_binary_mask', 'source_magnitudes'])
1.009408950805664 GB allocated
3.9140625 GB reserved
dict_keys(['index', 'mixture_magnitude', 'mixture_phase', 'source_phase', 'mix_magnitude', 'ideal_binary_mask', 'source_magnitudes'])
1.0085558891296387 GB allocated
3.9140625 GB reserved
dict_keys(['index', 'mixture_magnitude', 'mixture_phase', 'source_phase', 'mix_magnitude', 'ideal_binary_mask', 'source_magnitudes'])
1.009408950805664 GB allocated
3.9140625 GB reserved
dict_keys(['index', 'mixture_magnitude', 'mixture_phase', 'source_phase', 'mix_magnitude', 'ideal_binary_mask', 'source_magnitudes'])
1.009408950805664 GB allocated
3.9140625 GB reserved
dict_keys(['index', 'mixture_magnitude', 'mixture_phase', 'source_phase', 'mix_magnitude', 'ideal_binary_mask', 'source_magnitudes'])
1.009408950805664 GB allocated
3.9140625 GB reserved
dict_keys(['index', 'mixture_magnitude', 'mixture_phase', 'source_phase', 'mix_magnitude', 'ideal_binary_mask', 'source_magnitudes'])
1.0085558891296387 GB allocated
3.9140625 GB reserved
dict_keys(['index', 'mixture_magnitude', 'mixture_phase', 'source_phase', 'mix_magnitude', 'ideal_binary_mask', 'source_magnitudes'])
1.009408950805664 GB allocated
3.9140625 GB reserved
dict_keys(['index', 'mixture_magnitude', 'mixture_phase', 'source_phase', 'mix_magnitude', 'ideal_binary_mask', 'source_magnitudes'])
1.009408950805664 GB allocated
3.9140625 GB reserved
dict_keys(['index', 'mixture_magnitude', 'mixture_phase', 'source_phase', 'mix_magnitude', 'ideal_binary_mask', 'source_magnitudes'])
1.009408950805664 GB allocated
3.9140625 GB reserved
dict_keys(['index', 'mixture_magnitude', 'mixture_phase', 'source_phase', 'mix_magnitude', 'ideal_binary_mask', 'source_magnitudes'])
1.0085558891296387 GB allocated
3.9140625 GB reserved
dict_keys(['index', 'mixture_magnitude', 'mixture_phase', 'source_phase', 'mix_magnitude', 'ideal_binary_mask', 'source_magnitudes'])
1.009408950805664 GB allocated
3.9140625 GB reserved
dict_keys(['index', 'mixture_magnitude', 'mixture_phase', 'source_phase', 'mix_magnitude', 'ideal_binary_mask', 'source_magnitudes'])
1.009408950805664 GB allocated
3.9140625 GB reserved
dict_keys(['index', 'mixture_magnitude', 'mixture_phase', 'source_phase', 'mix_magnitude', 'ideal_binary_mask', 'source_magnitudes'])
1.009408950805664 GB allocated
3.9140625 GB reserved
dict_keys(['index', 'mixture_magnitude', 'mixture_phase', 'source_phase', 'mix_magnitude', 'ideal_binary_mask', 'source_magnitudes'])
1.0085558891296387 GB allocated
3.9140625 GB reserved
dict_keys(['index', 'mixture_magnitude', 'mixture_phase', 'source_phase', 'mix_magnitude', 'ideal_binary_mask', 'source_magnitudes'])
1.009408950805664 GB allocated
3.9140625 GB reserved
dict_keys(['index', 'mixture_magnitude', 'mixture_phase', 'source_phase', 'mix_magnitude', 'ideal_binary_mask', 'source_magnitudes'])
1.009408950805664 GB allocated
3.9140625 GB reserved
dict_keys(['index', 'mixture_magnitude', 'mixture_phase', 'source_phase', 'mix_magnitude', 'ideal_binary_mask', 'source_magnitudes'])
1.009408950805664 GB allocated
3.9140625 GB reserved
dict_keys(['index', 'mixture_magnitude', 'mixture_phase', 'source_phase', 'mix_magnitude', 'ideal_binary_mask', 'source_magnitudes'])
1.0085558891296387 GB allocated
3.9140625 GB reserved
dict_keys(['index', 'mixture_magnitude', 'mixture_phase', 'source_phase', 'mix_magnitude', 'ideal_binary_mask', 'source_magnitudes'])
1.009408950805664 GB allocated
3.9140625 GB reserved
dict_keys(['index', 'mixture_magnitude', 'mixture_phase', 'source_phase', 'mix_magnitude', 'ideal_binary_mask', 'source_magnitudes'])
1.009408950805664 GB allocated
3.9140625 GB reserved
dict_keys(['index', 'mixture_magnitude', 'mixture_phase', 'source_phase', 'mix_magnitude', 'ideal_binary_mask', 'source_magnitudes'])
1.009408950805664 GB allocated
3.9140625 GB reserved
dict_keys(['index', 'mixture_magnitude', 'mixture_phase', 'source_phase', 'mix_magnitude', 'ideal_binary_mask', 'source_magnitudes'])
1.0085558891296387 GB allocated
3.9140625 GB reserved
dict_keys(['index', 'mixture_magnitude', 'mixture_phase', 'source_phase', 'mix_magnitude', 'ideal_binary_mask', 'source_magnitudes'])
1.009408950805664 GB allocated
3.9140625 GB reserved
dict_keys(['index', 'mixture_magnitude', 'mixture_phase', 'source_phase', 'mix_magnitude', 'ideal_binary_mask', 'source_magnitudes'])
1.009408950805664 GB allocated
3.9140625 GB reserved
dict_keys(['index', 'mixture_magnitude', 'mixture_phase', 'source_phase', 'mix_magnitude', 'ideal_binary_mask', 'source_magnitudes'])
1.009408950805664 GB allocated
3.9140625 GB reserved
dict_keys(['index', 'mixture_magnitude', 'mixture_phase', 'source_phase', 'mix_magnitude', 'ideal_binary_mask', 'source_magnitudes'])
[Validator] Epoch 6 - val_loss: 0.000023
[BEST CHECKPOINT] Guardado/actualizado en: checkpoints\Mis_modelos_v2\advanced\lpsa_phase checkpoints\4stems\best_checkpoint_6_val_loss=-0.0000.pt
06/13/2026 06:15:30 AM | engine.py:1037 Engine run finished. Time taken: 00:01:01.257
[Epoch 6] train_loss=0.000020 | val_loss=0.000023
06/13/2026 06:15:30 AM | engine.py:1010 Epoch[6] Complete. Time taken: 00:17:26.846
1.0085558891296387 GB allocated
3.9140625 GB reserved
dict_keys(['index', 'mixture_magnitude', 'mixture_phase', 'source_phase', 'mix_magnitude', 'ideal_binary_mask', 'source_magnitudes'])
1.009408950805664 GB allocated
3.9140625 GB reserved
dict_keys(['index', 'mixture_magnitude', 'mixture_phase', 'source_phase', 'mix_magnitude', 'ideal_binary_mask', 'source_magnitudes'])
1.009408950805664 GB allocated
3.9140625 GB reserved
dict_keys(['index', 'mixture_magnitude', 'mixture_phase', 'source_phase', 'mix_magnitude', 'ideal_binary_mask', 'source_magnitudes'])
1.009408950805664 GB allocated
3.9140625 GB reserved
dict_keys(['index', 'mixture_magnitude', 'mixture_phase', 'source_phase', 'mix_magnitude', 'ideal_binary_mask', 'source_magnitudes'])
1.0085558891296387 GB allocated
3.9140625 GB reserved
dict_keys(['index', 'mixture_magnitude', 'mixture_phase', 'source_phase', 'mix_magnitude', 'ideal_binary_mask', 'source_magnitudes'])
1.009408950805664 GB allocated
3.9140625 GB reserved
dict_keys(['index', 'mixture_magnitude', 'mixture_phase', 'source_phase', 'mix_magnitude', 'ideal_binary_mask', 'source_magnitudes'])
1.009408950805664 GB allocated
3.9140625 GB reserved
dict_keys(['index', 'mixture_magnitude', 'mixture_phase', 'source_phase', 'mix_magnitude', 'ideal_binary_mask', 'source_magnitudes'])
1.009408950805664 GB allocated
3.9140625 GB reserved
dict_keys(['index', 'mixture_magnitude', 'mixture_phase', 'source_phase', 'mix_magnitude', 'ideal_binary_mask', 'source_magnitudes'])
1.0085558891296387 GB allocated
3.9140625 GB reserved
dict_keys(['index', 'mixture_magnitude', 'mixture_phase', 'source_phase', 'mix_magnitude', 'ideal_binary_mask', 'source_magnitudes'])
1.009408950805664 GB allocated
3.9140625 GB reserved
dict_keys(['index', 'mixture_magnitude', 'mixture_phase', 'source_phase', 'mix_magnitude', 'ideal_binary_mask', 'source_magnitudes'])
1.009408950805664 GB allocated
3.9140625 GB reserved
dict_keys(['index', 'mixture_magnitude', 'mixture_phase', 'source_phase', 'mix_magnitude', 'ideal_binary_mask', 'source_magnitudes'])
1.009408950805664 GB allocated
3.9140625 GB reserved
dict_keys(['index', 'mixture_magnitude', 'mixture_phase', 'source_phase', 'mix_magnitude', 'ideal_binary_mask', 'source_magnitudes'])
1.0085558891296387 GB allocated
3.9140625 GB reserved
dict_keys(['index', 'mixture_magnitude', 'mixture_phase', 'source_phase', 'mix_magnitude', 'ideal_binary_mask', 'source_magnitudes'])
1.009408950805664 GB allocated
3.9140625 GB reserved
dict_keys(['index', 'mixture_magnitude', 'mixture_phase', 'source_phase', 'mix_magnitude', 'ideal_binary_mask', 'source_magnitudes'])
1.009408950805664 GB allocated
3.9140625 GB reserved
dict_keys(['index', 'mixture_magnitude', 'mixture_phase', 'source_phase', 'mix_magnitude', 'ideal_binary_mask', 'source_magnitudes'])
1.009408950805664 GB allocated
3.9140625 GB reserved
dict_keys(['index', 'mixture_magnitude', 'mixture_phase', 'source_phase', 'mix_magnitude', 'ideal_binary_mask', 'source_magnitudes'])
1.0085558891296387 GB allocated
3.9140625 GB reserved
dict_keys(['index', 'mixture_magnitude', 'mixture_phase', 'source_phase', 'mix_magnitude', 'ideal_binary_mask', 'source_magnitudes'])
1.009408950805664 GB allocated
3.9140625 GB reserved
dict_keys(['index', 'mixture_magnitude', 'mixture_phase', 'source_phase', 'mix_magnitude', 'ideal_binary_mask', 'source_magnitudes'])
1.009408950805664 GB allocated
3.9140625 GB reserved
dict_keys(['index', 'mixture_magnitude', 'mixture_phase', 'source_phase', 'mix_magnitude', 'ideal_binary_mask', 'source_magnitudes'])
1.009408950805664 GB allocated
3.9140625 GB reserved
dict_keys(['index', 'mixture_magnitude', 'mixture_phase', 'source_phase', 'mix_magnitude', 'ideal_binary_mask', 'source_magnitudes'])
1.0085558891296387 GB allocated
3.9140625 GB reserved
dict_keys(['index', 'mixture_magnitude', 'mixture_phase', 'source_phase', 'mix_magnitude', 'ideal_binary_mask', 'source_magnitudes'])
1.009408950805664 GB allocated
3.9140625 GB reserved
dict_keys(['index', 'mixture_magnitude', 'mixture_phase', 'source_phase', 'mix_magnitude', 'ideal_binary_mask', 'source_magnitudes'])
1.009408950805664 GB allocated
3.9140625 GB reserved
dict_keys(['index', 'mixture_magnitude', 'mixture_phase', 'source_phase', 'mix_magnitude', 'ideal_binary_mask', 'source_magnitudes'])
1.009408950805664 GB allocated
3.9140625 GB reserved
dict_keys(['index', 'mixture_magnitude', 'mixture_phase', 'source_phase', 'mix_magnitude', 'ideal_binary_mask', 'source_magnitudes'])
1.0085558891296387 GB allocated
3.9140625 GB reserved
dict_keys(['index', 'mixture_magnitude', 'mixture_phase', 'source_phase', 'mix_magnitude', 'ideal_binary_mask', 'source_magnitudes'])
1.009408950805664 GB allocated
3.9140625 GB reserved
dict_keys(['index', 'mixture_magnitude', 'mixture_phase', 'source_phase', 'mix_magnitude', 'ideal_binary_mask', 'source_magnitudes'])
1.009408950805664 GB allocated
3.9140625 GB reserved
dict_keys(['index', 'mixture_magnitude', 'mixture_phase', 'source_phase', 'mix_magnitude', 'ideal_binary_mask', 'source_magnitudes'])
1.009408950805664 GB allocated
3.9140625 GB reserved
dict_keys(['index', 'mixture_magnitude', 'mixture_phase', 'source_phase', 'mix_magnitude', 'ideal_binary_mask', 'source_magnitudes'])
1.0085558891296387 GB allocated
3.9140625 GB reserved
dict_keys(['index', 'mixture_magnitude', 'mixture_phase', 'source_phase', 'mix_magnitude', 'ideal_binary_mask', 'source_magnitudes'])
1.009408950805664 GB allocated
3.9140625 GB reserved
dict_keys(['index', 'mixture_magnitude', 'mixture_phase', 'source_phase', 'mix_magnitude', 'ideal_binary_mask', 'source_magnitudes'])
1.009408950805664 GB allocated
3.9140625 GB reserved
dict_keys(['index', 'mixture_magnitude', 'mixture_phase', 'source_phase', 'mix_magnitude', 'ideal_binary_mask', 'source_magnitudes'])
1.009408950805664 GB allocated
3.9140625 GB reserved
dict_keys(['index', 'mixture_magnitude', 'mixture_phase', 'source_phase', 'mix_magnitude', 'ideal_binary_mask', 'source_magnitudes'])
1.0085558891296387 GB allocated
3.9140625 GB reserved
dict_keys(['index', 'mixture_magnitude', 'mixture_phase', 'source_phase', 'mix_magnitude', 'ideal_binary_mask', 'source_magnitudes'])
1.009408950805664 GB allocated
3.9140625 GB reserved
dict_keys(['index', 'mixture_magnitude', 'mixture_phase', 'source_phase', 'mix_magnitude', 'ideal_binary_mask', 'source_magnitudes'])
1.009408950805664 GB allocated
3.9140625 GB reserved
dict_keys(['index', 'mixture_magnitude', 'mixture_phase', 'source_phase', 'mix_magnitude', 'ideal_binary_mask', 'source_magnitudes'])
1.009408950805664 GB allocated
3.9140625 GB reserved
dict_keys(['index', 'mixture_magnitude', 'mixture_phase', 'source_phase', 'mix_magnitude', 'ideal_binary_mask', 'source_magnitudes'])
1.0085558891296387 GB allocated
3.9140625 GB reserved
dict_keys(['index', 'mixture_magnitude', 'mixture_phase', 'source_phase', 'mix_magnitude', 'ideal_binary_mask', 'source_magnitudes'])
1.009408950805664 GB allocated
3.9140625 GB reserved
dict_keys(['index', 'mixture_magnitude', 'mixture_phase', 'source_phase', 'mix_magnitude', 'ideal_binary_mask', 'source_magnitudes'])
1.009408950805664 GB allocated
3.9140625 GB reserved
dict_keys(['index', 'mixture_magnitude', 'mixture_phase', 'source_phase', 'mix_magnitude', 'ideal_binary_mask', 'source_magnitudes'])
1.009408950805664 GB allocated
3.9140625 GB reserved
dict_keys(['index', 'mixture_magnitude', 'mixture_phase', 'source_phase', 'mix_magnitude', 'ideal_binary_mask', 'source_magnitudes'])
1.0085558891296387 GB allocated
3.9140625 GB reserved
dict_keys(['index', 'mixture_magnitude', 'mixture_phase', 'source_phase', 'mix_magnitude', 'ideal_binary_mask', 'source_magnitudes'])
1.009408950805664 GB allocated
3.9140625 GB reserved
dict_keys(['index', 'mixture_magnitude', 'mixture_phase', 'source_phase', 'mix_magnitude', 'ideal_binary_mask', 'source_magnitudes'])
1.009408950805664 GB allocated
3.9140625 GB reserved
dict_keys(['index', 'mixture_magnitude', 'mixture_phase', 'source_phase', 'mix_magnitude', 'ideal_binary_mask', 'source_magnitudes'])
06/13/2026 06:31:54 AM | engine.py:906 Engine run starting with max_epochs=1.
06/13/2026 06:32:55 AM | engine.py:1010 Epoch[1] Complete. Time taken: 00:01:01.019
1.009408950805664 GB allocated
3.9140625 GB reserved
dict_keys(['index', 'mixture_magnitude', 'mixture_phase', 'source_phase', 'mix_magnitude', 'ideal_binary_mask', 'source_magnitudes'])
1.0085558891296387 GB allocated
3.9140625 GB reserved
dict_keys(['index', 'mixture_magnitude', 'mixture_phase', 'source_phase', 'mix_magnitude', 'ideal_binary_mask', 'source_magnitudes'])
1.009408950805664 GB allocated
3.9140625 GB reserved
dict_keys(['index', 'mixture_magnitude', 'mixture_phase', 'source_phase', 'mix_magnitude', 'ideal_binary_mask', 'source_magnitudes'])
1.009408950805664 GB allocated
3.9140625 GB reserved
dict_keys(['index', 'mixture_magnitude', 'mixture_phase', 'source_phase', 'mix_magnitude', 'ideal_binary_mask', 'source_magnitudes'])
1.009408950805664 GB allocated
3.9140625 GB reserved
dict_keys(['index', 'mixture_magnitude', 'mixture_phase', 'source_phase', 'mix_magnitude', 'ideal_binary_mask', 'source_magnitudes'])
1.0085558891296387 GB allocated
3.9140625 GB reserved
dict_keys(['index', 'mixture_magnitude', 'mixture_phase', 'source_phase', 'mix_magnitude', 'ideal_binary_mask', 'source_magnitudes'])
1.009408950805664 GB allocated
3.9140625 GB reserved
dict_keys(['index', 'mixture_magnitude', 'mixture_phase', 'source_phase', 'mix_magnitude', 'ideal_binary_mask', 'source_magnitudes'])
1.009408950805664 GB allocated
3.9140625 GB reserved
dict_keys(['index', 'mixture_magnitude', 'mixture_phase', 'source_phase', 'mix_magnitude', 'ideal_binary_mask', 'source_magnitudes'])
1.009408950805664 GB allocated
3.9140625 GB reserved
dict_keys(['index', 'mixture_magnitude', 'mixture_phase', 'source_phase', 'mix_magnitude', 'ideal_binary_mask', 'source_magnitudes'])
1.0085558891296387 GB allocated
3.9140625 GB reserved
dict_keys(['index', 'mixture_magnitude', 'mixture_phase', 'source_phase', 'mix_magnitude', 'ideal_binary_mask', 'source_magnitudes'])
1.009408950805664 GB allocated
3.9140625 GB reserved
dict_keys(['index', 'mixture_magnitude', 'mixture_phase', 'source_phase', 'mix_magnitude', 'ideal_binary_mask', 'source_magnitudes'])
1.009408950805664 GB allocated
3.9140625 GB reserved
dict_keys(['index', 'mixture_magnitude', 'mixture_phase', 'source_phase', 'mix_magnitude', 'ideal_binary_mask', 'source_magnitudes'])
1.009408950805664 GB allocated
3.9140625 GB reserved
dict_keys(['index', 'mixture_magnitude', 'mixture_phase', 'source_phase', 'mix_magnitude', 'ideal_binary_mask', 'source_magnitudes'])
1.0085558891296387 GB allocated
3.9140625 GB reserved
dict_keys(['index', 'mixture_magnitude', 'mixture_phase', 'source_phase', 'mix_magnitude', 'ideal_binary_mask', 'source_magnitudes'])
1.009408950805664 GB allocated
3.9140625 GB reserved
dict_keys(['index', 'mixture_magnitude', 'mixture_phase', 'source_phase', 'mix_magnitude', 'ideal_binary_mask', 'source_magnitudes'])
1.009408950805664 GB allocated
3.9140625 GB reserved
dict_keys(['index', 'mixture_magnitude', 'mixture_phase', 'source_phase', 'mix_magnitude', 'ideal_binary_mask', 'source_magnitudes'])
1.009408950805664 GB allocated
3.9140625 GB reserved
dict_keys(['index', 'mixture_magnitude', 'mixture_phase', 'source_phase', 'mix_magnitude', 'ideal_binary_mask', 'source_magnitudes'])
1.0085558891296387 GB allocated
3.9140625 GB reserved
dict_keys(['index', 'mixture_magnitude', 'mixture_phase', 'source_phase', 'mix_magnitude', 'ideal_binary_mask', 'source_magnitudes'])
1.009408950805664 GB allocated
3.9140625 GB reserved
dict_keys(['index', 'mixture_magnitude', 'mixture_phase', 'source_phase', 'mix_magnitude', 'ideal_binary_mask', 'source_magnitudes'])
1.009408950805664 GB allocated
3.9140625 GB reserved
dict_keys(['index', 'mixture_magnitude', 'mixture_phase', 'source_phase', 'mix_magnitude', 'ideal_binary_mask', 'source_magnitudes'])
1.009408950805664 GB allocated
3.9140625 GB reserved
dict_keys(['index', 'mixture_magnitude', 'mixture_phase', 'source_phase', 'mix_magnitude', 'ideal_binary_mask', 'source_magnitudes'])
1.0085558891296387 GB allocated
3.9140625 GB reserved
dict_keys(['index', 'mixture_magnitude', 'mixture_phase', 'source_phase', 'mix_magnitude', 'ideal_binary_mask', 'source_magnitudes'])
1.009408950805664 GB allocated
3.9140625 GB reserved
dict_keys(['index', 'mixture_magnitude', 'mixture_phase', 'source_phase', 'mix_magnitude', 'ideal_binary_mask', 'source_magnitudes'])
1.009408950805664 GB allocated
3.9140625 GB reserved
dict_keys(['index', 'mixture_magnitude', 'mixture_phase', 'source_phase', 'mix_magnitude', 'ideal_binary_mask', 'source_magnitudes'])
1.009408950805664 GB allocated
3.9140625 GB reserved
dict_keys(['index', 'mixture_magnitude', 'mixture_phase', 'source_phase', 'mix_magnitude', 'ideal_binary_mask', 'source_magnitudes'])
1.0085558891296387 GB allocated
3.9140625 GB reserved
dict_keys(['index', 'mixture_magnitude', 'mixture_phase', 'source_phase', 'mix_magnitude', 'ideal_binary_mask', 'source_magnitudes'])
1.009408950805664 GB allocated
3.9140625 GB reserved
dict_keys(['index', 'mixture_magnitude', 'mixture_phase', 'source_phase', 'mix_magnitude', 'ideal_binary_mask', 'source_magnitudes'])
1.009408950805664 GB allocated
3.9140625 GB reserved
dict_keys(['index', 'mixture_magnitude', 'mixture_phase', 'source_phase', 'mix_magnitude', 'ideal_binary_mask', 'source_magnitudes'])
1.009408950805664 GB allocated
3.9140625 GB reserved
dict_keys(['index', 'mixture_magnitude', 'mixture_phase', 'source_phase', 'mix_magnitude', 'ideal_binary_mask', 'source_magnitudes'])
1.0085558891296387 GB allocated
3.9140625 GB reserved
dict_keys(['index', 'mixture_magnitude', 'mixture_phase', 'source_phase', 'mix_magnitude', 'ideal_binary_mask', 'source_magnitudes'])
1.009408950805664 GB allocated
3.9140625 GB reserved
dict_keys(['index', 'mixture_magnitude', 'mixture_phase', 'source_phase', 'mix_magnitude', 'ideal_binary_mask', 'source_magnitudes'])
1.009408950805664 GB allocated
3.9140625 GB reserved
dict_keys(['index', 'mixture_magnitude', 'mixture_phase', 'source_phase', 'mix_magnitude', 'ideal_binary_mask', 'source_magnitudes'])
1.009408950805664 GB allocated
3.9140625 GB reserved
dict_keys(['index', 'mixture_magnitude', 'mixture_phase', 'source_phase', 'mix_magnitude', 'ideal_binary_mask', 'source_magnitudes'])
1.0085558891296387 GB allocated
3.9140625 GB reserved
dict_keys(['index', 'mixture_magnitude', 'mixture_phase', 'source_phase', 'mix_magnitude', 'ideal_binary_mask', 'source_magnitudes'])
1.009408950805664 GB allocated
3.9140625 GB reserved
dict_keys(['index', 'mixture_magnitude', 'mixture_phase', 'source_phase', 'mix_magnitude', 'ideal_binary_mask', 'source_magnitudes'])
1.009408950805664 GB allocated
3.9140625 GB reserved
dict_keys(['index', 'mixture_magnitude', 'mixture_phase', 'source_phase', 'mix_magnitude', 'ideal_binary_mask', 'source_magnitudes'])
1.009408950805664 GB allocated
3.9140625 GB reserved
dict_keys(['index', 'mixture_magnitude', 'mixture_phase', 'source_phase', 'mix_magnitude', 'ideal_binary_mask', 'source_magnitudes'])
1.0085558891296387 GB allocated
3.9140625 GB reserved
dict_keys(['index', 'mixture_magnitude', 'mixture_phase', 'source_phase', 'mix_magnitude', 'ideal_binary_mask', 'source_magnitudes'])
1.009408950805664 GB allocated
3.9140625 GB reserved
dict_keys(['index', 'mixture_magnitude', 'mixture_phase', 'source_phase', 'mix_magnitude', 'ideal_binary_mask', 'source_magnitudes'])
1.009408950805664 GB allocated
3.9140625 GB reserved
dict_keys(['index', 'mixture_magnitude', 'mixture_phase', 'source_phase', 'mix_magnitude', 'ideal_binary_mask', 'source_magnitudes'])
1.009408950805664 GB allocated
3.9140625 GB reserved
dict_keys(['index', 'mixture_magnitude', 'mixture_phase', 'source_phase', 'mix_magnitude', 'ideal_binary_mask', 'source_magnitudes'])
1.0085558891296387 GB allocated
3.9140625 GB reserved
dict_keys(['index', 'mixture_magnitude', 'mixture_phase', 'source_phase', 'mix_magnitude', 'ideal_binary_mask', 'source_magnitudes'])
1.009408950805664 GB allocated
3.9140625 GB reserved
dict_keys(['index', 'mixture_magnitude', 'mixture_phase', 'source_phase', 'mix_magnitude', 'ideal_binary_mask', 'source_magnitudes'])
1.009408950805664 GB allocated
3.9140625 GB reserved
dict_keys(['index', 'mixture_magnitude', 'mixture_phase', 'source_phase', 'mix_magnitude', 'ideal_binary_mask', 'source_magnitudes'])
1.009408950805664 GB allocated
3.9140625 GB reserved
dict_keys(['index', 'mixture_magnitude', 'mixture_phase', 'source_phase', 'mix_magnitude', 'ideal_binary_mask', 'source_magnitudes'])
1.0085558891296387 GB allocated
3.9140625 GB reserved
dict_keys(['index', 'mixture_magnitude', 'mixture_phase', 'source_phase', 'mix_magnitude', 'ideal_binary_mask', 'source_magnitudes'])
1.009408950805664 GB allocated
3.9140625 GB reserved
dict_keys(['index', 'mixture_magnitude', 'mixture_phase', 'source_phase', 'mix_magnitude', 'ideal_binary_mask', 'source_magnitudes'])
1.009408950805664 GB allocated
3.9140625 GB reserved
dict_keys(['index', 'mixture_magnitude', 'mixture_phase', 'source_phase', 'mix_magnitude', 'ideal_binary_mask', 'source_magnitudes'])
1.009408950805664 GB allocated
3.9140625 GB reserved
dict_keys(['index', 'mixture_magnitude', 'mixture_phase', 'source_phase', 'mix_magnitude', 'ideal_binary_mask', 'source_magnitudes'])
1.0085558891296387 GB allocated
3.9140625 GB reserved
dict_keys(['index', 'mixture_magnitude', 'mixture_phase', 'source_phase', 'mix_magnitude', 'ideal_binary_mask', 'source_magnitudes'])
1.009408950805664 GB allocated
3.9140625 GB reserved
dict_keys(['index', 'mixture_magnitude', 'mixture_phase', 'source_phase', 'mix_magnitude', 'ideal_binary_mask', 'source_magnitudes'])
1.009408950805664 GB allocated
3.9140625 GB reserved
dict_keys(['index', 'mixture_magnitude', 'mixture_phase', 'source_phase', 'mix_magnitude', 'ideal_binary_mask', 'source_magnitudes'])
1.009408950805664 GB allocated
3.9140625 GB reserved
dict_keys(['index', 'mixture_magnitude', 'mixture_phase', 'source_phase', 'mix_magnitude', 'ideal_binary_mask', 'source_magnitudes'])
1.0085558891296387 GB allocated
3.9140625 GB reserved
dict_keys(['index', 'mixture_magnitude', 'mixture_phase', 'source_phase', 'mix_magnitude', 'ideal_binary_mask', 'source_magnitudes'])
1.009408950805664 GB allocated
3.9140625 GB reserved
dict_keys(['index', 'mixture_magnitude', 'mixture_phase', 'source_phase', 'mix_magnitude', 'ideal_binary_mask', 'source_magnitudes'])
1.009408950805664 GB allocated
3.9140625 GB reserved
dict_keys(['index', 'mixture_magnitude', 'mixture_phase', 'source_phase', 'mix_magnitude', 'ideal_binary_mask', 'source_magnitudes'])
1.009408950805664 GB allocated
3.9140625 GB reserved
dict_keys(['index', 'mixture_magnitude', 'mixture_phase', 'source_phase', 'mix_magnitude', 'ideal_binary_mask', 'source_magnitudes'])
[Validator] Epoch 7 - val_loss: 0.000022
[BEST CHECKPOINT] Guardado/actualizado en: checkpoints\Mis_modelos_v2\advanced\lpsa_phase checkpoints\4stems\best_checkpoint_7_val_loss=-0.0000.pt
06/13/2026 06:32:55 AM | engine.py:1037 Engine run finished. Time taken: 00:01:01.019
[Epoch 7] train_loss=0.000020 | val_loss=0.000022
06/13/2026 06:32:55 AM | engine.py:1010 Epoch[7] Complete. Time taken: 00:17:25.004
1.0085558891296387 GB allocated
3.9140625 GB reserved
dict_keys(['index', 'mixture_magnitude', 'mixture_phase', 'source_phase', 'mix_magnitude', 'ideal_binary_mask', 'source_magnitudes'])
1.009408950805664 GB allocated
3.9140625 GB reserved
dict_keys(['index', 'mixture_magnitude', 'mixture_phase', 'source_phase', 'mix_magnitude', 'ideal_binary_mask', 'source_magnitudes'])
1.009408950805664 GB allocated
3.9140625 GB reserved
dict_keys(['index', 'mixture_magnitude', 'mixture_phase', 'source_phase', 'mix_magnitude', 'ideal_binary_mask', 'source_magnitudes'])
1.009408950805664 GB allocated
3.9140625 GB reserved
dict_keys(['index', 'mixture_magnitude', 'mixture_phase', 'source_phase', 'mix_magnitude', 'ideal_binary_mask', 'source_magnitudes'])
1.0085558891296387 GB allocated
3.9140625 GB reserved
dict_keys(['index', 'mixture_magnitude', 'mixture_phase', 'source_phase', 'mix_magnitude', 'ideal_binary_mask', 'source_magnitudes'])
1.009408950805664 GB allocated
3.9140625 GB reserved
dict_keys(['index', 'mixture_magnitude', 'mixture_phase', 'source_phase', 'mix_magnitude', 'ideal_binary_mask', 'source_magnitudes'])
1.009408950805664 GB allocated
3.9140625 GB reserved
dict_keys(['index', 'mixture_magnitude', 'mixture_phase', 'source_phase', 'mix_magnitude', 'ideal_binary_mask', 'source_magnitudes'])
1.009408950805664 GB allocated
3.9140625 GB reserved
dict_keys(['index', 'mixture_magnitude', 'mixture_phase', 'source_phase', 'mix_magnitude', 'ideal_binary_mask', 'source_magnitudes'])
1.0085558891296387 GB allocated
3.9140625 GB reserved
dict_keys(['index', 'mixture_magnitude', 'mixture_phase', 'source_phase', 'mix_magnitude', 'ideal_binary_mask', 'source_magnitudes'])
1.009408950805664 GB allocated
3.9140625 GB reserved
dict_keys(['index', 'mixture_magnitude', 'mixture_phase', 'source_phase', 'mix_magnitude', 'ideal_binary_mask', 'source_magnitudes'])
1.009408950805664 GB allocated
3.9140625 GB reserved
dict_keys(['index', 'mixture_magnitude', 'mixture_phase', 'source_phase', 'mix_magnitude', 'ideal_binary_mask', 'source_magnitudes'])
1.009408950805664 GB allocated
3.9140625 GB reserved
dict_keys(['index', 'mixture_magnitude', 'mixture_phase', 'source_phase', 'mix_magnitude', 'ideal_binary_mask', 'source_magnitudes'])
1.0085558891296387 GB allocated
3.9140625 GB reserved
dict_keys(['index', 'mixture_magnitude', 'mixture_phase', 'source_phase', 'mix_magnitude', 'ideal_binary_mask', 'source_magnitudes'])
1.009408950805664 GB allocated
3.9140625 GB reserved
dict_keys(['index', 'mixture_magnitude', 'mixture_phase', 'source_phase', 'mix_magnitude', 'ideal_binary_mask', 'source_magnitudes'])
1.009408950805664 GB allocated
3.9140625 GB reserved
dict_keys(['index', 'mixture_magnitude', 'mixture_phase', 'source_phase', 'mix_magnitude', 'ideal_binary_mask', 'source_magnitudes'])
1.009408950805664 GB allocated
3.9140625 GB reserved
dict_keys(['index', 'mixture_magnitude', 'mixture_phase', 'source_phase', 'mix_magnitude', 'ideal_binary_mask', 'source_magnitudes'])
1.0085558891296387 GB allocated
3.9140625 GB reserved
dict_keys(['index', 'mixture_magnitude', 'mixture_phase', 'source_phase', 'mix_magnitude', 'ideal_binary_mask', 'source_magnitudes'])
1.009408950805664 GB allocated
3.9140625 GB reserved
dict_keys(['index', 'mixture_magnitude', 'mixture_phase', 'source_phase', 'mix_magnitude', 'ideal_binary_mask', 'source_magnitudes'])
1.009408950805664 GB allocated
3.9140625 GB reserved
dict_keys(['index', 'mixture_magnitude', 'mixture_phase', 'source_phase', 'mix_magnitude', 'ideal_binary_mask', 'source_magnitudes'])
1.009408950805664 GB allocated
3.9140625 GB reserved
dict_keys(['index', 'mixture_magnitude', 'mixture_phase', 'source_phase', 'mix_magnitude', 'ideal_binary_mask', 'source_magnitudes'])
1.0085558891296387 GB allocated
3.9140625 GB reserved
dict_keys(['index', 'mixture_magnitude', 'mixture_phase', 'source_phase', 'mix_magnitude', 'ideal_binary_mask', 'source_magnitudes'])
1.009408950805664 GB allocated
3.9140625 GB reserved
dict_keys(['index', 'mixture_magnitude', 'mixture_phase', 'source_phase', 'mix_magnitude', 'ideal_binary_mask', 'source_magnitudes'])
1.009408950805664 GB allocated
3.9140625 GB reserved
dict_keys(['index', 'mixture_magnitude', 'mixture_phase', 'source_phase', 'mix_magnitude', 'ideal_binary_mask', 'source_magnitudes'])
1.009408950805664 GB allocated
3.9140625 GB reserved
dict_keys(['index', 'mixture_magnitude', 'mixture_phase', 'source_phase', 'mix_magnitude', 'ideal_binary_mask', 'source_magnitudes'])
1.0085558891296387 GB allocated
3.9140625 GB reserved
dict_keys(['index', 'mixture_magnitude', 'mixture_phase', 'source_phase', 'mix_magnitude', 'ideal_binary_mask', 'source_magnitudes'])
1.009408950805664 GB allocated
3.9140625 GB reserved
dict_keys(['index', 'mixture_magnitude', 'mixture_phase', 'source_phase', 'mix_magnitude', 'ideal_binary_mask', 'source_magnitudes'])
1.009408950805664 GB allocated
3.9140625 GB reserved
dict_keys(['index', 'mixture_magnitude', 'mixture_phase', 'source_phase', 'mix_magnitude', 'ideal_binary_mask', 'source_magnitudes'])
1.009408950805664 GB allocated
3.9140625 GB reserved
dict_keys(['index', 'mixture_magnitude', 'mixture_phase', 'source_phase', 'mix_magnitude', 'ideal_binary_mask', 'source_magnitudes'])
1.0085558891296387 GB allocated
3.9140625 GB reserved
dict_keys(['index', 'mixture_magnitude', 'mixture_phase', 'source_phase', 'mix_magnitude', 'ideal_binary_mask', 'source_magnitudes'])
1.009408950805664 GB allocated
3.9140625 GB reserved
dict_keys(['index', 'mixture_magnitude', 'mixture_phase', 'source_phase', 'mix_magnitude', 'ideal_binary_mask', 'source_magnitudes'])
1.009408950805664 GB allocated
3.9140625 GB reserved
dict_keys(['index', 'mixture_magnitude', 'mixture_phase', 'source_phase', 'mix_magnitude', 'ideal_binary_mask', 'source_magnitudes'])
1.009408950805664 GB allocated
3.9140625 GB reserved
dict_keys(['index', 'mixture_magnitude', 'mixture_phase', 'source_phase', 'mix_magnitude', 'ideal_binary_mask', 'source_magnitudes'])
1.0085558891296387 GB allocated
3.9140625 GB reserved
dict_keys(['index', 'mixture_magnitude', 'mixture_phase', 'source_phase', 'mix_magnitude', 'ideal_binary_mask', 'source_magnitudes'])
1.009408950805664 GB allocated
3.9140625 GB reserved
dict_keys(['index', 'mixture_magnitude', 'mixture_phase', 'source_phase', 'mix_magnitude', 'ideal_binary_mask', 'source_magnitudes'])
1.009408950805664 GB allocated
3.9140625 GB reserved
dict_keys(['index', 'mixture_magnitude', 'mixture_phase', 'source_phase', 'mix_magnitude', 'ideal_binary_mask', 'source_magnitudes'])
1.009408950805664 GB allocated
3.9140625 GB reserved
dict_keys(['index', 'mixture_magnitude', 'mixture_phase', 'source_phase', 'mix_magnitude', 'ideal_binary_mask', 'source_magnitudes'])
1.0085558891296387 GB allocated
3.9140625 GB reserved
dict_keys(['index', 'mixture_magnitude', 'mixture_phase', 'source_phase', 'mix_magnitude', 'ideal_binary_mask', 'source_magnitudes'])
1.009408950805664 GB allocated
3.9140625 GB reserved
dict_keys(['index', 'mixture_magnitude', 'mixture_phase', 'source_phase', 'mix_magnitude', 'ideal_binary_mask', 'source_magnitudes'])
1.009408950805664 GB allocated
3.9140625 GB reserved
dict_keys(['index', 'mixture_magnitude', 'mixture_phase', 'source_phase', 'mix_magnitude', 'ideal_binary_mask', 'source_magnitudes'])
1.009408950805664 GB allocated
3.9140625 GB reserved
dict_keys(['index', 'mixture_magnitude', 'mixture_phase', 'source_phase', 'mix_magnitude', 'ideal_binary_mask', 'source_magnitudes'])
1.0085558891296387 GB allocated
3.9140625 GB reserved
dict_keys(['index', 'mixture_magnitude', 'mixture_phase', 'source_phase', 'mix_magnitude', 'ideal_binary_mask', 'source_magnitudes'])
1.009408950805664 GB allocated
3.9140625 GB reserved
dict_keys(['index', 'mixture_magnitude', 'mixture_phase', 'source_phase', 'mix_magnitude', 'ideal_binary_mask', 'source_magnitudes'])
1.009408950805664 GB allocated
3.9140625 GB reserved
dict_keys(['index', 'mixture_magnitude', 'mixture_phase', 'source_phase', 'mix_magnitude', 'ideal_binary_mask', 'source_magnitudes'])
06/13/2026 06:49:16 AM | engine.py:906 Engine run starting with max_epochs=1.
06/13/2026 06:50:17 AM | engine.py:1010 Epoch[1] Complete. Time taken: 00:01:00.300
1.009408950805664 GB allocated
3.9140625 GB reserved
dict_keys(['index', 'mixture_magnitude', 'mixture_phase', 'source_phase', 'mix_magnitude', 'ideal_binary_mask', 'source_magnitudes'])
1.0085558891296387 GB allocated
3.9140625 GB reserved
dict_keys(['index', 'mixture_magnitude', 'mixture_phase', 'source_phase', 'mix_magnitude', 'ideal_binary_mask', 'source_magnitudes'])
1.009408950805664 GB allocated
3.9140625 GB reserved
dict_keys(['index', 'mixture_magnitude', 'mixture_phase', 'source_phase', 'mix_magnitude', 'ideal_binary_mask', 'source_magnitudes'])
1.009408950805664 GB allocated
3.9140625 GB reserved
dict_keys(['index', 'mixture_magnitude', 'mixture_phase', 'source_phase', 'mix_magnitude', 'ideal_binary_mask', 'source_magnitudes'])
1.009408950805664 GB allocated
3.9140625 GB reserved
dict_keys(['index', 'mixture_magnitude', 'mixture_phase', 'source_phase', 'mix_magnitude', 'ideal_binary_mask', 'source_magnitudes'])
1.0085558891296387 GB allocated
3.9140625 GB reserved
dict_keys(['index', 'mixture_magnitude', 'mixture_phase', 'source_phase', 'mix_magnitude', 'ideal_binary_mask', 'source_magnitudes'])
1.009408950805664 GB allocated
3.9140625 GB reserved
dict_keys(['index', 'mixture_magnitude', 'mixture_phase', 'source_phase', 'mix_magnitude', 'ideal_binary_mask', 'source_magnitudes'])
1.009408950805664 GB allocated
3.9140625 GB reserved
dict_keys(['index', 'mixture_magnitude', 'mixture_phase', 'source_phase', 'mix_magnitude', 'ideal_binary_mask', 'source_magnitudes'])
1.009408950805664 GB allocated
3.9140625 GB reserved
dict_keys(['index', 'mixture_magnitude', 'mixture_phase', 'source_phase', 'mix_magnitude', 'ideal_binary_mask', 'source_magnitudes'])
1.0085558891296387 GB allocated
3.9140625 GB reserved
dict_keys(['index', 'mixture_magnitude', 'mixture_phase', 'source_phase', 'mix_magnitude', 'ideal_binary_mask', 'source_magnitudes'])
1.009408950805664 GB allocated
3.9140625 GB reserved
dict_keys(['index', 'mixture_magnitude', 'mixture_phase', 'source_phase', 'mix_magnitude', 'ideal_binary_mask', 'source_magnitudes'])
1.009408950805664 GB allocated
3.9140625 GB reserved
dict_keys(['index', 'mixture_magnitude', 'mixture_phase', 'source_phase', 'mix_magnitude', 'ideal_binary_mask', 'source_magnitudes'])
1.009408950805664 GB allocated
3.9140625 GB reserved
dict_keys(['index', 'mixture_magnitude', 'mixture_phase', 'source_phase', 'mix_magnitude', 'ideal_binary_mask', 'source_magnitudes'])
1.0085558891296387 GB allocated
3.9140625 GB reserved
dict_keys(['index', 'mixture_magnitude', 'mixture_phase', 'source_phase', 'mix_magnitude', 'ideal_binary_mask', 'source_magnitudes'])
1.009408950805664 GB allocated
3.9140625 GB reserved
dict_keys(['index', 'mixture_magnitude', 'mixture_phase', 'source_phase', 'mix_magnitude', 'ideal_binary_mask', 'source_magnitudes'])
1.009408950805664 GB allocated
3.9140625 GB reserved
dict_keys(['index', 'mixture_magnitude', 'mixture_phase', 'source_phase', 'mix_magnitude', 'ideal_binary_mask', 'source_magnitudes'])
1.009408950805664 GB allocated
3.9140625 GB reserved
dict_keys(['index', 'mixture_magnitude', 'mixture_phase', 'source_phase', 'mix_magnitude', 'ideal_binary_mask', 'source_magnitudes'])
1.0085558891296387 GB allocated
3.9140625 GB reserved
dict_keys(['index', 'mixture_magnitude', 'mixture_phase', 'source_phase', 'mix_magnitude', 'ideal_binary_mask', 'source_magnitudes'])
1.009408950805664 GB allocated
3.9140625 GB reserved
dict_keys(['index', 'mixture_magnitude', 'mixture_phase', 'source_phase', 'mix_magnitude', 'ideal_binary_mask', 'source_magnitudes'])
1.009408950805664 GB allocated
3.9140625 GB reserved
dict_keys(['index', 'mixture_magnitude', 'mixture_phase', 'source_phase', 'mix_magnitude', 'ideal_binary_mask', 'source_magnitudes'])
1.009408950805664 GB allocated
3.9140625 GB reserved
dict_keys(['index', 'mixture_magnitude', 'mixture_phase', 'source_phase', 'mix_magnitude', 'ideal_binary_mask', 'source_magnitudes'])
1.0085558891296387 GB allocated
3.9140625 GB reserved
dict_keys(['index', 'mixture_magnitude', 'mixture_phase', 'source_phase', 'mix_magnitude', 'ideal_binary_mask', 'source_magnitudes'])
1.009408950805664 GB allocated
3.9140625 GB reserved
dict_keys(['index', 'mixture_magnitude', 'mixture_phase', 'source_phase', 'mix_magnitude', 'ideal_binary_mask', 'source_magnitudes'])
1.009408950805664 GB allocated
3.9140625 GB reserved
dict_keys(['index', 'mixture_magnitude', 'mixture_phase', 'source_phase', 'mix_magnitude', 'ideal_binary_mask', 'source_magnitudes'])
1.009408950805664 GB allocated
3.9140625 GB reserved
dict_keys(['index', 'mixture_magnitude', 'mixture_phase', 'source_phase', 'mix_magnitude', 'ideal_binary_mask', 'source_magnitudes'])
1.0085558891296387 GB allocated
3.9140625 GB reserved
dict_keys(['index', 'mixture_magnitude', 'mixture_phase', 'source_phase', 'mix_magnitude', 'ideal_binary_mask', 'source_magnitudes'])
1.009408950805664 GB allocated
3.9140625 GB reserved
dict_keys(['index', 'mixture_magnitude', 'mixture_phase', 'source_phase', 'mix_magnitude', 'ideal_binary_mask', 'source_magnitudes'])
1.009408950805664 GB allocated
3.9140625 GB reserved
dict_keys(['index', 'mixture_magnitude', 'mixture_phase', 'source_phase', 'mix_magnitude', 'ideal_binary_mask', 'source_magnitudes'])
1.009408950805664 GB allocated
3.9140625 GB reserved
dict_keys(['index', 'mixture_magnitude', 'mixture_phase', 'source_phase', 'mix_magnitude', 'ideal_binary_mask', 'source_magnitudes'])
1.0085558891296387 GB allocated
3.9140625 GB reserved
dict_keys(['index', 'mixture_magnitude', 'mixture_phase', 'source_phase', 'mix_magnitude', 'ideal_binary_mask', 'source_magnitudes'])
1.009408950805664 GB allocated
3.9140625 GB reserved
dict_keys(['index', 'mixture_magnitude', 'mixture_phase', 'source_phase', 'mix_magnitude', 'ideal_binary_mask', 'source_magnitudes'])
1.009408950805664 GB allocated
3.9140625 GB reserved
dict_keys(['index', 'mixture_magnitude', 'mixture_phase', 'source_phase', 'mix_magnitude', 'ideal_binary_mask', 'source_magnitudes'])
1.009408950805664 GB allocated
3.9140625 GB reserved
dict_keys(['index', 'mixture_magnitude', 'mixture_phase', 'source_phase', 'mix_magnitude', 'ideal_binary_mask', 'source_magnitudes'])
1.0085558891296387 GB allocated
3.9140625 GB reserved
dict_keys(['index', 'mixture_magnitude', 'mixture_phase', 'source_phase', 'mix_magnitude', 'ideal_binary_mask', 'source_magnitudes'])
1.009408950805664 GB allocated
3.9140625 GB reserved
dict_keys(['index', 'mixture_magnitude', 'mixture_phase', 'source_phase', 'mix_magnitude', 'ideal_binary_mask', 'source_magnitudes'])
1.009408950805664 GB allocated
3.9140625 GB reserved
dict_keys(['index', 'mixture_magnitude', 'mixture_phase', 'source_phase', 'mix_magnitude', 'ideal_binary_mask', 'source_magnitudes'])
1.009408950805664 GB allocated
3.9140625 GB reserved
dict_keys(['index', 'mixture_magnitude', 'mixture_phase', 'source_phase', 'mix_magnitude', 'ideal_binary_mask', 'source_magnitudes'])
1.0085558891296387 GB allocated
3.9140625 GB reserved
dict_keys(['index', 'mixture_magnitude', 'mixture_phase', 'source_phase', 'mix_magnitude', 'ideal_binary_mask', 'source_magnitudes'])
1.009408950805664 GB allocated
3.9140625 GB reserved
dict_keys(['index', 'mixture_magnitude', 'mixture_phase', 'source_phase', 'mix_magnitude', 'ideal_binary_mask', 'source_magnitudes'])
1.009408950805664 GB allocated
3.9140625 GB reserved
dict_keys(['index', 'mixture_magnitude', 'mixture_phase', 'source_phase', 'mix_magnitude', 'ideal_binary_mask', 'source_magnitudes'])
1.009408950805664 GB allocated
3.9140625 GB reserved
dict_keys(['index', 'mixture_magnitude', 'mixture_phase', 'source_phase', 'mix_magnitude', 'ideal_binary_mask', 'source_magnitudes'])
1.0085558891296387 GB allocated
3.9140625 GB reserved
dict_keys(['index', 'mixture_magnitude', 'mixture_phase', 'source_phase', 'mix_magnitude', 'ideal_binary_mask', 'source_magnitudes'])
1.009408950805664 GB allocated
3.9140625 GB reserved
dict_keys(['index', 'mixture_magnitude', 'mixture_phase', 'source_phase', 'mix_magnitude', 'ideal_binary_mask', 'source_magnitudes'])
1.009408950805664 GB allocated
3.9140625 GB reserved
dict_keys(['index', 'mixture_magnitude', 'mixture_phase', 'source_phase', 'mix_magnitude', 'ideal_binary_mask', 'source_magnitudes'])
1.009408950805664 GB allocated
3.9140625 GB reserved
dict_keys(['index', 'mixture_magnitude', 'mixture_phase', 'source_phase', 'mix_magnitude', 'ideal_binary_mask', 'source_magnitudes'])
1.0085558891296387 GB allocated
3.9140625 GB reserved
dict_keys(['index', 'mixture_magnitude', 'mixture_phase', 'source_phase', 'mix_magnitude', 'ideal_binary_mask', 'source_magnitudes'])
1.009408950805664 GB allocated
3.9140625 GB reserved
dict_keys(['index', 'mixture_magnitude', 'mixture_phase', 'source_phase', 'mix_magnitude', 'ideal_binary_mask', 'source_magnitudes'])
1.009408950805664 GB allocated
3.9140625 GB reserved
dict_keys(['index', 'mixture_magnitude', 'mixture_phase', 'source_phase', 'mix_magnitude', 'ideal_binary_mask', 'source_magnitudes'])
1.009408950805664 GB allocated
3.9140625 GB reserved
dict_keys(['index', 'mixture_magnitude', 'mixture_phase', 'source_phase', 'mix_magnitude', 'ideal_binary_mask', 'source_magnitudes'])
1.0085558891296387 GB allocated
3.9140625 GB reserved
dict_keys(['index', 'mixture_magnitude', 'mixture_phase', 'source_phase', 'mix_magnitude', 'ideal_binary_mask', 'source_magnitudes'])
1.009408950805664 GB allocated
3.9140625 GB reserved
dict_keys(['index', 'mixture_magnitude', 'mixture_phase', 'source_phase', 'mix_magnitude', 'ideal_binary_mask', 'source_magnitudes'])
1.009408950805664 GB allocated
3.9140625 GB reserved
dict_keys(['index', 'mixture_magnitude', 'mixture_phase', 'source_phase', 'mix_magnitude', 'ideal_binary_mask', 'source_magnitudes'])
1.009408950805664 GB allocated
3.9140625 GB reserved
dict_keys(['index', 'mixture_magnitude', 'mixture_phase', 'source_phase', 'mix_magnitude', 'ideal_binary_mask', 'source_magnitudes'])
1.0085558891296387 GB allocated
3.9140625 GB reserved
dict_keys(['index', 'mixture_magnitude', 'mixture_phase', 'source_phase', 'mix_magnitude', 'ideal_binary_mask', 'source_magnitudes'])
1.009408950805664 GB allocated
3.9140625 GB reserved
dict_keys(['index', 'mixture_magnitude', 'mixture_phase', 'source_phase', 'mix_magnitude', 'ideal_binary_mask', 'source_magnitudes'])
1.009408950805664 GB allocated
3.9140625 GB reserved
dict_keys(['index', 'mixture_magnitude', 'mixture_phase', 'source_phase', 'mix_magnitude', 'ideal_binary_mask', 'source_magnitudes'])
1.009408950805664 GB allocated
3.9140625 GB reserved
dict_keys(['index', 'mixture_magnitude', 'mixture_phase', 'source_phase', 'mix_magnitude', 'ideal_binary_mask', 'source_magnitudes'])
[Validator] Epoch 8 - val_loss: 0.000022
[BEST CHECKPOINT] Guardado/actualizado en: checkpoints\Mis_modelos_v2\advanced\lpsa_phase checkpoints\4stems\best_checkpoint_8_val_loss=-0.0000.pt
06/13/2026 06:50:17 AM | engine.py:1037 Engine run finished. Time taken: 00:01:00.311
[Epoch 8] train_loss=0.000020 | val_loss=0.000022
06/13/2026 06:50:17 AM | engine.py:1010 Epoch[8] Complete. Time taken: 00:17:21.372
1.0085558891296387 GB allocated
3.9140625 GB reserved
dict_keys(['index', 'mixture_magnitude', 'mixture_phase', 'source_phase', 'mix_magnitude', 'ideal_binary_mask', 'source_magnitudes'])
1.009408950805664 GB allocated
3.9140625 GB reserved
dict_keys(['index', 'mixture_magnitude', 'mixture_phase', 'source_phase', 'mix_magnitude', 'ideal_binary_mask', 'source_magnitudes'])
1.009408950805664 GB allocated
3.9140625 GB reserved
dict_keys(['index', 'mixture_magnitude', 'mixture_phase', 'source_phase', 'mix_magnitude', 'ideal_binary_mask', 'source_magnitudes'])
1.009408950805664 GB allocated
3.9140625 GB reserved
dict_keys(['index', 'mixture_magnitude', 'mixture_phase', 'source_phase', 'mix_magnitude', 'ideal_binary_mask', 'source_magnitudes'])
1.0085558891296387 GB allocated
3.9140625 GB reserved
dict_keys(['index', 'mixture_magnitude', 'mixture_phase', 'source_phase', 'mix_magnitude', 'ideal_binary_mask', 'source_magnitudes'])
1.009408950805664 GB allocated
3.9140625 GB reserved
dict_keys(['index', 'mixture_magnitude', 'mixture_phase', 'source_phase', 'mix_magnitude', 'ideal_binary_mask', 'source_magnitudes'])
1.009408950805664 GB allocated
3.9140625 GB reserved
dict_keys(['index', 'mixture_magnitude', 'mixture_phase', 'source_phase', 'mix_magnitude', 'ideal_binary_mask', 'source_magnitudes'])
1.009408950805664 GB allocated
3.9140625 GB reserved
dict_keys(['index', 'mixture_magnitude', 'mixture_phase', 'source_phase', 'mix_magnitude', 'ideal_binary_mask', 'source_magnitudes'])
1.0085558891296387 GB allocated
3.9140625 GB reserved
dict_keys(['index', 'mixture_magnitude', 'mixture_phase', 'source_phase', 'mix_magnitude', 'ideal_binary_mask', 'source_magnitudes'])
1.009408950805664 GB allocated
3.9140625 GB reserved
dict_keys(['index', 'mixture_magnitude', 'mixture_phase', 'source_phase', 'mix_magnitude', 'ideal_binary_mask', 'source_magnitudes'])
1.009408950805664 GB allocated
3.9140625 GB reserved
dict_keys(['index', 'mixture_magnitude', 'mixture_phase', 'source_phase', 'mix_magnitude', 'ideal_binary_mask', 'source_magnitudes'])
1.009408950805664 GB allocated
3.9140625 GB reserved
dict_keys(['index', 'mixture_magnitude', 'mixture_phase', 'source_phase', 'mix_magnitude', 'ideal_binary_mask', 'source_magnitudes'])
1.0085558891296387 GB allocated
3.9140625 GB reserved
dict_keys(['index', 'mixture_magnitude', 'mixture_phase', 'source_phase', 'mix_magnitude', 'ideal_binary_mask', 'source_magnitudes'])
1.009408950805664 GB allocated
3.9140625 GB reserved
dict_keys(['index', 'mixture_magnitude', 'mixture_phase', 'source_phase', 'mix_magnitude', 'ideal_binary_mask', 'source_magnitudes'])
1.009408950805664 GB allocated
3.9140625 GB reserved
dict_keys(['index', 'mixture_magnitude', 'mixture_phase', 'source_phase', 'mix_magnitude', 'ideal_binary_mask', 'source_magnitudes'])
1.009408950805664 GB allocated
3.9140625 GB reserved
dict_keys(['index', 'mixture_magnitude', 'mixture_phase', 'source_phase', 'mix_magnitude', 'ideal_binary_mask', 'source_magnitudes'])
1.0085558891296387 GB allocated
3.9140625 GB reserved
dict_keys(['index', 'mixture_magnitude', 'mixture_phase', 'source_phase', 'mix_magnitude', 'ideal_binary_mask', 'source_magnitudes'])
1.009408950805664 GB allocated
3.9140625 GB reserved
dict_keys(['index', 'mixture_magnitude', 'mixture_phase', 'source_phase', 'mix_magnitude', 'ideal_binary_mask', 'source_magnitudes'])
1.009408950805664 GB allocated
3.9140625 GB reserved
dict_keys(['index', 'mixture_magnitude', 'mixture_phase', 'source_phase', 'mix_magnitude', 'ideal_binary_mask', 'source_magnitudes'])
1.009408950805664 GB allocated
3.9140625 GB reserved
dict_keys(['index', 'mixture_magnitude', 'mixture_phase', 'source_phase', 'mix_magnitude', 'ideal_binary_mask', 'source_magnitudes'])
1.0085558891296387 GB allocated
3.9140625 GB reserved
dict_keys(['index', 'mixture_magnitude', 'mixture_phase', 'source_phase', 'mix_magnitude', 'ideal_binary_mask', 'source_magnitudes'])
1.009408950805664 GB allocated
3.9140625 GB reserved
dict_keys(['index', 'mixture_magnitude', 'mixture_phase', 'source_phase', 'mix_magnitude', 'ideal_binary_mask', 'source_magnitudes'])
1.009408950805664 GB allocated
3.9140625 GB reserved
dict_keys(['index', 'mixture_magnitude', 'mixture_phase', 'source_phase', 'mix_magnitude', 'ideal_binary_mask', 'source_magnitudes'])
1.009408950805664 GB allocated
3.9140625 GB reserved
dict_keys(['index', 'mixture_magnitude', 'mixture_phase', 'source_phase', 'mix_magnitude', 'ideal_binary_mask', 'source_magnitudes'])
1.0085558891296387 GB allocated
3.9140625 GB reserved
dict_keys(['index', 'mixture_magnitude', 'mixture_phase', 'source_phase', 'mix_magnitude', 'ideal_binary_mask', 'source_magnitudes'])
1.009408950805664 GB allocated
3.9140625 GB reserved
dict_keys(['index', 'mixture_magnitude', 'mixture_phase', 'source_phase', 'mix_magnitude', 'ideal_binary_mask', 'source_magnitudes'])
1.009408950805664 GB allocated
3.9140625 GB reserved
dict_keys(['index', 'mixture_magnitude', 'mixture_phase', 'source_phase', 'mix_magnitude', 'ideal_binary_mask', 'source_magnitudes'])
1.009408950805664 GB allocated
3.9140625 GB reserved
dict_keys(['index', 'mixture_magnitude', 'mixture_phase', 'source_phase', 'mix_magnitude', 'ideal_binary_mask', 'source_magnitudes'])
1.0085558891296387 GB allocated
3.9140625 GB reserved
dict_keys(['index', 'mixture_magnitude', 'mixture_phase', 'source_phase', 'mix_magnitude', 'ideal_binary_mask', 'source_magnitudes'])
1.009408950805664 GB allocated
3.9140625 GB reserved
dict_keys(['index', 'mixture_magnitude', 'mixture_phase', 'source_phase', 'mix_magnitude', 'ideal_binary_mask', 'source_magnitudes'])
1.009408950805664 GB allocated
3.9140625 GB reserved
dict_keys(['index', 'mixture_magnitude', 'mixture_phase', 'source_phase', 'mix_magnitude', 'ideal_binary_mask', 'source_magnitudes'])
1.009408950805664 GB allocated
3.9140625 GB reserved
dict_keys(['index', 'mixture_magnitude', 'mixture_phase', 'source_phase', 'mix_magnitude', 'ideal_binary_mask', 'source_magnitudes'])
1.0085558891296387 GB allocated
3.9140625 GB reserved
dict_keys(['index', 'mixture_magnitude', 'mixture_phase', 'source_phase', 'mix_magnitude', 'ideal_binary_mask', 'source_magnitudes'])
1.009408950805664 GB allocated
3.9140625 GB reserved
dict_keys(['index', 'mixture_magnitude', 'mixture_phase', 'source_phase', 'mix_magnitude', 'ideal_binary_mask', 'source_magnitudes'])
1.009408950805664 GB allocated
3.9140625 GB reserved
dict_keys(['index', 'mixture_magnitude', 'mixture_phase', 'source_phase', 'mix_magnitude', 'ideal_binary_mask', 'source_magnitudes'])
1.009408950805664 GB allocated
3.9140625 GB reserved
dict_keys(['index', 'mixture_magnitude', 'mixture_phase', 'source_phase', 'mix_magnitude', 'ideal_binary_mask', 'source_magnitudes'])
1.0085558891296387 GB allocated
3.9140625 GB reserved
dict_keys(['index', 'mixture_magnitude', 'mixture_phase', 'source_phase', 'mix_magnitude', 'ideal_binary_mask', 'source_magnitudes'])
1.009408950805664 GB allocated
3.9140625 GB reserved
dict_keys(['index', 'mixture_magnitude', 'mixture_phase', 'source_phase', 'mix_magnitude', 'ideal_binary_mask', 'source_magnitudes'])
1.009408950805664 GB allocated
3.9140625 GB reserved
dict_keys(['index', 'mixture_magnitude', 'mixture_phase', 'source_phase', 'mix_magnitude', 'ideal_binary_mask', 'source_magnitudes'])
1.009408950805664 GB allocated
3.9140625 GB reserved
dict_keys(['index', 'mixture_magnitude', 'mixture_phase', 'source_phase', 'mix_magnitude', 'ideal_binary_mask', 'source_magnitudes'])
1.0085558891296387 GB allocated
3.9140625 GB reserved
dict_keys(['index', 'mixture_magnitude', 'mixture_phase', 'source_phase', 'mix_magnitude', 'ideal_binary_mask', 'source_magnitudes'])
1.009408950805664 GB allocated
3.9140625 GB reserved
dict_keys(['index', 'mixture_magnitude', 'mixture_phase', 'source_phase', 'mix_magnitude', 'ideal_binary_mask', 'source_magnitudes'])
1.009408950805664 GB allocated
3.9140625 GB reserved
dict_keys(['index', 'mixture_magnitude', 'mixture_phase', 'source_phase', 'mix_magnitude', 'ideal_binary_mask', 'source_magnitudes'])
06/13/2026 07:06:36 AM | engine.py:906 Engine run starting with max_epochs=1.
06/13/2026 07:07:37 AM | engine.py:1010 Epoch[1] Complete. Time taken: 00:01:00.999
1.009408950805664 GB allocated
3.9140625 GB reserved
dict_keys(['index', 'mixture_magnitude', 'mixture_phase', 'source_phase', 'mix_magnitude', 'ideal_binary_mask', 'source_magnitudes'])
1.0085558891296387 GB allocated
3.9140625 GB reserved
dict_keys(['index', 'mixture_magnitude', 'mixture_phase', 'source_phase', 'mix_magnitude', 'ideal_binary_mask', 'source_magnitudes'])
1.009408950805664 GB allocated
3.9140625 GB reserved
dict_keys(['index', 'mixture_magnitude', 'mixture_phase', 'source_phase', 'mix_magnitude', 'ideal_binary_mask', 'source_magnitudes'])
1.009408950805664 GB allocated
3.9140625 GB reserved
dict_keys(['index', 'mixture_magnitude', 'mixture_phase', 'source_phase', 'mix_magnitude', 'ideal_binary_mask', 'source_magnitudes'])
1.009408950805664 GB allocated
3.9140625 GB reserved
dict_keys(['index', 'mixture_magnitude', 'mixture_phase', 'source_phase', 'mix_magnitude', 'ideal_binary_mask', 'source_magnitudes'])
1.0085558891296387 GB allocated
3.9140625 GB reserved
dict_keys(['index', 'mixture_magnitude', 'mixture_phase', 'source_phase', 'mix_magnitude', 'ideal_binary_mask', 'source_magnitudes'])
1.009408950805664 GB allocated
3.9140625 GB reserved
dict_keys(['index', 'mixture_magnitude', 'mixture_phase', 'source_phase', 'mix_magnitude', 'ideal_binary_mask', 'source_magnitudes'])
1.009408950805664 GB allocated
3.9140625 GB reserved
dict_keys(['index', 'mixture_magnitude', 'mixture_phase', 'source_phase', 'mix_magnitude', 'ideal_binary_mask', 'source_magnitudes'])
1.009408950805664 GB allocated
3.9140625 GB reserved
dict_keys(['index', 'mixture_magnitude', 'mixture_phase', 'source_phase', 'mix_magnitude', 'ideal_binary_mask', 'source_magnitudes'])
1.0085558891296387 GB allocated
3.9140625 GB reserved
dict_keys(['index', 'mixture_magnitude', 'mixture_phase', 'source_phase', 'mix_magnitude', 'ideal_binary_mask', 'source_magnitudes'])
1.009408950805664 GB allocated
3.9140625 GB reserved
dict_keys(['index', 'mixture_magnitude', 'mixture_phase', 'source_phase', 'mix_magnitude', 'ideal_binary_mask', 'source_magnitudes'])
1.009408950805664 GB allocated
3.9140625 GB reserved
dict_keys(['index', 'mixture_magnitude', 'mixture_phase', 'source_phase', 'mix_magnitude', 'ideal_binary_mask', 'source_magnitudes'])
1.009408950805664 GB allocated
3.9140625 GB reserved
dict_keys(['index', 'mixture_magnitude', 'mixture_phase', 'source_phase', 'mix_magnitude', 'ideal_binary_mask', 'source_magnitudes'])
1.0085558891296387 GB allocated
3.9140625 GB reserved
dict_keys(['index', 'mixture_magnitude', 'mixture_phase', 'source_phase', 'mix_magnitude', 'ideal_binary_mask', 'source_magnitudes'])
1.009408950805664 GB allocated
3.9140625 GB reserved
dict_keys(['index', 'mixture_magnitude', 'mixture_phase', 'source_phase', 'mix_magnitude', 'ideal_binary_mask', 'source_magnitudes'])
1.009408950805664 GB allocated
3.9140625 GB reserved
dict_keys(['index', 'mixture_magnitude', 'mixture_phase', 'source_phase', 'mix_magnitude', 'ideal_binary_mask', 'source_magnitudes'])
1.009408950805664 GB allocated
3.9140625 GB reserved
dict_keys(['index', 'mixture_magnitude', 'mixture_phase', 'source_phase', 'mix_magnitude', 'ideal_binary_mask', 'source_magnitudes'])
1.0085558891296387 GB allocated
3.9140625 GB reserved
dict_keys(['index', 'mixture_magnitude', 'mixture_phase', 'source_phase', 'mix_magnitude', 'ideal_binary_mask', 'source_magnitudes'])
1.009408950805664 GB allocated
3.9140625 GB reserved
dict_keys(['index', 'mixture_magnitude', 'mixture_phase', 'source_phase', 'mix_magnitude', 'ideal_binary_mask', 'source_magnitudes'])
1.009408950805664 GB allocated
3.9140625 GB reserved
dict_keys(['index', 'mixture_magnitude', 'mixture_phase', 'source_phase', 'mix_magnitude', 'ideal_binary_mask', 'source_magnitudes'])
1.009408950805664 GB allocated
3.9140625 GB reserved
dict_keys(['index', 'mixture_magnitude', 'mixture_phase', 'source_phase', 'mix_magnitude', 'ideal_binary_mask', 'source_magnitudes'])
1.0085558891296387 GB allocated
3.9140625 GB reserved
dict_keys(['index', 'mixture_magnitude', 'mixture_phase', 'source_phase', 'mix_magnitude', 'ideal_binary_mask', 'source_magnitudes'])
1.009408950805664 GB allocated
3.9140625 GB reserved
dict_keys(['index', 'mixture_magnitude', 'mixture_phase', 'source_phase', 'mix_magnitude', 'ideal_binary_mask', 'source_magnitudes'])
1.009408950805664 GB allocated
3.9140625 GB reserved
dict_keys(['index', 'mixture_magnitude', 'mixture_phase', 'source_phase', 'mix_magnitude', 'ideal_binary_mask', 'source_magnitudes'])
1.009408950805664 GB allocated
3.9140625 GB reserved
dict_keys(['index', 'mixture_magnitude', 'mixture_phase', 'source_phase', 'mix_magnitude', 'ideal_binary_mask', 'source_magnitudes'])
1.0085558891296387 GB allocated
3.9140625 GB reserved
dict_keys(['index', 'mixture_magnitude', 'mixture_phase', 'source_phase', 'mix_magnitude', 'ideal_binary_mask', 'source_magnitudes'])
1.009408950805664 GB allocated
3.9140625 GB reserved
dict_keys(['index', 'mixture_magnitude', 'mixture_phase', 'source_phase', 'mix_magnitude', 'ideal_binary_mask', 'source_magnitudes'])
1.009408950805664 GB allocated
3.9140625 GB reserved
dict_keys(['index', 'mixture_magnitude', 'mixture_phase', 'source_phase', 'mix_magnitude', 'ideal_binary_mask', 'source_magnitudes'])
1.009408950805664 GB allocated
3.9140625 GB reserved
dict_keys(['index', 'mixture_magnitude', 'mixture_phase', 'source_phase', 'mix_magnitude', 'ideal_binary_mask', 'source_magnitudes'])
1.0085558891296387 GB allocated
3.9140625 GB reserved
dict_keys(['index', 'mixture_magnitude', 'mixture_phase', 'source_phase', 'mix_magnitude', 'ideal_binary_mask', 'source_magnitudes'])
1.009408950805664 GB allocated
3.9140625 GB reserved
dict_keys(['index', 'mixture_magnitude', 'mixture_phase', 'source_phase', 'mix_magnitude', 'ideal_binary_mask', 'source_magnitudes'])
1.009408950805664 GB allocated
3.9140625 GB reserved
dict_keys(['index', 'mixture_magnitude', 'mixture_phase', 'source_phase', 'mix_magnitude', 'ideal_binary_mask', 'source_magnitudes'])
1.009408950805664 GB allocated
3.9140625 GB reserved
dict_keys(['index', 'mixture_magnitude', 'mixture_phase', 'source_phase', 'mix_magnitude', 'ideal_binary_mask', 'source_magnitudes'])
1.0085558891296387 GB allocated
3.9140625 GB reserved
dict_keys(['index', 'mixture_magnitude', 'mixture_phase', 'source_phase', 'mix_magnitude', 'ideal_binary_mask', 'source_magnitudes'])
1.009408950805664 GB allocated
3.9140625 GB reserved
dict_keys(['index', 'mixture_magnitude', 'mixture_phase', 'source_phase', 'mix_magnitude', 'ideal_binary_mask', 'source_magnitudes'])
1.009408950805664 GB allocated
3.9140625 GB reserved
dict_keys(['index', 'mixture_magnitude', 'mixture_phase', 'source_phase', 'mix_magnitude', 'ideal_binary_mask', 'source_magnitudes'])
1.009408950805664 GB allocated
3.9140625 GB reserved
dict_keys(['index', 'mixture_magnitude', 'mixture_phase', 'source_phase', 'mix_magnitude', 'ideal_binary_mask', 'source_magnitudes'])
1.0085558891296387 GB allocated
3.9140625 GB reserved
dict_keys(['index', 'mixture_magnitude', 'mixture_phase', 'source_phase', 'mix_magnitude', 'ideal_binary_mask', 'source_magnitudes'])
1.009408950805664 GB allocated
3.9140625 GB reserved
dict_keys(['index', 'mixture_magnitude', 'mixture_phase', 'source_phase', 'mix_magnitude', 'ideal_binary_mask', 'source_magnitudes'])
1.009408950805664 GB allocated
3.9140625 GB reserved
dict_keys(['index', 'mixture_magnitude', 'mixture_phase', 'source_phase', 'mix_magnitude', 'ideal_binary_mask', 'source_magnitudes'])
1.009408950805664 GB allocated
3.9140625 GB reserved
dict_keys(['index', 'mixture_magnitude', 'mixture_phase', 'source_phase', 'mix_magnitude', 'ideal_binary_mask', 'source_magnitudes'])
1.0085558891296387 GB allocated
3.9140625 GB reserved
dict_keys(['index', 'mixture_magnitude', 'mixture_phase', 'source_phase', 'mix_magnitude', 'ideal_binary_mask', 'source_magnitudes'])
1.009408950805664 GB allocated
3.9140625 GB reserved
dict_keys(['index', 'mixture_magnitude', 'mixture_phase', 'source_phase', 'mix_magnitude', 'ideal_binary_mask', 'source_magnitudes'])
1.009408950805664 GB allocated
3.9140625 GB reserved
dict_keys(['index', 'mixture_magnitude', 'mixture_phase', 'source_phase', 'mix_magnitude', 'ideal_binary_mask', 'source_magnitudes'])
1.009408950805664 GB allocated
3.9140625 GB reserved
dict_keys(['index', 'mixture_magnitude', 'mixture_phase', 'source_phase', 'mix_magnitude', 'ideal_binary_mask', 'source_magnitudes'])
1.0085558891296387 GB allocated
3.9140625 GB reserved
dict_keys(['index', 'mixture_magnitude', 'mixture_phase', 'source_phase', 'mix_magnitude', 'ideal_binary_mask', 'source_magnitudes'])
1.009408950805664 GB allocated
3.9140625 GB reserved
dict_keys(['index', 'mixture_magnitude', 'mixture_phase', 'source_phase', 'mix_magnitude', 'ideal_binary_mask', 'source_magnitudes'])
1.009408950805664 GB allocated
3.9140625 GB reserved
dict_keys(['index', 'mixture_magnitude', 'mixture_phase', 'source_phase', 'mix_magnitude', 'ideal_binary_mask', 'source_magnitudes'])
1.009408950805664 GB allocated
3.9140625 GB reserved
dict_keys(['index', 'mixture_magnitude', 'mixture_phase', 'source_phase', 'mix_magnitude', 'ideal_binary_mask', 'source_magnitudes'])
1.0085558891296387 GB allocated
3.9140625 GB reserved
dict_keys(['index', 'mixture_magnitude', 'mixture_phase', 'source_phase', 'mix_magnitude', 'ideal_binary_mask', 'source_magnitudes'])
1.009408950805664 GB allocated
3.9140625 GB reserved
dict_keys(['index', 'mixture_magnitude', 'mixture_phase', 'source_phase', 'mix_magnitude', 'ideal_binary_mask', 'source_magnitudes'])
1.009408950805664 GB allocated
3.9140625 GB reserved
dict_keys(['index', 'mixture_magnitude', 'mixture_phase', 'source_phase', 'mix_magnitude', 'ideal_binary_mask', 'source_magnitudes'])
1.009408950805664 GB allocated
3.9140625 GB reserved
dict_keys(['index', 'mixture_magnitude', 'mixture_phase', 'source_phase', 'mix_magnitude', 'ideal_binary_mask', 'source_magnitudes'])
1.0085558891296387 GB allocated
3.9140625 GB reserved
dict_keys(['index', 'mixture_magnitude', 'mixture_phase', 'source_phase', 'mix_magnitude', 'ideal_binary_mask', 'source_magnitudes'])
1.009408950805664 GB allocated
3.9140625 GB reserved
dict_keys(['index', 'mixture_magnitude', 'mixture_phase', 'source_phase', 'mix_magnitude', 'ideal_binary_mask', 'source_magnitudes'])
1.009408950805664 GB allocated
3.9140625 GB reserved
dict_keys(['index', 'mixture_magnitude', 'mixture_phase', 'source_phase', 'mix_magnitude', 'ideal_binary_mask', 'source_magnitudes'])
1.009408950805664 GB allocated
3.9140625 GB reserved
dict_keys(['index', 'mixture_magnitude', 'mixture_phase', 'source_phase', 'mix_magnitude', 'ideal_binary_mask', 'source_magnitudes'])
[Validator] Epoch 9 - val_loss: 0.000022
[BEST CHECKPOINT] Guardado/actualizado en: checkpoints\Mis_modelos_v2\advanced\lpsa_phase checkpoints\4stems\best_checkpoint_8_val_loss=-0.0000.pt
06/13/2026 07:07:37 AM | engine.py:1037 Engine run finished. Time taken: 00:01:00.999
[Epoch 9] train_loss=0.000020 | val_loss=0.000022
06/13/2026 07:07:37 AM | engine.py:1010 Epoch[9] Complete. Time taken: 00:17:20.343
1.0085558891296387 GB allocated
3.9140625 GB reserved
dict_keys(['index', 'mixture_magnitude', 'mixture_phase', 'source_phase', 'mix_magnitude', 'ideal_binary_mask', 'source_magnitudes'])
1.009408950805664 GB allocated
3.9140625 GB reserved
dict_keys(['index', 'mixture_magnitude', 'mixture_phase', 'source_phase', 'mix_magnitude', 'ideal_binary_mask', 'source_magnitudes'])
1.009408950805664 GB allocated
3.9140625 GB reserved
dict_keys(['index', 'mixture_magnitude', 'mixture_phase', 'source_phase', 'mix_magnitude', 'ideal_binary_mask', 'source_magnitudes'])
1.009408950805664 GB allocated
3.9140625 GB reserved
dict_keys(['index', 'mixture_magnitude', 'mixture_phase', 'source_phase', 'mix_magnitude', 'ideal_binary_mask', 'source_magnitudes'])
1.0085558891296387 GB allocated
3.9140625 GB reserved
dict_keys(['index', 'mixture_magnitude', 'mixture_phase', 'source_phase', 'mix_magnitude', 'ideal_binary_mask', 'source_magnitudes'])
1.009408950805664 GB allocated
3.9140625 GB reserved
dict_keys(['index', 'mixture_magnitude', 'mixture_phase', 'source_phase', 'mix_magnitude', 'ideal_binary_mask', 'source_magnitudes'])
1.009408950805664 GB allocated
3.9140625 GB reserved
dict_keys(['index', 'mixture_magnitude', 'mixture_phase', 'source_phase', 'mix_magnitude', 'ideal_binary_mask', 'source_magnitudes'])
1.009408950805664 GB allocated
3.9140625 GB reserved
dict_keys(['index', 'mixture_magnitude', 'mixture_phase', 'source_phase', 'mix_magnitude', 'ideal_binary_mask', 'source_magnitudes'])
1.0085558891296387 GB allocated
3.9140625 GB reserved
dict_keys(['index', 'mixture_magnitude', 'mixture_phase', 'source_phase', 'mix_magnitude', 'ideal_binary_mask', 'source_magnitudes'])
1.009408950805664 GB allocated
3.9140625 GB reserved
dict_keys(['index', 'mixture_magnitude', 'mixture_phase', 'source_phase', 'mix_magnitude', 'ideal_binary_mask', 'source_magnitudes'])
1.009408950805664 GB allocated
3.9140625 GB reserved
dict_keys(['index', 'mixture_magnitude', 'mixture_phase', 'source_phase', 'mix_magnitude', 'ideal_binary_mask', 'source_magnitudes'])
1.009408950805664 GB allocated
3.9140625 GB reserved
dict_keys(['index', 'mixture_magnitude', 'mixture_phase', 'source_phase', 'mix_magnitude', 'ideal_binary_mask', 'source_magnitudes'])
1.0085558891296387 GB allocated
3.9140625 GB reserved
dict_keys(['index', 'mixture_magnitude', 'mixture_phase', 'source_phase', 'mix_magnitude', 'ideal_binary_mask', 'source_magnitudes'])
1.009408950805664 GB allocated
3.9140625 GB reserved
dict_keys(['index', 'mixture_magnitude', 'mixture_phase', 'source_phase', 'mix_magnitude', 'ideal_binary_mask', 'source_magnitudes'])
1.009408950805664 GB allocated
3.9140625 GB reserved
dict_keys(['index', 'mixture_magnitude', 'mixture_phase', 'source_phase', 'mix_magnitude', 'ideal_binary_mask', 'source_magnitudes'])
1.009408950805664 GB allocated
3.9140625 GB reserved
dict_keys(['index', 'mixture_magnitude', 'mixture_phase', 'source_phase', 'mix_magnitude', 'ideal_binary_mask', 'source_magnitudes'])
1.0085558891296387 GB allocated
3.9140625 GB reserved
dict_keys(['index', 'mixture_magnitude', 'mixture_phase', 'source_phase', 'mix_magnitude', 'ideal_binary_mask', 'source_magnitudes'])
1.009408950805664 GB allocated
3.9140625 GB reserved
dict_keys(['index', 'mixture_magnitude', 'mixture_phase', 'source_phase', 'mix_magnitude', 'ideal_binary_mask', 'source_magnitudes'])
1.009408950805664 GB allocated
3.9140625 GB reserved
dict_keys(['index', 'mixture_magnitude', 'mixture_phase', 'source_phase', 'mix_magnitude', 'ideal_binary_mask', 'source_magnitudes'])
1.009408950805664 GB allocated
3.9140625 GB reserved
dict_keys(['index', 'mixture_magnitude', 'mixture_phase', 'source_phase', 'mix_magnitude', 'ideal_binary_mask', 'source_magnitudes'])
1.0085558891296387 GB allocated
3.9140625 GB reserved
dict_keys(['index', 'mixture_magnitude', 'mixture_phase', 'source_phase', 'mix_magnitude', 'ideal_binary_mask', 'source_magnitudes'])
1.009408950805664 GB allocated
3.9140625 GB reserved
dict_keys(['index', 'mixture_magnitude', 'mixture_phase', 'source_phase', 'mix_magnitude', 'ideal_binary_mask', 'source_magnitudes'])
1.009408950805664 GB allocated
3.9140625 GB reserved
dict_keys(['index', 'mixture_magnitude', 'mixture_phase', 'source_phase', 'mix_magnitude', 'ideal_binary_mask', 'source_magnitudes'])
1.009408950805664 GB allocated
3.9140625 GB reserved
dict_keys(['index', 'mixture_magnitude', 'mixture_phase', 'source_phase', 'mix_magnitude', 'ideal_binary_mask', 'source_magnitudes'])
1.0085558891296387 GB allocated
3.9140625 GB reserved
dict_keys(['index', 'mixture_magnitude', 'mixture_phase', 'source_phase', 'mix_magnitude', 'ideal_binary_mask', 'source_magnitudes'])
1.009408950805664 GB allocated
3.9140625 GB reserved
dict_keys(['index', 'mixture_magnitude', 'mixture_phase', 'source_phase', 'mix_magnitude', 'ideal_binary_mask', 'source_magnitudes'])
1.009408950805664 GB allocated
3.9140625 GB reserved
dict_keys(['index', 'mixture_magnitude', 'mixture_phase', 'source_phase', 'mix_magnitude', 'ideal_binary_mask', 'source_magnitudes'])
1.009408950805664 GB allocated
3.9140625 GB reserved
dict_keys(['index', 'mixture_magnitude', 'mixture_phase', 'source_phase', 'mix_magnitude', 'ideal_binary_mask', 'source_magnitudes'])
1.0085558891296387 GB allocated
3.9140625 GB reserved
dict_keys(['index', 'mixture_magnitude', 'mixture_phase', 'source_phase', 'mix_magnitude', 'ideal_binary_mask', 'source_magnitudes'])
1.009408950805664 GB allocated
3.9140625 GB reserved
dict_keys(['index', 'mixture_magnitude', 'mixture_phase', 'source_phase', 'mix_magnitude', 'ideal_binary_mask', 'source_magnitudes'])
1.009408950805664 GB allocated
3.9140625 GB reserved
dict_keys(['index', 'mixture_magnitude', 'mixture_phase', 'source_phase', 'mix_magnitude', 'ideal_binary_mask', 'source_magnitudes'])
1.009408950805664 GB allocated
3.9140625 GB reserved
dict_keys(['index', 'mixture_magnitude', 'mixture_phase', 'source_phase', 'mix_magnitude', 'ideal_binary_mask', 'source_magnitudes'])
1.0085558891296387 GB allocated
3.9140625 GB reserved
dict_keys(['index', 'mixture_magnitude', 'mixture_phase', 'source_phase', 'mix_magnitude', 'ideal_binary_mask', 'source_magnitudes'])
1.009408950805664 GB allocated
3.9140625 GB reserved
dict_keys(['index', 'mixture_magnitude', 'mixture_phase', 'source_phase', 'mix_magnitude', 'ideal_binary_mask', 'source_magnitudes'])
1.009408950805664 GB allocated
3.9140625 GB reserved
dict_keys(['index', 'mixture_magnitude', 'mixture_phase', 'source_phase', 'mix_magnitude', 'ideal_binary_mask', 'source_magnitudes'])
1.009408950805664 GB allocated
3.9140625 GB reserved
dict_keys(['index', 'mixture_magnitude', 'mixture_phase', 'source_phase', 'mix_magnitude', 'ideal_binary_mask', 'source_magnitudes'])
1.0085558891296387 GB allocated
3.9140625 GB reserved
dict_keys(['index', 'mixture_magnitude', 'mixture_phase', 'source_phase', 'mix_magnitude', 'ideal_binary_mask', 'source_magnitudes'])
1.009408950805664 GB allocated
3.9140625 GB reserved
dict_keys(['index', 'mixture_magnitude', 'mixture_phase', 'source_phase', 'mix_magnitude', 'ideal_binary_mask', 'source_magnitudes'])
1.009408950805664 GB allocated
3.9140625 GB reserved
dict_keys(['index', 'mixture_magnitude', 'mixture_phase', 'source_phase', 'mix_magnitude', 'ideal_binary_mask', 'source_magnitudes'])
1.009408950805664 GB allocated
3.9140625 GB reserved
dict_keys(['index', 'mixture_magnitude', 'mixture_phase', 'source_phase', 'mix_magnitude', 'ideal_binary_mask', 'source_magnitudes'])
1.0085558891296387 GB allocated
3.9140625 GB reserved
dict_keys(['index', 'mixture_magnitude', 'mixture_phase', 'source_phase', 'mix_magnitude', 'ideal_binary_mask', 'source_magnitudes'])
1.009408950805664 GB allocated
3.9140625 GB reserved
dict_keys(['index', 'mixture_magnitude', 'mixture_phase', 'source_phase', 'mix_magnitude', 'ideal_binary_mask', 'source_magnitudes'])
1.009408950805664 GB allocated
3.9140625 GB reserved
dict_keys(['index', 'mixture_magnitude', 'mixture_phase', 'source_phase', 'mix_magnitude', 'ideal_binary_mask', 'source_magnitudes'])
06/13/2026 07:24:01 AM | engine.py:906 Engine run starting with max_epochs=1.
06/13/2026 07:25:03 AM | engine.py:1010 Epoch[1] Complete. Time taken: 00:01:02.132
1.009408950805664 GB allocated
3.9140625 GB reserved
dict_keys(['index', 'mixture_magnitude', 'mixture_phase', 'source_phase', 'mix_magnitude', 'ideal_binary_mask', 'source_magnitudes'])
1.0085558891296387 GB allocated
3.9140625 GB reserved
dict_keys(['index', 'mixture_magnitude', 'mixture_phase', 'source_phase', 'mix_magnitude', 'ideal_binary_mask', 'source_magnitudes'])
1.009408950805664 GB allocated
3.9140625 GB reserved
dict_keys(['index', 'mixture_magnitude', 'mixture_phase', 'source_phase', 'mix_magnitude', 'ideal_binary_mask', 'source_magnitudes'])
1.009408950805664 GB allocated
3.9140625 GB reserved
dict_keys(['index', 'mixture_magnitude', 'mixture_phase', 'source_phase', 'mix_magnitude', 'ideal_binary_mask', 'source_magnitudes'])
1.009408950805664 GB allocated
3.9140625 GB reserved
dict_keys(['index', 'mixture_magnitude', 'mixture_phase', 'source_phase', 'mix_magnitude', 'ideal_binary_mask', 'source_magnitudes'])
1.0085558891296387 GB allocated
3.9140625 GB reserved
dict_keys(['index', 'mixture_magnitude', 'mixture_phase', 'source_phase', 'mix_magnitude', 'ideal_binary_mask', 'source_magnitudes'])
1.009408950805664 GB allocated
3.9140625 GB reserved
dict_keys(['index', 'mixture_magnitude', 'mixture_phase', 'source_phase', 'mix_magnitude', 'ideal_binary_mask', 'source_magnitudes'])
1.009408950805664 GB allocated
3.9140625 GB reserved
dict_keys(['index', 'mixture_magnitude', 'mixture_phase', 'source_phase', 'mix_magnitude', 'ideal_binary_mask', 'source_magnitudes'])
1.009408950805664 GB allocated
3.9140625 GB reserved
dict_keys(['index', 'mixture_magnitude', 'mixture_phase', 'source_phase', 'mix_magnitude', 'ideal_binary_mask', 'source_magnitudes'])
1.0085558891296387 GB allocated
3.9140625 GB reserved
dict_keys(['index', 'mixture_magnitude', 'mixture_phase', 'source_phase', 'mix_magnitude', 'ideal_binary_mask', 'source_magnitudes'])
1.009408950805664 GB allocated
3.9140625 GB reserved
dict_keys(['index', 'mixture_magnitude', 'mixture_phase', 'source_phase', 'mix_magnitude', 'ideal_binary_mask', 'source_magnitudes'])
1.009408950805664 GB allocated
3.9140625 GB reserved
dict_keys(['index', 'mixture_magnitude', 'mixture_phase', 'source_phase', 'mix_magnitude', 'ideal_binary_mask', 'source_magnitudes'])
1.009408950805664 GB allocated
3.9140625 GB reserved
dict_keys(['index', 'mixture_magnitude', 'mixture_phase', 'source_phase', 'mix_magnitude', 'ideal_binary_mask', 'source_magnitudes'])
1.0085558891296387 GB allocated
3.9140625 GB reserved
dict_keys(['index', 'mixture_magnitude', 'mixture_phase', 'source_phase', 'mix_magnitude', 'ideal_binary_mask', 'source_magnitudes'])
1.009408950805664 GB allocated
3.9140625 GB reserved
dict_keys(['index', 'mixture_magnitude', 'mixture_phase', 'source_phase', 'mix_magnitude', 'ideal_binary_mask', 'source_magnitudes'])
1.009408950805664 GB allocated
3.9140625 GB reserved
dict_keys(['index', 'mixture_magnitude', 'mixture_phase', 'source_phase', 'mix_magnitude', 'ideal_binary_mask', 'source_magnitudes'])
1.009408950805664 GB allocated
3.9140625 GB reserved
dict_keys(['index', 'mixture_magnitude', 'mixture_phase', 'source_phase', 'mix_magnitude', 'ideal_binary_mask', 'source_magnitudes'])
1.0085558891296387 GB allocated
3.9140625 GB reserved
dict_keys(['index', 'mixture_magnitude', 'mixture_phase', 'source_phase', 'mix_magnitude', 'ideal_binary_mask', 'source_magnitudes'])
1.009408950805664 GB allocated
3.9140625 GB reserved
dict_keys(['index', 'mixture_magnitude', 'mixture_phase', 'source_phase', 'mix_magnitude', 'ideal_binary_mask', 'source_magnitudes'])
1.009408950805664 GB allocated
3.9140625 GB reserved
dict_keys(['index', 'mixture_magnitude', 'mixture_phase', 'source_phase', 'mix_magnitude', 'ideal_binary_mask', 'source_magnitudes'])
1.009408950805664 GB allocated
3.9140625 GB reserved
dict_keys(['index', 'mixture_magnitude', 'mixture_phase', 'source_phase', 'mix_magnitude', 'ideal_binary_mask', 'source_magnitudes'])
1.0085558891296387 GB allocated
3.9140625 GB reserved
dict_keys(['index', 'mixture_magnitude', 'mixture_phase', 'source_phase', 'mix_magnitude', 'ideal_binary_mask', 'source_magnitudes'])
1.009408950805664 GB allocated
3.9140625 GB reserved
dict_keys(['index', 'mixture_magnitude', 'mixture_phase', 'source_phase', 'mix_magnitude', 'ideal_binary_mask', 'source_magnitudes'])
1.009408950805664 GB allocated
3.9140625 GB reserved
dict_keys(['index', 'mixture_magnitude', 'mixture_phase', 'source_phase', 'mix_magnitude', 'ideal_binary_mask', 'source_magnitudes'])
1.009408950805664 GB allocated
3.9140625 GB reserved
dict_keys(['index', 'mixture_magnitude', 'mixture_phase', 'source_phase', 'mix_magnitude', 'ideal_binary_mask', 'source_magnitudes'])
1.0085558891296387 GB allocated
3.9140625 GB reserved
dict_keys(['index', 'mixture_magnitude', 'mixture_phase', 'source_phase', 'mix_magnitude', 'ideal_binary_mask', 'source_magnitudes'])
1.009408950805664 GB allocated
3.9140625 GB reserved
dict_keys(['index', 'mixture_magnitude', 'mixture_phase', 'source_phase', 'mix_magnitude', 'ideal_binary_mask', 'source_magnitudes'])
1.009408950805664 GB allocated
3.9140625 GB reserved
dict_keys(['index', 'mixture_magnitude', 'mixture_phase', 'source_phase', 'mix_magnitude', 'ideal_binary_mask', 'source_magnitudes'])
1.009408950805664 GB allocated
3.9140625 GB reserved
dict_keys(['index', 'mixture_magnitude', 'mixture_phase', 'source_phase', 'mix_magnitude', 'ideal_binary_mask', 'source_magnitudes'])
1.0085558891296387 GB allocated
3.9140625 GB reserved
dict_keys(['index', 'mixture_magnitude', 'mixture_phase', 'source_phase', 'mix_magnitude', 'ideal_binary_mask', 'source_magnitudes'])
1.009408950805664 GB allocated
3.9140625 GB reserved
dict_keys(['index', 'mixture_magnitude', 'mixture_phase', 'source_phase', 'mix_magnitude', 'ideal_binary_mask', 'source_magnitudes'])
1.009408950805664 GB allocated
3.9140625 GB reserved
dict_keys(['index', 'mixture_magnitude', 'mixture_phase', 'source_phase', 'mix_magnitude', 'ideal_binary_mask', 'source_magnitudes'])
1.009408950805664 GB allocated
3.9140625 GB reserved
dict_keys(['index', 'mixture_magnitude', 'mixture_phase', 'source_phase', 'mix_magnitude', 'ideal_binary_mask', 'source_magnitudes'])
1.0085558891296387 GB allocated
3.9140625 GB reserved
dict_keys(['index', 'mixture_magnitude', 'mixture_phase', 'source_phase', 'mix_magnitude', 'ideal_binary_mask', 'source_magnitudes'])
1.009408950805664 GB allocated
3.9140625 GB reserved
dict_keys(['index', 'mixture_magnitude', 'mixture_phase', 'source_phase', 'mix_magnitude', 'ideal_binary_mask', 'source_magnitudes'])
1.009408950805664 GB allocated
3.9140625 GB reserved
dict_keys(['index', 'mixture_magnitude', 'mixture_phase', 'source_phase', 'mix_magnitude', 'ideal_binary_mask', 'source_magnitudes'])
1.009408950805664 GB allocated
3.9140625 GB reserved
dict_keys(['index', 'mixture_magnitude', 'mixture_phase', 'source_phase', 'mix_magnitude', 'ideal_binary_mask', 'source_magnitudes'])
1.0085558891296387 GB allocated
3.9140625 GB reserved
dict_keys(['index', 'mixture_magnitude', 'mixture_phase', 'source_phase', 'mix_magnitude', 'ideal_binary_mask', 'source_magnitudes'])
1.009408950805664 GB allocated
3.9140625 GB reserved
dict_keys(['index', 'mixture_magnitude', 'mixture_phase', 'source_phase', 'mix_magnitude', 'ideal_binary_mask', 'source_magnitudes'])
1.009408950805664 GB allocated
3.9140625 GB reserved
dict_keys(['index', 'mixture_magnitude', 'mixture_phase', 'source_phase', 'mix_magnitude', 'ideal_binary_mask', 'source_magnitudes'])
1.009408950805664 GB allocated
3.9140625 GB reserved
dict_keys(['index', 'mixture_magnitude', 'mixture_phase', 'source_phase', 'mix_magnitude', 'ideal_binary_mask', 'source_magnitudes'])
1.0085558891296387 GB allocated
3.9140625 GB reserved
dict_keys(['index', 'mixture_magnitude', 'mixture_phase', 'source_phase', 'mix_magnitude', 'ideal_binary_mask', 'source_magnitudes'])
1.009408950805664 GB allocated
3.9140625 GB reserved
dict_keys(['index', 'mixture_magnitude', 'mixture_phase', 'source_phase', 'mix_magnitude', 'ideal_binary_mask', 'source_magnitudes'])
1.009408950805664 GB allocated
3.9140625 GB reserved
dict_keys(['index', 'mixture_magnitude', 'mixture_phase', 'source_phase', 'mix_magnitude', 'ideal_binary_mask', 'source_magnitudes'])
1.009408950805664 GB allocated
3.9140625 GB reserved
dict_keys(['index', 'mixture_magnitude', 'mixture_phase', 'source_phase', 'mix_magnitude', 'ideal_binary_mask', 'source_magnitudes'])
1.0085558891296387 GB allocated
3.9140625 GB reserved
dict_keys(['index', 'mixture_magnitude', 'mixture_phase', 'source_phase', 'mix_magnitude', 'ideal_binary_mask', 'source_magnitudes'])
1.009408950805664 GB allocated
3.9140625 GB reserved
dict_keys(['index', 'mixture_magnitude', 'mixture_phase', 'source_phase', 'mix_magnitude', 'ideal_binary_mask', 'source_magnitudes'])
1.009408950805664 GB allocated
3.9140625 GB reserved
dict_keys(['index', 'mixture_magnitude', 'mixture_phase', 'source_phase', 'mix_magnitude', 'ideal_binary_mask', 'source_magnitudes'])
1.009408950805664 GB allocated
3.9140625 GB reserved
dict_keys(['index', 'mixture_magnitude', 'mixture_phase', 'source_phase', 'mix_magnitude', 'ideal_binary_mask', 'source_magnitudes'])
1.0085558891296387 GB allocated
3.9140625 GB reserved
dict_keys(['index', 'mixture_magnitude', 'mixture_phase', 'source_phase', 'mix_magnitude', 'ideal_binary_mask', 'source_magnitudes'])
1.009408950805664 GB allocated
3.9140625 GB reserved
dict_keys(['index', 'mixture_magnitude', 'mixture_phase', 'source_phase', 'mix_magnitude', 'ideal_binary_mask', 'source_magnitudes'])
1.009408950805664 GB allocated
3.9140625 GB reserved
dict_keys(['index', 'mixture_magnitude', 'mixture_phase', 'source_phase', 'mix_magnitude', 'ideal_binary_mask', 'source_magnitudes'])
1.009408950805664 GB allocated
3.9140625 GB reserved
dict_keys(['index', 'mixture_magnitude', 'mixture_phase', 'source_phase', 'mix_magnitude', 'ideal_binary_mask', 'source_magnitudes'])
1.0085558891296387 GB allocated
3.9140625 GB reserved
dict_keys(['index', 'mixture_magnitude', 'mixture_phase', 'source_phase', 'mix_magnitude', 'ideal_binary_mask', 'source_magnitudes'])
1.009408950805664 GB allocated
3.9140625 GB reserved
dict_keys(['index', 'mixture_magnitude', 'mixture_phase', 'source_phase', 'mix_magnitude', 'ideal_binary_mask', 'source_magnitudes'])
1.009408950805664 GB allocated
3.9140625 GB reserved
dict_keys(['index', 'mixture_magnitude', 'mixture_phase', 'source_phase', 'mix_magnitude', 'ideal_binary_mask', 'source_magnitudes'])
1.009408950805664 GB allocated
3.9140625 GB reserved
dict_keys(['index', 'mixture_magnitude', 'mixture_phase', 'source_phase', 'mix_magnitude', 'ideal_binary_mask', 'source_magnitudes'])
[Validator] Epoch 10 - val_loss: 0.000023
[BEST CHECKPOINT] Guardado/actualizado en: checkpoints\Mis_modelos_v2\advanced\lpsa_phase checkpoints\4stems\best_checkpoint_8_val_loss=-0.0000.pt
06/13/2026 07:25:03 AM | engine.py:1037 Engine run finished. Time taken: 00:01:02.132
[Epoch 10] train_loss=0.000020 | val_loss=0.000023
06/13/2026 07:25:03 AM | engine.py:1010 Epoch[10] Complete. Time taken: 00:17:25.991
1.0085558891296387 GB allocated
3.9140625 GB reserved
dict_keys(['index', 'mixture_magnitude', 'mixture_phase', 'source_phase', 'mix_magnitude', 'ideal_binary_mask', 'source_magnitudes'])
1.009408950805664 GB allocated
3.9140625 GB reserved
dict_keys(['index', 'mixture_magnitude', 'mixture_phase', 'source_phase', 'mix_magnitude', 'ideal_binary_mask', 'source_magnitudes'])
1.009408950805664 GB allocated
3.9140625 GB reserved
dict_keys(['index', 'mixture_magnitude', 'mixture_phase', 'source_phase', 'mix_magnitude', 'ideal_binary_mask', 'source_magnitudes'])
1.009408950805664 GB allocated
3.9140625 GB reserved
dict_keys(['index', 'mixture_magnitude', 'mixture_phase', 'source_phase', 'mix_magnitude', 'ideal_binary_mask', 'source_magnitudes'])
1.0085558891296387 GB allocated
3.9140625 GB reserved
dict_keys(['index', 'mixture_magnitude', 'mixture_phase', 'source_phase', 'mix_magnitude', 'ideal_binary_mask', 'source_magnitudes'])
1.009408950805664 GB allocated
3.9140625 GB reserved
dict_keys(['index', 'mixture_magnitude', 'mixture_phase', 'source_phase', 'mix_magnitude', 'ideal_binary_mask', 'source_magnitudes'])
1.009408950805664 GB allocated
3.9140625 GB reserved
dict_keys(['index', 'mixture_magnitude', 'mixture_phase', 'source_phase', 'mix_magnitude', 'ideal_binary_mask', 'source_magnitudes'])
1.009408950805664 GB allocated
3.9140625 GB reserved
dict_keys(['index', 'mixture_magnitude', 'mixture_phase', 'source_phase', 'mix_magnitude', 'ideal_binary_mask', 'source_magnitudes'])
1.0085558891296387 GB allocated
3.9140625 GB reserved
dict_keys(['index', 'mixture_magnitude', 'mixture_phase', 'source_phase', 'mix_magnitude', 'ideal_binary_mask', 'source_magnitudes'])
1.009408950805664 GB allocated
3.9140625 GB reserved
dict_keys(['index', 'mixture_magnitude', 'mixture_phase', 'source_phase', 'mix_magnitude', 'ideal_binary_mask', 'source_magnitudes'])
1.009408950805664 GB allocated
3.9140625 GB reserved
dict_keys(['index', 'mixture_magnitude', 'mixture_phase', 'source_phase', 'mix_magnitude', 'ideal_binary_mask', 'source_magnitudes'])
1.009408950805664 GB allocated
3.9140625 GB reserved
dict_keys(['index', 'mixture_magnitude', 'mixture_phase', 'source_phase', 'mix_magnitude', 'ideal_binary_mask', 'source_magnitudes'])
1.0085558891296387 GB allocated
3.9140625 GB reserved
dict_keys(['index', 'mixture_magnitude', 'mixture_phase', 'source_phase', 'mix_magnitude', 'ideal_binary_mask', 'source_magnitudes'])
1.009408950805664 GB allocated
3.9140625 GB reserved
dict_keys(['index', 'mixture_magnitude', 'mixture_phase', 'source_phase', 'mix_magnitude', 'ideal_binary_mask', 'source_magnitudes'])
1.009408950805664 GB allocated
3.9140625 GB reserved
dict_keys(['index', 'mixture_magnitude', 'mixture_phase', 'source_phase', 'mix_magnitude', 'ideal_binary_mask', 'source_magnitudes'])
1.009408950805664 GB allocated
3.9140625 GB reserved
dict_keys(['index', 'mixture_magnitude', 'mixture_phase', 'source_phase', 'mix_magnitude', 'ideal_binary_mask', 'source_magnitudes'])
1.0085558891296387 GB allocated
3.9140625 GB reserved
dict_keys(['index', 'mixture_magnitude', 'mixture_phase', 'source_phase', 'mix_magnitude', 'ideal_binary_mask', 'source_magnitudes'])
1.009408950805664 GB allocated
3.9140625 GB reserved
dict_keys(['index', 'mixture_magnitude', 'mixture_phase', 'source_phase', 'mix_magnitude', 'ideal_binary_mask', 'source_magnitudes'])
1.009408950805664 GB allocated
3.9140625 GB reserved
dict_keys(['index', 'mixture_magnitude', 'mixture_phase', 'source_phase', 'mix_magnitude', 'ideal_binary_mask', 'source_magnitudes'])
1.009408950805664 GB allocated
3.9140625 GB reserved
dict_keys(['index', 'mixture_magnitude', 'mixture_phase', 'source_phase', 'mix_magnitude', 'ideal_binary_mask', 'source_magnitudes'])
1.0085558891296387 GB allocated
3.9140625 GB reserved
dict_keys(['index', 'mixture_magnitude', 'mixture_phase', 'source_phase', 'mix_magnitude', 'ideal_binary_mask', 'source_magnitudes'])
1.009408950805664 GB allocated
3.9140625 GB reserved
dict_keys(['index', 'mixture_magnitude', 'mixture_phase', 'source_phase', 'mix_magnitude', 'ideal_binary_mask', 'source_magnitudes'])
1.009408950805664 GB allocated
3.9140625 GB reserved
dict_keys(['index', 'mixture_magnitude', 'mixture_phase', 'source_phase', 'mix_magnitude', 'ideal_binary_mask', 'source_magnitudes'])
1.009408950805664 GB allocated
3.9140625 GB reserved
dict_keys(['index', 'mixture_magnitude', 'mixture_phase', 'source_phase', 'mix_magnitude', 'ideal_binary_mask', 'source_magnitudes'])
1.0085558891296387 GB allocated
3.9140625 GB reserved
dict_keys(['index', 'mixture_magnitude', 'mixture_phase', 'source_phase', 'mix_magnitude', 'ideal_binary_mask', 'source_magnitudes'])
1.009408950805664 GB allocated
3.9140625 GB reserved
dict_keys(['index', 'mixture_magnitude', 'mixture_phase', 'source_phase', 'mix_magnitude', 'ideal_binary_mask', 'source_magnitudes'])
1.009408950805664 GB allocated
3.9140625 GB reserved
dict_keys(['index', 'mixture_magnitude', 'mixture_phase', 'source_phase', 'mix_magnitude', 'ideal_binary_mask', 'source_magnitudes'])
1.009408950805664 GB allocated
3.9140625 GB reserved
dict_keys(['index', 'mixture_magnitude', 'mixture_phase', 'source_phase', 'mix_magnitude', 'ideal_binary_mask', 'source_magnitudes'])
1.0085558891296387 GB allocated
3.9140625 GB reserved
dict_keys(['index', 'mixture_magnitude', 'mixture_phase', 'source_phase', 'mix_magnitude', 'ideal_binary_mask', 'source_magnitudes'])
1.009408950805664 GB allocated
3.9140625 GB reserved
dict_keys(['index', 'mixture_magnitude', 'mixture_phase', 'source_phase', 'mix_magnitude', 'ideal_binary_mask', 'source_magnitudes'])
1.009408950805664 GB allocated
3.9140625 GB reserved
dict_keys(['index', 'mixture_magnitude', 'mixture_phase', 'source_phase', 'mix_magnitude', 'ideal_binary_mask', 'source_magnitudes'])
1.009408950805664 GB allocated
3.9140625 GB reserved
dict_keys(['index', 'mixture_magnitude', 'mixture_phase', 'source_phase', 'mix_magnitude', 'ideal_binary_mask', 'source_magnitudes'])
1.0085558891296387 GB allocated
3.9140625 GB reserved
dict_keys(['index', 'mixture_magnitude', 'mixture_phase', 'source_phase', 'mix_magnitude', 'ideal_binary_mask', 'source_magnitudes'])
1.009408950805664 GB allocated
3.9140625 GB reserved
dict_keys(['index', 'mixture_magnitude', 'mixture_phase', 'source_phase', 'mix_magnitude', 'ideal_binary_mask', 'source_magnitudes'])
1.009408950805664 GB allocated
3.9140625 GB reserved
dict_keys(['index', 'mixture_magnitude', 'mixture_phase', 'source_phase', 'mix_magnitude', 'ideal_binary_mask', 'source_magnitudes'])
1.009408950805664 GB allocated
3.9140625 GB reserved
dict_keys(['index', 'mixture_magnitude', 'mixture_phase', 'source_phase', 'mix_magnitude', 'ideal_binary_mask', 'source_magnitudes'])
1.0085558891296387 GB allocated
3.9140625 GB reserved
dict_keys(['index', 'mixture_magnitude', 'mixture_phase', 'source_phase', 'mix_magnitude', 'ideal_binary_mask', 'source_magnitudes'])
1.009408950805664 GB allocated
3.9140625 GB reserved
dict_keys(['index', 'mixture_magnitude', 'mixture_phase', 'source_phase', 'mix_magnitude', 'ideal_binary_mask', 'source_magnitudes'])
1.009408950805664 GB allocated
3.9140625 GB reserved
dict_keys(['index', 'mixture_magnitude', 'mixture_phase', 'source_phase', 'mix_magnitude', 'ideal_binary_mask', 'source_magnitudes'])
1.009408950805664 GB allocated
3.9140625 GB reserved
dict_keys(['index', 'mixture_magnitude', 'mixture_phase', 'source_phase', 'mix_magnitude', 'ideal_binary_mask', 'source_magnitudes'])
1.0085558891296387 GB allocated
3.9140625 GB reserved
dict_keys(['index', 'mixture_magnitude', 'mixture_phase', 'source_phase', 'mix_magnitude', 'ideal_binary_mask', 'source_magnitudes'])
1.009408950805664 GB allocated
3.9140625 GB reserved
dict_keys(['index', 'mixture_magnitude', 'mixture_phase', 'source_phase', 'mix_magnitude', 'ideal_binary_mask', 'source_magnitudes'])
1.009408950805664 GB allocated
3.9140625 GB reserved
dict_keys(['index', 'mixture_magnitude', 'mixture_phase', 'source_phase', 'mix_magnitude', 'ideal_binary_mask', 'source_magnitudes'])
06/13/2026 07:41:26 AM | engine.py:906 Engine run starting with max_epochs=1.
06/13/2026 07:42:27 AM | engine.py:1010 Epoch[1] Complete. Time taken: 00:01:00.659
1.009408950805664 GB allocated
3.9140625 GB reserved
dict_keys(['index', 'mixture_magnitude', 'mixture_phase', 'source_phase', 'mix_magnitude', 'ideal_binary_mask', 'source_magnitudes'])
1.0085558891296387 GB allocated
3.9140625 GB reserved
dict_keys(['index', 'mixture_magnitude', 'mixture_phase', 'source_phase', 'mix_magnitude', 'ideal_binary_mask', 'source_magnitudes'])
1.009408950805664 GB allocated
3.9140625 GB reserved
dict_keys(['index', 'mixture_magnitude', 'mixture_phase', 'source_phase', 'mix_magnitude', 'ideal_binary_mask', 'source_magnitudes'])
1.009408950805664 GB allocated
3.9140625 GB reserved
dict_keys(['index', 'mixture_magnitude', 'mixture_phase', 'source_phase', 'mix_magnitude', 'ideal_binary_mask', 'source_magnitudes'])
1.009408950805664 GB allocated
3.9140625 GB reserved
dict_keys(['index', 'mixture_magnitude', 'mixture_phase', 'source_phase', 'mix_magnitude', 'ideal_binary_mask', 'source_magnitudes'])
1.0085558891296387 GB allocated
3.9140625 GB reserved
dict_keys(['index', 'mixture_magnitude', 'mixture_phase', 'source_phase', 'mix_magnitude', 'ideal_binary_mask', 'source_magnitudes'])
1.009408950805664 GB allocated
3.9140625 GB reserved
dict_keys(['index', 'mixture_magnitude', 'mixture_phase', 'source_phase', 'mix_magnitude', 'ideal_binary_mask', 'source_magnitudes'])
1.009408950805664 GB allocated
3.9140625 GB reserved
dict_keys(['index', 'mixture_magnitude', 'mixture_phase', 'source_phase', 'mix_magnitude', 'ideal_binary_mask', 'source_magnitudes'])
1.009408950805664 GB allocated
3.9140625 GB reserved
dict_keys(['index', 'mixture_magnitude', 'mixture_phase', 'source_phase', 'mix_magnitude', 'ideal_binary_mask', 'source_magnitudes'])
1.0085558891296387 GB allocated
3.9140625 GB reserved
dict_keys(['index', 'mixture_magnitude', 'mixture_phase', 'source_phase', 'mix_magnitude', 'ideal_binary_mask', 'source_magnitudes'])
1.009408950805664 GB allocated
3.9140625 GB reserved
dict_keys(['index', 'mixture_magnitude', 'mixture_phase', 'source_phase', 'mix_magnitude', 'ideal_binary_mask', 'source_magnitudes'])
1.009408950805664 GB allocated
3.9140625 GB reserved
dict_keys(['index', 'mixture_magnitude', 'mixture_phase', 'source_phase', 'mix_magnitude', 'ideal_binary_mask', 'source_magnitudes'])
1.009408950805664 GB allocated
3.9140625 GB reserved
dict_keys(['index', 'mixture_magnitude', 'mixture_phase', 'source_phase', 'mix_magnitude', 'ideal_binary_mask', 'source_magnitudes'])
1.0085558891296387 GB allocated
3.9140625 GB reserved
dict_keys(['index', 'mixture_magnitude', 'mixture_phase', 'source_phase', 'mix_magnitude', 'ideal_binary_mask', 'source_magnitudes'])
1.009408950805664 GB allocated
3.9140625 GB reserved
dict_keys(['index', 'mixture_magnitude', 'mixture_phase', 'source_phase', 'mix_magnitude', 'ideal_binary_mask', 'source_magnitudes'])
1.009408950805664 GB allocated
3.9140625 GB reserved
dict_keys(['index', 'mixture_magnitude', 'mixture_phase', 'source_phase', 'mix_magnitude', 'ideal_binary_mask', 'source_magnitudes'])
1.009408950805664 GB allocated
3.9140625 GB reserved
dict_keys(['index', 'mixture_magnitude', 'mixture_phase', 'source_phase', 'mix_magnitude', 'ideal_binary_mask', 'source_magnitudes'])
1.0085558891296387 GB allocated
3.9140625 GB reserved
dict_keys(['index', 'mixture_magnitude', 'mixture_phase', 'source_phase', 'mix_magnitude', 'ideal_binary_mask', 'source_magnitudes'])
1.009408950805664 GB allocated
3.9140625 GB reserved
dict_keys(['index', 'mixture_magnitude', 'mixture_phase', 'source_phase', 'mix_magnitude', 'ideal_binary_mask', 'source_magnitudes'])
1.009408950805664 GB allocated
3.9140625 GB reserved
dict_keys(['index', 'mixture_magnitude', 'mixture_phase', 'source_phase', 'mix_magnitude', 'ideal_binary_mask', 'source_magnitudes'])
1.009408950805664 GB allocated
3.9140625 GB reserved
dict_keys(['index', 'mixture_magnitude', 'mixture_phase', 'source_phase', 'mix_magnitude', 'ideal_binary_mask', 'source_magnitudes'])
1.0085558891296387 GB allocated
3.9140625 GB reserved
dict_keys(['index', 'mixture_magnitude', 'mixture_phase', 'source_phase', 'mix_magnitude', 'ideal_binary_mask', 'source_magnitudes'])
1.009408950805664 GB allocated
3.9140625 GB reserved
dict_keys(['index', 'mixture_magnitude', 'mixture_phase', 'source_phase', 'mix_magnitude', 'ideal_binary_mask', 'source_magnitudes'])
1.009408950805664 GB allocated
3.9140625 GB reserved
dict_keys(['index', 'mixture_magnitude', 'mixture_phase', 'source_phase', 'mix_magnitude', 'ideal_binary_mask', 'source_magnitudes'])
1.009408950805664 GB allocated
3.9140625 GB reserved
dict_keys(['index', 'mixture_magnitude', 'mixture_phase', 'source_phase', 'mix_magnitude', 'ideal_binary_mask', 'source_magnitudes'])
1.0085558891296387 GB allocated
3.9140625 GB reserved
dict_keys(['index', 'mixture_magnitude', 'mixture_phase', 'source_phase', 'mix_magnitude', 'ideal_binary_mask', 'source_magnitudes'])
1.009408950805664 GB allocated
3.9140625 GB reserved
dict_keys(['index', 'mixture_magnitude', 'mixture_phase', 'source_phase', 'mix_magnitude', 'ideal_binary_mask', 'source_magnitudes'])
1.009408950805664 GB allocated
3.9140625 GB reserved
dict_keys(['index', 'mixture_magnitude', 'mixture_phase', 'source_phase', 'mix_magnitude', 'ideal_binary_mask', 'source_magnitudes'])
1.009408950805664 GB allocated
3.9140625 GB reserved
dict_keys(['index', 'mixture_magnitude', 'mixture_phase', 'source_phase', 'mix_magnitude', 'ideal_binary_mask', 'source_magnitudes'])
1.0085558891296387 GB allocated
3.9140625 GB reserved
dict_keys(['index', 'mixture_magnitude', 'mixture_phase', 'source_phase', 'mix_magnitude', 'ideal_binary_mask', 'source_magnitudes'])
1.009408950805664 GB allocated
3.9140625 GB reserved
dict_keys(['index', 'mixture_magnitude', 'mixture_phase', 'source_phase', 'mix_magnitude', 'ideal_binary_mask', 'source_magnitudes'])
1.009408950805664 GB allocated
3.9140625 GB reserved
dict_keys(['index', 'mixture_magnitude', 'mixture_phase', 'source_phase', 'mix_magnitude', 'ideal_binary_mask', 'source_magnitudes'])
1.009408950805664 GB allocated
3.9140625 GB reserved
dict_keys(['index', 'mixture_magnitude', 'mixture_phase', 'source_phase', 'mix_magnitude', 'ideal_binary_mask', 'source_magnitudes'])
1.0085558891296387 GB allocated
3.9140625 GB reserved
dict_keys(['index', 'mixture_magnitude', 'mixture_phase', 'source_phase', 'mix_magnitude', 'ideal_binary_mask', 'source_magnitudes'])
1.009408950805664 GB allocated
3.9140625 GB reserved
dict_keys(['index', 'mixture_magnitude', 'mixture_phase', 'source_phase', 'mix_magnitude', 'ideal_binary_mask', 'source_magnitudes'])
1.009408950805664 GB allocated
3.9140625 GB reserved
dict_keys(['index', 'mixture_magnitude', 'mixture_phase', 'source_phase', 'mix_magnitude', 'ideal_binary_mask', 'source_magnitudes'])
1.009408950805664 GB allocated
3.9140625 GB reserved
dict_keys(['index', 'mixture_magnitude', 'mixture_phase', 'source_phase', 'mix_magnitude', 'ideal_binary_mask', 'source_magnitudes'])
1.0085558891296387 GB allocated
3.9140625 GB reserved
dict_keys(['index', 'mixture_magnitude', 'mixture_phase', 'source_phase', 'mix_magnitude', 'ideal_binary_mask', 'source_magnitudes'])
1.009408950805664 GB allocated
3.9140625 GB reserved
dict_keys(['index', 'mixture_magnitude', 'mixture_phase', 'source_phase', 'mix_magnitude', 'ideal_binary_mask', 'source_magnitudes'])
1.009408950805664 GB allocated
3.9140625 GB reserved
dict_keys(['index', 'mixture_magnitude', 'mixture_phase', 'source_phase', 'mix_magnitude', 'ideal_binary_mask', 'source_magnitudes'])
1.009408950805664 GB allocated
3.9140625 GB reserved
dict_keys(['index', 'mixture_magnitude', 'mixture_phase', 'source_phase', 'mix_magnitude', 'ideal_binary_mask', 'source_magnitudes'])
1.0085558891296387 GB allocated
3.9140625 GB reserved
dict_keys(['index', 'mixture_magnitude', 'mixture_phase', 'source_phase', 'mix_magnitude', 'ideal_binary_mask', 'source_magnitudes'])
1.009408950805664 GB allocated
3.9140625 GB reserved
dict_keys(['index', 'mixture_magnitude', 'mixture_phase', 'source_phase', 'mix_magnitude', 'ideal_binary_mask', 'source_magnitudes'])
1.009408950805664 GB allocated
3.9140625 GB reserved
dict_keys(['index', 'mixture_magnitude', 'mixture_phase', 'source_phase', 'mix_magnitude', 'ideal_binary_mask', 'source_magnitudes'])
1.009408950805664 GB allocated
3.9140625 GB reserved
dict_keys(['index', 'mixture_magnitude', 'mixture_phase', 'source_phase', 'mix_magnitude', 'ideal_binary_mask', 'source_magnitudes'])
1.0085558891296387 GB allocated
3.9140625 GB reserved
dict_keys(['index', 'mixture_magnitude', 'mixture_phase', 'source_phase', 'mix_magnitude', 'ideal_binary_mask', 'source_magnitudes'])
1.009408950805664 GB allocated
3.9140625 GB reserved
dict_keys(['index', 'mixture_magnitude', 'mixture_phase', 'source_phase', 'mix_magnitude', 'ideal_binary_mask', 'source_magnitudes'])
1.009408950805664 GB allocated
3.9140625 GB reserved
dict_keys(['index', 'mixture_magnitude', 'mixture_phase', 'source_phase', 'mix_magnitude', 'ideal_binary_mask', 'source_magnitudes'])
1.009408950805664 GB allocated
3.9140625 GB reserved
dict_keys(['index', 'mixture_magnitude', 'mixture_phase', 'source_phase', 'mix_magnitude', 'ideal_binary_mask', 'source_magnitudes'])
1.0085558891296387 GB allocated
3.9140625 GB reserved
dict_keys(['index', 'mixture_magnitude', 'mixture_phase', 'source_phase', 'mix_magnitude', 'ideal_binary_mask', 'source_magnitudes'])
1.009408950805664 GB allocated
3.9140625 GB reserved
dict_keys(['index', 'mixture_magnitude', 'mixture_phase', 'source_phase', 'mix_magnitude', 'ideal_binary_mask', 'source_magnitudes'])
1.009408950805664 GB allocated
3.9140625 GB reserved
dict_keys(['index', 'mixture_magnitude', 'mixture_phase', 'source_phase', 'mix_magnitude', 'ideal_binary_mask', 'source_magnitudes'])
1.009408950805664 GB allocated
3.9140625 GB reserved
dict_keys(['index', 'mixture_magnitude', 'mixture_phase', 'source_phase', 'mix_magnitude', 'ideal_binary_mask', 'source_magnitudes'])
1.0085558891296387 GB allocated
3.9140625 GB reserved
dict_keys(['index', 'mixture_magnitude', 'mixture_phase', 'source_phase', 'mix_magnitude', 'ideal_binary_mask', 'source_magnitudes'])
1.009408950805664 GB allocated
3.9140625 GB reserved
dict_keys(['index', 'mixture_magnitude', 'mixture_phase', 'source_phase', 'mix_magnitude', 'ideal_binary_mask', 'source_magnitudes'])
1.009408950805664 GB allocated
3.9140625 GB reserved
dict_keys(['index', 'mixture_magnitude', 'mixture_phase', 'source_phase', 'mix_magnitude', 'ideal_binary_mask', 'source_magnitudes'])
1.009408950805664 GB allocated
3.9140625 GB reserved
dict_keys(['index', 'mixture_magnitude', 'mixture_phase', 'source_phase', 'mix_magnitude', 'ideal_binary_mask', 'source_magnitudes'])
[Validator] Epoch 11 - val_loss: 0.000023
[BEST CHECKPOINT] Guardado/actualizado en: checkpoints\Mis_modelos_v2\advanced\lpsa_phase checkpoints\4stems\best_checkpoint_8_val_loss=-0.0000.pt
06/13/2026 07:42:27 AM | engine.py:1037 Engine run finished. Time taken: 00:01:00.673
[Epoch 11] train_loss=0.000020 | val_loss=0.000023
06/13/2026 07:42:27 AM | engine.py:1010 Epoch[11] Complete. Time taken: 00:17:23.827
1.0085558891296387 GB allocated
3.9140625 GB reserved
dict_keys(['index', 'mixture_magnitude', 'mixture_phase', 'source_phase', 'mix_magnitude', 'ideal_binary_mask', 'source_magnitudes'])
1.009408950805664 GB allocated
3.9140625 GB reserved
dict_keys(['index', 'mixture_magnitude', 'mixture_phase', 'source_phase', 'mix_magnitude', 'ideal_binary_mask', 'source_magnitudes'])
1.009408950805664 GB allocated
3.9140625 GB reserved
dict_keys(['index', 'mixture_magnitude', 'mixture_phase', 'source_phase', 'mix_magnitude', 'ideal_binary_mask', 'source_magnitudes'])
1.009408950805664 GB allocated
3.9140625 GB reserved
dict_keys(['index', 'mixture_magnitude', 'mixture_phase', 'source_phase', 'mix_magnitude', 'ideal_binary_mask', 'source_magnitudes'])
1.0085558891296387 GB allocated
3.9140625 GB reserved
dict_keys(['index', 'mixture_magnitude', 'mixture_phase', 'source_phase', 'mix_magnitude', 'ideal_binary_mask', 'source_magnitudes'])
1.009408950805664 GB allocated
3.9140625 GB reserved
dict_keys(['index', 'mixture_magnitude', 'mixture_phase', 'source_phase', 'mix_magnitude', 'ideal_binary_mask', 'source_magnitudes'])
1.009408950805664 GB allocated
3.9140625 GB reserved
dict_keys(['index', 'mixture_magnitude', 'mixture_phase', 'source_phase', 'mix_magnitude', 'ideal_binary_mask', 'source_magnitudes'])
1.009408950805664 GB allocated
3.9140625 GB reserved
dict_keys(['index', 'mixture_magnitude', 'mixture_phase', 'source_phase', 'mix_magnitude', 'ideal_binary_mask', 'source_magnitudes'])
1.0085558891296387 GB allocated
3.9140625 GB reserved
dict_keys(['index', 'mixture_magnitude', 'mixture_phase', 'source_phase', 'mix_magnitude', 'ideal_binary_mask', 'source_magnitudes'])
1.009408950805664 GB allocated
3.9140625 GB reserved
dict_keys(['index', 'mixture_magnitude', 'mixture_phase', 'source_phase', 'mix_magnitude', 'ideal_binary_mask', 'source_magnitudes'])
1.009408950805664 GB allocated
3.9140625 GB reserved
dict_keys(['index', 'mixture_magnitude', 'mixture_phase', 'source_phase', 'mix_magnitude', 'ideal_binary_mask', 'source_magnitudes'])
1.009408950805664 GB allocated
3.9140625 GB reserved
dict_keys(['index', 'mixture_magnitude', 'mixture_phase', 'source_phase', 'mix_magnitude', 'ideal_binary_mask', 'source_magnitudes'])
1.0085558891296387 GB allocated
3.9140625 GB reserved
dict_keys(['index', 'mixture_magnitude', 'mixture_phase', 'source_phase', 'mix_magnitude', 'ideal_binary_mask', 'source_magnitudes'])
1.009408950805664 GB allocated
3.9140625 GB reserved
dict_keys(['index', 'mixture_magnitude', 'mixture_phase', 'source_phase', 'mix_magnitude', 'ideal_binary_mask', 'source_magnitudes'])
1.009408950805664 GB allocated
3.9140625 GB reserved
dict_keys(['index', 'mixture_magnitude', 'mixture_phase', 'source_phase', 'mix_magnitude', 'ideal_binary_mask', 'source_magnitudes'])
1.009408950805664 GB allocated
3.9140625 GB reserved
dict_keys(['index', 'mixture_magnitude', 'mixture_phase', 'source_phase', 'mix_magnitude', 'ideal_binary_mask', 'source_magnitudes'])
1.0085558891296387 GB allocated
3.9140625 GB reserved
dict_keys(['index', 'mixture_magnitude', 'mixture_phase', 'source_phase', 'mix_magnitude', 'ideal_binary_mask', 'source_magnitudes'])
1.009408950805664 GB allocated
3.9140625 GB reserved
dict_keys(['index', 'mixture_magnitude', 'mixture_phase', 'source_phase', 'mix_magnitude', 'ideal_binary_mask', 'source_magnitudes'])
1.009408950805664 GB allocated
3.9140625 GB reserved
dict_keys(['index', 'mixture_magnitude', 'mixture_phase', 'source_phase', 'mix_magnitude', 'ideal_binary_mask', 'source_magnitudes'])
1.009408950805664 GB allocated
3.9140625 GB reserved
dict_keys(['index', 'mixture_magnitude', 'mixture_phase', 'source_phase', 'mix_magnitude', 'ideal_binary_mask', 'source_magnitudes'])
1.0085558891296387 GB allocated
3.9140625 GB reserved
dict_keys(['index', 'mixture_magnitude', 'mixture_phase', 'source_phase', 'mix_magnitude', 'ideal_binary_mask', 'source_magnitudes'])
1.009408950805664 GB allocated
3.9140625 GB reserved
dict_keys(['index', 'mixture_magnitude', 'mixture_phase', 'source_phase', 'mix_magnitude', 'ideal_binary_mask', 'source_magnitudes'])
1.009408950805664 GB allocated
3.9140625 GB reserved
dict_keys(['index', 'mixture_magnitude', 'mixture_phase', 'source_phase', 'mix_magnitude', 'ideal_binary_mask', 'source_magnitudes'])
1.009408950805664 GB allocated
3.9140625 GB reserved
dict_keys(['index', 'mixture_magnitude', 'mixture_phase', 'source_phase', 'mix_magnitude', 'ideal_binary_mask', 'source_magnitudes'])
1.0085558891296387 GB allocated
3.9140625 GB reserved
dict_keys(['index', 'mixture_magnitude', 'mixture_phase', 'source_phase', 'mix_magnitude', 'ideal_binary_mask', 'source_magnitudes'])
1.009408950805664 GB allocated
3.9140625 GB reserved
dict_keys(['index', 'mixture_magnitude', 'mixture_phase', 'source_phase', 'mix_magnitude', 'ideal_binary_mask', 'source_magnitudes'])
1.009408950805664 GB allocated
3.9140625 GB reserved
dict_keys(['index', 'mixture_magnitude', 'mixture_phase', 'source_phase', 'mix_magnitude', 'ideal_binary_mask', 'source_magnitudes'])
1.009408950805664 GB allocated
3.9140625 GB reserved
dict_keys(['index', 'mixture_magnitude', 'mixture_phase', 'source_phase', 'mix_magnitude', 'ideal_binary_mask', 'source_magnitudes'])
1.0085558891296387 GB allocated
3.9140625 GB reserved
dict_keys(['index', 'mixture_magnitude', 'mixture_phase', 'source_phase', 'mix_magnitude', 'ideal_binary_mask', 'source_magnitudes'])
1.009408950805664 GB allocated
3.9140625 GB reserved
dict_keys(['index', 'mixture_magnitude', 'mixture_phase', 'source_phase', 'mix_magnitude', 'ideal_binary_mask', 'source_magnitudes'])
1.009408950805664 GB allocated
3.9140625 GB reserved
dict_keys(['index', 'mixture_magnitude', 'mixture_phase', 'source_phase', 'mix_magnitude', 'ideal_binary_mask', 'source_magnitudes'])
1.009408950805664 GB allocated
3.9140625 GB reserved
dict_keys(['index', 'mixture_magnitude', 'mixture_phase', 'source_phase', 'mix_magnitude', 'ideal_binary_mask', 'source_magnitudes'])
1.0085558891296387 GB allocated
3.9140625 GB reserved
dict_keys(['index', 'mixture_magnitude', 'mixture_phase', 'source_phase', 'mix_magnitude', 'ideal_binary_mask', 'source_magnitudes'])
1.009408950805664 GB allocated
3.9140625 GB reserved
dict_keys(['index', 'mixture_magnitude', 'mixture_phase', 'source_phase', 'mix_magnitude', 'ideal_binary_mask', 'source_magnitudes'])
1.009408950805664 GB allocated
3.9140625 GB reserved
dict_keys(['index', 'mixture_magnitude', 'mixture_phase', 'source_phase', 'mix_magnitude', 'ideal_binary_mask', 'source_magnitudes'])
1.009408950805664 GB allocated
3.9140625 GB reserved
dict_keys(['index', 'mixture_magnitude', 'mixture_phase', 'source_phase', 'mix_magnitude', 'ideal_binary_mask', 'source_magnitudes'])
1.0085558891296387 GB allocated
3.9140625 GB reserved
dict_keys(['index', 'mixture_magnitude', 'mixture_phase', 'source_phase', 'mix_magnitude', 'ideal_binary_mask', 'source_magnitudes'])
1.009408950805664 GB allocated
3.9140625 GB reserved
dict_keys(['index', 'mixture_magnitude', 'mixture_phase', 'source_phase', 'mix_magnitude', 'ideal_binary_mask', 'source_magnitudes'])
1.009408950805664 GB allocated
3.9140625 GB reserved
dict_keys(['index', 'mixture_magnitude', 'mixture_phase', 'source_phase', 'mix_magnitude', 'ideal_binary_mask', 'source_magnitudes'])
1.009408950805664 GB allocated
3.9140625 GB reserved
dict_keys(['index', 'mixture_magnitude', 'mixture_phase', 'source_phase', 'mix_magnitude', 'ideal_binary_mask', 'source_magnitudes'])
1.0085558891296387 GB allocated
3.9140625 GB reserved
dict_keys(['index', 'mixture_magnitude', 'mixture_phase', 'source_phase', 'mix_magnitude', 'ideal_binary_mask', 'source_magnitudes'])
1.009408950805664 GB allocated
3.9140625 GB reserved
dict_keys(['index', 'mixture_magnitude', 'mixture_phase', 'source_phase', 'mix_magnitude', 'ideal_binary_mask', 'source_magnitudes'])
1.009408950805664 GB allocated
3.9140625 GB reserved
dict_keys(['index', 'mixture_magnitude', 'mixture_phase', 'source_phase', 'mix_magnitude', 'ideal_binary_mask', 'source_magnitudes'])
06/13/2026 07:58:48 AM | engine.py:906 Engine run starting with max_epochs=1.
06/13/2026 07:59:49 AM | engine.py:1010 Epoch[1] Complete. Time taken: 00:01:00.732
1.009408950805664 GB allocated
3.9140625 GB reserved
dict_keys(['index', 'mixture_magnitude', 'mixture_phase', 'source_phase', 'mix_magnitude', 'ideal_binary_mask', 'source_magnitudes'])
1.0085558891296387 GB allocated
3.9140625 GB reserved
dict_keys(['index', 'mixture_magnitude', 'mixture_phase', 'source_phase', 'mix_magnitude', 'ideal_binary_mask', 'source_magnitudes'])
1.009408950805664 GB allocated
3.9140625 GB reserved
dict_keys(['index', 'mixture_magnitude', 'mixture_phase', 'source_phase', 'mix_magnitude', 'ideal_binary_mask', 'source_magnitudes'])
1.009408950805664 GB allocated
3.9140625 GB reserved
dict_keys(['index', 'mixture_magnitude', 'mixture_phase', 'source_phase', 'mix_magnitude', 'ideal_binary_mask', 'source_magnitudes'])
1.009408950805664 GB allocated
3.9140625 GB reserved
dict_keys(['index', 'mixture_magnitude', 'mixture_phase', 'source_phase', 'mix_magnitude', 'ideal_binary_mask', 'source_magnitudes'])
1.0085558891296387 GB allocated
3.9140625 GB reserved
dict_keys(['index', 'mixture_magnitude', 'mixture_phase', 'source_phase', 'mix_magnitude', 'ideal_binary_mask', 'source_magnitudes'])
1.009408950805664 GB allocated
3.9140625 GB reserved
dict_keys(['index', 'mixture_magnitude', 'mixture_phase', 'source_phase', 'mix_magnitude', 'ideal_binary_mask', 'source_magnitudes'])
1.009408950805664 GB allocated
3.9140625 GB reserved
dict_keys(['index', 'mixture_magnitude', 'mixture_phase', 'source_phase', 'mix_magnitude', 'ideal_binary_mask', 'source_magnitudes'])
1.009408950805664 GB allocated
3.9140625 GB reserved
dict_keys(['index', 'mixture_magnitude', 'mixture_phase', 'source_phase', 'mix_magnitude', 'ideal_binary_mask', 'source_magnitudes'])
1.0085558891296387 GB allocated
3.9140625 GB reserved
dict_keys(['index', 'mixture_magnitude', 'mixture_phase', 'source_phase', 'mix_magnitude', 'ideal_binary_mask', 'source_magnitudes'])
1.009408950805664 GB allocated
3.9140625 GB reserved
dict_keys(['index', 'mixture_magnitude', 'mixture_phase', 'source_phase', 'mix_magnitude', 'ideal_binary_mask', 'source_magnitudes'])
1.009408950805664 GB allocated
3.9140625 GB reserved
dict_keys(['index', 'mixture_magnitude', 'mixture_phase', 'source_phase', 'mix_magnitude', 'ideal_binary_mask', 'source_magnitudes'])
1.009408950805664 GB allocated
3.9140625 GB reserved
dict_keys(['index', 'mixture_magnitude', 'mixture_phase', 'source_phase', 'mix_magnitude', 'ideal_binary_mask', 'source_magnitudes'])
1.0085558891296387 GB allocated
3.9140625 GB reserved
dict_keys(['index', 'mixture_magnitude', 'mixture_phase', 'source_phase', 'mix_magnitude', 'ideal_binary_mask', 'source_magnitudes'])
1.009408950805664 GB allocated
3.9140625 GB reserved
dict_keys(['index', 'mixture_magnitude', 'mixture_phase', 'source_phase', 'mix_magnitude', 'ideal_binary_mask', 'source_magnitudes'])
1.009408950805664 GB allocated
3.9140625 GB reserved
dict_keys(['index', 'mixture_magnitude', 'mixture_phase', 'source_phase', 'mix_magnitude', 'ideal_binary_mask', 'source_magnitudes'])
1.009408950805664 GB allocated
3.9140625 GB reserved
dict_keys(['index', 'mixture_magnitude', 'mixture_phase', 'source_phase', 'mix_magnitude', 'ideal_binary_mask', 'source_magnitudes'])
1.0085558891296387 GB allocated
3.9140625 GB reserved
dict_keys(['index', 'mixture_magnitude', 'mixture_phase', 'source_phase', 'mix_magnitude', 'ideal_binary_mask', 'source_magnitudes'])
1.009408950805664 GB allocated
3.9140625 GB reserved
dict_keys(['index', 'mixture_magnitude', 'mixture_phase', 'source_phase', 'mix_magnitude', 'ideal_binary_mask', 'source_magnitudes'])
1.009408950805664 GB allocated
3.9140625 GB reserved
dict_keys(['index', 'mixture_magnitude', 'mixture_phase', 'source_phase', 'mix_magnitude', 'ideal_binary_mask', 'source_magnitudes'])
1.009408950805664 GB allocated
3.9140625 GB reserved
dict_keys(['index', 'mixture_magnitude', 'mixture_phase', 'source_phase', 'mix_magnitude', 'ideal_binary_mask', 'source_magnitudes'])
1.0085558891296387 GB allocated
3.9140625 GB reserved
dict_keys(['index', 'mixture_magnitude', 'mixture_phase', 'source_phase', 'mix_magnitude', 'ideal_binary_mask', 'source_magnitudes'])
1.009408950805664 GB allocated
3.9140625 GB reserved
dict_keys(['index', 'mixture_magnitude', 'mixture_phase', 'source_phase', 'mix_magnitude', 'ideal_binary_mask', 'source_magnitudes'])
1.009408950805664 GB allocated
3.9140625 GB reserved
dict_keys(['index', 'mixture_magnitude', 'mixture_phase', 'source_phase', 'mix_magnitude', 'ideal_binary_mask', 'source_magnitudes'])
1.009408950805664 GB allocated
3.9140625 GB reserved
dict_keys(['index', 'mixture_magnitude', 'mixture_phase', 'source_phase', 'mix_magnitude', 'ideal_binary_mask', 'source_magnitudes'])
1.0085558891296387 GB allocated
3.9140625 GB reserved
dict_keys(['index', 'mixture_magnitude', 'mixture_phase', 'source_phase', 'mix_magnitude', 'ideal_binary_mask', 'source_magnitudes'])
1.009408950805664 GB allocated
3.9140625 GB reserved
dict_keys(['index', 'mixture_magnitude', 'mixture_phase', 'source_phase', 'mix_magnitude', 'ideal_binary_mask', 'source_magnitudes'])
1.009408950805664 GB allocated
3.9140625 GB reserved
dict_keys(['index', 'mixture_magnitude', 'mixture_phase', 'source_phase', 'mix_magnitude', 'ideal_binary_mask', 'source_magnitudes'])
1.009408950805664 GB allocated
3.9140625 GB reserved
dict_keys(['index', 'mixture_magnitude', 'mixture_phase', 'source_phase', 'mix_magnitude', 'ideal_binary_mask', 'source_magnitudes'])
1.0085558891296387 GB allocated
3.9140625 GB reserved
dict_keys(['index', 'mixture_magnitude', 'mixture_phase', 'source_phase', 'mix_magnitude', 'ideal_binary_mask', 'source_magnitudes'])
1.009408950805664 GB allocated
3.9140625 GB reserved
dict_keys(['index', 'mixture_magnitude', 'mixture_phase', 'source_phase', 'mix_magnitude', 'ideal_binary_mask', 'source_magnitudes'])
1.009408950805664 GB allocated
3.9140625 GB reserved
dict_keys(['index', 'mixture_magnitude', 'mixture_phase', 'source_phase', 'mix_magnitude', 'ideal_binary_mask', 'source_magnitudes'])
1.009408950805664 GB allocated
3.9140625 GB reserved
dict_keys(['index', 'mixture_magnitude', 'mixture_phase', 'source_phase', 'mix_magnitude', 'ideal_binary_mask', 'source_magnitudes'])
1.0085558891296387 GB allocated
3.9140625 GB reserved
dict_keys(['index', 'mixture_magnitude', 'mixture_phase', 'source_phase', 'mix_magnitude', 'ideal_binary_mask', 'source_magnitudes'])
1.009408950805664 GB allocated
3.9140625 GB reserved
dict_keys(['index', 'mixture_magnitude', 'mixture_phase', 'source_phase', 'mix_magnitude', 'ideal_binary_mask', 'source_magnitudes'])
1.009408950805664 GB allocated
3.9140625 GB reserved
dict_keys(['index', 'mixture_magnitude', 'mixture_phase', 'source_phase', 'mix_magnitude', 'ideal_binary_mask', 'source_magnitudes'])
1.009408950805664 GB allocated
3.9140625 GB reserved
dict_keys(['index', 'mixture_magnitude', 'mixture_phase', 'source_phase', 'mix_magnitude', 'ideal_binary_mask', 'source_magnitudes'])
1.0085558891296387 GB allocated
3.9140625 GB reserved
dict_keys(['index', 'mixture_magnitude', 'mixture_phase', 'source_phase', 'mix_magnitude', 'ideal_binary_mask', 'source_magnitudes'])
1.009408950805664 GB allocated
3.9140625 GB reserved
dict_keys(['index', 'mixture_magnitude', 'mixture_phase', 'source_phase', 'mix_magnitude', 'ideal_binary_mask', 'source_magnitudes'])
1.009408950805664 GB allocated
3.9140625 GB reserved
dict_keys(['index', 'mixture_magnitude', 'mixture_phase', 'source_phase', 'mix_magnitude', 'ideal_binary_mask', 'source_magnitudes'])
1.009408950805664 GB allocated
3.9140625 GB reserved
dict_keys(['index', 'mixture_magnitude', 'mixture_phase', 'source_phase', 'mix_magnitude', 'ideal_binary_mask', 'source_magnitudes'])
1.0085558891296387 GB allocated
3.9140625 GB reserved
dict_keys(['index', 'mixture_magnitude', 'mixture_phase', 'source_phase', 'mix_magnitude', 'ideal_binary_mask', 'source_magnitudes'])
1.009408950805664 GB allocated
3.9140625 GB reserved
dict_keys(['index', 'mixture_magnitude', 'mixture_phase', 'source_phase', 'mix_magnitude', 'ideal_binary_mask', 'source_magnitudes'])
1.009408950805664 GB allocated
3.9140625 GB reserved
dict_keys(['index', 'mixture_magnitude', 'mixture_phase', 'source_phase', 'mix_magnitude', 'ideal_binary_mask', 'source_magnitudes'])
1.009408950805664 GB allocated
3.9140625 GB reserved
dict_keys(['index', 'mixture_magnitude', 'mixture_phase', 'source_phase', 'mix_magnitude', 'ideal_binary_mask', 'source_magnitudes'])
1.0085558891296387 GB allocated
3.9140625 GB reserved
dict_keys(['index', 'mixture_magnitude', 'mixture_phase', 'source_phase', 'mix_magnitude', 'ideal_binary_mask', 'source_magnitudes'])
1.009408950805664 GB allocated
3.9140625 GB reserved
dict_keys(['index', 'mixture_magnitude', 'mixture_phase', 'source_phase', 'mix_magnitude', 'ideal_binary_mask', 'source_magnitudes'])
1.009408950805664 GB allocated
3.9140625 GB reserved
dict_keys(['index', 'mixture_magnitude', 'mixture_phase', 'source_phase', 'mix_magnitude', 'ideal_binary_mask', 'source_magnitudes'])
1.009408950805664 GB allocated
3.9140625 GB reserved
dict_keys(['index', 'mixture_magnitude', 'mixture_phase', 'source_phase', 'mix_magnitude', 'ideal_binary_mask', 'source_magnitudes'])
1.0085558891296387 GB allocated
3.9140625 GB reserved
dict_keys(['index', 'mixture_magnitude', 'mixture_phase', 'source_phase', 'mix_magnitude', 'ideal_binary_mask', 'source_magnitudes'])
1.009408950805664 GB allocated
3.9140625 GB reserved
dict_keys(['index', 'mixture_magnitude', 'mixture_phase', 'source_phase', 'mix_magnitude', 'ideal_binary_mask', 'source_magnitudes'])
1.009408950805664 GB allocated
3.9140625 GB reserved
dict_keys(['index', 'mixture_magnitude', 'mixture_phase', 'source_phase', 'mix_magnitude', 'ideal_binary_mask', 'source_magnitudes'])
1.009408950805664 GB allocated
3.9140625 GB reserved
dict_keys(['index', 'mixture_magnitude', 'mixture_phase', 'source_phase', 'mix_magnitude', 'ideal_binary_mask', 'source_magnitudes'])
1.0085558891296387 GB allocated
3.9140625 GB reserved
dict_keys(['index', 'mixture_magnitude', 'mixture_phase', 'source_phase', 'mix_magnitude', 'ideal_binary_mask', 'source_magnitudes'])
1.009408950805664 GB allocated
3.9140625 GB reserved
dict_keys(['index', 'mixture_magnitude', 'mixture_phase', 'source_phase', 'mix_magnitude', 'ideal_binary_mask', 'source_magnitudes'])
1.009408950805664 GB allocated
3.9140625 GB reserved
dict_keys(['index', 'mixture_magnitude', 'mixture_phase', 'source_phase', 'mix_magnitude', 'ideal_binary_mask', 'source_magnitudes'])
1.009408950805664 GB allocated
3.9140625 GB reserved
dict_keys(['index', 'mixture_magnitude', 'mixture_phase', 'source_phase', 'mix_magnitude', 'ideal_binary_mask', 'source_magnitudes'])
[Validator] Epoch 12 - val_loss: 0.000023
[BEST CHECKPOINT] Guardado/actualizado en: checkpoints\Mis_modelos_v2\advanced\lpsa_phase checkpoints\4stems\best_checkpoint_8_val_loss=-0.0000.pt
06/13/2026 07:59:49 AM | engine.py:1037 Engine run finished. Time taken: 00:01:00.732
[Epoch 12] train_loss=0.000020 | val_loss=0.000023
06/13/2026 07:59:49 AM | engine.py:1010 Epoch[12] Complete. Time taken: 00:17:22.095
1.0085558891296387 GB allocated
3.9140625 GB reserved
dict_keys(['index', 'mixture_magnitude', 'mixture_phase', 'source_phase', 'mix_magnitude', 'ideal_binary_mask', 'source_magnitudes'])
1.009408950805664 GB allocated
3.9140625 GB reserved
dict_keys(['index', 'mixture_magnitude', 'mixture_phase', 'source_phase', 'mix_magnitude', 'ideal_binary_mask', 'source_magnitudes'])
1.009408950805664 GB allocated
3.9140625 GB reserved
dict_keys(['index', 'mixture_magnitude', 'mixture_phase', 'source_phase', 'mix_magnitude', 'ideal_binary_mask', 'source_magnitudes'])
1.009408950805664 GB allocated
3.9140625 GB reserved
dict_keys(['index', 'mixture_magnitude', 'mixture_phase', 'source_phase', 'mix_magnitude', 'ideal_binary_mask', 'source_magnitudes'])
1.0085558891296387 GB allocated
3.9140625 GB reserved
dict_keys(['index', 'mixture_magnitude', 'mixture_phase', 'source_phase', 'mix_magnitude', 'ideal_binary_mask', 'source_magnitudes'])
1.009408950805664 GB allocated
3.9140625 GB reserved
dict_keys(['index', 'mixture_magnitude', 'mixture_phase', 'source_phase', 'mix_magnitude', 'ideal_binary_mask', 'source_magnitudes'])
1.009408950805664 GB allocated
3.9140625 GB reserved
dict_keys(['index', 'mixture_magnitude', 'mixture_phase', 'source_phase', 'mix_magnitude', 'ideal_binary_mask', 'source_magnitudes'])
1.009408950805664 GB allocated
3.9140625 GB reserved
dict_keys(['index', 'mixture_magnitude', 'mixture_phase', 'source_phase', 'mix_magnitude', 'ideal_binary_mask', 'source_magnitudes'])
1.0085558891296387 GB allocated
3.9140625 GB reserved
dict_keys(['index', 'mixture_magnitude', 'mixture_phase', 'source_phase', 'mix_magnitude', 'ideal_binary_mask', 'source_magnitudes'])
1.009408950805664 GB allocated
3.9140625 GB reserved
dict_keys(['index', 'mixture_magnitude', 'mixture_phase', 'source_phase', 'mix_magnitude', 'ideal_binary_mask', 'source_magnitudes'])
1.009408950805664 GB allocated
3.9140625 GB reserved
dict_keys(['index', 'mixture_magnitude', 'mixture_phase', 'source_phase', 'mix_magnitude', 'ideal_binary_mask', 'source_magnitudes'])
1.009408950805664 GB allocated
3.9140625 GB reserved
dict_keys(['index', 'mixture_magnitude', 'mixture_phase', 'source_phase', 'mix_magnitude', 'ideal_binary_mask', 'source_magnitudes'])
1.0085558891296387 GB allocated
3.9140625 GB reserved
dict_keys(['index', 'mixture_magnitude', 'mixture_phase', 'source_phase', 'mix_magnitude', 'ideal_binary_mask', 'source_magnitudes'])
1.009408950805664 GB allocated
3.9140625 GB reserved
dict_keys(['index', 'mixture_magnitude', 'mixture_phase', 'source_phase', 'mix_magnitude', 'ideal_binary_mask', 'source_magnitudes'])
1.009408950805664 GB allocated
3.9140625 GB reserved
dict_keys(['index', 'mixture_magnitude', 'mixture_phase', 'source_phase', 'mix_magnitude', 'ideal_binary_mask', 'source_magnitudes'])
1.009408950805664 GB allocated
3.9140625 GB reserved
dict_keys(['index', 'mixture_magnitude', 'mixture_phase', 'source_phase', 'mix_magnitude', 'ideal_binary_mask', 'source_magnitudes'])
1.0085558891296387 GB allocated
3.9140625 GB reserved
dict_keys(['index', 'mixture_magnitude', 'mixture_phase', 'source_phase', 'mix_magnitude', 'ideal_binary_mask', 'source_magnitudes'])
1.009408950805664 GB allocated
3.9140625 GB reserved
dict_keys(['index', 'mixture_magnitude', 'mixture_phase', 'source_phase', 'mix_magnitude', 'ideal_binary_mask', 'source_magnitudes'])
1.009408950805664 GB allocated
3.9140625 GB reserved
dict_keys(['index', 'mixture_magnitude', 'mixture_phase', 'source_phase', 'mix_magnitude', 'ideal_binary_mask', 'source_magnitudes'])
1.009408950805664 GB allocated
3.9140625 GB reserved
dict_keys(['index', 'mixture_magnitude', 'mixture_phase', 'source_phase', 'mix_magnitude', 'ideal_binary_mask', 'source_magnitudes'])
1.0085558891296387 GB allocated
3.9140625 GB reserved
dict_keys(['index', 'mixture_magnitude', 'mixture_phase', 'source_phase', 'mix_magnitude', 'ideal_binary_mask', 'source_magnitudes'])
1.009408950805664 GB allocated
3.9140625 GB reserved
dict_keys(['index', 'mixture_magnitude', 'mixture_phase', 'source_phase', 'mix_magnitude', 'ideal_binary_mask', 'source_magnitudes'])
1.009408950805664 GB allocated
3.9140625 GB reserved
dict_keys(['index', 'mixture_magnitude', 'mixture_phase', 'source_phase', 'mix_magnitude', 'ideal_binary_mask', 'source_magnitudes'])
1.009408950805664 GB allocated
3.9140625 GB reserved
dict_keys(['index', 'mixture_magnitude', 'mixture_phase', 'source_phase', 'mix_magnitude', 'ideal_binary_mask', 'source_magnitudes'])
1.0085558891296387 GB allocated
3.9140625 GB reserved
dict_keys(['index', 'mixture_magnitude', 'mixture_phase', 'source_phase', 'mix_magnitude', 'ideal_binary_mask', 'source_magnitudes'])
1.009408950805664 GB allocated
3.9140625 GB reserved
dict_keys(['index', 'mixture_magnitude', 'mixture_phase', 'source_phase', 'mix_magnitude', 'ideal_binary_mask', 'source_magnitudes'])
1.009408950805664 GB allocated
3.9140625 GB reserved
dict_keys(['index', 'mixture_magnitude', 'mixture_phase', 'source_phase', 'mix_magnitude', 'ideal_binary_mask', 'source_magnitudes'])
1.009408950805664 GB allocated
3.9140625 GB reserved
dict_keys(['index', 'mixture_magnitude', 'mixture_phase', 'source_phase', 'mix_magnitude', 'ideal_binary_mask', 'source_magnitudes'])
1.0085558891296387 GB allocated
3.9140625 GB reserved
dict_keys(['index', 'mixture_magnitude', 'mixture_phase', 'source_phase', 'mix_magnitude', 'ideal_binary_mask', 'source_magnitudes'])
1.009408950805664 GB allocated
3.9140625 GB reserved
dict_keys(['index', 'mixture_magnitude', 'mixture_phase', 'source_phase', 'mix_magnitude', 'ideal_binary_mask', 'source_magnitudes'])
1.009408950805664 GB allocated
3.9140625 GB reserved
dict_keys(['index', 'mixture_magnitude', 'mixture_phase', 'source_phase', 'mix_magnitude', 'ideal_binary_mask', 'source_magnitudes'])
1.009408950805664 GB allocated
3.9140625 GB reserved
dict_keys(['index', 'mixture_magnitude', 'mixture_phase', 'source_phase', 'mix_magnitude', 'ideal_binary_mask', 'source_magnitudes'])
1.0085558891296387 GB allocated
3.9140625 GB reserved
dict_keys(['index', 'mixture_magnitude', 'mixture_phase', 'source_phase', 'mix_magnitude', 'ideal_binary_mask', 'source_magnitudes'])
1.009408950805664 GB allocated
3.9140625 GB reserved
dict_keys(['index', 'mixture_magnitude', 'mixture_phase', 'source_phase', 'mix_magnitude', 'ideal_binary_mask', 'source_magnitudes'])
1.009408950805664 GB allocated
3.9140625 GB reserved
dict_keys(['index', 'mixture_magnitude', 'mixture_phase', 'source_phase', 'mix_magnitude', 'ideal_binary_mask', 'source_magnitudes'])
1.009408950805664 GB allocated
3.9140625 GB reserved
dict_keys(['index', 'mixture_magnitude', 'mixture_phase', 'source_phase', 'mix_magnitude', 'ideal_binary_mask', 'source_magnitudes'])
1.0085558891296387 GB allocated
3.9140625 GB reserved
dict_keys(['index', 'mixture_magnitude', 'mixture_phase', 'source_phase', 'mix_magnitude', 'ideal_binary_mask', 'source_magnitudes'])
1.009408950805664 GB allocated
3.9140625 GB reserved
dict_keys(['index', 'mixture_magnitude', 'mixture_phase', 'source_phase', 'mix_magnitude', 'ideal_binary_mask', 'source_magnitudes'])
1.009408950805664 GB allocated
3.9140625 GB reserved
dict_keys(['index', 'mixture_magnitude', 'mixture_phase', 'source_phase', 'mix_magnitude', 'ideal_binary_mask', 'source_magnitudes'])
1.009408950805664 GB allocated
3.9140625 GB reserved
dict_keys(['index', 'mixture_magnitude', 'mixture_phase', 'source_phase', 'mix_magnitude', 'ideal_binary_mask', 'source_magnitudes'])
1.0085558891296387 GB allocated
3.9140625 GB reserved
dict_keys(['index', 'mixture_magnitude', 'mixture_phase', 'source_phase', 'mix_magnitude', 'ideal_binary_mask', 'source_magnitudes'])
1.009408950805664 GB allocated
3.9140625 GB reserved
dict_keys(['index', 'mixture_magnitude', 'mixture_phase', 'source_phase', 'mix_magnitude', 'ideal_binary_mask', 'source_magnitudes'])
1.009408950805664 GB allocated
3.9140625 GB reserved
dict_keys(['index', 'mixture_magnitude', 'mixture_phase', 'source_phase', 'mix_magnitude', 'ideal_binary_mask', 'source_magnitudes'])
06/13/2026 08:16:16 AM | engine.py:906 Engine run starting with max_epochs=1.
06/13/2026 08:17:17 AM | engine.py:1010 Epoch[1] Complete. Time taken: 00:01:00.553
1.009408950805664 GB allocated
3.9140625 GB reserved
dict_keys(['index', 'mixture_magnitude', 'mixture_phase', 'source_phase', 'mix_magnitude', 'ideal_binary_mask', 'source_magnitudes'])
1.0085558891296387 GB allocated
3.9140625 GB reserved
dict_keys(['index', 'mixture_magnitude', 'mixture_phase', 'source_phase', 'mix_magnitude', 'ideal_binary_mask', 'source_magnitudes'])
1.009408950805664 GB allocated
3.9140625 GB reserved
dict_keys(['index', 'mixture_magnitude', 'mixture_phase', 'source_phase', 'mix_magnitude', 'ideal_binary_mask', 'source_magnitudes'])
1.009408950805664 GB allocated
3.9140625 GB reserved
dict_keys(['index', 'mixture_magnitude', 'mixture_phase', 'source_phase', 'mix_magnitude', 'ideal_binary_mask', 'source_magnitudes'])
1.009408950805664 GB allocated
3.9140625 GB reserved
dict_keys(['index', 'mixture_magnitude', 'mixture_phase', 'source_phase', 'mix_magnitude', 'ideal_binary_mask', 'source_magnitudes'])
1.0085558891296387 GB allocated
3.9140625 GB reserved
dict_keys(['index', 'mixture_magnitude', 'mixture_phase', 'source_phase', 'mix_magnitude', 'ideal_binary_mask', 'source_magnitudes'])
1.009408950805664 GB allocated
3.9140625 GB reserved
dict_keys(['index', 'mixture_magnitude', 'mixture_phase', 'source_phase', 'mix_magnitude', 'ideal_binary_mask', 'source_magnitudes'])
1.009408950805664 GB allocated
3.9140625 GB reserved
dict_keys(['index', 'mixture_magnitude', 'mixture_phase', 'source_phase', 'mix_magnitude', 'ideal_binary_mask', 'source_magnitudes'])
1.009408950805664 GB allocated
3.9140625 GB reserved
dict_keys(['index', 'mixture_magnitude', 'mixture_phase', 'source_phase', 'mix_magnitude', 'ideal_binary_mask', 'source_magnitudes'])
1.0085558891296387 GB allocated
3.9140625 GB reserved
dict_keys(['index', 'mixture_magnitude', 'mixture_phase', 'source_phase', 'mix_magnitude', 'ideal_binary_mask', 'source_magnitudes'])
1.009408950805664 GB allocated
3.9140625 GB reserved
dict_keys(['index', 'mixture_magnitude', 'mixture_phase', 'source_phase', 'mix_magnitude', 'ideal_binary_mask', 'source_magnitudes'])
1.009408950805664 GB allocated
3.9140625 GB reserved
dict_keys(['index', 'mixture_magnitude', 'mixture_phase', 'source_phase', 'mix_magnitude', 'ideal_binary_mask', 'source_magnitudes'])
1.009408950805664 GB allocated
3.9140625 GB reserved
dict_keys(['index', 'mixture_magnitude', 'mixture_phase', 'source_phase', 'mix_magnitude', 'ideal_binary_mask', 'source_magnitudes'])
1.0085558891296387 GB allocated
3.9140625 GB reserved
dict_keys(['index', 'mixture_magnitude', 'mixture_phase', 'source_phase', 'mix_magnitude', 'ideal_binary_mask', 'source_magnitudes'])
1.009408950805664 GB allocated
3.9140625 GB reserved
dict_keys(['index', 'mixture_magnitude', 'mixture_phase', 'source_phase', 'mix_magnitude', 'ideal_binary_mask', 'source_magnitudes'])
1.009408950805664 GB allocated
3.9140625 GB reserved
dict_keys(['index', 'mixture_magnitude', 'mixture_phase', 'source_phase', 'mix_magnitude', 'ideal_binary_mask', 'source_magnitudes'])
1.009408950805664 GB allocated
3.9140625 GB reserved
dict_keys(['index', 'mixture_magnitude', 'mixture_phase', 'source_phase', 'mix_magnitude', 'ideal_binary_mask', 'source_magnitudes'])
1.0085558891296387 GB allocated
3.9140625 GB reserved
dict_keys(['index', 'mixture_magnitude', 'mixture_phase', 'source_phase', 'mix_magnitude', 'ideal_binary_mask', 'source_magnitudes'])
1.009408950805664 GB allocated
3.9140625 GB reserved
dict_keys(['index', 'mixture_magnitude', 'mixture_phase', 'source_phase', 'mix_magnitude', 'ideal_binary_mask', 'source_magnitudes'])
1.009408950805664 GB allocated
3.9140625 GB reserved
dict_keys(['index', 'mixture_magnitude', 'mixture_phase', 'source_phase', 'mix_magnitude', 'ideal_binary_mask', 'source_magnitudes'])
1.009408950805664 GB allocated
3.9140625 GB reserved
dict_keys(['index', 'mixture_magnitude', 'mixture_phase', 'source_phase', 'mix_magnitude', 'ideal_binary_mask', 'source_magnitudes'])
1.0085558891296387 GB allocated
3.9140625 GB reserved
dict_keys(['index', 'mixture_magnitude', 'mixture_phase', 'source_phase', 'mix_magnitude', 'ideal_binary_mask', 'source_magnitudes'])
1.009408950805664 GB allocated
3.9140625 GB reserved
dict_keys(['index', 'mixture_magnitude', 'mixture_phase', 'source_phase', 'mix_magnitude', 'ideal_binary_mask', 'source_magnitudes'])
1.009408950805664 GB allocated
3.9140625 GB reserved
dict_keys(['index', 'mixture_magnitude', 'mixture_phase', 'source_phase', 'mix_magnitude', 'ideal_binary_mask', 'source_magnitudes'])
1.009408950805664 GB allocated
3.9140625 GB reserved
dict_keys(['index', 'mixture_magnitude', 'mixture_phase', 'source_phase', 'mix_magnitude', 'ideal_binary_mask', 'source_magnitudes'])
1.0085558891296387 GB allocated
3.9140625 GB reserved
dict_keys(['index', 'mixture_magnitude', 'mixture_phase', 'source_phase', 'mix_magnitude', 'ideal_binary_mask', 'source_magnitudes'])
1.009408950805664 GB allocated
3.9140625 GB reserved
dict_keys(['index', 'mixture_magnitude', 'mixture_phase', 'source_phase', 'mix_magnitude', 'ideal_binary_mask', 'source_magnitudes'])
1.009408950805664 GB allocated
3.9140625 GB reserved
dict_keys(['index', 'mixture_magnitude', 'mixture_phase', 'source_phase', 'mix_magnitude', 'ideal_binary_mask', 'source_magnitudes'])
1.009408950805664 GB allocated
3.9140625 GB reserved
dict_keys(['index', 'mixture_magnitude', 'mixture_phase', 'source_phase', 'mix_magnitude', 'ideal_binary_mask', 'source_magnitudes'])
1.0085558891296387 GB allocated
3.9140625 GB reserved
dict_keys(['index', 'mixture_magnitude', 'mixture_phase', 'source_phase', 'mix_magnitude', 'ideal_binary_mask', 'source_magnitudes'])
1.009408950805664 GB allocated
3.9140625 GB reserved
dict_keys(['index', 'mixture_magnitude', 'mixture_phase', 'source_phase', 'mix_magnitude', 'ideal_binary_mask', 'source_magnitudes'])
1.009408950805664 GB allocated
3.9140625 GB reserved
dict_keys(['index', 'mixture_magnitude', 'mixture_phase', 'source_phase', 'mix_magnitude', 'ideal_binary_mask', 'source_magnitudes'])
1.009408950805664 GB allocated
3.9140625 GB reserved
dict_keys(['index', 'mixture_magnitude', 'mixture_phase', 'source_phase', 'mix_magnitude', 'ideal_binary_mask', 'source_magnitudes'])
1.0085558891296387 GB allocated
3.9140625 GB reserved
dict_keys(['index', 'mixture_magnitude', 'mixture_phase', 'source_phase', 'mix_magnitude', 'ideal_binary_mask', 'source_magnitudes'])
1.009408950805664 GB allocated
3.9140625 GB reserved
dict_keys(['index', 'mixture_magnitude', 'mixture_phase', 'source_phase', 'mix_magnitude', 'ideal_binary_mask', 'source_magnitudes'])
1.009408950805664 GB allocated
3.9140625 GB reserved
dict_keys(['index', 'mixture_magnitude', 'mixture_phase', 'source_phase', 'mix_magnitude', 'ideal_binary_mask', 'source_magnitudes'])
1.009408950805664 GB allocated
3.9140625 GB reserved
dict_keys(['index', 'mixture_magnitude', 'mixture_phase', 'source_phase', 'mix_magnitude', 'ideal_binary_mask', 'source_magnitudes'])
1.0085558891296387 GB allocated
3.9140625 GB reserved
dict_keys(['index', 'mixture_magnitude', 'mixture_phase', 'source_phase', 'mix_magnitude', 'ideal_binary_mask', 'source_magnitudes'])
1.009408950805664 GB allocated
3.9140625 GB reserved
dict_keys(['index', 'mixture_magnitude', 'mixture_phase', 'source_phase', 'mix_magnitude', 'ideal_binary_mask', 'source_magnitudes'])
1.009408950805664 GB allocated
3.9140625 GB reserved
dict_keys(['index', 'mixture_magnitude', 'mixture_phase', 'source_phase', 'mix_magnitude', 'ideal_binary_mask', 'source_magnitudes'])
1.009408950805664 GB allocated
3.9140625 GB reserved
dict_keys(['index', 'mixture_magnitude', 'mixture_phase', 'source_phase', 'mix_magnitude', 'ideal_binary_mask', 'source_magnitudes'])
1.0085558891296387 GB allocated
3.9140625 GB reserved
dict_keys(['index', 'mixture_magnitude', 'mixture_phase', 'source_phase', 'mix_magnitude', 'ideal_binary_mask', 'source_magnitudes'])
1.009408950805664 GB allocated
3.9140625 GB reserved
dict_keys(['index', 'mixture_magnitude', 'mixture_phase', 'source_phase', 'mix_magnitude', 'ideal_binary_mask', 'source_magnitudes'])
1.009408950805664 GB allocated
3.9140625 GB reserved
dict_keys(['index', 'mixture_magnitude', 'mixture_phase', 'source_phase', 'mix_magnitude', 'ideal_binary_mask', 'source_magnitudes'])
1.009408950805664 GB allocated
3.9140625 GB reserved
dict_keys(['index', 'mixture_magnitude', 'mixture_phase', 'source_phase', 'mix_magnitude', 'ideal_binary_mask', 'source_magnitudes'])
1.0085558891296387 GB allocated
3.9140625 GB reserved
dict_keys(['index', 'mixture_magnitude', 'mixture_phase', 'source_phase', 'mix_magnitude', 'ideal_binary_mask', 'source_magnitudes'])
1.009408950805664 GB allocated
3.9140625 GB reserved
dict_keys(['index', 'mixture_magnitude', 'mixture_phase', 'source_phase', 'mix_magnitude', 'ideal_binary_mask', 'source_magnitudes'])
1.009408950805664 GB allocated
3.9140625 GB reserved
dict_keys(['index', 'mixture_magnitude', 'mixture_phase', 'source_phase', 'mix_magnitude', 'ideal_binary_mask', 'source_magnitudes'])
1.009408950805664 GB allocated
3.9140625 GB reserved
dict_keys(['index', 'mixture_magnitude', 'mixture_phase', 'source_phase', 'mix_magnitude', 'ideal_binary_mask', 'source_magnitudes'])
1.0085558891296387 GB allocated
3.9140625 GB reserved
dict_keys(['index', 'mixture_magnitude', 'mixture_phase', 'source_phase', 'mix_magnitude', 'ideal_binary_mask', 'source_magnitudes'])
1.009408950805664 GB allocated
3.9140625 GB reserved
dict_keys(['index', 'mixture_magnitude', 'mixture_phase', 'source_phase', 'mix_magnitude', 'ideal_binary_mask', 'source_magnitudes'])
1.009408950805664 GB allocated
3.9140625 GB reserved
dict_keys(['index', 'mixture_magnitude', 'mixture_phase', 'source_phase', 'mix_magnitude', 'ideal_binary_mask', 'source_magnitudes'])
1.009408950805664 GB allocated
3.9140625 GB reserved
dict_keys(['index', 'mixture_magnitude', 'mixture_phase', 'source_phase', 'mix_magnitude', 'ideal_binary_mask', 'source_magnitudes'])
1.0085558891296387 GB allocated
3.9140625 GB reserved
dict_keys(['index', 'mixture_magnitude', 'mixture_phase', 'source_phase', 'mix_magnitude', 'ideal_binary_mask', 'source_magnitudes'])
1.009408950805664 GB allocated
3.9140625 GB reserved
dict_keys(['index', 'mixture_magnitude', 'mixture_phase', 'source_phase', 'mix_magnitude', 'ideal_binary_mask', 'source_magnitudes'])
1.009408950805664 GB allocated
3.9140625 GB reserved
dict_keys(['index', 'mixture_magnitude', 'mixture_phase', 'source_phase', 'mix_magnitude', 'ideal_binary_mask', 'source_magnitudes'])
1.009408950805664 GB allocated
3.9140625 GB reserved
dict_keys(['index', 'mixture_magnitude', 'mixture_phase', 'source_phase', 'mix_magnitude', 'ideal_binary_mask', 'source_magnitudes'])
[Validator] Epoch 13 - val_loss: 0.000024
[BEST CHECKPOINT] Guardado/actualizado en: checkpoints\Mis_modelos_v2\advanced\lpsa_phase checkpoints\4stems\best_checkpoint_8_val_loss=-0.0000.pt
06/13/2026 08:17:17 AM | engine.py:1037 Engine run finished. Time taken: 00:01:00.553
[Epoch 13] train_loss=0.000021 | val_loss=0.000024
06/13/2026 08:17:17 AM | engine.py:1010 Epoch[13] Complete. Time taken: 00:17:27.707
1.0085558891296387 GB allocated
3.9140625 GB reserved
dict_keys(['index', 'mixture_magnitude', 'mixture_phase', 'source_phase', 'mix_magnitude', 'ideal_binary_mask', 'source_magnitudes'])
1.009408950805664 GB allocated
3.9140625 GB reserved
dict_keys(['index', 'mixture_magnitude', 'mixture_phase', 'source_phase', 'mix_magnitude', 'ideal_binary_mask', 'source_magnitudes'])
1.009408950805664 GB allocated
3.9140625 GB reserved
dict_keys(['index', 'mixture_magnitude', 'mixture_phase', 'source_phase', 'mix_magnitude', 'ideal_binary_mask', 'source_magnitudes'])
1.009408950805664 GB allocated
3.9140625 GB reserved
dict_keys(['index', 'mixture_magnitude', 'mixture_phase', 'source_phase', 'mix_magnitude', 'ideal_binary_mask', 'source_magnitudes'])
1.0085558891296387 GB allocated
3.9140625 GB reserved
dict_keys(['index', 'mixture_magnitude', 'mixture_phase', 'source_phase', 'mix_magnitude', 'ideal_binary_mask', 'source_magnitudes'])
1.009408950805664 GB allocated
3.9140625 GB reserved
dict_keys(['index', 'mixture_magnitude', 'mixture_phase', 'source_phase', 'mix_magnitude', 'ideal_binary_mask', 'source_magnitudes'])
1.009408950805664 GB allocated
3.9140625 GB reserved
dict_keys(['index', 'mixture_magnitude', 'mixture_phase', 'source_phase', 'mix_magnitude', 'ideal_binary_mask', 'source_magnitudes'])
1.009408950805664 GB allocated
3.9140625 GB reserved
dict_keys(['index', 'mixture_magnitude', 'mixture_phase', 'source_phase', 'mix_magnitude', 'ideal_binary_mask', 'source_magnitudes'])
1.0085558891296387 GB allocated
3.9140625 GB reserved
dict_keys(['index', 'mixture_magnitude', 'mixture_phase', 'source_phase', 'mix_magnitude', 'ideal_binary_mask', 'source_magnitudes'])
1.009408950805664 GB allocated
3.9140625 GB reserved
dict_keys(['index', 'mixture_magnitude', 'mixture_phase', 'source_phase', 'mix_magnitude', 'ideal_binary_mask', 'source_magnitudes'])
1.009408950805664 GB allocated
3.9140625 GB reserved
dict_keys(['index', 'mixture_magnitude', 'mixture_phase', 'source_phase', 'mix_magnitude', 'ideal_binary_mask', 'source_magnitudes'])
1.009408950805664 GB allocated
3.9140625 GB reserved
dict_keys(['index', 'mixture_magnitude', 'mixture_phase', 'source_phase', 'mix_magnitude', 'ideal_binary_mask', 'source_magnitudes'])
1.0085558891296387 GB allocated
3.9140625 GB reserved
dict_keys(['index', 'mixture_magnitude', 'mixture_phase', 'source_phase', 'mix_magnitude', 'ideal_binary_mask', 'source_magnitudes'])
1.009408950805664 GB allocated
3.9140625 GB reserved
dict_keys(['index', 'mixture_magnitude', 'mixture_phase', 'source_phase', 'mix_magnitude', 'ideal_binary_mask', 'source_magnitudes'])
1.009408950805664 GB allocated
3.9140625 GB reserved
dict_keys(['index', 'mixture_magnitude', 'mixture_phase', 'source_phase', 'mix_magnitude', 'ideal_binary_mask', 'source_magnitudes'])
1.009408950805664 GB allocated
3.9140625 GB reserved
dict_keys(['index', 'mixture_magnitude', 'mixture_phase', 'source_phase', 'mix_magnitude', 'ideal_binary_mask', 'source_magnitudes'])
1.0085558891296387 GB allocated
3.9140625 GB reserved
dict_keys(['index', 'mixture_magnitude', 'mixture_phase', 'source_phase', 'mix_magnitude', 'ideal_binary_mask', 'source_magnitudes'])
1.009408950805664 GB allocated
3.9140625 GB reserved
dict_keys(['index', 'mixture_magnitude', 'mixture_phase', 'source_phase', 'mix_magnitude', 'ideal_binary_mask', 'source_magnitudes'])
1.009408950805664 GB allocated
3.9140625 GB reserved
dict_keys(['index', 'mixture_magnitude', 'mixture_phase', 'source_phase', 'mix_magnitude', 'ideal_binary_mask', 'source_magnitudes'])
1.009408950805664 GB allocated
3.9140625 GB reserved
dict_keys(['index', 'mixture_magnitude', 'mixture_phase', 'source_phase', 'mix_magnitude', 'ideal_binary_mask', 'source_magnitudes'])
1.0085558891296387 GB allocated
3.9140625 GB reserved
dict_keys(['index', 'mixture_magnitude', 'mixture_phase', 'source_phase', 'mix_magnitude', 'ideal_binary_mask', 'source_magnitudes'])
1.009408950805664 GB allocated
3.9140625 GB reserved
dict_keys(['index', 'mixture_magnitude', 'mixture_phase', 'source_phase', 'mix_magnitude', 'ideal_binary_mask', 'source_magnitudes'])
1.009408950805664 GB allocated
3.9140625 GB reserved
dict_keys(['index', 'mixture_magnitude', 'mixture_phase', 'source_phase', 'mix_magnitude', 'ideal_binary_mask', 'source_magnitudes'])
1.009408950805664 GB allocated
3.9140625 GB reserved
dict_keys(['index', 'mixture_magnitude', 'mixture_phase', 'source_phase', 'mix_magnitude', 'ideal_binary_mask', 'source_magnitudes'])
1.0085558891296387 GB allocated
3.9140625 GB reserved
dict_keys(['index', 'mixture_magnitude', 'mixture_phase', 'source_phase', 'mix_magnitude', 'ideal_binary_mask', 'source_magnitudes'])
1.009408950805664 GB allocated
3.9140625 GB reserved
dict_keys(['index', 'mixture_magnitude', 'mixture_phase', 'source_phase', 'mix_magnitude', 'ideal_binary_mask', 'source_magnitudes'])
1.009408950805664 GB allocated
3.9140625 GB reserved
dict_keys(['index', 'mixture_magnitude', 'mixture_phase', 'source_phase', 'mix_magnitude', 'ideal_binary_mask', 'source_magnitudes'])
1.009408950805664 GB allocated
3.9140625 GB reserved
dict_keys(['index', 'mixture_magnitude', 'mixture_phase', 'source_phase', 'mix_magnitude', 'ideal_binary_mask', 'source_magnitudes'])
1.0085558891296387 GB allocated
3.9140625 GB reserved
dict_keys(['index', 'mixture_magnitude', 'mixture_phase', 'source_phase', 'mix_magnitude', 'ideal_binary_mask', 'source_magnitudes'])
1.009408950805664 GB allocated
3.9140625 GB reserved
dict_keys(['index', 'mixture_magnitude', 'mixture_phase', 'source_phase', 'mix_magnitude', 'ideal_binary_mask', 'source_magnitudes'])
1.009408950805664 GB allocated
3.9140625 GB reserved
dict_keys(['index', 'mixture_magnitude', 'mixture_phase', 'source_phase', 'mix_magnitude', 'ideal_binary_mask', 'source_magnitudes'])
1.009408950805664 GB allocated
3.9140625 GB reserved
dict_keys(['index', 'mixture_magnitude', 'mixture_phase', 'source_phase', 'mix_magnitude', 'ideal_binary_mask', 'source_magnitudes'])
1.0085558891296387 GB allocated
3.9140625 GB reserved
dict_keys(['index', 'mixture_magnitude', 'mixture_phase', 'source_phase', 'mix_magnitude', 'ideal_binary_mask', 'source_magnitudes'])
1.009408950805664 GB allocated
3.9140625 GB reserved
dict_keys(['index', 'mixture_magnitude', 'mixture_phase', 'source_phase', 'mix_magnitude', 'ideal_binary_mask', 'source_magnitudes'])
1.009408950805664 GB allocated
3.9140625 GB reserved
dict_keys(['index', 'mixture_magnitude', 'mixture_phase', 'source_phase', 'mix_magnitude', 'ideal_binary_mask', 'source_magnitudes'])
1.009408950805664 GB allocated
3.9140625 GB reserved
dict_keys(['index', 'mixture_magnitude', 'mixture_phase', 'source_phase', 'mix_magnitude', 'ideal_binary_mask', 'source_magnitudes'])
1.0085558891296387 GB allocated
3.9140625 GB reserved
dict_keys(['index', 'mixture_magnitude', 'mixture_phase', 'source_phase', 'mix_magnitude', 'ideal_binary_mask', 'source_magnitudes'])
1.009408950805664 GB allocated
3.9140625 GB reserved
dict_keys(['index', 'mixture_magnitude', 'mixture_phase', 'source_phase', 'mix_magnitude', 'ideal_binary_mask', 'source_magnitudes'])
1.009408950805664 GB allocated
3.9140625 GB reserved
dict_keys(['index', 'mixture_magnitude', 'mixture_phase', 'source_phase', 'mix_magnitude', 'ideal_binary_mask', 'source_magnitudes'])
1.009408950805664 GB allocated
3.9140625 GB reserved
dict_keys(['index', 'mixture_magnitude', 'mixture_phase', 'source_phase', 'mix_magnitude', 'ideal_binary_mask', 'source_magnitudes'])
1.0085558891296387 GB allocated
3.9140625 GB reserved
dict_keys(['index', 'mixture_magnitude', 'mixture_phase', 'source_phase', 'mix_magnitude', 'ideal_binary_mask', 'source_magnitudes'])
1.009408950805664 GB allocated
3.9140625 GB reserved
dict_keys(['index', 'mixture_magnitude', 'mixture_phase', 'source_phase', 'mix_magnitude', 'ideal_binary_mask', 'source_magnitudes'])
1.009408950805664 GB allocated
3.9140625 GB reserved
dict_keys(['index', 'mixture_magnitude', 'mixture_phase', 'source_phase', 'mix_magnitude', 'ideal_binary_mask', 'source_magnitudes'])
06/13/2026 08:33:41 AM | engine.py:906 Engine run starting with max_epochs=1.
06/13/2026 08:34:41 AM | engine.py:1010 Epoch[1] Complete. Time taken: 00:00:59.792
1.009408950805664 GB allocated
3.9140625 GB reserved
dict_keys(['index', 'mixture_magnitude', 'mixture_phase', 'source_phase', 'mix_magnitude', 'ideal_binary_mask', 'source_magnitudes'])
1.0085558891296387 GB allocated
3.9140625 GB reserved
dict_keys(['index', 'mixture_magnitude', 'mixture_phase', 'source_phase', 'mix_magnitude', 'ideal_binary_mask', 'source_magnitudes'])
1.009408950805664 GB allocated
3.9140625 GB reserved
dict_keys(['index', 'mixture_magnitude', 'mixture_phase', 'source_phase', 'mix_magnitude', 'ideal_binary_mask', 'source_magnitudes'])
1.009408950805664 GB allocated
3.9140625 GB reserved
dict_keys(['index', 'mixture_magnitude', 'mixture_phase', 'source_phase', 'mix_magnitude', 'ideal_binary_mask', 'source_magnitudes'])
1.009408950805664 GB allocated
3.9140625 GB reserved
dict_keys(['index', 'mixture_magnitude', 'mixture_phase', 'source_phase', 'mix_magnitude', 'ideal_binary_mask', 'source_magnitudes'])
1.0085558891296387 GB allocated
3.9140625 GB reserved
dict_keys(['index', 'mixture_magnitude', 'mixture_phase', 'source_phase', 'mix_magnitude', 'ideal_binary_mask', 'source_magnitudes'])
1.009408950805664 GB allocated
3.9140625 GB reserved
dict_keys(['index', 'mixture_magnitude', 'mixture_phase', 'source_phase', 'mix_magnitude', 'ideal_binary_mask', 'source_magnitudes'])
1.009408950805664 GB allocated
3.9140625 GB reserved
dict_keys(['index', 'mixture_magnitude', 'mixture_phase', 'source_phase', 'mix_magnitude', 'ideal_binary_mask', 'source_magnitudes'])
1.009408950805664 GB allocated
3.9140625 GB reserved
dict_keys(['index', 'mixture_magnitude', 'mixture_phase', 'source_phase', 'mix_magnitude', 'ideal_binary_mask', 'source_magnitudes'])
1.0085558891296387 GB allocated
3.9140625 GB reserved
dict_keys(['index', 'mixture_magnitude', 'mixture_phase', 'source_phase', 'mix_magnitude', 'ideal_binary_mask', 'source_magnitudes'])
1.009408950805664 GB allocated
3.9140625 GB reserved
dict_keys(['index', 'mixture_magnitude', 'mixture_phase', 'source_phase', 'mix_magnitude', 'ideal_binary_mask', 'source_magnitudes'])
1.009408950805664 GB allocated
3.9140625 GB reserved
dict_keys(['index', 'mixture_magnitude', 'mixture_phase', 'source_phase', 'mix_magnitude', 'ideal_binary_mask', 'source_magnitudes'])
1.009408950805664 GB allocated
3.9140625 GB reserved
dict_keys(['index', 'mixture_magnitude', 'mixture_phase', 'source_phase', 'mix_magnitude', 'ideal_binary_mask', 'source_magnitudes'])
1.0085558891296387 GB allocated
3.9140625 GB reserved
dict_keys(['index', 'mixture_magnitude', 'mixture_phase', 'source_phase', 'mix_magnitude', 'ideal_binary_mask', 'source_magnitudes'])
1.009408950805664 GB allocated
3.9140625 GB reserved
dict_keys(['index', 'mixture_magnitude', 'mixture_phase', 'source_phase', 'mix_magnitude', 'ideal_binary_mask', 'source_magnitudes'])
1.009408950805664 GB allocated
3.9140625 GB reserved
dict_keys(['index', 'mixture_magnitude', 'mixture_phase', 'source_phase', 'mix_magnitude', 'ideal_binary_mask', 'source_magnitudes'])
1.009408950805664 GB allocated
3.9140625 GB reserved
dict_keys(['index', 'mixture_magnitude', 'mixture_phase', 'source_phase', 'mix_magnitude', 'ideal_binary_mask', 'source_magnitudes'])
1.0085558891296387 GB allocated
3.9140625 GB reserved
dict_keys(['index', 'mixture_magnitude', 'mixture_phase', 'source_phase', 'mix_magnitude', 'ideal_binary_mask', 'source_magnitudes'])
1.009408950805664 GB allocated
3.9140625 GB reserved
dict_keys(['index', 'mixture_magnitude', 'mixture_phase', 'source_phase', 'mix_magnitude', 'ideal_binary_mask', 'source_magnitudes'])
1.009408950805664 GB allocated
3.9140625 GB reserved
dict_keys(['index', 'mixture_magnitude', 'mixture_phase', 'source_phase', 'mix_magnitude', 'ideal_binary_mask', 'source_magnitudes'])
1.009408950805664 GB allocated
3.9140625 GB reserved
dict_keys(['index', 'mixture_magnitude', 'mixture_phase', 'source_phase', 'mix_magnitude', 'ideal_binary_mask', 'source_magnitudes'])
1.0085558891296387 GB allocated
3.9140625 GB reserved
dict_keys(['index', 'mixture_magnitude', 'mixture_phase', 'source_phase', 'mix_magnitude', 'ideal_binary_mask', 'source_magnitudes'])
1.009408950805664 GB allocated
3.9140625 GB reserved
dict_keys(['index', 'mixture_magnitude', 'mixture_phase', 'source_phase', 'mix_magnitude', 'ideal_binary_mask', 'source_magnitudes'])
1.009408950805664 GB allocated
3.9140625 GB reserved
dict_keys(['index', 'mixture_magnitude', 'mixture_phase', 'source_phase', 'mix_magnitude', 'ideal_binary_mask', 'source_magnitudes'])
1.009408950805664 GB allocated
3.9140625 GB reserved
dict_keys(['index', 'mixture_magnitude', 'mixture_phase', 'source_phase', 'mix_magnitude', 'ideal_binary_mask', 'source_magnitudes'])
1.0085558891296387 GB allocated
3.9140625 GB reserved
dict_keys(['index', 'mixture_magnitude', 'mixture_phase', 'source_phase', 'mix_magnitude', 'ideal_binary_mask', 'source_magnitudes'])
1.009408950805664 GB allocated
3.9140625 GB reserved
dict_keys(['index', 'mixture_magnitude', 'mixture_phase', 'source_phase', 'mix_magnitude', 'ideal_binary_mask', 'source_magnitudes'])
1.009408950805664 GB allocated
3.9140625 GB reserved
dict_keys(['index', 'mixture_magnitude', 'mixture_phase', 'source_phase', 'mix_magnitude', 'ideal_binary_mask', 'source_magnitudes'])
1.009408950805664 GB allocated
3.9140625 GB reserved
dict_keys(['index', 'mixture_magnitude', 'mixture_phase', 'source_phase', 'mix_magnitude', 'ideal_binary_mask', 'source_magnitudes'])
1.0085558891296387 GB allocated
3.9140625 GB reserved
dict_keys(['index', 'mixture_magnitude', 'mixture_phase', 'source_phase', 'mix_magnitude', 'ideal_binary_mask', 'source_magnitudes'])
1.009408950805664 GB allocated
3.9140625 GB reserved
dict_keys(['index', 'mixture_magnitude', 'mixture_phase', 'source_phase', 'mix_magnitude', 'ideal_binary_mask', 'source_magnitudes'])
1.009408950805664 GB allocated
3.9140625 GB reserved
dict_keys(['index', 'mixture_magnitude', 'mixture_phase', 'source_phase', 'mix_magnitude', 'ideal_binary_mask', 'source_magnitudes'])
1.009408950805664 GB allocated
3.9140625 GB reserved
dict_keys(['index', 'mixture_magnitude', 'mixture_phase', 'source_phase', 'mix_magnitude', 'ideal_binary_mask', 'source_magnitudes'])
1.0085558891296387 GB allocated
3.9140625 GB reserved
dict_keys(['index', 'mixture_magnitude', 'mixture_phase', 'source_phase', 'mix_magnitude', 'ideal_binary_mask', 'source_magnitudes'])
1.009408950805664 GB allocated
3.9140625 GB reserved
dict_keys(['index', 'mixture_magnitude', 'mixture_phase', 'source_phase', 'mix_magnitude', 'ideal_binary_mask', 'source_magnitudes'])
1.009408950805664 GB allocated
3.9140625 GB reserved
dict_keys(['index', 'mixture_magnitude', 'mixture_phase', 'source_phase', 'mix_magnitude', 'ideal_binary_mask', 'source_magnitudes'])
1.009408950805664 GB allocated
3.9140625 GB reserved
dict_keys(['index', 'mixture_magnitude', 'mixture_phase', 'source_phase', 'mix_magnitude', 'ideal_binary_mask', 'source_magnitudes'])
1.0085558891296387 GB allocated
3.9140625 GB reserved
dict_keys(['index', 'mixture_magnitude', 'mixture_phase', 'source_phase', 'mix_magnitude', 'ideal_binary_mask', 'source_magnitudes'])
1.009408950805664 GB allocated
3.9140625 GB reserved
dict_keys(['index', 'mixture_magnitude', 'mixture_phase', 'source_phase', 'mix_magnitude', 'ideal_binary_mask', 'source_magnitudes'])
1.009408950805664 GB allocated
3.9140625 GB reserved
dict_keys(['index', 'mixture_magnitude', 'mixture_phase', 'source_phase', 'mix_magnitude', 'ideal_binary_mask', 'source_magnitudes'])
1.009408950805664 GB allocated
3.9140625 GB reserved
dict_keys(['index', 'mixture_magnitude', 'mixture_phase', 'source_phase', 'mix_magnitude', 'ideal_binary_mask', 'source_magnitudes'])
1.0085558891296387 GB allocated
3.9140625 GB reserved
dict_keys(['index', 'mixture_magnitude', 'mixture_phase', 'source_phase', 'mix_magnitude', 'ideal_binary_mask', 'source_magnitudes'])
1.009408950805664 GB allocated
3.9140625 GB reserved
dict_keys(['index', 'mixture_magnitude', 'mixture_phase', 'source_phase', 'mix_magnitude', 'ideal_binary_mask', 'source_magnitudes'])
1.009408950805664 GB allocated
3.9140625 GB reserved
dict_keys(['index', 'mixture_magnitude', 'mixture_phase', 'source_phase', 'mix_magnitude', 'ideal_binary_mask', 'source_magnitudes'])
1.009408950805664 GB allocated
3.9140625 GB reserved
dict_keys(['index', 'mixture_magnitude', 'mixture_phase', 'source_phase', 'mix_magnitude', 'ideal_binary_mask', 'source_magnitudes'])
1.0085558891296387 GB allocated
3.9140625 GB reserved
dict_keys(['index', 'mixture_magnitude', 'mixture_phase', 'source_phase', 'mix_magnitude', 'ideal_binary_mask', 'source_magnitudes'])
1.009408950805664 GB allocated
3.9140625 GB reserved
dict_keys(['index', 'mixture_magnitude', 'mixture_phase', 'source_phase', 'mix_magnitude', 'ideal_binary_mask', 'source_magnitudes'])
1.009408950805664 GB allocated
3.9140625 GB reserved
dict_keys(['index', 'mixture_magnitude', 'mixture_phase', 'source_phase', 'mix_magnitude', 'ideal_binary_mask', 'source_magnitudes'])
1.009408950805664 GB allocated
3.9140625 GB reserved
dict_keys(['index', 'mixture_magnitude', 'mixture_phase', 'source_phase', 'mix_magnitude', 'ideal_binary_mask', 'source_magnitudes'])
1.0085558891296387 GB allocated
3.9140625 GB reserved
dict_keys(['index', 'mixture_magnitude', 'mixture_phase', 'source_phase', 'mix_magnitude', 'ideal_binary_mask', 'source_magnitudes'])
1.009408950805664 GB allocated
3.9140625 GB reserved
dict_keys(['index', 'mixture_magnitude', 'mixture_phase', 'source_phase', 'mix_magnitude', 'ideal_binary_mask', 'source_magnitudes'])
1.009408950805664 GB allocated
3.9140625 GB reserved
dict_keys(['index', 'mixture_magnitude', 'mixture_phase', 'source_phase', 'mix_magnitude', 'ideal_binary_mask', 'source_magnitudes'])
1.009408950805664 GB allocated
3.9140625 GB reserved
dict_keys(['index', 'mixture_magnitude', 'mixture_phase', 'source_phase', 'mix_magnitude', 'ideal_binary_mask', 'source_magnitudes'])
1.0085558891296387 GB allocated
3.9140625 GB reserved
dict_keys(['index', 'mixture_magnitude', 'mixture_phase', 'source_phase', 'mix_magnitude', 'ideal_binary_mask', 'source_magnitudes'])
1.009408950805664 GB allocated
3.9140625 GB reserved
dict_keys(['index', 'mixture_magnitude', 'mixture_phase', 'source_phase', 'mix_magnitude', 'ideal_binary_mask', 'source_magnitudes'])
1.009408950805664 GB allocated
3.9140625 GB reserved
dict_keys(['index', 'mixture_magnitude', 'mixture_phase', 'source_phase', 'mix_magnitude', 'ideal_binary_mask', 'source_magnitudes'])
1.009408950805664 GB allocated
3.9140625 GB reserved
dict_keys(['index', 'mixture_magnitude', 'mixture_phase', 'source_phase', 'mix_magnitude', 'ideal_binary_mask', 'source_magnitudes'])
[Validator] Epoch 14 - val_loss: 0.000024
[BEST CHECKPOINT] Guardado/actualizado en: checkpoints\Mis_modelos_v2\advanced\lpsa_phase checkpoints\4stems\best_checkpoint_8_val_loss=-0.0000.pt
06/13/2026 08:34:41 AM | engine.py:1037 Engine run finished. Time taken: 00:00:59.792
[Epoch 14] train_loss=0.000021 | val_loss=0.000024
06/13/2026 08:34:41 AM | engine.py:1010 Epoch[14] Complete. Time taken: 00:17:24.281
1.0085558891296387 GB allocated
3.9140625 GB reserved
dict_keys(['index', 'mixture_magnitude', 'mixture_phase', 'source_phase', 'mix_magnitude', 'ideal_binary_mask', 'source_magnitudes'])
1.009408950805664 GB allocated
3.9140625 GB reserved
dict_keys(['index', 'mixture_magnitude', 'mixture_phase', 'source_phase', 'mix_magnitude', 'ideal_binary_mask', 'source_magnitudes'])
1.009408950805664 GB allocated
3.9140625 GB reserved
dict_keys(['index', 'mixture_magnitude', 'mixture_phase', 'source_phase', 'mix_magnitude', 'ideal_binary_mask', 'source_magnitudes'])
1.009408950805664 GB allocated
3.9140625 GB reserved
dict_keys(['index', 'mixture_magnitude', 'mixture_phase', 'source_phase', 'mix_magnitude', 'ideal_binary_mask', 'source_magnitudes'])
1.0085558891296387 GB allocated
3.9140625 GB reserved
dict_keys(['index', 'mixture_magnitude', 'mixture_phase', 'source_phase', 'mix_magnitude', 'ideal_binary_mask', 'source_magnitudes'])
1.009408950805664 GB allocated
3.9140625 GB reserved
dict_keys(['index', 'mixture_magnitude', 'mixture_phase', 'source_phase', 'mix_magnitude', 'ideal_binary_mask', 'source_magnitudes'])
1.009408950805664 GB allocated
3.9140625 GB reserved
dict_keys(['index', 'mixture_magnitude', 'mixture_phase', 'source_phase', 'mix_magnitude', 'ideal_binary_mask', 'source_magnitudes'])
1.009408950805664 GB allocated
3.9140625 GB reserved
dict_keys(['index', 'mixture_magnitude', 'mixture_phase', 'source_phase', 'mix_magnitude', 'ideal_binary_mask', 'source_magnitudes'])
1.0085558891296387 GB allocated
3.9140625 GB reserved
dict_keys(['index', 'mixture_magnitude', 'mixture_phase', 'source_phase', 'mix_magnitude', 'ideal_binary_mask', 'source_magnitudes'])
1.009408950805664 GB allocated
3.9140625 GB reserved
dict_keys(['index', 'mixture_magnitude', 'mixture_phase', 'source_phase', 'mix_magnitude', 'ideal_binary_mask', 'source_magnitudes'])
1.009408950805664 GB allocated
3.9140625 GB reserved
dict_keys(['index', 'mixture_magnitude', 'mixture_phase', 'source_phase', 'mix_magnitude', 'ideal_binary_mask', 'source_magnitudes'])
1.009408950805664 GB allocated
3.9140625 GB reserved
dict_keys(['index', 'mixture_magnitude', 'mixture_phase', 'source_phase', 'mix_magnitude', 'ideal_binary_mask', 'source_magnitudes'])
1.0085558891296387 GB allocated
3.9140625 GB reserved
dict_keys(['index', 'mixture_magnitude', 'mixture_phase', 'source_phase', 'mix_magnitude', 'ideal_binary_mask', 'source_magnitudes'])
1.009408950805664 GB allocated
3.9140625 GB reserved
dict_keys(['index', 'mixture_magnitude', 'mixture_phase', 'source_phase', 'mix_magnitude', 'ideal_binary_mask', 'source_magnitudes'])
1.009408950805664 GB allocated
3.9140625 GB reserved
dict_keys(['index', 'mixture_magnitude', 'mixture_phase', 'source_phase', 'mix_magnitude', 'ideal_binary_mask', 'source_magnitudes'])
1.009408950805664 GB allocated
3.9140625 GB reserved
dict_keys(['index', 'mixture_magnitude', 'mixture_phase', 'source_phase', 'mix_magnitude', 'ideal_binary_mask', 'source_magnitudes'])
1.0085558891296387 GB allocated
3.9140625 GB reserved
dict_keys(['index', 'mixture_magnitude', 'mixture_phase', 'source_phase', 'mix_magnitude', 'ideal_binary_mask', 'source_magnitudes'])
1.009408950805664 GB allocated
3.9140625 GB reserved
dict_keys(['index', 'mixture_magnitude', 'mixture_phase', 'source_phase', 'mix_magnitude', 'ideal_binary_mask', 'source_magnitudes'])
1.009408950805664 GB allocated
3.9140625 GB reserved
dict_keys(['index', 'mixture_magnitude', 'mixture_phase', 'source_phase', 'mix_magnitude', 'ideal_binary_mask', 'source_magnitudes'])
1.009408950805664 GB allocated
3.9140625 GB reserved
dict_keys(['index', 'mixture_magnitude', 'mixture_phase', 'source_phase', 'mix_magnitude', 'ideal_binary_mask', 'source_magnitudes'])
1.0085558891296387 GB allocated
3.9140625 GB reserved
dict_keys(['index', 'mixture_magnitude', 'mixture_phase', 'source_phase', 'mix_magnitude', 'ideal_binary_mask', 'source_magnitudes'])
1.009408950805664 GB allocated
3.9140625 GB reserved
dict_keys(['index', 'mixture_magnitude', 'mixture_phase', 'source_phase', 'mix_magnitude', 'ideal_binary_mask', 'source_magnitudes'])
1.009408950805664 GB allocated
3.9140625 GB reserved
dict_keys(['index', 'mixture_magnitude', 'mixture_phase', 'source_phase', 'mix_magnitude', 'ideal_binary_mask', 'source_magnitudes'])
1.009408950805664 GB allocated
3.9140625 GB reserved
dict_keys(['index', 'mixture_magnitude', 'mixture_phase', 'source_phase', 'mix_magnitude', 'ideal_binary_mask', 'source_magnitudes'])
1.0085558891296387 GB allocated
3.9140625 GB reserved
dict_keys(['index', 'mixture_magnitude', 'mixture_phase', 'source_phase', 'mix_magnitude', 'ideal_binary_mask', 'source_magnitudes'])
1.009408950805664 GB allocated
3.9140625 GB reserved
dict_keys(['index', 'mixture_magnitude', 'mixture_phase', 'source_phase', 'mix_magnitude', 'ideal_binary_mask', 'source_magnitudes'])
1.009408950805664 GB allocated
3.9140625 GB reserved
dict_keys(['index', 'mixture_magnitude', 'mixture_phase', 'source_phase', 'mix_magnitude', 'ideal_binary_mask', 'source_magnitudes'])
1.009408950805664 GB allocated
3.9140625 GB reserved
dict_keys(['index', 'mixture_magnitude', 'mixture_phase', 'source_phase', 'mix_magnitude', 'ideal_binary_mask', 'source_magnitudes'])
1.0085558891296387 GB allocated
3.9140625 GB reserved
dict_keys(['index', 'mixture_magnitude', 'mixture_phase', 'source_phase', 'mix_magnitude', 'ideal_binary_mask', 'source_magnitudes'])
1.009408950805664 GB allocated
3.9140625 GB reserved
dict_keys(['index', 'mixture_magnitude', 'mixture_phase', 'source_phase', 'mix_magnitude', 'ideal_binary_mask', 'source_magnitudes'])
1.009408950805664 GB allocated
3.9140625 GB reserved
dict_keys(['index', 'mixture_magnitude', 'mixture_phase', 'source_phase', 'mix_magnitude', 'ideal_binary_mask', 'source_magnitudes'])
1.009408950805664 GB allocated
3.9140625 GB reserved
dict_keys(['index', 'mixture_magnitude', 'mixture_phase', 'source_phase', 'mix_magnitude', 'ideal_binary_mask', 'source_magnitudes'])
1.0085558891296387 GB allocated
3.9140625 GB reserved
dict_keys(['index', 'mixture_magnitude', 'mixture_phase', 'source_phase', 'mix_magnitude', 'ideal_binary_mask', 'source_magnitudes'])
1.009408950805664 GB allocated
3.9140625 GB reserved
dict_keys(['index', 'mixture_magnitude', 'mixture_phase', 'source_phase', 'mix_magnitude', 'ideal_binary_mask', 'source_magnitudes'])
1.009408950805664 GB allocated
3.9140625 GB reserved
dict_keys(['index', 'mixture_magnitude', 'mixture_phase', 'source_phase', 'mix_magnitude', 'ideal_binary_mask', 'source_magnitudes'])
1.009408950805664 GB allocated
3.9140625 GB reserved
dict_keys(['index', 'mixture_magnitude', 'mixture_phase', 'source_phase', 'mix_magnitude', 'ideal_binary_mask', 'source_magnitudes'])
1.0085558891296387 GB allocated
3.9140625 GB reserved
dict_keys(['index', 'mixture_magnitude', 'mixture_phase', 'source_phase', 'mix_magnitude', 'ideal_binary_mask', 'source_magnitudes'])
1.009408950805664 GB allocated
3.9140625 GB reserved
dict_keys(['index', 'mixture_magnitude', 'mixture_phase', 'source_phase', 'mix_magnitude', 'ideal_binary_mask', 'source_magnitudes'])
1.009408950805664 GB allocated
3.9140625 GB reserved
dict_keys(['index', 'mixture_magnitude', 'mixture_phase', 'source_phase', 'mix_magnitude', 'ideal_binary_mask', 'source_magnitudes'])
1.009408950805664 GB allocated
3.9140625 GB reserved
dict_keys(['index', 'mixture_magnitude', 'mixture_phase', 'source_phase', 'mix_magnitude', 'ideal_binary_mask', 'source_magnitudes'])
1.0085558891296387 GB allocated
3.9140625 GB reserved
dict_keys(['index', 'mixture_magnitude', 'mixture_phase', 'source_phase', 'mix_magnitude', 'ideal_binary_mask', 'source_magnitudes'])
1.009408950805664 GB allocated
3.9140625 GB reserved
dict_keys(['index', 'mixture_magnitude', 'mixture_phase', 'source_phase', 'mix_magnitude', 'ideal_binary_mask', 'source_magnitudes'])
1.009408950805664 GB allocated
3.9140625 GB reserved
dict_keys(['index', 'mixture_magnitude', 'mixture_phase', 'source_phase', 'mix_magnitude', 'ideal_binary_mask', 'source_magnitudes'])
06/13/2026 08:51:11 AM | engine.py:906 Engine run starting with max_epochs=1.
06/13/2026 08:52:10 AM | engine.py:1010 Epoch[1] Complete. Time taken: 00:00:59.120
1.009408950805664 GB allocated
3.9140625 GB reserved
dict_keys(['index', 'mixture_magnitude', 'mixture_phase', 'source_phase', 'mix_magnitude', 'ideal_binary_mask', 'source_magnitudes'])
1.0085558891296387 GB allocated
3.9140625 GB reserved
dict_keys(['index', 'mixture_magnitude', 'mixture_phase', 'source_phase', 'mix_magnitude', 'ideal_binary_mask', 'source_magnitudes'])
1.009408950805664 GB allocated
3.9140625 GB reserved
dict_keys(['index', 'mixture_magnitude', 'mixture_phase', 'source_phase', 'mix_magnitude', 'ideal_binary_mask', 'source_magnitudes'])
1.009408950805664 GB allocated
3.9140625 GB reserved
dict_keys(['index', 'mixture_magnitude', 'mixture_phase', 'source_phase', 'mix_magnitude', 'ideal_binary_mask', 'source_magnitudes'])
1.009408950805664 GB allocated
3.9140625 GB reserved
dict_keys(['index', 'mixture_magnitude', 'mixture_phase', 'source_phase', 'mix_magnitude', 'ideal_binary_mask', 'source_magnitudes'])
1.0085558891296387 GB allocated
3.9140625 GB reserved
dict_keys(['index', 'mixture_magnitude', 'mixture_phase', 'source_phase', 'mix_magnitude', 'ideal_binary_mask', 'source_magnitudes'])
1.009408950805664 GB allocated
3.9140625 GB reserved
dict_keys(['index', 'mixture_magnitude', 'mixture_phase', 'source_phase', 'mix_magnitude', 'ideal_binary_mask', 'source_magnitudes'])
1.009408950805664 GB allocated
3.9140625 GB reserved
dict_keys(['index', 'mixture_magnitude', 'mixture_phase', 'source_phase', 'mix_magnitude', 'ideal_binary_mask', 'source_magnitudes'])
1.009408950805664 GB allocated
3.9140625 GB reserved
dict_keys(['index', 'mixture_magnitude', 'mixture_phase', 'source_phase', 'mix_magnitude', 'ideal_binary_mask', 'source_magnitudes'])
1.0085558891296387 GB allocated
3.9140625 GB reserved
dict_keys(['index', 'mixture_magnitude', 'mixture_phase', 'source_phase', 'mix_magnitude', 'ideal_binary_mask', 'source_magnitudes'])
1.009408950805664 GB allocated
3.9140625 GB reserved
dict_keys(['index', 'mixture_magnitude', 'mixture_phase', 'source_phase', 'mix_magnitude', 'ideal_binary_mask', 'source_magnitudes'])
1.009408950805664 GB allocated
3.9140625 GB reserved
dict_keys(['index', 'mixture_magnitude', 'mixture_phase', 'source_phase', 'mix_magnitude', 'ideal_binary_mask', 'source_magnitudes'])
1.009408950805664 GB allocated
3.9140625 GB reserved
dict_keys(['index', 'mixture_magnitude', 'mixture_phase', 'source_phase', 'mix_magnitude', 'ideal_binary_mask', 'source_magnitudes'])
1.0085558891296387 GB allocated
3.9140625 GB reserved
dict_keys(['index', 'mixture_magnitude', 'mixture_phase', 'source_phase', 'mix_magnitude', 'ideal_binary_mask', 'source_magnitudes'])
1.009408950805664 GB allocated
3.9140625 GB reserved
dict_keys(['index', 'mixture_magnitude', 'mixture_phase', 'source_phase', 'mix_magnitude', 'ideal_binary_mask', 'source_magnitudes'])
1.009408950805664 GB allocated
3.9140625 GB reserved
dict_keys(['index', 'mixture_magnitude', 'mixture_phase', 'source_phase', 'mix_magnitude', 'ideal_binary_mask', 'source_magnitudes'])
1.009408950805664 GB allocated
3.9140625 GB reserved
dict_keys(['index', 'mixture_magnitude', 'mixture_phase', 'source_phase', 'mix_magnitude', 'ideal_binary_mask', 'source_magnitudes'])
1.0085558891296387 GB allocated
3.9140625 GB reserved
dict_keys(['index', 'mixture_magnitude', 'mixture_phase', 'source_phase', 'mix_magnitude', 'ideal_binary_mask', 'source_magnitudes'])
1.009408950805664 GB allocated
3.9140625 GB reserved
dict_keys(['index', 'mixture_magnitude', 'mixture_phase', 'source_phase', 'mix_magnitude', 'ideal_binary_mask', 'source_magnitudes'])
1.009408950805664 GB allocated
3.9140625 GB reserved
dict_keys(['index', 'mixture_magnitude', 'mixture_phase', 'source_phase', 'mix_magnitude', 'ideal_binary_mask', 'source_magnitudes'])
1.009408950805664 GB allocated
3.9140625 GB reserved
dict_keys(['index', 'mixture_magnitude', 'mixture_phase', 'source_phase', 'mix_magnitude', 'ideal_binary_mask', 'source_magnitudes'])
1.0085558891296387 GB allocated
3.9140625 GB reserved
dict_keys(['index', 'mixture_magnitude', 'mixture_phase', 'source_phase', 'mix_magnitude', 'ideal_binary_mask', 'source_magnitudes'])
1.009408950805664 GB allocated
3.9140625 GB reserved
dict_keys(['index', 'mixture_magnitude', 'mixture_phase', 'source_phase', 'mix_magnitude', 'ideal_binary_mask', 'source_magnitudes'])
1.009408950805664 GB allocated
3.9140625 GB reserved
dict_keys(['index', 'mixture_magnitude', 'mixture_phase', 'source_phase', 'mix_magnitude', 'ideal_binary_mask', 'source_magnitudes'])
1.009408950805664 GB allocated
3.9140625 GB reserved
dict_keys(['index', 'mixture_magnitude', 'mixture_phase', 'source_phase', 'mix_magnitude', 'ideal_binary_mask', 'source_magnitudes'])
1.0085558891296387 GB allocated
3.9140625 GB reserved
dict_keys(['index', 'mixture_magnitude', 'mixture_phase', 'source_phase', 'mix_magnitude', 'ideal_binary_mask', 'source_magnitudes'])
1.009408950805664 GB allocated
3.9140625 GB reserved
dict_keys(['index', 'mixture_magnitude', 'mixture_phase', 'source_phase', 'mix_magnitude', 'ideal_binary_mask', 'source_magnitudes'])
1.009408950805664 GB allocated
3.9140625 GB reserved
dict_keys(['index', 'mixture_magnitude', 'mixture_phase', 'source_phase', 'mix_magnitude', 'ideal_binary_mask', 'source_magnitudes'])
1.009408950805664 GB allocated
3.9140625 GB reserved
dict_keys(['index', 'mixture_magnitude', 'mixture_phase', 'source_phase', 'mix_magnitude', 'ideal_binary_mask', 'source_magnitudes'])
1.0085558891296387 GB allocated
3.9140625 GB reserved
dict_keys(['index', 'mixture_magnitude', 'mixture_phase', 'source_phase', 'mix_magnitude', 'ideal_binary_mask', 'source_magnitudes'])
1.009408950805664 GB allocated
3.9140625 GB reserved
dict_keys(['index', 'mixture_magnitude', 'mixture_phase', 'source_phase', 'mix_magnitude', 'ideal_binary_mask', 'source_magnitudes'])
1.009408950805664 GB allocated
3.9140625 GB reserved
dict_keys(['index', 'mixture_magnitude', 'mixture_phase', 'source_phase', 'mix_magnitude', 'ideal_binary_mask', 'source_magnitudes'])
1.009408950805664 GB allocated
3.9140625 GB reserved
dict_keys(['index', 'mixture_magnitude', 'mixture_phase', 'source_phase', 'mix_magnitude', 'ideal_binary_mask', 'source_magnitudes'])
1.0085558891296387 GB allocated
3.9140625 GB reserved
dict_keys(['index', 'mixture_magnitude', 'mixture_phase', 'source_phase', 'mix_magnitude', 'ideal_binary_mask', 'source_magnitudes'])
1.009408950805664 GB allocated
3.9140625 GB reserved
dict_keys(['index', 'mixture_magnitude', 'mixture_phase', 'source_phase', 'mix_magnitude', 'ideal_binary_mask', 'source_magnitudes'])
1.009408950805664 GB allocated
3.9140625 GB reserved
dict_keys(['index', 'mixture_magnitude', 'mixture_phase', 'source_phase', 'mix_magnitude', 'ideal_binary_mask', 'source_magnitudes'])
1.009408950805664 GB allocated
3.9140625 GB reserved
dict_keys(['index', 'mixture_magnitude', 'mixture_phase', 'source_phase', 'mix_magnitude', 'ideal_binary_mask', 'source_magnitudes'])
1.0085558891296387 GB allocated
3.9140625 GB reserved
dict_keys(['index', 'mixture_magnitude', 'mixture_phase', 'source_phase', 'mix_magnitude', 'ideal_binary_mask', 'source_magnitudes'])
1.009408950805664 GB allocated
3.9140625 GB reserved
dict_keys(['index', 'mixture_magnitude', 'mixture_phase', 'source_phase', 'mix_magnitude', 'ideal_binary_mask', 'source_magnitudes'])
1.009408950805664 GB allocated
3.9140625 GB reserved
dict_keys(['index', 'mixture_magnitude', 'mixture_phase', 'source_phase', 'mix_magnitude', 'ideal_binary_mask', 'source_magnitudes'])
1.009408950805664 GB allocated
3.9140625 GB reserved
dict_keys(['index', 'mixture_magnitude', 'mixture_phase', 'source_phase', 'mix_magnitude', 'ideal_binary_mask', 'source_magnitudes'])
1.0085558891296387 GB allocated
3.9140625 GB reserved
dict_keys(['index', 'mixture_magnitude', 'mixture_phase', 'source_phase', 'mix_magnitude', 'ideal_binary_mask', 'source_magnitudes'])
1.009408950805664 GB allocated
3.9140625 GB reserved
dict_keys(['index', 'mixture_magnitude', 'mixture_phase', 'source_phase', 'mix_magnitude', 'ideal_binary_mask', 'source_magnitudes'])
1.009408950805664 GB allocated
3.9140625 GB reserved
dict_keys(['index', 'mixture_magnitude', 'mixture_phase', 'source_phase', 'mix_magnitude', 'ideal_binary_mask', 'source_magnitudes'])
1.009408950805664 GB allocated
3.9140625 GB reserved
dict_keys(['index', 'mixture_magnitude', 'mixture_phase', 'source_phase', 'mix_magnitude', 'ideal_binary_mask', 'source_magnitudes'])
1.0085558891296387 GB allocated
3.9140625 GB reserved
dict_keys(['index', 'mixture_magnitude', 'mixture_phase', 'source_phase', 'mix_magnitude', 'ideal_binary_mask', 'source_magnitudes'])
1.009408950805664 GB allocated
3.9140625 GB reserved
dict_keys(['index', 'mixture_magnitude', 'mixture_phase', 'source_phase', 'mix_magnitude', 'ideal_binary_mask', 'source_magnitudes'])
1.009408950805664 GB allocated
3.9140625 GB reserved
dict_keys(['index', 'mixture_magnitude', 'mixture_phase', 'source_phase', 'mix_magnitude', 'ideal_binary_mask', 'source_magnitudes'])
1.009408950805664 GB allocated
3.9140625 GB reserved
dict_keys(['index', 'mixture_magnitude', 'mixture_phase', 'source_phase', 'mix_magnitude', 'ideal_binary_mask', 'source_magnitudes'])
1.0085558891296387 GB allocated
3.9140625 GB reserved
dict_keys(['index', 'mixture_magnitude', 'mixture_phase', 'source_phase', 'mix_magnitude', 'ideal_binary_mask', 'source_magnitudes'])
1.009408950805664 GB allocated
3.9140625 GB reserved
dict_keys(['index', 'mixture_magnitude', 'mixture_phase', 'source_phase', 'mix_magnitude', 'ideal_binary_mask', 'source_magnitudes'])
1.009408950805664 GB allocated
3.9140625 GB reserved
dict_keys(['index', 'mixture_magnitude', 'mixture_phase', 'source_phase', 'mix_magnitude', 'ideal_binary_mask', 'source_magnitudes'])
1.009408950805664 GB allocated
3.9140625 GB reserved
dict_keys(['index', 'mixture_magnitude', 'mixture_phase', 'source_phase', 'mix_magnitude', 'ideal_binary_mask', 'source_magnitudes'])
1.0085558891296387 GB allocated
3.9140625 GB reserved
dict_keys(['index', 'mixture_magnitude', 'mixture_phase', 'source_phase', 'mix_magnitude', 'ideal_binary_mask', 'source_magnitudes'])
1.009408950805664 GB allocated
3.9140625 GB reserved
dict_keys(['index', 'mixture_magnitude', 'mixture_phase', 'source_phase', 'mix_magnitude', 'ideal_binary_mask', 'source_magnitudes'])
1.009408950805664 GB allocated
3.9140625 GB reserved
dict_keys(['index', 'mixture_magnitude', 'mixture_phase', 'source_phase', 'mix_magnitude', 'ideal_binary_mask', 'source_magnitudes'])
1.009408950805664 GB allocated
3.9140625 GB reserved
dict_keys(['index', 'mixture_magnitude', 'mixture_phase', 'source_phase', 'mix_magnitude', 'ideal_binary_mask', 'source_magnitudes'])
[Validator] Epoch 15 - val_loss: 0.000024
[BEST CHECKPOINT] Guardado/actualizado en: checkpoints\Mis_modelos_v2\advanced\lpsa_phase checkpoints\4stems\best_checkpoint_8_val_loss=-0.0000.pt
06/13/2026 08:52:10 AM | engine.py:1037 Engine run finished. Time taken: 00:00:59.120
[Epoch 15] train_loss=0.000021 | val_loss=0.000024
06/13/2026 08:52:10 AM | engine.py:1010 Epoch[15] Complete. Time taken: 00:17:29.183
1.0085558891296387 GB allocated
3.9140625 GB reserved
dict_keys(['index', 'mixture_magnitude', 'mixture_phase', 'source_phase', 'mix_magnitude', 'ideal_binary_mask', 'source_magnitudes'])
1.009408950805664 GB allocated
3.9140625 GB reserved
dict_keys(['index', 'mixture_magnitude', 'mixture_phase', 'source_phase', 'mix_magnitude', 'ideal_binary_mask', 'source_magnitudes'])
1.009408950805664 GB allocated
3.9140625 GB reserved
dict_keys(['index', 'mixture_magnitude', 'mixture_phase', 'source_phase', 'mix_magnitude', 'ideal_binary_mask', 'source_magnitudes'])
1.009408950805664 GB allocated
3.9140625 GB reserved
dict_keys(['index', 'mixture_magnitude', 'mixture_phase', 'source_phase', 'mix_magnitude', 'ideal_binary_mask', 'source_magnitudes'])
1.0085558891296387 GB allocated
3.9140625 GB reserved
dict_keys(['index', 'mixture_magnitude', 'mixture_phase', 'source_phase', 'mix_magnitude', 'ideal_binary_mask', 'source_magnitudes'])
1.009408950805664 GB allocated
3.9140625 GB reserved
dict_keys(['index', 'mixture_magnitude', 'mixture_phase', 'source_phase', 'mix_magnitude', 'ideal_binary_mask', 'source_magnitudes'])
1.009408950805664 GB allocated
3.9140625 GB reserved
dict_keys(['index', 'mixture_magnitude', 'mixture_phase', 'source_phase', 'mix_magnitude', 'ideal_binary_mask', 'source_magnitudes'])
1.009408950805664 GB allocated
3.9140625 GB reserved
dict_keys(['index', 'mixture_magnitude', 'mixture_phase', 'source_phase', 'mix_magnitude', 'ideal_binary_mask', 'source_magnitudes'])
1.0085558891296387 GB allocated
3.9140625 GB reserved
dict_keys(['index', 'mixture_magnitude', 'mixture_phase', 'source_phase', 'mix_magnitude', 'ideal_binary_mask', 'source_magnitudes'])
1.009408950805664 GB allocated
3.9140625 GB reserved
dict_keys(['index', 'mixture_magnitude', 'mixture_phase', 'source_phase', 'mix_magnitude', 'ideal_binary_mask', 'source_magnitudes'])
1.009408950805664 GB allocated
3.9140625 GB reserved
dict_keys(['index', 'mixture_magnitude', 'mixture_phase', 'source_phase', 'mix_magnitude', 'ideal_binary_mask', 'source_magnitudes'])
1.009408950805664 GB allocated
3.9140625 GB reserved
dict_keys(['index', 'mixture_magnitude', 'mixture_phase', 'source_phase', 'mix_magnitude', 'ideal_binary_mask', 'source_magnitudes'])
1.0085558891296387 GB allocated
3.9140625 GB reserved
dict_keys(['index', 'mixture_magnitude', 'mixture_phase', 'source_phase', 'mix_magnitude', 'ideal_binary_mask', 'source_magnitudes'])
1.009408950805664 GB allocated
3.9140625 GB reserved
dict_keys(['index', 'mixture_magnitude', 'mixture_phase', 'source_phase', 'mix_magnitude', 'ideal_binary_mask', 'source_magnitudes'])
1.009408950805664 GB allocated
3.9140625 GB reserved
dict_keys(['index', 'mixture_magnitude', 'mixture_phase', 'source_phase', 'mix_magnitude', 'ideal_binary_mask', 'source_magnitudes'])
1.009408950805664 GB allocated
3.9140625 GB reserved
dict_keys(['index', 'mixture_magnitude', 'mixture_phase', 'source_phase', 'mix_magnitude', 'ideal_binary_mask', 'source_magnitudes'])
1.0085558891296387 GB allocated
3.9140625 GB reserved
dict_keys(['index', 'mixture_magnitude', 'mixture_phase', 'source_phase', 'mix_magnitude', 'ideal_binary_mask', 'source_magnitudes'])
1.009408950805664 GB allocated
3.9140625 GB reserved
dict_keys(['index', 'mixture_magnitude', 'mixture_phase', 'source_phase', 'mix_magnitude', 'ideal_binary_mask', 'source_magnitudes'])
1.009408950805664 GB allocated
3.9140625 GB reserved
dict_keys(['index', 'mixture_magnitude', 'mixture_phase', 'source_phase', 'mix_magnitude', 'ideal_binary_mask', 'source_magnitudes'])
1.009408950805664 GB allocated
3.9140625 GB reserved
dict_keys(['index', 'mixture_magnitude', 'mixture_phase', 'source_phase', 'mix_magnitude', 'ideal_binary_mask', 'source_magnitudes'])
1.0085558891296387 GB allocated
3.9140625 GB reserved
dict_keys(['index', 'mixture_magnitude', 'mixture_phase', 'source_phase', 'mix_magnitude', 'ideal_binary_mask', 'source_magnitudes'])
1.009408950805664 GB allocated
3.9140625 GB reserved
dict_keys(['index', 'mixture_magnitude', 'mixture_phase', 'source_phase', 'mix_magnitude', 'ideal_binary_mask', 'source_magnitudes'])
1.009408950805664 GB allocated
3.9140625 GB reserved
dict_keys(['index', 'mixture_magnitude', 'mixture_phase', 'source_phase', 'mix_magnitude', 'ideal_binary_mask', 'source_magnitudes'])
1.009408950805664 GB allocated
3.9140625 GB reserved
dict_keys(['index', 'mixture_magnitude', 'mixture_phase', 'source_phase', 'mix_magnitude', 'ideal_binary_mask', 'source_magnitudes'])
1.0085558891296387 GB allocated
3.9140625 GB reserved
dict_keys(['index', 'mixture_magnitude', 'mixture_phase', 'source_phase', 'mix_magnitude', 'ideal_binary_mask', 'source_magnitudes'])
1.009408950805664 GB allocated
3.9140625 GB reserved
dict_keys(['index', 'mixture_magnitude', 'mixture_phase', 'source_phase', 'mix_magnitude', 'ideal_binary_mask', 'source_magnitudes'])
1.009408950805664 GB allocated
3.9140625 GB reserved
dict_keys(['index', 'mixture_magnitude', 'mixture_phase', 'source_phase', 'mix_magnitude', 'ideal_binary_mask', 'source_magnitudes'])
1.009408950805664 GB allocated
3.9140625 GB reserved
dict_keys(['index', 'mixture_magnitude', 'mixture_phase', 'source_phase', 'mix_magnitude', 'ideal_binary_mask', 'source_magnitudes'])
1.0085558891296387 GB allocated
3.9140625 GB reserved
dict_keys(['index', 'mixture_magnitude', 'mixture_phase', 'source_phase', 'mix_magnitude', 'ideal_binary_mask', 'source_magnitudes'])
1.009408950805664 GB allocated
3.9140625 GB reserved
dict_keys(['index', 'mixture_magnitude', 'mixture_phase', 'source_phase', 'mix_magnitude', 'ideal_binary_mask', 'source_magnitudes'])
1.009408950805664 GB allocated
3.9140625 GB reserved
dict_keys(['index', 'mixture_magnitude', 'mixture_phase', 'source_phase', 'mix_magnitude', 'ideal_binary_mask', 'source_magnitudes'])
1.009408950805664 GB allocated
3.9140625 GB reserved
dict_keys(['index', 'mixture_magnitude', 'mixture_phase', 'source_phase', 'mix_magnitude', 'ideal_binary_mask', 'source_magnitudes'])
1.0085558891296387 GB allocated
3.9140625 GB reserved
dict_keys(['index', 'mixture_magnitude', 'mixture_phase', 'source_phase', 'mix_magnitude', 'ideal_binary_mask', 'source_magnitudes'])
1.009408950805664 GB allocated
3.9140625 GB reserved
dict_keys(['index', 'mixture_magnitude', 'mixture_phase', 'source_phase', 'mix_magnitude', 'ideal_binary_mask', 'source_magnitudes'])
1.009408950805664 GB allocated
3.9140625 GB reserved
dict_keys(['index', 'mixture_magnitude', 'mixture_phase', 'source_phase', 'mix_magnitude', 'ideal_binary_mask', 'source_magnitudes'])
1.009408950805664 GB allocated
3.9140625 GB reserved
dict_keys(['index', 'mixture_magnitude', 'mixture_phase', 'source_phase', 'mix_magnitude', 'ideal_binary_mask', 'source_magnitudes'])
1.0085558891296387 GB allocated
3.9140625 GB reserved
dict_keys(['index', 'mixture_magnitude', 'mixture_phase', 'source_phase', 'mix_magnitude', 'ideal_binary_mask', 'source_magnitudes'])
1.009408950805664 GB allocated
3.9140625 GB reserved
dict_keys(['index', 'mixture_magnitude', 'mixture_phase', 'source_phase', 'mix_magnitude', 'ideal_binary_mask', 'source_magnitudes'])
1.009408950805664 GB allocated
3.9140625 GB reserved
dict_keys(['index', 'mixture_magnitude', 'mixture_phase', 'source_phase', 'mix_magnitude', 'ideal_binary_mask', 'source_magnitudes'])
1.009408950805664 GB allocated
3.9140625 GB reserved
dict_keys(['index', 'mixture_magnitude', 'mixture_phase', 'source_phase', 'mix_magnitude', 'ideal_binary_mask', 'source_magnitudes'])
1.0085558891296387 GB allocated
3.9140625 GB reserved
dict_keys(['index', 'mixture_magnitude', 'mixture_phase', 'source_phase', 'mix_magnitude', 'ideal_binary_mask', 'source_magnitudes'])
1.009408950805664 GB allocated
3.9140625 GB reserved
dict_keys(['index', 'mixture_magnitude', 'mixture_phase', 'source_phase', 'mix_magnitude', 'ideal_binary_mask', 'source_magnitudes'])
1.009408950805664 GB allocated
3.9140625 GB reserved
dict_keys(['index', 'mixture_magnitude', 'mixture_phase', 'source_phase', 'mix_magnitude', 'ideal_binary_mask', 'source_magnitudes'])
06/13/2026 09:08:39 AM | engine.py:906 Engine run starting with max_epochs=1.
06/13/2026 09:09:39 AM | engine.py:1010 Epoch[1] Complete. Time taken: 00:01:00.891
1.009408950805664 GB allocated
3.9140625 GB reserved
dict_keys(['index', 'mixture_magnitude', 'mixture_phase', 'source_phase', 'mix_magnitude', 'ideal_binary_mask', 'source_magnitudes'])
1.0085558891296387 GB allocated
3.9140625 GB reserved
dict_keys(['index', 'mixture_magnitude', 'mixture_phase', 'source_phase', 'mix_magnitude', 'ideal_binary_mask', 'source_magnitudes'])
1.009408950805664 GB allocated
3.9140625 GB reserved
dict_keys(['index', 'mixture_magnitude', 'mixture_phase', 'source_phase', 'mix_magnitude', 'ideal_binary_mask', 'source_magnitudes'])
1.009408950805664 GB allocated
3.9140625 GB reserved
dict_keys(['index', 'mixture_magnitude', 'mixture_phase', 'source_phase', 'mix_magnitude', 'ideal_binary_mask', 'source_magnitudes'])
1.009408950805664 GB allocated
3.9140625 GB reserved
dict_keys(['index', 'mixture_magnitude', 'mixture_phase', 'source_phase', 'mix_magnitude', 'ideal_binary_mask', 'source_magnitudes'])
1.0085558891296387 GB allocated
3.9140625 GB reserved
dict_keys(['index', 'mixture_magnitude', 'mixture_phase', 'source_phase', 'mix_magnitude', 'ideal_binary_mask', 'source_magnitudes'])
1.009408950805664 GB allocated
3.9140625 GB reserved
dict_keys(['index', 'mixture_magnitude', 'mixture_phase', 'source_phase', 'mix_magnitude', 'ideal_binary_mask', 'source_magnitudes'])
1.009408950805664 GB allocated
3.9140625 GB reserved
dict_keys(['index', 'mixture_magnitude', 'mixture_phase', 'source_phase', 'mix_magnitude', 'ideal_binary_mask', 'source_magnitudes'])
1.009408950805664 GB allocated
3.9140625 GB reserved
dict_keys(['index', 'mixture_magnitude', 'mixture_phase', 'source_phase', 'mix_magnitude', 'ideal_binary_mask', 'source_magnitudes'])
1.0085558891296387 GB allocated
3.9140625 GB reserved
dict_keys(['index', 'mixture_magnitude', 'mixture_phase', 'source_phase', 'mix_magnitude', 'ideal_binary_mask', 'source_magnitudes'])
1.009408950805664 GB allocated
3.9140625 GB reserved
dict_keys(['index', 'mixture_magnitude', 'mixture_phase', 'source_phase', 'mix_magnitude', 'ideal_binary_mask', 'source_magnitudes'])
1.009408950805664 GB allocated
3.9140625 GB reserved
dict_keys(['index', 'mixture_magnitude', 'mixture_phase', 'source_phase', 'mix_magnitude', 'ideal_binary_mask', 'source_magnitudes'])
1.009408950805664 GB allocated
3.9140625 GB reserved
dict_keys(['index', 'mixture_magnitude', 'mixture_phase', 'source_phase', 'mix_magnitude', 'ideal_binary_mask', 'source_magnitudes'])
1.0085558891296387 GB allocated
3.9140625 GB reserved
dict_keys(['index', 'mixture_magnitude', 'mixture_phase', 'source_phase', 'mix_magnitude', 'ideal_binary_mask', 'source_magnitudes'])
1.009408950805664 GB allocated
3.9140625 GB reserved
dict_keys(['index', 'mixture_magnitude', 'mixture_phase', 'source_phase', 'mix_magnitude', 'ideal_binary_mask', 'source_magnitudes'])
1.009408950805664 GB allocated
3.9140625 GB reserved
dict_keys(['index', 'mixture_magnitude', 'mixture_phase', 'source_phase', 'mix_magnitude', 'ideal_binary_mask', 'source_magnitudes'])
1.009408950805664 GB allocated
3.9140625 GB reserved
dict_keys(['index', 'mixture_magnitude', 'mixture_phase', 'source_phase', 'mix_magnitude', 'ideal_binary_mask', 'source_magnitudes'])
1.0085558891296387 GB allocated
3.9140625 GB reserved
dict_keys(['index', 'mixture_magnitude', 'mixture_phase', 'source_phase', 'mix_magnitude', 'ideal_binary_mask', 'source_magnitudes'])
1.009408950805664 GB allocated
3.9140625 GB reserved
dict_keys(['index', 'mixture_magnitude', 'mixture_phase', 'source_phase', 'mix_magnitude', 'ideal_binary_mask', 'source_magnitudes'])
1.009408950805664 GB allocated
3.9140625 GB reserved
dict_keys(['index', 'mixture_magnitude', 'mixture_phase', 'source_phase', 'mix_magnitude', 'ideal_binary_mask', 'source_magnitudes'])
1.009408950805664 GB allocated
3.9140625 GB reserved
dict_keys(['index', 'mixture_magnitude', 'mixture_phase', 'source_phase', 'mix_magnitude', 'ideal_binary_mask', 'source_magnitudes'])
1.0085558891296387 GB allocated
3.9140625 GB reserved
dict_keys(['index', 'mixture_magnitude', 'mixture_phase', 'source_phase', 'mix_magnitude', 'ideal_binary_mask', 'source_magnitudes'])
1.009408950805664 GB allocated
3.9140625 GB reserved
dict_keys(['index', 'mixture_magnitude', 'mixture_phase', 'source_phase', 'mix_magnitude', 'ideal_binary_mask', 'source_magnitudes'])
1.009408950805664 GB allocated
3.9140625 GB reserved
dict_keys(['index', 'mixture_magnitude', 'mixture_phase', 'source_phase', 'mix_magnitude', 'ideal_binary_mask', 'source_magnitudes'])
1.009408950805664 GB allocated
3.9140625 GB reserved
dict_keys(['index', 'mixture_magnitude', 'mixture_phase', 'source_phase', 'mix_magnitude', 'ideal_binary_mask', 'source_magnitudes'])
1.0085558891296387 GB allocated
3.9140625 GB reserved
dict_keys(['index', 'mixture_magnitude', 'mixture_phase', 'source_phase', 'mix_magnitude', 'ideal_binary_mask', 'source_magnitudes'])
1.009408950805664 GB allocated
3.9140625 GB reserved
dict_keys(['index', 'mixture_magnitude', 'mixture_phase', 'source_phase', 'mix_magnitude', 'ideal_binary_mask', 'source_magnitudes'])
1.009408950805664 GB allocated
3.9140625 GB reserved
dict_keys(['index', 'mixture_magnitude', 'mixture_phase', 'source_phase', 'mix_magnitude', 'ideal_binary_mask', 'source_magnitudes'])
1.009408950805664 GB allocated
3.9140625 GB reserved
dict_keys(['index', 'mixture_magnitude', 'mixture_phase', 'source_phase', 'mix_magnitude', 'ideal_binary_mask', 'source_magnitudes'])
1.0085558891296387 GB allocated
3.9140625 GB reserved
dict_keys(['index', 'mixture_magnitude', 'mixture_phase', 'source_phase', 'mix_magnitude', 'ideal_binary_mask', 'source_magnitudes'])
1.009408950805664 GB allocated
3.9140625 GB reserved
dict_keys(['index', 'mixture_magnitude', 'mixture_phase', 'source_phase', 'mix_magnitude', 'ideal_binary_mask', 'source_magnitudes'])
1.009408950805664 GB allocated
3.9140625 GB reserved
dict_keys(['index', 'mixture_magnitude', 'mixture_phase', 'source_phase', 'mix_magnitude', 'ideal_binary_mask', 'source_magnitudes'])
1.009408950805664 GB allocated
3.9140625 GB reserved
dict_keys(['index', 'mixture_magnitude', 'mixture_phase', 'source_phase', 'mix_magnitude', 'ideal_binary_mask', 'source_magnitudes'])
1.0085558891296387 GB allocated
3.9140625 GB reserved
dict_keys(['index', 'mixture_magnitude', 'mixture_phase', 'source_phase', 'mix_magnitude', 'ideal_binary_mask', 'source_magnitudes'])
1.009408950805664 GB allocated
3.9140625 GB reserved
dict_keys(['index', 'mixture_magnitude', 'mixture_phase', 'source_phase', 'mix_magnitude', 'ideal_binary_mask', 'source_magnitudes'])
1.009408950805664 GB allocated
3.9140625 GB reserved
dict_keys(['index', 'mixture_magnitude', 'mixture_phase', 'source_phase', 'mix_magnitude', 'ideal_binary_mask', 'source_magnitudes'])
1.009408950805664 GB allocated
3.9140625 GB reserved
dict_keys(['index', 'mixture_magnitude', 'mixture_phase', 'source_phase', 'mix_magnitude', 'ideal_binary_mask', 'source_magnitudes'])
1.0085558891296387 GB allocated
3.9140625 GB reserved
dict_keys(['index', 'mixture_magnitude', 'mixture_phase', 'source_phase', 'mix_magnitude', 'ideal_binary_mask', 'source_magnitudes'])
1.009408950805664 GB allocated
3.9140625 GB reserved
dict_keys(['index', 'mixture_magnitude', 'mixture_phase', 'source_phase', 'mix_magnitude', 'ideal_binary_mask', 'source_magnitudes'])
1.009408950805664 GB allocated
3.9140625 GB reserved
dict_keys(['index', 'mixture_magnitude', 'mixture_phase', 'source_phase', 'mix_magnitude', 'ideal_binary_mask', 'source_magnitudes'])
1.009408950805664 GB allocated
3.9140625 GB reserved
dict_keys(['index', 'mixture_magnitude', 'mixture_phase', 'source_phase', 'mix_magnitude', 'ideal_binary_mask', 'source_magnitudes'])
1.0085558891296387 GB allocated
3.9140625 GB reserved
dict_keys(['index', 'mixture_magnitude', 'mixture_phase', 'source_phase', 'mix_magnitude', 'ideal_binary_mask', 'source_magnitudes'])
1.009408950805664 GB allocated
3.9140625 GB reserved
dict_keys(['index', 'mixture_magnitude', 'mixture_phase', 'source_phase', 'mix_magnitude', 'ideal_binary_mask', 'source_magnitudes'])
1.009408950805664 GB allocated
3.9140625 GB reserved
dict_keys(['index', 'mixture_magnitude', 'mixture_phase', 'source_phase', 'mix_magnitude', 'ideal_binary_mask', 'source_magnitudes'])
1.009408950805664 GB allocated
3.9140625 GB reserved
dict_keys(['index', 'mixture_magnitude', 'mixture_phase', 'source_phase', 'mix_magnitude', 'ideal_binary_mask', 'source_magnitudes'])
1.0085558891296387 GB allocated
3.9140625 GB reserved
dict_keys(['index', 'mixture_magnitude', 'mixture_phase', 'source_phase', 'mix_magnitude', 'ideal_binary_mask', 'source_magnitudes'])
1.009408950805664 GB allocated
3.9140625 GB reserved
dict_keys(['index', 'mixture_magnitude', 'mixture_phase', 'source_phase', 'mix_magnitude', 'ideal_binary_mask', 'source_magnitudes'])
1.009408950805664 GB allocated
3.9140625 GB reserved
dict_keys(['index', 'mixture_magnitude', 'mixture_phase', 'source_phase', 'mix_magnitude', 'ideal_binary_mask', 'source_magnitudes'])
1.009408950805664 GB allocated
3.9140625 GB reserved
dict_keys(['index', 'mixture_magnitude', 'mixture_phase', 'source_phase', 'mix_magnitude', 'ideal_binary_mask', 'source_magnitudes'])
1.0085558891296387 GB allocated
3.9140625 GB reserved
dict_keys(['index', 'mixture_magnitude', 'mixture_phase', 'source_phase', 'mix_magnitude', 'ideal_binary_mask', 'source_magnitudes'])
1.009408950805664 GB allocated
3.9140625 GB reserved
dict_keys(['index', 'mixture_magnitude', 'mixture_phase', 'source_phase', 'mix_magnitude', 'ideal_binary_mask', 'source_magnitudes'])
1.009408950805664 GB allocated
3.9140625 GB reserved
dict_keys(['index', 'mixture_magnitude', 'mixture_phase', 'source_phase', 'mix_magnitude', 'ideal_binary_mask', 'source_magnitudes'])
1.009408950805664 GB allocated
3.9140625 GB reserved
dict_keys(['index', 'mixture_magnitude', 'mixture_phase', 'source_phase', 'mix_magnitude', 'ideal_binary_mask', 'source_magnitudes'])
1.0085558891296387 GB allocated
3.9140625 GB reserved
dict_keys(['index', 'mixture_magnitude', 'mixture_phase', 'source_phase', 'mix_magnitude', 'ideal_binary_mask', 'source_magnitudes'])
1.009408950805664 GB allocated
3.9140625 GB reserved
dict_keys(['index', 'mixture_magnitude', 'mixture_phase', 'source_phase', 'mix_magnitude', 'ideal_binary_mask', 'source_magnitudes'])
1.009408950805664 GB allocated
3.9140625 GB reserved
dict_keys(['index', 'mixture_magnitude', 'mixture_phase', 'source_phase', 'mix_magnitude', 'ideal_binary_mask', 'source_magnitudes'])
1.009408950805664 GB allocated
3.9140625 GB reserved
dict_keys(['index', 'mixture_magnitude', 'mixture_phase', 'source_phase', 'mix_magnitude', 'ideal_binary_mask', 'source_magnitudes'])
[Validator] Epoch 16 - val_loss: 0.000024
[BEST CHECKPOINT] Guardado/actualizado en: checkpoints\Mis_modelos_v2\advanced\lpsa_phase checkpoints\4stems\best_checkpoint_8_val_loss=-0.0000.pt
06/13/2026 09:09:39 AM | engine.py:1037 Engine run finished. Time taken: 00:01:00.891
[Epoch 16] train_loss=0.000021 | val_loss=0.000024
06/13/2026 09:09:39 AM | engine.py:1010 Epoch[16] Complete. Time taken: 00:17:29.472
1.0085558891296387 GB allocated
3.9140625 GB reserved
dict_keys(['index', 'mixture_magnitude', 'mixture_phase', 'source_phase', 'mix_magnitude', 'ideal_binary_mask', 'source_magnitudes'])
1.009408950805664 GB allocated
3.9140625 GB reserved
dict_keys(['index', 'mixture_magnitude', 'mixture_phase', 'source_phase', 'mix_magnitude', 'ideal_binary_mask', 'source_magnitudes'])
1.009408950805664 GB allocated
3.9140625 GB reserved
dict_keys(['index', 'mixture_magnitude', 'mixture_phase', 'source_phase', 'mix_magnitude', 'ideal_binary_mask', 'source_magnitudes'])
1.009408950805664 GB allocated
3.9140625 GB reserved
dict_keys(['index', 'mixture_magnitude', 'mixture_phase', 'source_phase', 'mix_magnitude', 'ideal_binary_mask', 'source_magnitudes'])
1.0085558891296387 GB allocated
3.9140625 GB reserved
dict_keys(['index', 'mixture_magnitude', 'mixture_phase', 'source_phase', 'mix_magnitude', 'ideal_binary_mask', 'source_magnitudes'])
1.009408950805664 GB allocated
3.9140625 GB reserved
dict_keys(['index', 'mixture_magnitude', 'mixture_phase', 'source_phase', 'mix_magnitude', 'ideal_binary_mask', 'source_magnitudes'])
1.009408950805664 GB allocated
3.9140625 GB reserved
dict_keys(['index', 'mixture_magnitude', 'mixture_phase', 'source_phase', 'mix_magnitude', 'ideal_binary_mask', 'source_magnitudes'])
1.009408950805664 GB allocated
3.9140625 GB reserved
dict_keys(['index', 'mixture_magnitude', 'mixture_phase', 'source_phase', 'mix_magnitude', 'ideal_binary_mask', 'source_magnitudes'])
1.0085558891296387 GB allocated
3.9140625 GB reserved
dict_keys(['index', 'mixture_magnitude', 'mixture_phase', 'source_phase', 'mix_magnitude', 'ideal_binary_mask', 'source_magnitudes'])
1.009408950805664 GB allocated
3.9140625 GB reserved
dict_keys(['index', 'mixture_magnitude', 'mixture_phase', 'source_phase', 'mix_magnitude', 'ideal_binary_mask', 'source_magnitudes'])
1.009408950805664 GB allocated
3.9140625 GB reserved
dict_keys(['index', 'mixture_magnitude', 'mixture_phase', 'source_phase', 'mix_magnitude', 'ideal_binary_mask', 'source_magnitudes'])
1.009408950805664 GB allocated
3.9140625 GB reserved
dict_keys(['index', 'mixture_magnitude', 'mixture_phase', 'source_phase', 'mix_magnitude', 'ideal_binary_mask', 'source_magnitudes'])
1.0085558891296387 GB allocated
3.9140625 GB reserved
dict_keys(['index', 'mixture_magnitude', 'mixture_phase', 'source_phase', 'mix_magnitude', 'ideal_binary_mask', 'source_magnitudes'])
1.009408950805664 GB allocated
3.9140625 GB reserved
dict_keys(['index', 'mixture_magnitude', 'mixture_phase', 'source_phase', 'mix_magnitude', 'ideal_binary_mask', 'source_magnitudes'])
1.009408950805664 GB allocated
3.9140625 GB reserved
dict_keys(['index', 'mixture_magnitude', 'mixture_phase', 'source_phase', 'mix_magnitude', 'ideal_binary_mask', 'source_magnitudes'])
1.009408950805664 GB allocated
3.9140625 GB reserved
dict_keys(['index', 'mixture_magnitude', 'mixture_phase', 'source_phase', 'mix_magnitude', 'ideal_binary_mask', 'source_magnitudes'])
1.0085558891296387 GB allocated
3.9140625 GB reserved
dict_keys(['index', 'mixture_magnitude', 'mixture_phase', 'source_phase', 'mix_magnitude', 'ideal_binary_mask', 'source_magnitudes'])
1.009408950805664 GB allocated
3.9140625 GB reserved
dict_keys(['index', 'mixture_magnitude', 'mixture_phase', 'source_phase', 'mix_magnitude', 'ideal_binary_mask', 'source_magnitudes'])
1.009408950805664 GB allocated
3.9140625 GB reserved
dict_keys(['index', 'mixture_magnitude', 'mixture_phase', 'source_phase', 'mix_magnitude', 'ideal_binary_mask', 'source_magnitudes'])
1.009408950805664 GB allocated
3.9140625 GB reserved
dict_keys(['index', 'mixture_magnitude', 'mixture_phase', 'source_phase', 'mix_magnitude', 'ideal_binary_mask', 'source_magnitudes'])
1.0085558891296387 GB allocated
3.9140625 GB reserved
dict_keys(['index', 'mixture_magnitude', 'mixture_phase', 'source_phase', 'mix_magnitude', 'ideal_binary_mask', 'source_magnitudes'])
1.009408950805664 GB allocated
3.9140625 GB reserved
dict_keys(['index', 'mixture_magnitude', 'mixture_phase', 'source_phase', 'mix_magnitude', 'ideal_binary_mask', 'source_magnitudes'])
1.009408950805664 GB allocated
3.9140625 GB reserved
dict_keys(['index', 'mixture_magnitude', 'mixture_phase', 'source_phase', 'mix_magnitude', 'ideal_binary_mask', 'source_magnitudes'])
1.009408950805664 GB allocated
3.9140625 GB reserved
dict_keys(['index', 'mixture_magnitude', 'mixture_phase', 'source_phase', 'mix_magnitude', 'ideal_binary_mask', 'source_magnitudes'])
1.0085558891296387 GB allocated
3.9140625 GB reserved
dict_keys(['index', 'mixture_magnitude', 'mixture_phase', 'source_phase', 'mix_magnitude', 'ideal_binary_mask', 'source_magnitudes'])
1.009408950805664 GB allocated
3.9140625 GB reserved
dict_keys(['index', 'mixture_magnitude', 'mixture_phase', 'source_phase', 'mix_magnitude', 'ideal_binary_mask', 'source_magnitudes'])
1.009408950805664 GB allocated
3.9140625 GB reserved
dict_keys(['index', 'mixture_magnitude', 'mixture_phase', 'source_phase', 'mix_magnitude', 'ideal_binary_mask', 'source_magnitudes'])
1.009408950805664 GB allocated
3.9140625 GB reserved
dict_keys(['index', 'mixture_magnitude', 'mixture_phase', 'source_phase', 'mix_magnitude', 'ideal_binary_mask', 'source_magnitudes'])
1.0085558891296387 GB allocated
3.9140625 GB reserved
dict_keys(['index', 'mixture_magnitude', 'mixture_phase', 'source_phase', 'mix_magnitude', 'ideal_binary_mask', 'source_magnitudes'])
1.009408950805664 GB allocated
3.9140625 GB reserved
dict_keys(['index', 'mixture_magnitude', 'mixture_phase', 'source_phase', 'mix_magnitude', 'ideal_binary_mask', 'source_magnitudes'])
1.009408950805664 GB allocated
3.9140625 GB reserved
dict_keys(['index', 'mixture_magnitude', 'mixture_phase', 'source_phase', 'mix_magnitude', 'ideal_binary_mask', 'source_magnitudes'])
1.009408950805664 GB allocated
3.9140625 GB reserved
dict_keys(['index', 'mixture_magnitude', 'mixture_phase', 'source_phase', 'mix_magnitude', 'ideal_binary_mask', 'source_magnitudes'])
1.0085558891296387 GB allocated
3.9140625 GB reserved
dict_keys(['index', 'mixture_magnitude', 'mixture_phase', 'source_phase', 'mix_magnitude', 'ideal_binary_mask', 'source_magnitudes'])
1.009408950805664 GB allocated
3.9140625 GB reserved
dict_keys(['index', 'mixture_magnitude', 'mixture_phase', 'source_phase', 'mix_magnitude', 'ideal_binary_mask', 'source_magnitudes'])
1.009408950805664 GB allocated
3.9140625 GB reserved
dict_keys(['index', 'mixture_magnitude', 'mixture_phase', 'source_phase', 'mix_magnitude', 'ideal_binary_mask', 'source_magnitudes'])
1.009408950805664 GB allocated
3.9140625 GB reserved
dict_keys(['index', 'mixture_magnitude', 'mixture_phase', 'source_phase', 'mix_magnitude', 'ideal_binary_mask', 'source_magnitudes'])
1.0085558891296387 GB allocated
3.9140625 GB reserved
dict_keys(['index', 'mixture_magnitude', 'mixture_phase', 'source_phase', 'mix_magnitude', 'ideal_binary_mask', 'source_magnitudes'])
1.009408950805664 GB allocated
3.9140625 GB reserved
dict_keys(['index', 'mixture_magnitude', 'mixture_phase', 'source_phase', 'mix_magnitude', 'ideal_binary_mask', 'source_magnitudes'])
1.009408950805664 GB allocated
3.9140625 GB reserved
dict_keys(['index', 'mixture_magnitude', 'mixture_phase', 'source_phase', 'mix_magnitude', 'ideal_binary_mask', 'source_magnitudes'])
1.009408950805664 GB allocated
3.9140625 GB reserved
dict_keys(['index', 'mixture_magnitude', 'mixture_phase', 'source_phase', 'mix_magnitude', 'ideal_binary_mask', 'source_magnitudes'])
1.0085558891296387 GB allocated
3.9140625 GB reserved
dict_keys(['index', 'mixture_magnitude', 'mixture_phase', 'source_phase', 'mix_magnitude', 'ideal_binary_mask', 'source_magnitudes'])
1.009408950805664 GB allocated
3.9140625 GB reserved
dict_keys(['index', 'mixture_magnitude', 'mixture_phase', 'source_phase', 'mix_magnitude', 'ideal_binary_mask', 'source_magnitudes'])
1.009408950805664 GB allocated
3.9140625 GB reserved
dict_keys(['index', 'mixture_magnitude', 'mixture_phase', 'source_phase', 'mix_magnitude', 'ideal_binary_mask', 'source_magnitudes'])
06/13/2026 09:26:14 AM | engine.py:906 Engine run starting with max_epochs=1.
06/13/2026 09:27:15 AM | engine.py:1010 Epoch[1] Complete. Time taken: 00:01:01.378
1.009408950805664 GB allocated
3.9140625 GB reserved
dict_keys(['index', 'mixture_magnitude', 'mixture_phase', 'source_phase', 'mix_magnitude', 'ideal_binary_mask', 'source_magnitudes'])
1.0085558891296387 GB allocated
3.9140625 GB reserved
dict_keys(['index', 'mixture_magnitude', 'mixture_phase', 'source_phase', 'mix_magnitude', 'ideal_binary_mask', 'source_magnitudes'])
1.009408950805664 GB allocated
3.9140625 GB reserved
dict_keys(['index', 'mixture_magnitude', 'mixture_phase', 'source_phase', 'mix_magnitude', 'ideal_binary_mask', 'source_magnitudes'])
1.009408950805664 GB allocated
3.9140625 GB reserved
dict_keys(['index', 'mixture_magnitude', 'mixture_phase', 'source_phase', 'mix_magnitude', 'ideal_binary_mask', 'source_magnitudes'])
1.009408950805664 GB allocated
3.9140625 GB reserved
dict_keys(['index', 'mixture_magnitude', 'mixture_phase', 'source_phase', 'mix_magnitude', 'ideal_binary_mask', 'source_magnitudes'])
1.0085558891296387 GB allocated
3.9140625 GB reserved
dict_keys(['index', 'mixture_magnitude', 'mixture_phase', 'source_phase', 'mix_magnitude', 'ideal_binary_mask', 'source_magnitudes'])
1.009408950805664 GB allocated
3.9140625 GB reserved
dict_keys(['index', 'mixture_magnitude', 'mixture_phase', 'source_phase', 'mix_magnitude', 'ideal_binary_mask', 'source_magnitudes'])
1.009408950805664 GB allocated
3.9140625 GB reserved
dict_keys(['index', 'mixture_magnitude', 'mixture_phase', 'source_phase', 'mix_magnitude', 'ideal_binary_mask', 'source_magnitudes'])
1.009408950805664 GB allocated
3.9140625 GB reserved
dict_keys(['index', 'mixture_magnitude', 'mixture_phase', 'source_phase', 'mix_magnitude', 'ideal_binary_mask', 'source_magnitudes'])
1.0085558891296387 GB allocated
3.9140625 GB reserved
dict_keys(['index', 'mixture_magnitude', 'mixture_phase', 'source_phase', 'mix_magnitude', 'ideal_binary_mask', 'source_magnitudes'])
1.009408950805664 GB allocated
3.9140625 GB reserved
dict_keys(['index', 'mixture_magnitude', 'mixture_phase', 'source_phase', 'mix_magnitude', 'ideal_binary_mask', 'source_magnitudes'])
1.009408950805664 GB allocated
3.9140625 GB reserved
dict_keys(['index', 'mixture_magnitude', 'mixture_phase', 'source_phase', 'mix_magnitude', 'ideal_binary_mask', 'source_magnitudes'])
1.009408950805664 GB allocated
3.9140625 GB reserved
dict_keys(['index', 'mixture_magnitude', 'mixture_phase', 'source_phase', 'mix_magnitude', 'ideal_binary_mask', 'source_magnitudes'])
1.0085558891296387 GB allocated
3.9140625 GB reserved
dict_keys(['index', 'mixture_magnitude', 'mixture_phase', 'source_phase', 'mix_magnitude', 'ideal_binary_mask', 'source_magnitudes'])
1.009408950805664 GB allocated
3.9140625 GB reserved
dict_keys(['index', 'mixture_magnitude', 'mixture_phase', 'source_phase', 'mix_magnitude', 'ideal_binary_mask', 'source_magnitudes'])
1.009408950805664 GB allocated
3.9140625 GB reserved
dict_keys(['index', 'mixture_magnitude', 'mixture_phase', 'source_phase', 'mix_magnitude', 'ideal_binary_mask', 'source_magnitudes'])
1.009408950805664 GB allocated
3.9140625 GB reserved
dict_keys(['index', 'mixture_magnitude', 'mixture_phase', 'source_phase', 'mix_magnitude', 'ideal_binary_mask', 'source_magnitudes'])
1.0085558891296387 GB allocated
3.9140625 GB reserved
dict_keys(['index', 'mixture_magnitude', 'mixture_phase', 'source_phase', 'mix_magnitude', 'ideal_binary_mask', 'source_magnitudes'])
1.009408950805664 GB allocated
3.9140625 GB reserved
dict_keys(['index', 'mixture_magnitude', 'mixture_phase', 'source_phase', 'mix_magnitude', 'ideal_binary_mask', 'source_magnitudes'])
1.009408950805664 GB allocated
3.9140625 GB reserved
dict_keys(['index', 'mixture_magnitude', 'mixture_phase', 'source_phase', 'mix_magnitude', 'ideal_binary_mask', 'source_magnitudes'])
1.009408950805664 GB allocated
3.9140625 GB reserved
dict_keys(['index', 'mixture_magnitude', 'mixture_phase', 'source_phase', 'mix_magnitude', 'ideal_binary_mask', 'source_magnitudes'])
1.0085558891296387 GB allocated
3.9140625 GB reserved
dict_keys(['index', 'mixture_magnitude', 'mixture_phase', 'source_phase', 'mix_magnitude', 'ideal_binary_mask', 'source_magnitudes'])
1.009408950805664 GB allocated
3.9140625 GB reserved
dict_keys(['index', 'mixture_magnitude', 'mixture_phase', 'source_phase', 'mix_magnitude', 'ideal_binary_mask', 'source_magnitudes'])
1.009408950805664 GB allocated
3.9140625 GB reserved
dict_keys(['index', 'mixture_magnitude', 'mixture_phase', 'source_phase', 'mix_magnitude', 'ideal_binary_mask', 'source_magnitudes'])
1.009408950805664 GB allocated
3.9140625 GB reserved
dict_keys(['index', 'mixture_magnitude', 'mixture_phase', 'source_phase', 'mix_magnitude', 'ideal_binary_mask', 'source_magnitudes'])
1.0085558891296387 GB allocated
3.9140625 GB reserved
dict_keys(['index', 'mixture_magnitude', 'mixture_phase', 'source_phase', 'mix_magnitude', 'ideal_binary_mask', 'source_magnitudes'])
1.009408950805664 GB allocated
3.9140625 GB reserved
dict_keys(['index', 'mixture_magnitude', 'mixture_phase', 'source_phase', 'mix_magnitude', 'ideal_binary_mask', 'source_magnitudes'])
1.009408950805664 GB allocated
3.9140625 GB reserved
dict_keys(['index', 'mixture_magnitude', 'mixture_phase', 'source_phase', 'mix_magnitude', 'ideal_binary_mask', 'source_magnitudes'])
1.009408950805664 GB allocated
3.9140625 GB reserved
dict_keys(['index', 'mixture_magnitude', 'mixture_phase', 'source_phase', 'mix_magnitude', 'ideal_binary_mask', 'source_magnitudes'])
1.0085558891296387 GB allocated
3.9140625 GB reserved
dict_keys(['index', 'mixture_magnitude', 'mixture_phase', 'source_phase', 'mix_magnitude', 'ideal_binary_mask', 'source_magnitudes'])
1.009408950805664 GB allocated
3.9140625 GB reserved
dict_keys(['index', 'mixture_magnitude', 'mixture_phase', 'source_phase', 'mix_magnitude', 'ideal_binary_mask', 'source_magnitudes'])
1.009408950805664 GB allocated
3.9140625 GB reserved
dict_keys(['index', 'mixture_magnitude', 'mixture_phase', 'source_phase', 'mix_magnitude', 'ideal_binary_mask', 'source_magnitudes'])
1.009408950805664 GB allocated
3.9140625 GB reserved
dict_keys(['index', 'mixture_magnitude', 'mixture_phase', 'source_phase', 'mix_magnitude', 'ideal_binary_mask', 'source_magnitudes'])
1.0085558891296387 GB allocated
3.9140625 GB reserved
dict_keys(['index', 'mixture_magnitude', 'mixture_phase', 'source_phase', 'mix_magnitude', 'ideal_binary_mask', 'source_magnitudes'])
1.009408950805664 GB allocated
3.9140625 GB reserved
dict_keys(['index', 'mixture_magnitude', 'mixture_phase', 'source_phase', 'mix_magnitude', 'ideal_binary_mask', 'source_magnitudes'])
1.009408950805664 GB allocated
3.9140625 GB reserved
dict_keys(['index', 'mixture_magnitude', 'mixture_phase', 'source_phase', 'mix_magnitude', 'ideal_binary_mask', 'source_magnitudes'])
1.009408950805664 GB allocated
3.9140625 GB reserved
dict_keys(['index', 'mixture_magnitude', 'mixture_phase', 'source_phase', 'mix_magnitude', 'ideal_binary_mask', 'source_magnitudes'])
1.0085558891296387 GB allocated
3.9140625 GB reserved
dict_keys(['index', 'mixture_magnitude', 'mixture_phase', 'source_phase', 'mix_magnitude', 'ideal_binary_mask', 'source_magnitudes'])
1.009408950805664 GB allocated
3.9140625 GB reserved
dict_keys(['index', 'mixture_magnitude', 'mixture_phase', 'source_phase', 'mix_magnitude', 'ideal_binary_mask', 'source_magnitudes'])
1.009408950805664 GB allocated
3.9140625 GB reserved
dict_keys(['index', 'mixture_magnitude', 'mixture_phase', 'source_phase', 'mix_magnitude', 'ideal_binary_mask', 'source_magnitudes'])
1.009408950805664 GB allocated
3.9140625 GB reserved
dict_keys(['index', 'mixture_magnitude', 'mixture_phase', 'source_phase', 'mix_magnitude', 'ideal_binary_mask', 'source_magnitudes'])
1.0085558891296387 GB allocated
3.9140625 GB reserved
dict_keys(['index', 'mixture_magnitude', 'mixture_phase', 'source_phase', 'mix_magnitude', 'ideal_binary_mask', 'source_magnitudes'])
1.009408950805664 GB allocated
3.9140625 GB reserved
dict_keys(['index', 'mixture_magnitude', 'mixture_phase', 'source_phase', 'mix_magnitude', 'ideal_binary_mask', 'source_magnitudes'])
1.009408950805664 GB allocated
3.9140625 GB reserved
dict_keys(['index', 'mixture_magnitude', 'mixture_phase', 'source_phase', 'mix_magnitude', 'ideal_binary_mask', 'source_magnitudes'])
1.009408950805664 GB allocated
3.9140625 GB reserved
dict_keys(['index', 'mixture_magnitude', 'mixture_phase', 'source_phase', 'mix_magnitude', 'ideal_binary_mask', 'source_magnitudes'])
1.0085558891296387 GB allocated
3.9140625 GB reserved
dict_keys(['index', 'mixture_magnitude', 'mixture_phase', 'source_phase', 'mix_magnitude', 'ideal_binary_mask', 'source_magnitudes'])
1.009408950805664 GB allocated
3.9140625 GB reserved
dict_keys(['index', 'mixture_magnitude', 'mixture_phase', 'source_phase', 'mix_magnitude', 'ideal_binary_mask', 'source_magnitudes'])
1.009408950805664 GB allocated
3.9140625 GB reserved
dict_keys(['index', 'mixture_magnitude', 'mixture_phase', 'source_phase', 'mix_magnitude', 'ideal_binary_mask', 'source_magnitudes'])
1.009408950805664 GB allocated
3.9140625 GB reserved
dict_keys(['index', 'mixture_magnitude', 'mixture_phase', 'source_phase', 'mix_magnitude', 'ideal_binary_mask', 'source_magnitudes'])
1.0085558891296387 GB allocated
3.9140625 GB reserved
dict_keys(['index', 'mixture_magnitude', 'mixture_phase', 'source_phase', 'mix_magnitude', 'ideal_binary_mask', 'source_magnitudes'])
1.009408950805664 GB allocated
3.9140625 GB reserved
dict_keys(['index', 'mixture_magnitude', 'mixture_phase', 'source_phase', 'mix_magnitude', 'ideal_binary_mask', 'source_magnitudes'])
1.009408950805664 GB allocated
3.9140625 GB reserved
dict_keys(['index', 'mixture_magnitude', 'mixture_phase', 'source_phase', 'mix_magnitude', 'ideal_binary_mask', 'source_magnitudes'])
1.009408950805664 GB allocated
3.9140625 GB reserved
dict_keys(['index', 'mixture_magnitude', 'mixture_phase', 'source_phase', 'mix_magnitude', 'ideal_binary_mask', 'source_magnitudes'])
1.0085558891296387 GB allocated
3.9140625 GB reserved
dict_keys(['index', 'mixture_magnitude', 'mixture_phase', 'source_phase', 'mix_magnitude', 'ideal_binary_mask', 'source_magnitudes'])
1.009408950805664 GB allocated
3.9140625 GB reserved
dict_keys(['index', 'mixture_magnitude', 'mixture_phase', 'source_phase', 'mix_magnitude', 'ideal_binary_mask', 'source_magnitudes'])
1.009408950805664 GB allocated
3.9140625 GB reserved
dict_keys(['index', 'mixture_magnitude', 'mixture_phase', 'source_phase', 'mix_magnitude', 'ideal_binary_mask', 'source_magnitudes'])
1.009408950805664 GB allocated
3.9140625 GB reserved
dict_keys(['index', 'mixture_magnitude', 'mixture_phase', 'source_phase', 'mix_magnitude', 'ideal_binary_mask', 'source_magnitudes'])
[Validator] Epoch 17 - val_loss: 0.000024
[BEST CHECKPOINT] Guardado/actualizado en: checkpoints\Mis_modelos_v2\advanced\lpsa_phase checkpoints\4stems\best_checkpoint_8_val_loss=-0.0000.pt
06/13/2026 09:27:15 AM | engine.py:1037 Engine run finished. Time taken: 00:01:01.378
[Epoch 17] train_loss=0.000021 | val_loss=0.000024
06/13/2026 09:27:15 AM | engine.py:1010 Epoch[17] Complete. Time taken: 00:17:35.520
1.0085558891296387 GB allocated
3.9140625 GB reserved
dict_keys(['index', 'mixture_magnitude', 'mixture_phase', 'source_phase', 'mix_magnitude', 'ideal_binary_mask', 'source_magnitudes'])
1.009408950805664 GB allocated
3.9140625 GB reserved
dict_keys(['index', 'mixture_magnitude', 'mixture_phase', 'source_phase', 'mix_magnitude', 'ideal_binary_mask', 'source_magnitudes'])
1.009408950805664 GB allocated
3.9140625 GB reserved
dict_keys(['index', 'mixture_magnitude', 'mixture_phase', 'source_phase', 'mix_magnitude', 'ideal_binary_mask', 'source_magnitudes'])
1.009408950805664 GB allocated
3.9140625 GB reserved
dict_keys(['index', 'mixture_magnitude', 'mixture_phase', 'source_phase', 'mix_magnitude', 'ideal_binary_mask', 'source_magnitudes'])
1.0085558891296387 GB allocated
3.9140625 GB reserved
dict_keys(['index', 'mixture_magnitude', 'mixture_phase', 'source_phase', 'mix_magnitude', 'ideal_binary_mask', 'source_magnitudes'])
1.009408950805664 GB allocated
3.9140625 GB reserved
dict_keys(['index', 'mixture_magnitude', 'mixture_phase', 'source_phase', 'mix_magnitude', 'ideal_binary_mask', 'source_magnitudes'])
1.009408950805664 GB allocated
3.9140625 GB reserved
dict_keys(['index', 'mixture_magnitude', 'mixture_phase', 'source_phase', 'mix_magnitude', 'ideal_binary_mask', 'source_magnitudes'])
1.009408950805664 GB allocated
3.9140625 GB reserved
dict_keys(['index', 'mixture_magnitude', 'mixture_phase', 'source_phase', 'mix_magnitude', 'ideal_binary_mask', 'source_magnitudes'])
1.0085558891296387 GB allocated
3.9140625 GB reserved
dict_keys(['index', 'mixture_magnitude', 'mixture_phase', 'source_phase', 'mix_magnitude', 'ideal_binary_mask', 'source_magnitudes'])
1.009408950805664 GB allocated
3.9140625 GB reserved
dict_keys(['index', 'mixture_magnitude', 'mixture_phase', 'source_phase', 'mix_magnitude', 'ideal_binary_mask', 'source_magnitudes'])
1.009408950805664 GB allocated
3.9140625 GB reserved
dict_keys(['index', 'mixture_magnitude', 'mixture_phase', 'source_phase', 'mix_magnitude', 'ideal_binary_mask', 'source_magnitudes'])
1.009408950805664 GB allocated
3.9140625 GB reserved
dict_keys(['index', 'mixture_magnitude', 'mixture_phase', 'source_phase', 'mix_magnitude', 'ideal_binary_mask', 'source_magnitudes'])
1.0085558891296387 GB allocated
3.9140625 GB reserved
dict_keys(['index', 'mixture_magnitude', 'mixture_phase', 'source_phase', 'mix_magnitude', 'ideal_binary_mask', 'source_magnitudes'])
1.009408950805664 GB allocated
3.9140625 GB reserved
dict_keys(['index', 'mixture_magnitude', 'mixture_phase', 'source_phase', 'mix_magnitude', 'ideal_binary_mask', 'source_magnitudes'])
1.009408950805664 GB allocated
3.9140625 GB reserved
dict_keys(['index', 'mixture_magnitude', 'mixture_phase', 'source_phase', 'mix_magnitude', 'ideal_binary_mask', 'source_magnitudes'])
1.009408950805664 GB allocated
3.9140625 GB reserved
dict_keys(['index', 'mixture_magnitude', 'mixture_phase', 'source_phase', 'mix_magnitude', 'ideal_binary_mask', 'source_magnitudes'])
1.0085558891296387 GB allocated
3.9140625 GB reserved
dict_keys(['index', 'mixture_magnitude', 'mixture_phase', 'source_phase', 'mix_magnitude', 'ideal_binary_mask', 'source_magnitudes'])
1.009408950805664 GB allocated
3.9140625 GB reserved
dict_keys(['index', 'mixture_magnitude', 'mixture_phase', 'source_phase', 'mix_magnitude', 'ideal_binary_mask', 'source_magnitudes'])
1.009408950805664 GB allocated
3.9140625 GB reserved
dict_keys(['index', 'mixture_magnitude', 'mixture_phase', 'source_phase', 'mix_magnitude', 'ideal_binary_mask', 'source_magnitudes'])
1.009408950805664 GB allocated
3.9140625 GB reserved
dict_keys(['index', 'mixture_magnitude', 'mixture_phase', 'source_phase', 'mix_magnitude', 'ideal_binary_mask', 'source_magnitudes'])
1.0085558891296387 GB allocated
3.9140625 GB reserved
dict_keys(['index', 'mixture_magnitude', 'mixture_phase', 'source_phase', 'mix_magnitude', 'ideal_binary_mask', 'source_magnitudes'])
1.009408950805664 GB allocated
3.9140625 GB reserved
dict_keys(['index', 'mixture_magnitude', 'mixture_phase', 'source_phase', 'mix_magnitude', 'ideal_binary_mask', 'source_magnitudes'])
1.009408950805664 GB allocated
3.9140625 GB reserved
dict_keys(['index', 'mixture_magnitude', 'mixture_phase', 'source_phase', 'mix_magnitude', 'ideal_binary_mask', 'source_magnitudes'])
1.009408950805664 GB allocated
3.9140625 GB reserved
dict_keys(['index', 'mixture_magnitude', 'mixture_phase', 'source_phase', 'mix_magnitude', 'ideal_binary_mask', 'source_magnitudes'])
1.0085558891296387 GB allocated
3.9140625 GB reserved
dict_keys(['index', 'mixture_magnitude', 'mixture_phase', 'source_phase', 'mix_magnitude', 'ideal_binary_mask', 'source_magnitudes'])
1.009408950805664 GB allocated
3.9140625 GB reserved
dict_keys(['index', 'mixture_magnitude', 'mixture_phase', 'source_phase', 'mix_magnitude', 'ideal_binary_mask', 'source_magnitudes'])
1.009408950805664 GB allocated
3.9140625 GB reserved
dict_keys(['index', 'mixture_magnitude', 'mixture_phase', 'source_phase', 'mix_magnitude', 'ideal_binary_mask', 'source_magnitudes'])
1.009408950805664 GB allocated
3.9140625 GB reserved
dict_keys(['index', 'mixture_magnitude', 'mixture_phase', 'source_phase', 'mix_magnitude', 'ideal_binary_mask', 'source_magnitudes'])
1.0085558891296387 GB allocated
3.9140625 GB reserved
dict_keys(['index', 'mixture_magnitude', 'mixture_phase', 'source_phase', 'mix_magnitude', 'ideal_binary_mask', 'source_magnitudes'])
1.009408950805664 GB allocated
3.9140625 GB reserved
dict_keys(['index', 'mixture_magnitude', 'mixture_phase', 'source_phase', 'mix_magnitude', 'ideal_binary_mask', 'source_magnitudes'])
1.009408950805664 GB allocated
3.9140625 GB reserved
dict_keys(['index', 'mixture_magnitude', 'mixture_phase', 'source_phase', 'mix_magnitude', 'ideal_binary_mask', 'source_magnitudes'])
1.009408950805664 GB allocated
3.9140625 GB reserved
dict_keys(['index', 'mixture_magnitude', 'mixture_phase', 'source_phase', 'mix_magnitude', 'ideal_binary_mask', 'source_magnitudes'])
1.0085558891296387 GB allocated
3.9140625 GB reserved
dict_keys(['index', 'mixture_magnitude', 'mixture_phase', 'source_phase', 'mix_magnitude', 'ideal_binary_mask', 'source_magnitudes'])
1.009408950805664 GB allocated
3.9140625 GB reserved
dict_keys(['index', 'mixture_magnitude', 'mixture_phase', 'source_phase', 'mix_magnitude', 'ideal_binary_mask', 'source_magnitudes'])
1.009408950805664 GB allocated
3.9140625 GB reserved
dict_keys(['index', 'mixture_magnitude', 'mixture_phase', 'source_phase', 'mix_magnitude', 'ideal_binary_mask', 'source_magnitudes'])
1.009408950805664 GB allocated
3.9140625 GB reserved
dict_keys(['index', 'mixture_magnitude', 'mixture_phase', 'source_phase', 'mix_magnitude', 'ideal_binary_mask', 'source_magnitudes'])
1.0085558891296387 GB allocated
3.9140625 GB reserved
dict_keys(['index', 'mixture_magnitude', 'mixture_phase', 'source_phase', 'mix_magnitude', 'ideal_binary_mask', 'source_magnitudes'])
1.009408950805664 GB allocated
3.9140625 GB reserved
dict_keys(['index', 'mixture_magnitude', 'mixture_phase', 'source_phase', 'mix_magnitude', 'ideal_binary_mask', 'source_magnitudes'])
1.009408950805664 GB allocated
3.9140625 GB reserved
dict_keys(['index', 'mixture_magnitude', 'mixture_phase', 'source_phase', 'mix_magnitude', 'ideal_binary_mask', 'source_magnitudes'])
1.009408950805664 GB allocated
3.9140625 GB reserved
dict_keys(['index', 'mixture_magnitude', 'mixture_phase', 'source_phase', 'mix_magnitude', 'ideal_binary_mask', 'source_magnitudes'])
1.0085558891296387 GB allocated
3.9140625 GB reserved
dict_keys(['index', 'mixture_magnitude', 'mixture_phase', 'source_phase', 'mix_magnitude', 'ideal_binary_mask', 'source_magnitudes'])
1.009408950805664 GB allocated
3.9140625 GB reserved
dict_keys(['index', 'mixture_magnitude', 'mixture_phase', 'source_phase', 'mix_magnitude', 'ideal_binary_mask', 'source_magnitudes'])
1.009408950805664 GB allocated
3.9140625 GB reserved
dict_keys(['index', 'mixture_magnitude', 'mixture_phase', 'source_phase', 'mix_magnitude', 'ideal_binary_mask', 'source_magnitudes'])
06/13/2026 09:43:52 AM | engine.py:906 Engine run starting with max_epochs=1.
06/13/2026 09:44:54 AM | engine.py:1010 Epoch[1] Complete. Time taken: 00:01:01.577
2026-06-13 09:44:54,186 ignite.handlers.early_stopping.EarlyStopping INFO: EarlyStopping: Stop training
06/13/2026 09:44:54 AM | engine.py:648 Terminate signaled. Engine will stop after current iteration is finished.
1.009408950805664 GB allocated
3.9140625 GB reserved
dict_keys(['index', 'mixture_magnitude', 'mixture_phase', 'source_phase', 'mix_magnitude', 'ideal_binary_mask', 'source_magnitudes'])
1.0085558891296387 GB allocated
3.9140625 GB reserved
dict_keys(['index', 'mixture_magnitude', 'mixture_phase', 'source_phase', 'mix_magnitude', 'ideal_binary_mask', 'source_magnitudes'])
1.009408950805664 GB allocated
3.9140625 GB reserved
dict_keys(['index', 'mixture_magnitude', 'mixture_phase', 'source_phase', 'mix_magnitude', 'ideal_binary_mask', 'source_magnitudes'])
1.009408950805664 GB allocated
3.9140625 GB reserved
dict_keys(['index', 'mixture_magnitude', 'mixture_phase', 'source_phase', 'mix_magnitude', 'ideal_binary_mask', 'source_magnitudes'])
1.009408950805664 GB allocated
3.9140625 GB reserved
dict_keys(['index', 'mixture_magnitude', 'mixture_phase', 'source_phase', 'mix_magnitude', 'ideal_binary_mask', 'source_magnitudes'])
1.0085558891296387 GB allocated
3.9140625 GB reserved
dict_keys(['index', 'mixture_magnitude', 'mixture_phase', 'source_phase', 'mix_magnitude', 'ideal_binary_mask', 'source_magnitudes'])
1.009408950805664 GB allocated
3.9140625 GB reserved
dict_keys(['index', 'mixture_magnitude', 'mixture_phase', 'source_phase', 'mix_magnitude', 'ideal_binary_mask', 'source_magnitudes'])
1.009408950805664 GB allocated
3.9140625 GB reserved
dict_keys(['index', 'mixture_magnitude', 'mixture_phase', 'source_phase', 'mix_magnitude', 'ideal_binary_mask', 'source_magnitudes'])
1.009408950805664 GB allocated
3.9140625 GB reserved
dict_keys(['index', 'mixture_magnitude', 'mixture_phase', 'source_phase', 'mix_magnitude', 'ideal_binary_mask', 'source_magnitudes'])
1.0085558891296387 GB allocated
3.9140625 GB reserved
dict_keys(['index', 'mixture_magnitude', 'mixture_phase', 'source_phase', 'mix_magnitude', 'ideal_binary_mask', 'source_magnitudes'])
1.009408950805664 GB allocated
3.9140625 GB reserved
dict_keys(['index', 'mixture_magnitude', 'mixture_phase', 'source_phase', 'mix_magnitude', 'ideal_binary_mask', 'source_magnitudes'])
1.009408950805664 GB allocated
3.9140625 GB reserved
dict_keys(['index', 'mixture_magnitude', 'mixture_phase', 'source_phase', 'mix_magnitude', 'ideal_binary_mask', 'source_magnitudes'])
1.009408950805664 GB allocated
3.9140625 GB reserved
dict_keys(['index', 'mixture_magnitude', 'mixture_phase', 'source_phase', 'mix_magnitude', 'ideal_binary_mask', 'source_magnitudes'])
1.0085558891296387 GB allocated
3.9140625 GB reserved
dict_keys(['index', 'mixture_magnitude', 'mixture_phase', 'source_phase', 'mix_magnitude', 'ideal_binary_mask', 'source_magnitudes'])
1.009408950805664 GB allocated
3.9140625 GB reserved
dict_keys(['index', 'mixture_magnitude', 'mixture_phase', 'source_phase', 'mix_magnitude', 'ideal_binary_mask', 'source_magnitudes'])
1.009408950805664 GB allocated
3.9140625 GB reserved
dict_keys(['index', 'mixture_magnitude', 'mixture_phase', 'source_phase', 'mix_magnitude', 'ideal_binary_mask', 'source_magnitudes'])
1.009408950805664 GB allocated
3.9140625 GB reserved
dict_keys(['index', 'mixture_magnitude', 'mixture_phase', 'source_phase', 'mix_magnitude', 'ideal_binary_mask', 'source_magnitudes'])
1.0085558891296387 GB allocated
3.9140625 GB reserved
dict_keys(['index', 'mixture_magnitude', 'mixture_phase', 'source_phase', 'mix_magnitude', 'ideal_binary_mask', 'source_magnitudes'])
1.009408950805664 GB allocated
3.9140625 GB reserved
dict_keys(['index', 'mixture_magnitude', 'mixture_phase', 'source_phase', 'mix_magnitude', 'ideal_binary_mask', 'source_magnitudes'])
1.009408950805664 GB allocated
3.9140625 GB reserved
dict_keys(['index', 'mixture_magnitude', 'mixture_phase', 'source_phase', 'mix_magnitude', 'ideal_binary_mask', 'source_magnitudes'])
1.009408950805664 GB allocated
3.9140625 GB reserved
dict_keys(['index', 'mixture_magnitude', 'mixture_phase', 'source_phase', 'mix_magnitude', 'ideal_binary_mask', 'source_magnitudes'])
1.0085558891296387 GB allocated
3.9140625 GB reserved
dict_keys(['index', 'mixture_magnitude', 'mixture_phase', 'source_phase', 'mix_magnitude', 'ideal_binary_mask', 'source_magnitudes'])
1.009408950805664 GB allocated
3.9140625 GB reserved
dict_keys(['index', 'mixture_magnitude', 'mixture_phase', 'source_phase', 'mix_magnitude', 'ideal_binary_mask', 'source_magnitudes'])
1.009408950805664 GB allocated
3.9140625 GB reserved
dict_keys(['index', 'mixture_magnitude', 'mixture_phase', 'source_phase', 'mix_magnitude', 'ideal_binary_mask', 'source_magnitudes'])
1.009408950805664 GB allocated
3.9140625 GB reserved
dict_keys(['index', 'mixture_magnitude', 'mixture_phase', 'source_phase', 'mix_magnitude', 'ideal_binary_mask', 'source_magnitudes'])
1.0085558891296387 GB allocated
3.9140625 GB reserved
dict_keys(['index', 'mixture_magnitude', 'mixture_phase', 'source_phase', 'mix_magnitude', 'ideal_binary_mask', 'source_magnitudes'])
1.009408950805664 GB allocated
3.9140625 GB reserved
dict_keys(['index', 'mixture_magnitude', 'mixture_phase', 'source_phase', 'mix_magnitude', 'ideal_binary_mask', 'source_magnitudes'])
1.009408950805664 GB allocated
3.9140625 GB reserved
dict_keys(['index', 'mixture_magnitude', 'mixture_phase', 'source_phase', 'mix_magnitude', 'ideal_binary_mask', 'source_magnitudes'])
1.009408950805664 GB allocated
3.9140625 GB reserved
dict_keys(['index', 'mixture_magnitude', 'mixture_phase', 'source_phase', 'mix_magnitude', 'ideal_binary_mask', 'source_magnitudes'])
1.0085558891296387 GB allocated
3.9140625 GB reserved
dict_keys(['index', 'mixture_magnitude', 'mixture_phase', 'source_phase', 'mix_magnitude', 'ideal_binary_mask', 'source_magnitudes'])
1.009408950805664 GB allocated
3.9140625 GB reserved
dict_keys(['index', 'mixture_magnitude', 'mixture_phase', 'source_phase', 'mix_magnitude', 'ideal_binary_mask', 'source_magnitudes'])
1.009408950805664 GB allocated
3.9140625 GB reserved
dict_keys(['index', 'mixture_magnitude', 'mixture_phase', 'source_phase', 'mix_magnitude', 'ideal_binary_mask', 'source_magnitudes'])
1.009408950805664 GB allocated
3.9140625 GB reserved
dict_keys(['index', 'mixture_magnitude', 'mixture_phase', 'source_phase', 'mix_magnitude', 'ideal_binary_mask', 'source_magnitudes'])
1.0085558891296387 GB allocated
3.9140625 GB reserved
dict_keys(['index', 'mixture_magnitude', 'mixture_phase', 'source_phase', 'mix_magnitude', 'ideal_binary_mask', 'source_magnitudes'])
1.009408950805664 GB allocated
3.9140625 GB reserved
dict_keys(['index', 'mixture_magnitude', 'mixture_phase', 'source_phase', 'mix_magnitude', 'ideal_binary_mask', 'source_magnitudes'])
1.009408950805664 GB allocated
3.9140625 GB reserved
dict_keys(['index', 'mixture_magnitude', 'mixture_phase', 'source_phase', 'mix_magnitude', 'ideal_binary_mask', 'source_magnitudes'])
1.009408950805664 GB allocated
3.9140625 GB reserved
dict_keys(['index', 'mixture_magnitude', 'mixture_phase', 'source_phase', 'mix_magnitude', 'ideal_binary_mask', 'source_magnitudes'])
1.0085558891296387 GB allocated
3.9140625 GB reserved
dict_keys(['index', 'mixture_magnitude', 'mixture_phase', 'source_phase', 'mix_magnitude', 'ideal_binary_mask', 'source_magnitudes'])
1.009408950805664 GB allocated
3.9140625 GB reserved
dict_keys(['index', 'mixture_magnitude', 'mixture_phase', 'source_phase', 'mix_magnitude', 'ideal_binary_mask', 'source_magnitudes'])
1.009408950805664 GB allocated
3.9140625 GB reserved
dict_keys(['index', 'mixture_magnitude', 'mixture_phase', 'source_phase', 'mix_magnitude', 'ideal_binary_mask', 'source_magnitudes'])
1.009408950805664 GB allocated
3.9140625 GB reserved
dict_keys(['index', 'mixture_magnitude', 'mixture_phase', 'source_phase', 'mix_magnitude', 'ideal_binary_mask', 'source_magnitudes'])
1.0085558891296387 GB allocated
3.9140625 GB reserved
dict_keys(['index', 'mixture_magnitude', 'mixture_phase', 'source_phase', 'mix_magnitude', 'ideal_binary_mask', 'source_magnitudes'])
1.009408950805664 GB allocated
3.9140625 GB reserved
dict_keys(['index', 'mixture_magnitude', 'mixture_phase', 'source_phase', 'mix_magnitude', 'ideal_binary_mask', 'source_magnitudes'])
1.009408950805664 GB allocated
3.9140625 GB reserved
dict_keys(['index', 'mixture_magnitude', 'mixture_phase', 'source_phase', 'mix_magnitude', 'ideal_binary_mask', 'source_magnitudes'])
1.009408950805664 GB allocated
3.9140625 GB reserved
dict_keys(['index', 'mixture_magnitude', 'mixture_phase', 'source_phase', 'mix_magnitude', 'ideal_binary_mask', 'source_magnitudes'])
1.0085558891296387 GB allocated
3.9140625 GB reserved
dict_keys(['index', 'mixture_magnitude', 'mixture_phase', 'source_phase', 'mix_magnitude', 'ideal_binary_mask', 'source_magnitudes'])
1.009408950805664 GB allocated
3.9140625 GB reserved
dict_keys(['index', 'mixture_magnitude', 'mixture_phase', 'source_phase', 'mix_magnitude', 'ideal_binary_mask', 'source_magnitudes'])
1.009408950805664 GB allocated
3.9140625 GB reserved
dict_keys(['index', 'mixture_magnitude', 'mixture_phase', 'source_phase', 'mix_magnitude', 'ideal_binary_mask', 'source_magnitudes'])
1.009408950805664 GB allocated
3.9140625 GB reserved
dict_keys(['index', 'mixture_magnitude', 'mixture_phase', 'source_phase', 'mix_magnitude', 'ideal_binary_mask', 'source_magnitudes'])
1.0085558891296387 GB allocated
3.9140625 GB reserved
dict_keys(['index', 'mixture_magnitude', 'mixture_phase', 'source_phase', 'mix_magnitude', 'ideal_binary_mask', 'source_magnitudes'])
1.009408950805664 GB allocated
3.9140625 GB reserved
dict_keys(['index', 'mixture_magnitude', 'mixture_phase', 'source_phase', 'mix_magnitude', 'ideal_binary_mask', 'source_magnitudes'])
1.009408950805664 GB allocated
3.9140625 GB reserved
dict_keys(['index', 'mixture_magnitude', 'mixture_phase', 'source_phase', 'mix_magnitude', 'ideal_binary_mask', 'source_magnitudes'])
1.009408950805664 GB allocated
3.9140625 GB reserved
dict_keys(['index', 'mixture_magnitude', 'mixture_phase', 'source_phase', 'mix_magnitude', 'ideal_binary_mask', 'source_magnitudes'])
1.0085558891296387 GB allocated
3.9140625 GB reserved
dict_keys(['index', 'mixture_magnitude', 'mixture_phase', 'source_phase', 'mix_magnitude', 'ideal_binary_mask', 'source_magnitudes'])
1.009408950805664 GB allocated
3.9140625 GB reserved
dict_keys(['index', 'mixture_magnitude', 'mixture_phase', 'source_phase', 'mix_magnitude', 'ideal_binary_mask', 'source_magnitudes'])
1.009408950805664 GB allocated
3.9140625 GB reserved
dict_keys(['index', 'mixture_magnitude', 'mixture_phase', 'source_phase', 'mix_magnitude', 'ideal_binary_mask', 'source_magnitudes'])
1.009408950805664 GB allocated
3.9140625 GB reserved
dict_keys(['index', 'mixture_magnitude', 'mixture_phase', 'source_phase', 'mix_magnitude', 'ideal_binary_mask', 'source_magnitudes'])
[Validator] Epoch 18 - val_loss: 0.000024
[BEST CHECKPOINT] Guardado/actualizado en: checkpoints\Mis_modelos_v2\advanced\lpsa_phase checkpoints\4stems\best_checkpoint_8_val_loss=-0.0000.pt
06/13/2026 09:44:54 AM | engine.py:1037 Engine run finished. Time taken: 00:01:01.579
[Epoch 18] train_loss=0.000021 | val_loss=0.000024
06/13/2026 09:44:54 AM | engine.py:1037 Engine run finished. Time taken: 05:14:31.845
[LOADING BEST MODEL] Cargando mejor checkpoint desde: checkpoints\Mis_modelos_v2\advanced\lpsa_phase checkpoints\4stems\best_checkpoint_8_val_loss=-0.0000.pt
C:\Users\rdpuser\TFG_Identificaci-n-de-voces-e-instrumentos-en-una-obra-musical\pipeline\train.py:460: FutureWarning: You are using `torch.load` with `weights_only=False` (the current default value), which uses the default pickle module implicitly. It is possible to construct malicious pickle data which will execute arbitrary code during unpickling (See https://github.com/pytorch/pytorch/blob/main/SECURITY.md#untrusted-models for more details). In a future release, the default value for `weights_only` will be flipped to `True`. This limits the functions that could be executed during unpickling. Arbitrary objects will no longer be allowed to be loaded via this mode unless they are explicitly allowlisted by the user via `torch.serialization.add_safe_globals`. We recommend you start setting `weights_only=True` for any use case where you don't have full control of the loaded file. Please open an issue on GitHub for any issues related to this experimental feature.
  checkpoint = torch.load(best_checkpoint_path, map_location=device)
