C:\Users\rdpuser\miniconda3\envs\tfg_py310\lib\site-packages\ignite\handlers\checkpoint.py:16: DeprecationWarning: `TorchScript` support for functional optimizers is deprecated and will be removed in a future PyTorch release. Consider using the `torch.compile` optimizer instead.
  from torch.distributed.optim import ZeroRedundancyOptimizer
Usando dispositivo: cuda
Using device: cuda | nf=257 | channels=1 | hidden=50 | stems=4 | loss=lpsa_phase
GA: actual_batch=24 | accum_steps=5 | effective_batch_real=120
04/22/2026 01:52:02 PM | engine.py:906 Engine run starting with max_epochs=100.
Training model with training mixes in: C:\Users\rdpuser\TFG_Identificaci-n-de-voces-e-instrumentos-en-una-obra-musical\datasets\mix_generation\foreground_train
Validating data with validation mixes in: C:\Users\rdpuser\TFG_Identificaci-n-de-voces-e-instrumentos-en-una-obra-musical\datasets\mix_generation\foreground_valid
[DEBUG] Num de sources: 4
[DEBUG] Pipeline de 4 fuentes
0.7929487228393555 GB allocated
0.8046875 GB reserved
dict_keys(['index', 'mixture_magnitude', 'mixture_phase', 'source_phase', 'mix_magnitude', 'ideal_binary_mask', 'source_magnitudes'])
Batch keys: dict_keys(['index', 'mixture_magnitude', 'mixture_phase', 'source_phase', 'mix_magnitude', 'ideal_binary_mask', 'source_magnitudes'])
mixture_phase shape: torch.Size([32, 257, 1723])
source_phase shape: torch.Size([32, 4, 257, 1723])
source_magnitudes shape: torch.Size([32, 1724, 257, 1, 4])
est shape: torch.Size([32, 1724, 257, 1, 4])
tgt shape: torch.Size([32, 1724, 257, 1, 4])
target_mag shape: torch.Size([32, 1723, 257, 1, 4])
mix_phase shape: torch.Size([32, 1723, 257, 1, 1])
src_phase shape: torch.Size([32, 1723, 257, 1, 4])
phase_diff shape: torch.Size([32, 1723, 257, 1, 4])
04/22/2026 01:53:54 PM | engine.py:906 Engine run starting with max_epochs=1.
04/22/2026 01:55:01 PM | engine.py:1010 Epoch[1] Complete. Time taken: 00:01:07.413
0.8096718788146973 GB allocated
3.060546875 GB reserved
dict_keys(['index', 'mixture_magnitude', 'mixture_phase', 'source_phase', 'mix_magnitude', 'ideal_binary_mask', 'source_magnitudes'])
0.8096718788146973 GB allocated
3.060546875 GB reserved
dict_keys(['index', 'mixture_magnitude', 'mixture_phase', 'source_phase', 'mix_magnitude', 'ideal_binary_mask', 'source_magnitudes'])
0.8096718788146973 GB allocated
3.060546875 GB reserved
dict_keys(['index', 'mixture_magnitude', 'mixture_phase', 'source_phase', 'mix_magnitude', 'ideal_binary_mask', 'source_magnitudes'])
0.8105249404907227 GB allocated
3.0625 GB reserved
dict_keys(['index', 'mixture_magnitude', 'mixture_phase', 'source_phase', 'mix_magnitude', 'ideal_binary_mask', 'source_magnitudes'])
0.811378002166748 GB allocated
3.0625 GB reserved
dict_keys(['index', 'mixture_magnitude', 'mixture_phase', 'source_phase', 'mix_magnitude', 'ideal_binary_mask', 'source_magnitudes'])
0.811378002166748 GB allocated
3.0625 GB reserved
dict_keys(['index', 'mixture_magnitude', 'mixture_phase', 'source_phase', 'mix_magnitude', 'ideal_binary_mask', 'source_magnitudes'])
0.811378002166748 GB allocated
3.0625 GB reserved
dict_keys(['index', 'mixture_magnitude', 'mixture_phase', 'source_phase', 'mix_magnitude', 'ideal_binary_mask', 'source_magnitudes'])
0.8105249404907227 GB allocated
3.0625 GB reserved
dict_keys(['index', 'mixture_magnitude', 'mixture_phase', 'source_phase', 'mix_magnitude', 'ideal_binary_mask', 'source_magnitudes'])
0.811378002166748 GB allocated
3.0625 GB reserved
dict_keys(['index', 'mixture_magnitude', 'mixture_phase', 'source_phase', 'mix_magnitude', 'ideal_binary_mask', 'source_magnitudes'])
[Validator] Epoch 1 - val_loss: 0.000025
[BEST CHECKPOINT] Guardado/actualizado en: checkpoints\Mis_modelos\lpsa_phase checkpoints\4stems\best_checkpoint_1_val_loss=-0.0000.pt
04/22/2026 01:55:01 PM | engine.py:1037 Engine run finished. Time taken: 00:01:07.423
[Epoch 1] train_loss=0.000021 | val_loss=0.000025
04/22/2026 01:55:01 PM | engine.py:1010 Epoch[1] Complete. Time taken: 00:02:59.556
04/22/2026 01:56:48 PM | engine.py:906 Engine run starting with max_epochs=1.
04/22/2026 01:57:55 PM | engine.py:1010 Epoch[1] Complete. Time taken: 00:01:06.299
1.0085468292236328 GB allocated
3.701171875 GB reserved
dict_keys(['index', 'mixture_magnitude', 'mixture_phase', 'source_phase', 'mix_magnitude', 'ideal_binary_mask', 'source_magnitudes'])
1.0093998908996582 GB allocated
3.701171875 GB reserved
dict_keys(['index', 'mixture_magnitude', 'mixture_phase', 'source_phase', 'mix_magnitude', 'ideal_binary_mask', 'source_magnitudes'])
1.0093998908996582 GB allocated
3.701171875 GB reserved
dict_keys(['index', 'mixture_magnitude', 'mixture_phase', 'source_phase', 'mix_magnitude', 'ideal_binary_mask', 'source_magnitudes'])
1.0093998908996582 GB allocated
3.701171875 GB reserved
dict_keys(['index', 'mixture_magnitude', 'mixture_phase', 'source_phase', 'mix_magnitude', 'ideal_binary_mask', 'source_magnitudes'])
1.0085468292236328 GB allocated
3.701171875 GB reserved
dict_keys(['index', 'mixture_magnitude', 'mixture_phase', 'source_phase', 'mix_magnitude', 'ideal_binary_mask', 'source_magnitudes'])
1.0093998908996582 GB allocated
3.701171875 GB reserved
dict_keys(['index', 'mixture_magnitude', 'mixture_phase', 'source_phase', 'mix_magnitude', 'ideal_binary_mask', 'source_magnitudes'])
1.0093998908996582 GB allocated
3.701171875 GB reserved
dict_keys(['index', 'mixture_magnitude', 'mixture_phase', 'source_phase', 'mix_magnitude', 'ideal_binary_mask', 'source_magnitudes'])
1.0093998908996582 GB allocated
3.701171875 GB reserved
dict_keys(['index', 'mixture_magnitude', 'mixture_phase', 'source_phase', 'mix_magnitude', 'ideal_binary_mask', 'source_magnitudes'])
1.0085468292236328 GB allocated
3.701171875 GB reserved
dict_keys(['index', 'mixture_magnitude', 'mixture_phase', 'source_phase', 'mix_magnitude', 'ideal_binary_mask', 'source_magnitudes'])
1.0093998908996582 GB allocated
3.701171875 GB reserved
dict_keys(['index', 'mixture_magnitude', 'mixture_phase', 'source_phase', 'mix_magnitude', 'ideal_binary_mask', 'source_magnitudes'])
[Validator] Epoch 2 - val_loss: 0.000026
[BEST CHECKPOINT] Guardado/actualizado en: checkpoints\Mis_modelos\lpsa_phase checkpoints\4stems\best_checkpoint_1_val_loss=-0.0000.pt
04/22/2026 01:57:55 PM | engine.py:1037 Engine run finished. Time taken: 00:01:06.300
[Epoch 2] train_loss=0.000021 | val_loss=0.000026
04/22/2026 01:57:55 PM | engine.py:1010 Epoch[2] Complete. Time taken: 00:02:53.442
04/22/2026 01:59:42 PM | engine.py:906 Engine run starting with max_epochs=1.
04/22/2026 02:00:48 PM | engine.py:1010 Epoch[1] Complete. Time taken: 00:01:05.996
1.0085468292236328 GB allocated
3.701171875 GB reserved
dict_keys(['index', 'mixture_magnitude', 'mixture_phase', 'source_phase', 'mix_magnitude', 'ideal_binary_mask', 'source_magnitudes'])
1.0093998908996582 GB allocated
3.701171875 GB reserved
dict_keys(['index', 'mixture_magnitude', 'mixture_phase', 'source_phase', 'mix_magnitude', 'ideal_binary_mask', 'source_magnitudes'])
1.0093998908996582 GB allocated
3.701171875 GB reserved
dict_keys(['index', 'mixture_magnitude', 'mixture_phase', 'source_phase', 'mix_magnitude', 'ideal_binary_mask', 'source_magnitudes'])
1.0093998908996582 GB allocated
3.701171875 GB reserved
dict_keys(['index', 'mixture_magnitude', 'mixture_phase', 'source_phase', 'mix_magnitude', 'ideal_binary_mask', 'source_magnitudes'])
1.0085468292236328 GB allocated
3.701171875 GB reserved
dict_keys(['index', 'mixture_magnitude', 'mixture_phase', 'source_phase', 'mix_magnitude', 'ideal_binary_mask', 'source_magnitudes'])
1.0093998908996582 GB allocated
3.701171875 GB reserved
dict_keys(['index', 'mixture_magnitude', 'mixture_phase', 'source_phase', 'mix_magnitude', 'ideal_binary_mask', 'source_magnitudes'])
1.0093998908996582 GB allocated
3.701171875 GB reserved
dict_keys(['index', 'mixture_magnitude', 'mixture_phase', 'source_phase', 'mix_magnitude', 'ideal_binary_mask', 'source_magnitudes'])
1.0093998908996582 GB allocated
3.701171875 GB reserved
dict_keys(['index', 'mixture_magnitude', 'mixture_phase', 'source_phase', 'mix_magnitude', 'ideal_binary_mask', 'source_magnitudes'])
1.0085468292236328 GB allocated
3.701171875 GB reserved
dict_keys(['index', 'mixture_magnitude', 'mixture_phase', 'source_phase', 'mix_magnitude', 'ideal_binary_mask', 'source_magnitudes'])
1.0093998908996582 GB allocated
3.701171875 GB reserved
dict_keys(['index', 'mixture_magnitude', 'mixture_phase', 'source_phase', 'mix_magnitude', 'ideal_binary_mask', 'source_magnitudes'])
[Validator] Epoch 3 - val_loss: 0.000026
[BEST CHECKPOINT] Guardado/actualizado en: checkpoints\Mis_modelos\lpsa_phase checkpoints\4stems\best_checkpoint_1_val_loss=-0.0000.pt
04/22/2026 02:00:48 PM | engine.py:1037 Engine run finished. Time taken: 00:01:05.996
[Epoch 3] train_loss=0.000019 | val_loss=0.000026
04/22/2026 02:00:48 PM | engine.py:1010 Epoch[3] Complete. Time taken: 00:02:53.821
04/22/2026 02:02:38 PM | engine.py:906 Engine run starting with max_epochs=1.
04/22/2026 02:03:47 PM | engine.py:1010 Epoch[1] Complete. Time taken: 00:01:09.128
1.0085468292236328 GB allocated
3.701171875 GB reserved
dict_keys(['index', 'mixture_magnitude', 'mixture_phase', 'source_phase', 'mix_magnitude', 'ideal_binary_mask', 'source_magnitudes'])
1.0093998908996582 GB allocated
3.701171875 GB reserved
dict_keys(['index', 'mixture_magnitude', 'mixture_phase', 'source_phase', 'mix_magnitude', 'ideal_binary_mask', 'source_magnitudes'])
1.0093998908996582 GB allocated
3.701171875 GB reserved
dict_keys(['index', 'mixture_magnitude', 'mixture_phase', 'source_phase', 'mix_magnitude', 'ideal_binary_mask', 'source_magnitudes'])
1.0093998908996582 GB allocated
3.701171875 GB reserved
dict_keys(['index', 'mixture_magnitude', 'mixture_phase', 'source_phase', 'mix_magnitude', 'ideal_binary_mask', 'source_magnitudes'])
1.0085468292236328 GB allocated
3.701171875 GB reserved
dict_keys(['index', 'mixture_magnitude', 'mixture_phase', 'source_phase', 'mix_magnitude', 'ideal_binary_mask', 'source_magnitudes'])
1.0093998908996582 GB allocated
3.701171875 GB reserved
dict_keys(['index', 'mixture_magnitude', 'mixture_phase', 'source_phase', 'mix_magnitude', 'ideal_binary_mask', 'source_magnitudes'])
1.0093998908996582 GB allocated
3.701171875 GB reserved
dict_keys(['index', 'mixture_magnitude', 'mixture_phase', 'source_phase', 'mix_magnitude', 'ideal_binary_mask', 'source_magnitudes'])
1.0093998908996582 GB allocated
3.701171875 GB reserved
dict_keys(['index', 'mixture_magnitude', 'mixture_phase', 'source_phase', 'mix_magnitude', 'ideal_binary_mask', 'source_magnitudes'])
1.0085468292236328 GB allocated
3.701171875 GB reserved
dict_keys(['index', 'mixture_magnitude', 'mixture_phase', 'source_phase', 'mix_magnitude', 'ideal_binary_mask', 'source_magnitudes'])
1.0093998908996582 GB allocated
3.701171875 GB reserved
dict_keys(['index', 'mixture_magnitude', 'mixture_phase', 'source_phase', 'mix_magnitude', 'ideal_binary_mask', 'source_magnitudes'])
[Validator] Epoch 4 - val_loss: 0.000025
[BEST CHECKPOINT] Guardado/actualizado en: checkpoints\Mis_modelos\lpsa_phase checkpoints\4stems\best_checkpoint_1_val_loss=-0.0000.pt
04/22/2026 02:03:47 PM | engine.py:1037 Engine run finished. Time taken: 00:01:09.129
[Epoch 4] train_loss=0.000020 | val_loss=0.000025
04/22/2026 02:03:47 PM | engine.py:1010 Epoch[4] Complete. Time taken: 00:02:58.496
04/22/2026 02:05:33 PM | engine.py:906 Engine run starting with max_epochs=1.
04/22/2026 02:06:41 PM | engine.py:1010 Epoch[1] Complete. Time taken: 00:01:07.872
1.0085468292236328 GB allocated
3.701171875 GB reserved
dict_keys(['index', 'mixture_magnitude', 'mixture_phase', 'source_phase', 'mix_magnitude', 'ideal_binary_mask', 'source_magnitudes'])
1.0093998908996582 GB allocated
3.701171875 GB reserved
dict_keys(['index', 'mixture_magnitude', 'mixture_phase', 'source_phase', 'mix_magnitude', 'ideal_binary_mask', 'source_magnitudes'])
1.0093998908996582 GB allocated
3.701171875 GB reserved
dict_keys(['index', 'mixture_magnitude', 'mixture_phase', 'source_phase', 'mix_magnitude', 'ideal_binary_mask', 'source_magnitudes'])
1.0093998908996582 GB allocated
3.701171875 GB reserved
dict_keys(['index', 'mixture_magnitude', 'mixture_phase', 'source_phase', 'mix_magnitude', 'ideal_binary_mask', 'source_magnitudes'])
1.0085468292236328 GB allocated
3.701171875 GB reserved
dict_keys(['index', 'mixture_magnitude', 'mixture_phase', 'source_phase', 'mix_magnitude', 'ideal_binary_mask', 'source_magnitudes'])
1.0093998908996582 GB allocated
3.701171875 GB reserved
dict_keys(['index', 'mixture_magnitude', 'mixture_phase', 'source_phase', 'mix_magnitude', 'ideal_binary_mask', 'source_magnitudes'])
1.0093998908996582 GB allocated
3.701171875 GB reserved
dict_keys(['index', 'mixture_magnitude', 'mixture_phase', 'source_phase', 'mix_magnitude', 'ideal_binary_mask', 'source_magnitudes'])
1.0093998908996582 GB allocated
3.701171875 GB reserved
dict_keys(['index', 'mixture_magnitude', 'mixture_phase', 'source_phase', 'mix_magnitude', 'ideal_binary_mask', 'source_magnitudes'])
1.0085468292236328 GB allocated
3.701171875 GB reserved
dict_keys(['index', 'mixture_magnitude', 'mixture_phase', 'source_phase', 'mix_magnitude', 'ideal_binary_mask', 'source_magnitudes'])
1.0093998908996582 GB allocated
3.701171875 GB reserved
dict_keys(['index', 'mixture_magnitude', 'mixture_phase', 'source_phase', 'mix_magnitude', 'ideal_binary_mask', 'source_magnitudes'])
[Validator] Epoch 5 - val_loss: 0.000024
[BEST CHECKPOINT] Guardado/actualizado en: checkpoints\Mis_modelos\lpsa_phase checkpoints\4stems\best_checkpoint_5_val_loss=-0.0000.pt
04/22/2026 02:06:41 PM | engine.py:1037 Engine run finished. Time taken: 00:01:07.881
[Epoch 5] train_loss=0.000020 | val_loss=0.000024
04/22/2026 02:06:41 PM | engine.py:1010 Epoch[5] Complete. Time taken: 00:02:53.704
04/22/2026 02:08:30 PM | engine.py:906 Engine run starting with max_epochs=1.
04/22/2026 02:09:38 PM | engine.py:1010 Epoch[1] Complete. Time taken: 00:01:08.021
1.0085468292236328 GB allocated
3.701171875 GB reserved
dict_keys(['index', 'mixture_magnitude', 'mixture_phase', 'source_phase', 'mix_magnitude', 'ideal_binary_mask', 'source_magnitudes'])
1.0093998908996582 GB allocated
3.701171875 GB reserved
dict_keys(['index', 'mixture_magnitude', 'mixture_phase', 'source_phase', 'mix_magnitude', 'ideal_binary_mask', 'source_magnitudes'])
1.0093998908996582 GB allocated
3.701171875 GB reserved
dict_keys(['index', 'mixture_magnitude', 'mixture_phase', 'source_phase', 'mix_magnitude', 'ideal_binary_mask', 'source_magnitudes'])
1.0093998908996582 GB allocated
3.701171875 GB reserved
dict_keys(['index', 'mixture_magnitude', 'mixture_phase', 'source_phase', 'mix_magnitude', 'ideal_binary_mask', 'source_magnitudes'])
1.0085468292236328 GB allocated
3.701171875 GB reserved
dict_keys(['index', 'mixture_magnitude', 'mixture_phase', 'source_phase', 'mix_magnitude', 'ideal_binary_mask', 'source_magnitudes'])
1.0093998908996582 GB allocated
3.701171875 GB reserved
dict_keys(['index', 'mixture_magnitude', 'mixture_phase', 'source_phase', 'mix_magnitude', 'ideal_binary_mask', 'source_magnitudes'])
1.0093998908996582 GB allocated
3.701171875 GB reserved
dict_keys(['index', 'mixture_magnitude', 'mixture_phase', 'source_phase', 'mix_magnitude', 'ideal_binary_mask', 'source_magnitudes'])
1.0093998908996582 GB allocated
3.701171875 GB reserved
dict_keys(['index', 'mixture_magnitude', 'mixture_phase', 'source_phase', 'mix_magnitude', 'ideal_binary_mask', 'source_magnitudes'])
1.0085468292236328 GB allocated
3.701171875 GB reserved
dict_keys(['index', 'mixture_magnitude', 'mixture_phase', 'source_phase', 'mix_magnitude', 'ideal_binary_mask', 'source_magnitudes'])
1.0093998908996582 GB allocated
3.701171875 GB reserved
dict_keys(['index', 'mixture_magnitude', 'mixture_phase', 'source_phase', 'mix_magnitude', 'ideal_binary_mask', 'source_magnitudes'])
[Validator] Epoch 6 - val_loss: 0.000022
[BEST CHECKPOINT] Guardado/actualizado en: checkpoints\Mis_modelos\lpsa_phase checkpoints\4stems\best_checkpoint_6_val_loss=-0.0000.pt
04/22/2026 02:09:38 PM | engine.py:1037 Engine run finished. Time taken: 00:01:08.030
[Epoch 6] train_loss=0.000018 | val_loss=0.000022
04/22/2026 02:09:38 PM | engine.py:1010 Epoch[6] Complete. Time taken: 00:02:57.283
04/22/2026 02:11:26 PM | engine.py:906 Engine run starting with max_epochs=1.
04/22/2026 02:12:33 PM | engine.py:1010 Epoch[1] Complete. Time taken: 00:01:06.801
1.0085468292236328 GB allocated
3.701171875 GB reserved
dict_keys(['index', 'mixture_magnitude', 'mixture_phase', 'source_phase', 'mix_magnitude', 'ideal_binary_mask', 'source_magnitudes'])
1.0093998908996582 GB allocated
3.701171875 GB reserved
dict_keys(['index', 'mixture_magnitude', 'mixture_phase', 'source_phase', 'mix_magnitude', 'ideal_binary_mask', 'source_magnitudes'])
1.0093998908996582 GB allocated
3.701171875 GB reserved
dict_keys(['index', 'mixture_magnitude', 'mixture_phase', 'source_phase', 'mix_magnitude', 'ideal_binary_mask', 'source_magnitudes'])
1.0093998908996582 GB allocated
3.701171875 GB reserved
dict_keys(['index', 'mixture_magnitude', 'mixture_phase', 'source_phase', 'mix_magnitude', 'ideal_binary_mask', 'source_magnitudes'])
1.0085468292236328 GB allocated
3.701171875 GB reserved
dict_keys(['index', 'mixture_magnitude', 'mixture_phase', 'source_phase', 'mix_magnitude', 'ideal_binary_mask', 'source_magnitudes'])
1.0093998908996582 GB allocated
3.701171875 GB reserved
dict_keys(['index', 'mixture_magnitude', 'mixture_phase', 'source_phase', 'mix_magnitude', 'ideal_binary_mask', 'source_magnitudes'])
1.0093998908996582 GB allocated
3.701171875 GB reserved
dict_keys(['index', 'mixture_magnitude', 'mixture_phase', 'source_phase', 'mix_magnitude', 'ideal_binary_mask', 'source_magnitudes'])
1.0093998908996582 GB allocated
3.701171875 GB reserved
dict_keys(['index', 'mixture_magnitude', 'mixture_phase', 'source_phase', 'mix_magnitude', 'ideal_binary_mask', 'source_magnitudes'])
1.0085468292236328 GB allocated
3.701171875 GB reserved
dict_keys(['index', 'mixture_magnitude', 'mixture_phase', 'source_phase', 'mix_magnitude', 'ideal_binary_mask', 'source_magnitudes'])
1.0093998908996582 GB allocated
3.701171875 GB reserved
dict_keys(['index', 'mixture_magnitude', 'mixture_phase', 'source_phase', 'mix_magnitude', 'ideal_binary_mask', 'source_magnitudes'])
[Validator] Epoch 7 - val_loss: 0.000021
[BEST CHECKPOINT] Guardado/actualizado en: checkpoints\Mis_modelos\lpsa_phase checkpoints\4stems\best_checkpoint_7_val_loss=-0.0000.pt
04/22/2026 02:12:33 PM | engine.py:1037 Engine run finished. Time taken: 00:01:06.809
[Epoch 7] train_loss=0.000018 | val_loss=0.000021
04/22/2026 02:12:33 PM | engine.py:1010 Epoch[7] Complete. Time taken: 00:02:54.587
04/22/2026 02:14:24 PM | engine.py:906 Engine run starting with max_epochs=1.
04/22/2026 02:15:33 PM | engine.py:1010 Epoch[1] Complete. Time taken: 00:01:09.101
1.0085468292236328 GB allocated
3.701171875 GB reserved
dict_keys(['index', 'mixture_magnitude', 'mixture_phase', 'source_phase', 'mix_magnitude', 'ideal_binary_mask', 'source_magnitudes'])
1.0093998908996582 GB allocated
3.701171875 GB reserved
dict_keys(['index', 'mixture_magnitude', 'mixture_phase', 'source_phase', 'mix_magnitude', 'ideal_binary_mask', 'source_magnitudes'])
1.0093998908996582 GB allocated
3.701171875 GB reserved
dict_keys(['index', 'mixture_magnitude', 'mixture_phase', 'source_phase', 'mix_magnitude', 'ideal_binary_mask', 'source_magnitudes'])
1.0093998908996582 GB allocated
3.701171875 GB reserved
dict_keys(['index', 'mixture_magnitude', 'mixture_phase', 'source_phase', 'mix_magnitude', 'ideal_binary_mask', 'source_magnitudes'])
1.0085468292236328 GB allocated
3.701171875 GB reserved
dict_keys(['index', 'mixture_magnitude', 'mixture_phase', 'source_phase', 'mix_magnitude', 'ideal_binary_mask', 'source_magnitudes'])
1.0093998908996582 GB allocated
3.701171875 GB reserved
dict_keys(['index', 'mixture_magnitude', 'mixture_phase', 'source_phase', 'mix_magnitude', 'ideal_binary_mask', 'source_magnitudes'])
1.0093998908996582 GB allocated
3.701171875 GB reserved
dict_keys(['index', 'mixture_magnitude', 'mixture_phase', 'source_phase', 'mix_magnitude', 'ideal_binary_mask', 'source_magnitudes'])
1.0093998908996582 GB allocated
3.701171875 GB reserved
dict_keys(['index', 'mixture_magnitude', 'mixture_phase', 'source_phase', 'mix_magnitude', 'ideal_binary_mask', 'source_magnitudes'])
1.0085468292236328 GB allocated
3.701171875 GB reserved
dict_keys(['index', 'mixture_magnitude', 'mixture_phase', 'source_phase', 'mix_magnitude', 'ideal_binary_mask', 'source_magnitudes'])
1.0093998908996582 GB allocated
3.701171875 GB reserved
dict_keys(['index', 'mixture_magnitude', 'mixture_phase', 'source_phase', 'mix_magnitude', 'ideal_binary_mask', 'source_magnitudes'])
[Validator] Epoch 8 - val_loss: 0.000019
[BEST CHECKPOINT] Guardado/actualizado en: checkpoints\Mis_modelos\lpsa_phase checkpoints\4stems\best_checkpoint_8_val_loss=-0.0000.pt
04/22/2026 02:15:33 PM | engine.py:1037 Engine run finished. Time taken: 00:01:09.109
[Epoch 8] train_loss=0.000016 | val_loss=0.000019
04/22/2026 02:15:33 PM | engine.py:1010 Epoch[8] Complete. Time taken: 00:03:00.714
04/22/2026 02:17:25 PM | engine.py:906 Engine run starting with max_epochs=1.
04/22/2026 02:18:27 PM | engine.py:1010 Epoch[1] Complete. Time taken: 00:01:02.059
1.0085468292236328 GB allocated
3.701171875 GB reserved
dict_keys(['index', 'mixture_magnitude', 'mixture_phase', 'source_phase', 'mix_magnitude', 'ideal_binary_mask', 'source_magnitudes'])
1.0093998908996582 GB allocated
3.701171875 GB reserved
dict_keys(['index', 'mixture_magnitude', 'mixture_phase', 'source_phase', 'mix_magnitude', 'ideal_binary_mask', 'source_magnitudes'])
1.0093998908996582 GB allocated
3.701171875 GB reserved
dict_keys(['index', 'mixture_magnitude', 'mixture_phase', 'source_phase', 'mix_magnitude', 'ideal_binary_mask', 'source_magnitudes'])
1.0093998908996582 GB allocated
3.701171875 GB reserved
dict_keys(['index', 'mixture_magnitude', 'mixture_phase', 'source_phase', 'mix_magnitude', 'ideal_binary_mask', 'source_magnitudes'])
1.0085468292236328 GB allocated
3.701171875 GB reserved
dict_keys(['index', 'mixture_magnitude', 'mixture_phase', 'source_phase', 'mix_magnitude', 'ideal_binary_mask', 'source_magnitudes'])
1.0093998908996582 GB allocated
3.701171875 GB reserved
dict_keys(['index', 'mixture_magnitude', 'mixture_phase', 'source_phase', 'mix_magnitude', 'ideal_binary_mask', 'source_magnitudes'])
1.0093998908996582 GB allocated
3.701171875 GB reserved
dict_keys(['index', 'mixture_magnitude', 'mixture_phase', 'source_phase', 'mix_magnitude', 'ideal_binary_mask', 'source_magnitudes'])
1.0093998908996582 GB allocated
3.701171875 GB reserved
dict_keys(['index', 'mixture_magnitude', 'mixture_phase', 'source_phase', 'mix_magnitude', 'ideal_binary_mask', 'source_magnitudes'])
1.0085468292236328 GB allocated
3.701171875 GB reserved
dict_keys(['index', 'mixture_magnitude', 'mixture_phase', 'source_phase', 'mix_magnitude', 'ideal_binary_mask', 'source_magnitudes'])
1.0093998908996582 GB allocated
3.701171875 GB reserved
dict_keys(['index', 'mixture_magnitude', 'mixture_phase', 'source_phase', 'mix_magnitude', 'ideal_binary_mask', 'source_magnitudes'])
[Validator] Epoch 9 - val_loss: 0.000018
[BEST CHECKPOINT] Guardado/actualizado en: checkpoints\Mis_modelos\lpsa_phase checkpoints\4stems\best_checkpoint_9_val_loss=-0.0000.pt
04/22/2026 02:18:27 PM | engine.py:1037 Engine run finished. Time taken: 00:01:02.069
[Epoch 9] train_loss=0.000017 | val_loss=0.000018
04/22/2026 02:18:27 PM | engine.py:1010 Epoch[9] Complete. Time taken: 00:02:53.370
04/22/2026 02:20:17 PM | engine.py:906 Engine run starting with max_epochs=1.
04/22/2026 02:21:27 PM | engine.py:1010 Epoch[1] Complete. Time taken: 00:01:09.417
1.0085468292236328 GB allocated
3.701171875 GB reserved
dict_keys(['index', 'mixture_magnitude', 'mixture_phase', 'source_phase', 'mix_magnitude', 'ideal_binary_mask', 'source_magnitudes'])
1.0093998908996582 GB allocated
3.701171875 GB reserved
dict_keys(['index', 'mixture_magnitude', 'mixture_phase', 'source_phase', 'mix_magnitude', 'ideal_binary_mask', 'source_magnitudes'])
1.0093998908996582 GB allocated
3.701171875 GB reserved
dict_keys(['index', 'mixture_magnitude', 'mixture_phase', 'source_phase', 'mix_magnitude', 'ideal_binary_mask', 'source_magnitudes'])
1.0093998908996582 GB allocated
3.701171875 GB reserved
dict_keys(['index', 'mixture_magnitude', 'mixture_phase', 'source_phase', 'mix_magnitude', 'ideal_binary_mask', 'source_magnitudes'])
1.0085468292236328 GB allocated
3.701171875 GB reserved
dict_keys(['index', 'mixture_magnitude', 'mixture_phase', 'source_phase', 'mix_magnitude', 'ideal_binary_mask', 'source_magnitudes'])
1.0093998908996582 GB allocated
3.701171875 GB reserved
dict_keys(['index', 'mixture_magnitude', 'mixture_phase', 'source_phase', 'mix_magnitude', 'ideal_binary_mask', 'source_magnitudes'])
1.0093998908996582 GB allocated
3.701171875 GB reserved
dict_keys(['index', 'mixture_magnitude', 'mixture_phase', 'source_phase', 'mix_magnitude', 'ideal_binary_mask', 'source_magnitudes'])
1.0093998908996582 GB allocated
3.701171875 GB reserved
dict_keys(['index', 'mixture_magnitude', 'mixture_phase', 'source_phase', 'mix_magnitude', 'ideal_binary_mask', 'source_magnitudes'])
1.0085468292236328 GB allocated
3.701171875 GB reserved
dict_keys(['index', 'mixture_magnitude', 'mixture_phase', 'source_phase', 'mix_magnitude', 'ideal_binary_mask', 'source_magnitudes'])
1.0093998908996582 GB allocated
3.701171875 GB reserved
dict_keys(['index', 'mixture_magnitude', 'mixture_phase', 'source_phase', 'mix_magnitude', 'ideal_binary_mask', 'source_magnitudes'])
[Validator] Epoch 10 - val_loss: 0.000017
[BEST CHECKPOINT] Guardado/actualizado en: checkpoints\Mis_modelos\lpsa_phase checkpoints\4stems\best_checkpoint_10_val_loss=-0.0000.pt
04/22/2026 02:21:27 PM | engine.py:1037 Engine run finished. Time taken: 00:01:09.426
[Epoch 10] train_loss=0.000015 | val_loss=0.000017
04/22/2026 02:21:27 PM | engine.py:1010 Epoch[10] Complete. Time taken: 00:03:00.086
04/22/2026 02:23:18 PM | engine.py:906 Engine run starting with max_epochs=1.
04/22/2026 02:24:26 PM | engine.py:1010 Epoch[1] Complete. Time taken: 00:01:08.007
1.0085468292236328 GB allocated
3.701171875 GB reserved
dict_keys(['index', 'mixture_magnitude', 'mixture_phase', 'source_phase', 'mix_magnitude', 'ideal_binary_mask', 'source_magnitudes'])
1.0093998908996582 GB allocated
3.701171875 GB reserved
dict_keys(['index', 'mixture_magnitude', 'mixture_phase', 'source_phase', 'mix_magnitude', 'ideal_binary_mask', 'source_magnitudes'])
1.0093998908996582 GB allocated
3.701171875 GB reserved
dict_keys(['index', 'mixture_magnitude', 'mixture_phase', 'source_phase', 'mix_magnitude', 'ideal_binary_mask', 'source_magnitudes'])
1.0093998908996582 GB allocated
3.701171875 GB reserved
dict_keys(['index', 'mixture_magnitude', 'mixture_phase', 'source_phase', 'mix_magnitude', 'ideal_binary_mask', 'source_magnitudes'])
1.0085468292236328 GB allocated
3.701171875 GB reserved
dict_keys(['index', 'mixture_magnitude', 'mixture_phase', 'source_phase', 'mix_magnitude', 'ideal_binary_mask', 'source_magnitudes'])
1.0093998908996582 GB allocated
3.701171875 GB reserved
dict_keys(['index', 'mixture_magnitude', 'mixture_phase', 'source_phase', 'mix_magnitude', 'ideal_binary_mask', 'source_magnitudes'])
1.0093998908996582 GB allocated
3.701171875 GB reserved
dict_keys(['index', 'mixture_magnitude', 'mixture_phase', 'source_phase', 'mix_magnitude', 'ideal_binary_mask', 'source_magnitudes'])
1.0093998908996582 GB allocated
3.701171875 GB reserved
dict_keys(['index', 'mixture_magnitude', 'mixture_phase', 'source_phase', 'mix_magnitude', 'ideal_binary_mask', 'source_magnitudes'])
1.0085468292236328 GB allocated
3.701171875 GB reserved
dict_keys(['index', 'mixture_magnitude', 'mixture_phase', 'source_phase', 'mix_magnitude', 'ideal_binary_mask', 'source_magnitudes'])
1.0093998908996582 GB allocated
3.701171875 GB reserved
dict_keys(['index', 'mixture_magnitude', 'mixture_phase', 'source_phase', 'mix_magnitude', 'ideal_binary_mask', 'source_magnitudes'])
[Validator] Epoch 11 - val_loss: 0.000016
[BEST CHECKPOINT] Guardado/actualizado en: checkpoints\Mis_modelos\lpsa_phase checkpoints\4stems\best_checkpoint_11_val_loss=-0.0000.pt
04/22/2026 02:24:26 PM | engine.py:1037 Engine run finished. Time taken: 00:01:08.016
[Epoch 11] train_loss=0.000015 | val_loss=0.000016
04/22/2026 02:24:26 PM | engine.py:1010 Epoch[11] Complete. Time taken: 00:02:59.357
04/22/2026 02:26:15 PM | engine.py:906 Engine run starting with max_epochs=1.
04/22/2026 02:27:20 PM | engine.py:1010 Epoch[1] Complete. Time taken: 00:01:05.668
1.0085468292236328 GB allocated
3.701171875 GB reserved
dict_keys(['index', 'mixture_magnitude', 'mixture_phase', 'source_phase', 'mix_magnitude', 'ideal_binary_mask', 'source_magnitudes'])
1.0093998908996582 GB allocated
3.701171875 GB reserved
dict_keys(['index', 'mixture_magnitude', 'mixture_phase', 'source_phase', 'mix_magnitude', 'ideal_binary_mask', 'source_magnitudes'])
1.0093998908996582 GB allocated
3.701171875 GB reserved
dict_keys(['index', 'mixture_magnitude', 'mixture_phase', 'source_phase', 'mix_magnitude', 'ideal_binary_mask', 'source_magnitudes'])
1.0093998908996582 GB allocated
3.701171875 GB reserved
dict_keys(['index', 'mixture_magnitude', 'mixture_phase', 'source_phase', 'mix_magnitude', 'ideal_binary_mask', 'source_magnitudes'])
1.0085468292236328 GB allocated
3.701171875 GB reserved
dict_keys(['index', 'mixture_magnitude', 'mixture_phase', 'source_phase', 'mix_magnitude', 'ideal_binary_mask', 'source_magnitudes'])
1.0093998908996582 GB allocated
3.701171875 GB reserved
dict_keys(['index', 'mixture_magnitude', 'mixture_phase', 'source_phase', 'mix_magnitude', 'ideal_binary_mask', 'source_magnitudes'])
1.0093998908996582 GB allocated
3.701171875 GB reserved
dict_keys(['index', 'mixture_magnitude', 'mixture_phase', 'source_phase', 'mix_magnitude', 'ideal_binary_mask', 'source_magnitudes'])
1.0093998908996582 GB allocated
3.701171875 GB reserved
dict_keys(['index', 'mixture_magnitude', 'mixture_phase', 'source_phase', 'mix_magnitude', 'ideal_binary_mask', 'source_magnitudes'])
1.0085468292236328 GB allocated
3.701171875 GB reserved
dict_keys(['index', 'mixture_magnitude', 'mixture_phase', 'source_phase', 'mix_magnitude', 'ideal_binary_mask', 'source_magnitudes'])
1.0093998908996582 GB allocated
3.701171875 GB reserved
dict_keys(['index', 'mixture_magnitude', 'mixture_phase', 'source_phase', 'mix_magnitude', 'ideal_binary_mask', 'source_magnitudes'])
[Validator] Epoch 12 - val_loss: 0.000016
[BEST CHECKPOINT] Guardado/actualizado en: checkpoints\Mis_modelos\lpsa_phase checkpoints\4stems\best_checkpoint_12_val_loss=-0.0000.pt
04/22/2026 02:27:20 PM | engine.py:1037 Engine run finished. Time taken: 00:01:05.678
[Epoch 12] train_loss=0.000014 | val_loss=0.000016
04/22/2026 02:27:20 PM | engine.py:1010 Epoch[12] Complete. Time taken: 00:02:54.155
04/22/2026 02:29:08 PM | engine.py:906 Engine run starting with max_epochs=1.
04/22/2026 02:30:15 PM | engine.py:1010 Epoch[1] Complete. Time taken: 00:01:06.653
1.0085468292236328 GB allocated
3.701171875 GB reserved
dict_keys(['index', 'mixture_magnitude', 'mixture_phase', 'source_phase', 'mix_magnitude', 'ideal_binary_mask', 'source_magnitudes'])
1.0093998908996582 GB allocated
3.701171875 GB reserved
dict_keys(['index', 'mixture_magnitude', 'mixture_phase', 'source_phase', 'mix_magnitude', 'ideal_binary_mask', 'source_magnitudes'])
1.0093998908996582 GB allocated
3.701171875 GB reserved
dict_keys(['index', 'mixture_magnitude', 'mixture_phase', 'source_phase', 'mix_magnitude', 'ideal_binary_mask', 'source_magnitudes'])
1.0093998908996582 GB allocated
3.701171875 GB reserved
dict_keys(['index', 'mixture_magnitude', 'mixture_phase', 'source_phase', 'mix_magnitude', 'ideal_binary_mask', 'source_magnitudes'])
1.0085468292236328 GB allocated
3.701171875 GB reserved
dict_keys(['index', 'mixture_magnitude', 'mixture_phase', 'source_phase', 'mix_magnitude', 'ideal_binary_mask', 'source_magnitudes'])
1.0093998908996582 GB allocated
3.701171875 GB reserved
dict_keys(['index', 'mixture_magnitude', 'mixture_phase', 'source_phase', 'mix_magnitude', 'ideal_binary_mask', 'source_magnitudes'])
1.0093998908996582 GB allocated
3.701171875 GB reserved
dict_keys(['index', 'mixture_magnitude', 'mixture_phase', 'source_phase', 'mix_magnitude', 'ideal_binary_mask', 'source_magnitudes'])
1.0093998908996582 GB allocated
3.701171875 GB reserved
dict_keys(['index', 'mixture_magnitude', 'mixture_phase', 'source_phase', 'mix_magnitude', 'ideal_binary_mask', 'source_magnitudes'])
1.0085468292236328 GB allocated
3.701171875 GB reserved
dict_keys(['index', 'mixture_magnitude', 'mixture_phase', 'source_phase', 'mix_magnitude', 'ideal_binary_mask', 'source_magnitudes'])
1.0093998908996582 GB allocated
3.701171875 GB reserved
dict_keys(['index', 'mixture_magnitude', 'mixture_phase', 'source_phase', 'mix_magnitude', 'ideal_binary_mask', 'source_magnitudes'])
[Validator] Epoch 13 - val_loss: 0.000015
[BEST CHECKPOINT] Guardado/actualizado en: checkpoints\Mis_modelos\lpsa_phase checkpoints\4stems\best_checkpoint_13_val_loss=-0.0000.pt
04/22/2026 02:30:15 PM | engine.py:1037 Engine run finished. Time taken: 00:01:06.662
[Epoch 13] train_loss=0.000013 | val_loss=0.000015
04/22/2026 02:30:15 PM | engine.py:1010 Epoch[13] Complete. Time taken: 00:02:54.559
04/22/2026 02:32:11 PM | engine.py:906 Engine run starting with max_epochs=1.
04/22/2026 02:33:17 PM | engine.py:1010 Epoch[1] Complete. Time taken: 00:01:06.724
1.0085468292236328 GB allocated
3.701171875 GB reserved
dict_keys(['index', 'mixture_magnitude', 'mixture_phase', 'source_phase', 'mix_magnitude', 'ideal_binary_mask', 'source_magnitudes'])
1.0093998908996582 GB allocated
3.701171875 GB reserved
dict_keys(['index', 'mixture_magnitude', 'mixture_phase', 'source_phase', 'mix_magnitude', 'ideal_binary_mask', 'source_magnitudes'])
1.0093998908996582 GB allocated
3.701171875 GB reserved
dict_keys(['index', 'mixture_magnitude', 'mixture_phase', 'source_phase', 'mix_magnitude', 'ideal_binary_mask', 'source_magnitudes'])
1.0093998908996582 GB allocated
3.701171875 GB reserved
dict_keys(['index', 'mixture_magnitude', 'mixture_phase', 'source_phase', 'mix_magnitude', 'ideal_binary_mask', 'source_magnitudes'])
1.0085468292236328 GB allocated
3.701171875 GB reserved
dict_keys(['index', 'mixture_magnitude', 'mixture_phase', 'source_phase', 'mix_magnitude', 'ideal_binary_mask', 'source_magnitudes'])
1.0093998908996582 GB allocated
3.701171875 GB reserved
dict_keys(['index', 'mixture_magnitude', 'mixture_phase', 'source_phase', 'mix_magnitude', 'ideal_binary_mask', 'source_magnitudes'])
1.0093998908996582 GB allocated
3.701171875 GB reserved
dict_keys(['index', 'mixture_magnitude', 'mixture_phase', 'source_phase', 'mix_magnitude', 'ideal_binary_mask', 'source_magnitudes'])
1.0093998908996582 GB allocated
3.701171875 GB reserved
dict_keys(['index', 'mixture_magnitude', 'mixture_phase', 'source_phase', 'mix_magnitude', 'ideal_binary_mask', 'source_magnitudes'])
1.0085468292236328 GB allocated
3.701171875 GB reserved
dict_keys(['index', 'mixture_magnitude', 'mixture_phase', 'source_phase', 'mix_magnitude', 'ideal_binary_mask', 'source_magnitudes'])
1.0093998908996582 GB allocated
3.701171875 GB reserved
dict_keys(['index', 'mixture_magnitude', 'mixture_phase', 'source_phase', 'mix_magnitude', 'ideal_binary_mask', 'source_magnitudes'])
[Validator] Epoch 14 - val_loss: 0.000015
[BEST CHECKPOINT] Guardado/actualizado en: checkpoints\Mis_modelos\lpsa_phase checkpoints\4stems\best_checkpoint_14_val_loss=-0.0000.pt
04/22/2026 02:33:17 PM | engine.py:1037 Engine run finished. Time taken: 00:01:06.732
[Epoch 14] train_loss=0.000012 | val_loss=0.000015
04/22/2026 02:33:17 PM | engine.py:1010 Epoch[14] Complete. Time taken: 00:03:02.704
04/22/2026 02:35:02 PM | engine.py:906 Engine run starting with max_epochs=1.
04/22/2026 02:36:08 PM | engine.py:1010 Epoch[1] Complete. Time taken: 00:01:05.519
1.0085468292236328 GB allocated
3.701171875 GB reserved
dict_keys(['index', 'mixture_magnitude', 'mixture_phase', 'source_phase', 'mix_magnitude', 'ideal_binary_mask', 'source_magnitudes'])
1.0093998908996582 GB allocated
3.701171875 GB reserved
dict_keys(['index', 'mixture_magnitude', 'mixture_phase', 'source_phase', 'mix_magnitude', 'ideal_binary_mask', 'source_magnitudes'])
1.0093998908996582 GB allocated
3.701171875 GB reserved
dict_keys(['index', 'mixture_magnitude', 'mixture_phase', 'source_phase', 'mix_magnitude', 'ideal_binary_mask', 'source_magnitudes'])
1.0093998908996582 GB allocated
3.701171875 GB reserved
dict_keys(['index', 'mixture_magnitude', 'mixture_phase', 'source_phase', 'mix_magnitude', 'ideal_binary_mask', 'source_magnitudes'])
1.0085468292236328 GB allocated
3.701171875 GB reserved
dict_keys(['index', 'mixture_magnitude', 'mixture_phase', 'source_phase', 'mix_magnitude', 'ideal_binary_mask', 'source_magnitudes'])
1.0093998908996582 GB allocated
3.701171875 GB reserved
dict_keys(['index', 'mixture_magnitude', 'mixture_phase', 'source_phase', 'mix_magnitude', 'ideal_binary_mask', 'source_magnitudes'])
1.0093998908996582 GB allocated
3.701171875 GB reserved
dict_keys(['index', 'mixture_magnitude', 'mixture_phase', 'source_phase', 'mix_magnitude', 'ideal_binary_mask', 'source_magnitudes'])
1.0093998908996582 GB allocated
3.701171875 GB reserved
dict_keys(['index', 'mixture_magnitude', 'mixture_phase', 'source_phase', 'mix_magnitude', 'ideal_binary_mask', 'source_magnitudes'])
1.0085468292236328 GB allocated
3.701171875 GB reserved
dict_keys(['index', 'mixture_magnitude', 'mixture_phase', 'source_phase', 'mix_magnitude', 'ideal_binary_mask', 'source_magnitudes'])
1.0093998908996582 GB allocated
3.701171875 GB reserved
dict_keys(['index', 'mixture_magnitude', 'mixture_phase', 'source_phase', 'mix_magnitude', 'ideal_binary_mask', 'source_magnitudes'])
[Validator] Epoch 15 - val_loss: 0.000014
[BEST CHECKPOINT] Guardado/actualizado en: checkpoints\Mis_modelos\lpsa_phase checkpoints\4stems\best_checkpoint_15_val_loss=-0.0000.pt
04/22/2026 02:36:08 PM | engine.py:1037 Engine run finished. Time taken: 00:01:05.530
[Epoch 15] train_loss=0.000013 | val_loss=0.000014
04/22/2026 02:36:08 PM | engine.py:1010 Epoch[15] Complete. Time taken: 00:02:50.026
04/22/2026 02:37:51 PM | engine.py:906 Engine run starting with max_epochs=1.
04/22/2026 02:38:53 PM | engine.py:1010 Epoch[1] Complete. Time taken: 00:01:01.566
1.0085468292236328 GB allocated
3.701171875 GB reserved
dict_keys(['index', 'mixture_magnitude', 'mixture_phase', 'source_phase', 'mix_magnitude', 'ideal_binary_mask', 'source_magnitudes'])
1.0093998908996582 GB allocated
3.701171875 GB reserved
dict_keys(['index', 'mixture_magnitude', 'mixture_phase', 'source_phase', 'mix_magnitude', 'ideal_binary_mask', 'source_magnitudes'])
1.0093998908996582 GB allocated
3.701171875 GB reserved
dict_keys(['index', 'mixture_magnitude', 'mixture_phase', 'source_phase', 'mix_magnitude', 'ideal_binary_mask', 'source_magnitudes'])
1.0093998908996582 GB allocated
3.701171875 GB reserved
dict_keys(['index', 'mixture_magnitude', 'mixture_phase', 'source_phase', 'mix_magnitude', 'ideal_binary_mask', 'source_magnitudes'])
1.0085468292236328 GB allocated
3.701171875 GB reserved
dict_keys(['index', 'mixture_magnitude', 'mixture_phase', 'source_phase', 'mix_magnitude', 'ideal_binary_mask', 'source_magnitudes'])
1.0093998908996582 GB allocated
3.701171875 GB reserved
dict_keys(['index', 'mixture_magnitude', 'mixture_phase', 'source_phase', 'mix_magnitude', 'ideal_binary_mask', 'source_magnitudes'])
1.0093998908996582 GB allocated
3.701171875 GB reserved
dict_keys(['index', 'mixture_magnitude', 'mixture_phase', 'source_phase', 'mix_magnitude', 'ideal_binary_mask', 'source_magnitudes'])
1.0093998908996582 GB allocated
3.701171875 GB reserved
dict_keys(['index', 'mixture_magnitude', 'mixture_phase', 'source_phase', 'mix_magnitude', 'ideal_binary_mask', 'source_magnitudes'])
1.0085468292236328 GB allocated
3.701171875 GB reserved
dict_keys(['index', 'mixture_magnitude', 'mixture_phase', 'source_phase', 'mix_magnitude', 'ideal_binary_mask', 'source_magnitudes'])
1.0093998908996582 GB allocated
3.701171875 GB reserved
dict_keys(['index', 'mixture_magnitude', 'mixture_phase', 'source_phase', 'mix_magnitude', 'ideal_binary_mask', 'source_magnitudes'])
[Validator] Epoch 16 - val_loss: 0.000014
[BEST CHECKPOINT] Guardado/actualizado en: checkpoints\Mis_modelos\lpsa_phase checkpoints\4stems\best_checkpoint_16_val_loss=-0.0000.pt
04/22/2026 02:38:53 PM | engine.py:1037 Engine run finished. Time taken: 00:01:01.575
[Epoch 16] train_loss=0.000012 | val_loss=0.000014
04/22/2026 02:38:53 PM | engine.py:1010 Epoch[16] Complete. Time taken: 00:02:45.366
04/22/2026 02:40:44 PM | engine.py:906 Engine run starting with max_epochs=1.
04/22/2026 02:41:50 PM | engine.py:1010 Epoch[1] Complete. Time taken: 00:01:05.816
1.0085468292236328 GB allocated
3.701171875 GB reserved
dict_keys(['index', 'mixture_magnitude', 'mixture_phase', 'source_phase', 'mix_magnitude', 'ideal_binary_mask', 'source_magnitudes'])
1.0093998908996582 GB allocated
3.701171875 GB reserved
dict_keys(['index', 'mixture_magnitude', 'mixture_phase', 'source_phase', 'mix_magnitude', 'ideal_binary_mask', 'source_magnitudes'])
1.0093998908996582 GB allocated
3.701171875 GB reserved
dict_keys(['index', 'mixture_magnitude', 'mixture_phase', 'source_phase', 'mix_magnitude', 'ideal_binary_mask', 'source_magnitudes'])
1.0093998908996582 GB allocated
3.701171875 GB reserved
dict_keys(['index', 'mixture_magnitude', 'mixture_phase', 'source_phase', 'mix_magnitude', 'ideal_binary_mask', 'source_magnitudes'])
1.0085468292236328 GB allocated
3.701171875 GB reserved
dict_keys(['index', 'mixture_magnitude', 'mixture_phase', 'source_phase', 'mix_magnitude', 'ideal_binary_mask', 'source_magnitudes'])
1.0093998908996582 GB allocated
3.701171875 GB reserved
dict_keys(['index', 'mixture_magnitude', 'mixture_phase', 'source_phase', 'mix_magnitude', 'ideal_binary_mask', 'source_magnitudes'])
1.0093998908996582 GB allocated
3.701171875 GB reserved
dict_keys(['index', 'mixture_magnitude', 'mixture_phase', 'source_phase', 'mix_magnitude', 'ideal_binary_mask', 'source_magnitudes'])
1.0093998908996582 GB allocated
3.701171875 GB reserved
dict_keys(['index', 'mixture_magnitude', 'mixture_phase', 'source_phase', 'mix_magnitude', 'ideal_binary_mask', 'source_magnitudes'])
1.0085468292236328 GB allocated
3.701171875 GB reserved
dict_keys(['index', 'mixture_magnitude', 'mixture_phase', 'source_phase', 'mix_magnitude', 'ideal_binary_mask', 'source_magnitudes'])
1.0093998908996582 GB allocated
3.701171875 GB reserved
dict_keys(['index', 'mixture_magnitude', 'mixture_phase', 'source_phase', 'mix_magnitude', 'ideal_binary_mask', 'source_magnitudes'])
[Validator] Epoch 17 - val_loss: 0.000014
[BEST CHECKPOINT] Guardado/actualizado en: checkpoints\Mis_modelos\lpsa_phase checkpoints\4stems\best_checkpoint_17_val_loss=-0.0000.pt
04/22/2026 02:41:50 PM | engine.py:1037 Engine run finished. Time taken: 00:01:05.825
[Epoch 17] train_loss=0.000013 | val_loss=0.000014
04/22/2026 02:41:50 PM | engine.py:1010 Epoch[17] Complete. Time taken: 00:02:56.815
04/22/2026 02:43:34 PM | engine.py:906 Engine run starting with max_epochs=1.
04/22/2026 02:44:42 PM | engine.py:1010 Epoch[1] Complete. Time taken: 00:01:07.736
1.0085468292236328 GB allocated
3.701171875 GB reserved
dict_keys(['index', 'mixture_magnitude', 'mixture_phase', 'source_phase', 'mix_magnitude', 'ideal_binary_mask', 'source_magnitudes'])
1.0093998908996582 GB allocated
3.701171875 GB reserved
dict_keys(['index', 'mixture_magnitude', 'mixture_phase', 'source_phase', 'mix_magnitude', 'ideal_binary_mask', 'source_magnitudes'])
1.0093998908996582 GB allocated
3.701171875 GB reserved
dict_keys(['index', 'mixture_magnitude', 'mixture_phase', 'source_phase', 'mix_magnitude', 'ideal_binary_mask', 'source_magnitudes'])
1.0093998908996582 GB allocated
3.701171875 GB reserved
dict_keys(['index', 'mixture_magnitude', 'mixture_phase', 'source_phase', 'mix_magnitude', 'ideal_binary_mask', 'source_magnitudes'])
1.0085468292236328 GB allocated
3.701171875 GB reserved
dict_keys(['index', 'mixture_magnitude', 'mixture_phase', 'source_phase', 'mix_magnitude', 'ideal_binary_mask', 'source_magnitudes'])
1.0093998908996582 GB allocated
3.701171875 GB reserved
dict_keys(['index', 'mixture_magnitude', 'mixture_phase', 'source_phase', 'mix_magnitude', 'ideal_binary_mask', 'source_magnitudes'])
1.0093998908996582 GB allocated
3.701171875 GB reserved
dict_keys(['index', 'mixture_magnitude', 'mixture_phase', 'source_phase', 'mix_magnitude', 'ideal_binary_mask', 'source_magnitudes'])
1.0093998908996582 GB allocated
3.701171875 GB reserved
dict_keys(['index', 'mixture_magnitude', 'mixture_phase', 'source_phase', 'mix_magnitude', 'ideal_binary_mask', 'source_magnitudes'])
1.0085468292236328 GB allocated
3.701171875 GB reserved
dict_keys(['index', 'mixture_magnitude', 'mixture_phase', 'source_phase', 'mix_magnitude', 'ideal_binary_mask', 'source_magnitudes'])
1.0093998908996582 GB allocated
3.701171875 GB reserved
dict_keys(['index', 'mixture_magnitude', 'mixture_phase', 'source_phase', 'mix_magnitude', 'ideal_binary_mask', 'source_magnitudes'])
[Validator] Epoch 18 - val_loss: 0.000013
[BEST CHECKPOINT] Guardado/actualizado en: checkpoints\Mis_modelos\lpsa_phase checkpoints\4stems\best_checkpoint_18_val_loss=-0.0000.pt
04/22/2026 02:44:42 PM | engine.py:1037 Engine run finished. Time taken: 00:01:07.748
[Epoch 18] train_loss=0.000012 | val_loss=0.000013
04/22/2026 02:44:42 PM | engine.py:1010 Epoch[18] Complete. Time taken: 00:02:52.046
04/22/2026 02:46:32 PM | engine.py:906 Engine run starting with max_epochs=1.
04/22/2026 02:47:42 PM | engine.py:1010 Epoch[1] Complete. Time taken: 00:01:10.261
1.0085468292236328 GB allocated
3.701171875 GB reserved
dict_keys(['index', 'mixture_magnitude', 'mixture_phase', 'source_phase', 'mix_magnitude', 'ideal_binary_mask', 'source_magnitudes'])
1.0093998908996582 GB allocated
3.701171875 GB reserved
dict_keys(['index', 'mixture_magnitude', 'mixture_phase', 'source_phase', 'mix_magnitude', 'ideal_binary_mask', 'source_magnitudes'])
1.0093998908996582 GB allocated
3.701171875 GB reserved
dict_keys(['index', 'mixture_magnitude', 'mixture_phase', 'source_phase', 'mix_magnitude', 'ideal_binary_mask', 'source_magnitudes'])
1.0093998908996582 GB allocated
3.701171875 GB reserved
dict_keys(['index', 'mixture_magnitude', 'mixture_phase', 'source_phase', 'mix_magnitude', 'ideal_binary_mask', 'source_magnitudes'])
1.0085468292236328 GB allocated
3.701171875 GB reserved
dict_keys(['index', 'mixture_magnitude', 'mixture_phase', 'source_phase', 'mix_magnitude', 'ideal_binary_mask', 'source_magnitudes'])
1.0093998908996582 GB allocated
3.701171875 GB reserved
dict_keys(['index', 'mixture_magnitude', 'mixture_phase', 'source_phase', 'mix_magnitude', 'ideal_binary_mask', 'source_magnitudes'])
1.0093998908996582 GB allocated
3.701171875 GB reserved
dict_keys(['index', 'mixture_magnitude', 'mixture_phase', 'source_phase', 'mix_magnitude', 'ideal_binary_mask', 'source_magnitudes'])
1.0093998908996582 GB allocated
3.701171875 GB reserved
dict_keys(['index', 'mixture_magnitude', 'mixture_phase', 'source_phase', 'mix_magnitude', 'ideal_binary_mask', 'source_magnitudes'])
1.0085468292236328 GB allocated
3.701171875 GB reserved
dict_keys(['index', 'mixture_magnitude', 'mixture_phase', 'source_phase', 'mix_magnitude', 'ideal_binary_mask', 'source_magnitudes'])
1.0093998908996582 GB allocated
3.701171875 GB reserved
dict_keys(['index', 'mixture_magnitude', 'mixture_phase', 'source_phase', 'mix_magnitude', 'ideal_binary_mask', 'source_magnitudes'])
[Validator] Epoch 19 - val_loss: 0.000013
[BEST CHECKPOINT] Guardado/actualizado en: checkpoints\Mis_modelos\lpsa_phase checkpoints\4stems\best_checkpoint_19_val_loss=-0.0000.pt
04/22/2026 02:47:42 PM | engine.py:1037 Engine run finished. Time taken: 00:01:10.270
[Epoch 19] train_loss=0.000012 | val_loss=0.000013
04/22/2026 02:47:42 PM | engine.py:1010 Epoch[19] Complete. Time taken: 00:03:00.493
04/22/2026 02:49:36 PM | engine.py:906 Engine run starting with max_epochs=1.
04/22/2026 02:50:47 PM | engine.py:1010 Epoch[1] Complete. Time taken: 00:01:11.099
1.0085468292236328 GB allocated
3.701171875 GB reserved
dict_keys(['index', 'mixture_magnitude', 'mixture_phase', 'source_phase', 'mix_magnitude', 'ideal_binary_mask', 'source_magnitudes'])
1.0093998908996582 GB allocated
3.701171875 GB reserved
dict_keys(['index', 'mixture_magnitude', 'mixture_phase', 'source_phase', 'mix_magnitude', 'ideal_binary_mask', 'source_magnitudes'])
1.0093998908996582 GB allocated
3.701171875 GB reserved
dict_keys(['index', 'mixture_magnitude', 'mixture_phase', 'source_phase', 'mix_magnitude', 'ideal_binary_mask', 'source_magnitudes'])
1.0093998908996582 GB allocated
3.701171875 GB reserved
dict_keys(['index', 'mixture_magnitude', 'mixture_phase', 'source_phase', 'mix_magnitude', 'ideal_binary_mask', 'source_magnitudes'])
1.0085468292236328 GB allocated
3.701171875 GB reserved
dict_keys(['index', 'mixture_magnitude', 'mixture_phase', 'source_phase', 'mix_magnitude', 'ideal_binary_mask', 'source_magnitudes'])
1.0093998908996582 GB allocated
3.701171875 GB reserved
dict_keys(['index', 'mixture_magnitude', 'mixture_phase', 'source_phase', 'mix_magnitude', 'ideal_binary_mask', 'source_magnitudes'])
1.0093998908996582 GB allocated
3.701171875 GB reserved
dict_keys(['index', 'mixture_magnitude', 'mixture_phase', 'source_phase', 'mix_magnitude', 'ideal_binary_mask', 'source_magnitudes'])
1.0093998908996582 GB allocated
3.701171875 GB reserved
dict_keys(['index', 'mixture_magnitude', 'mixture_phase', 'source_phase', 'mix_magnitude', 'ideal_binary_mask', 'source_magnitudes'])
1.0085468292236328 GB allocated
3.701171875 GB reserved
dict_keys(['index', 'mixture_magnitude', 'mixture_phase', 'source_phase', 'mix_magnitude', 'ideal_binary_mask', 'source_magnitudes'])
1.0093998908996582 GB allocated
3.701171875 GB reserved
dict_keys(['index', 'mixture_magnitude', 'mixture_phase', 'source_phase', 'mix_magnitude', 'ideal_binary_mask', 'source_magnitudes'])
[Validator] Epoch 20 - val_loss: 0.000013
[BEST CHECKPOINT] Guardado/actualizado en: checkpoints\Mis_modelos\lpsa_phase checkpoints\4stems\best_checkpoint_20_val_loss=-0.0000.pt
04/22/2026 02:50:47 PM | engine.py:1037 Engine run finished. Time taken: 00:01:11.110
[Epoch 20] train_loss=0.000011 | val_loss=0.000013
04/22/2026 02:50:47 PM | engine.py:1010 Epoch[20] Complete. Time taken: 00:03:05.152
04/22/2026 02:52:33 PM | engine.py:906 Engine run starting with max_epochs=1.
04/22/2026 02:53:34 PM | engine.py:1010 Epoch[1] Complete. Time taken: 00:01:00.655
1.0085468292236328 GB allocated
3.701171875 GB reserved
dict_keys(['index', 'mixture_magnitude', 'mixture_phase', 'source_phase', 'mix_magnitude', 'ideal_binary_mask', 'source_magnitudes'])
1.0093998908996582 GB allocated
3.701171875 GB reserved
dict_keys(['index', 'mixture_magnitude', 'mixture_phase', 'source_phase', 'mix_magnitude', 'ideal_binary_mask', 'source_magnitudes'])
1.0093998908996582 GB allocated
3.701171875 GB reserved
dict_keys(['index', 'mixture_magnitude', 'mixture_phase', 'source_phase', 'mix_magnitude', 'ideal_binary_mask', 'source_magnitudes'])
1.0093998908996582 GB allocated
3.701171875 GB reserved
dict_keys(['index', 'mixture_magnitude', 'mixture_phase', 'source_phase', 'mix_magnitude', 'ideal_binary_mask', 'source_magnitudes'])
1.0085468292236328 GB allocated
3.701171875 GB reserved
dict_keys(['index', 'mixture_magnitude', 'mixture_phase', 'source_phase', 'mix_magnitude', 'ideal_binary_mask', 'source_magnitudes'])
1.0093998908996582 GB allocated
3.701171875 GB reserved
dict_keys(['index', 'mixture_magnitude', 'mixture_phase', 'source_phase', 'mix_magnitude', 'ideal_binary_mask', 'source_magnitudes'])
1.0093998908996582 GB allocated
3.701171875 GB reserved
dict_keys(['index', 'mixture_magnitude', 'mixture_phase', 'source_phase', 'mix_magnitude', 'ideal_binary_mask', 'source_magnitudes'])
1.0093998908996582 GB allocated
3.701171875 GB reserved
dict_keys(['index', 'mixture_magnitude', 'mixture_phase', 'source_phase', 'mix_magnitude', 'ideal_binary_mask', 'source_magnitudes'])
1.0085468292236328 GB allocated
3.701171875 GB reserved
dict_keys(['index', 'mixture_magnitude', 'mixture_phase', 'source_phase', 'mix_magnitude', 'ideal_binary_mask', 'source_magnitudes'])
1.0093998908996582 GB allocated
3.701171875 GB reserved
dict_keys(['index', 'mixture_magnitude', 'mixture_phase', 'source_phase', 'mix_magnitude', 'ideal_binary_mask', 'source_magnitudes'])
[Validator] Epoch 21 - val_loss: 0.000013
[BEST CHECKPOINT] Guardado/actualizado en: checkpoints\Mis_modelos\lpsa_phase checkpoints\4stems\best_checkpoint_21_val_loss=-0.0000.pt
04/22/2026 02:53:34 PM | engine.py:1037 Engine run finished. Time taken: 00:01:00.664
[Epoch 21] train_loss=0.000011 | val_loss=0.000013
04/22/2026 02:53:34 PM | engine.py:1010 Epoch[21] Complete. Time taken: 00:02:46.333
04/22/2026 02:55:15 PM | engine.py:906 Engine run starting with max_epochs=1.
04/22/2026 02:56:16 PM | engine.py:1010 Epoch[1] Complete. Time taken: 00:01:00.815
1.0085468292236328 GB allocated
3.701171875 GB reserved
dict_keys(['index', 'mixture_magnitude', 'mixture_phase', 'source_phase', 'mix_magnitude', 'ideal_binary_mask', 'source_magnitudes'])
1.0093998908996582 GB allocated
3.701171875 GB reserved
dict_keys(['index', 'mixture_magnitude', 'mixture_phase', 'source_phase', 'mix_magnitude', 'ideal_binary_mask', 'source_magnitudes'])
1.0093998908996582 GB allocated
3.701171875 GB reserved
dict_keys(['index', 'mixture_magnitude', 'mixture_phase', 'source_phase', 'mix_magnitude', 'ideal_binary_mask', 'source_magnitudes'])
1.0093998908996582 GB allocated
3.701171875 GB reserved
dict_keys(['index', 'mixture_magnitude', 'mixture_phase', 'source_phase', 'mix_magnitude', 'ideal_binary_mask', 'source_magnitudes'])
1.0085468292236328 GB allocated
3.701171875 GB reserved
dict_keys(['index', 'mixture_magnitude', 'mixture_phase', 'source_phase', 'mix_magnitude', 'ideal_binary_mask', 'source_magnitudes'])
1.0093998908996582 GB allocated
3.701171875 GB reserved
dict_keys(['index', 'mixture_magnitude', 'mixture_phase', 'source_phase', 'mix_magnitude', 'ideal_binary_mask', 'source_magnitudes'])
1.0093998908996582 GB allocated
3.701171875 GB reserved
dict_keys(['index', 'mixture_magnitude', 'mixture_phase', 'source_phase', 'mix_magnitude', 'ideal_binary_mask', 'source_magnitudes'])
1.0093998908996582 GB allocated
3.701171875 GB reserved
dict_keys(['index', 'mixture_magnitude', 'mixture_phase', 'source_phase', 'mix_magnitude', 'ideal_binary_mask', 'source_magnitudes'])
1.0085468292236328 GB allocated
3.701171875 GB reserved
dict_keys(['index', 'mixture_magnitude', 'mixture_phase', 'source_phase', 'mix_magnitude', 'ideal_binary_mask', 'source_magnitudes'])
1.0093998908996582 GB allocated
3.701171875 GB reserved
dict_keys(['index', 'mixture_magnitude', 'mixture_phase', 'source_phase', 'mix_magnitude', 'ideal_binary_mask', 'source_magnitudes'])
[Validator] Epoch 22 - val_loss: 0.000013
[BEST CHECKPOINT] Guardado/actualizado en: checkpoints\Mis_modelos\lpsa_phase checkpoints\4stems\best_checkpoint_22_val_loss=-0.0000.pt
04/22/2026 02:56:16 PM | engine.py:1037 Engine run finished. Time taken: 00:01:00.823
[Epoch 22] train_loss=0.000011 | val_loss=0.000013
04/22/2026 02:56:16 PM | engine.py:1010 Epoch[22] Complete. Time taken: 00:02:42.103
04/22/2026 02:58:01 PM | engine.py:906 Engine run starting with max_epochs=1.
04/22/2026 02:59:03 PM | engine.py:1010 Epoch[1] Complete. Time taken: 00:01:02.181
1.0085468292236328 GB allocated
3.701171875 GB reserved
dict_keys(['index', 'mixture_magnitude', 'mixture_phase', 'source_phase', 'mix_magnitude', 'ideal_binary_mask', 'source_magnitudes'])
1.0093998908996582 GB allocated
3.701171875 GB reserved
dict_keys(['index', 'mixture_magnitude', 'mixture_phase', 'source_phase', 'mix_magnitude', 'ideal_binary_mask', 'source_magnitudes'])
1.0093998908996582 GB allocated
3.701171875 GB reserved
dict_keys(['index', 'mixture_magnitude', 'mixture_phase', 'source_phase', 'mix_magnitude', 'ideal_binary_mask', 'source_magnitudes'])
1.0093998908996582 GB allocated
3.701171875 GB reserved
dict_keys(['index', 'mixture_magnitude', 'mixture_phase', 'source_phase', 'mix_magnitude', 'ideal_binary_mask', 'source_magnitudes'])
1.0085468292236328 GB allocated
3.701171875 GB reserved
dict_keys(['index', 'mixture_magnitude', 'mixture_phase', 'source_phase', 'mix_magnitude', 'ideal_binary_mask', 'source_magnitudes'])
1.0093998908996582 GB allocated
3.701171875 GB reserved
dict_keys(['index', 'mixture_magnitude', 'mixture_phase', 'source_phase', 'mix_magnitude', 'ideal_binary_mask', 'source_magnitudes'])
1.0093998908996582 GB allocated
3.701171875 GB reserved
dict_keys(['index', 'mixture_magnitude', 'mixture_phase', 'source_phase', 'mix_magnitude', 'ideal_binary_mask', 'source_magnitudes'])
1.0093998908996582 GB allocated
3.701171875 GB reserved
dict_keys(['index', 'mixture_magnitude', 'mixture_phase', 'source_phase', 'mix_magnitude', 'ideal_binary_mask', 'source_magnitudes'])
1.0085468292236328 GB allocated
3.701171875 GB reserved
dict_keys(['index', 'mixture_magnitude', 'mixture_phase', 'source_phase', 'mix_magnitude', 'ideal_binary_mask', 'source_magnitudes'])
1.0093998908996582 GB allocated
3.701171875 GB reserved
dict_keys(['index', 'mixture_magnitude', 'mixture_phase', 'source_phase', 'mix_magnitude', 'ideal_binary_mask', 'source_magnitudes'])
[Validator] Epoch 23 - val_loss: 0.000013
[BEST CHECKPOINT] Guardado/actualizado en: checkpoints\Mis_modelos\lpsa_phase checkpoints\4stems\best_checkpoint_23_val_loss=-0.0000.pt
04/22/2026 02:59:03 PM | engine.py:1037 Engine run finished. Time taken: 00:01:02.191
[Epoch 23] train_loss=0.000012 | val_loss=0.000013
04/22/2026 02:59:03 PM | engine.py:1010 Epoch[23] Complete. Time taken: 00:02:46.885
04/22/2026 03:00:47 PM | engine.py:906 Engine run starting with max_epochs=1.
04/22/2026 03:01:53 PM | engine.py:1010 Epoch[1] Complete. Time taken: 00:01:05.147
1.0085468292236328 GB allocated
3.701171875 GB reserved
dict_keys(['index', 'mixture_magnitude', 'mixture_phase', 'source_phase', 'mix_magnitude', 'ideal_binary_mask', 'source_magnitudes'])
1.0093998908996582 GB allocated
3.701171875 GB reserved
dict_keys(['index', 'mixture_magnitude', 'mixture_phase', 'source_phase', 'mix_magnitude', 'ideal_binary_mask', 'source_magnitudes'])
1.0093998908996582 GB allocated
3.701171875 GB reserved
dict_keys(['index', 'mixture_magnitude', 'mixture_phase', 'source_phase', 'mix_magnitude', 'ideal_binary_mask', 'source_magnitudes'])
1.0093998908996582 GB allocated
3.701171875 GB reserved
dict_keys(['index', 'mixture_magnitude', 'mixture_phase', 'source_phase', 'mix_magnitude', 'ideal_binary_mask', 'source_magnitudes'])
1.0085468292236328 GB allocated
3.701171875 GB reserved
dict_keys(['index', 'mixture_magnitude', 'mixture_phase', 'source_phase', 'mix_magnitude', 'ideal_binary_mask', 'source_magnitudes'])
1.0093998908996582 GB allocated
3.701171875 GB reserved
dict_keys(['index', 'mixture_magnitude', 'mixture_phase', 'source_phase', 'mix_magnitude', 'ideal_binary_mask', 'source_magnitudes'])
1.0093998908996582 GB allocated
3.701171875 GB reserved
dict_keys(['index', 'mixture_magnitude', 'mixture_phase', 'source_phase', 'mix_magnitude', 'ideal_binary_mask', 'source_magnitudes'])
1.0093998908996582 GB allocated
3.701171875 GB reserved
dict_keys(['index', 'mixture_magnitude', 'mixture_phase', 'source_phase', 'mix_magnitude', 'ideal_binary_mask', 'source_magnitudes'])
1.0085468292236328 GB allocated
3.701171875 GB reserved
dict_keys(['index', 'mixture_magnitude', 'mixture_phase', 'source_phase', 'mix_magnitude', 'ideal_binary_mask', 'source_magnitudes'])
1.0093998908996582 GB allocated
3.701171875 GB reserved
dict_keys(['index', 'mixture_magnitude', 'mixture_phase', 'source_phase', 'mix_magnitude', 'ideal_binary_mask', 'source_magnitudes'])
[Validator] Epoch 24 - val_loss: 0.000012
[BEST CHECKPOINT] Guardado/actualizado en: checkpoints\Mis_modelos\lpsa_phase checkpoints\4stems\best_checkpoint_24_val_loss=-0.0000.pt
04/22/2026 03:01:53 PM | engine.py:1037 Engine run finished. Time taken: 00:01:05.157
[Epoch 24] train_loss=0.000011 | val_loss=0.000012
04/22/2026 03:01:53 PM | engine.py:1010 Epoch[24] Complete. Time taken: 00:02:49.923
04/22/2026 03:03:42 PM | engine.py:906 Engine run starting with max_epochs=1.
04/22/2026 03:04:49 PM | engine.py:1010 Epoch[1] Complete. Time taken: 00:01:06.696
1.0085468292236328 GB allocated
3.701171875 GB reserved
dict_keys(['index', 'mixture_magnitude', 'mixture_phase', 'source_phase', 'mix_magnitude', 'ideal_binary_mask', 'source_magnitudes'])
1.0093998908996582 GB allocated
3.701171875 GB reserved
dict_keys(['index', 'mixture_magnitude', 'mixture_phase', 'source_phase', 'mix_magnitude', 'ideal_binary_mask', 'source_magnitudes'])
1.0093998908996582 GB allocated
3.701171875 GB reserved
dict_keys(['index', 'mixture_magnitude', 'mixture_phase', 'source_phase', 'mix_magnitude', 'ideal_binary_mask', 'source_magnitudes'])
1.0093998908996582 GB allocated
3.701171875 GB reserved
dict_keys(['index', 'mixture_magnitude', 'mixture_phase', 'source_phase', 'mix_magnitude', 'ideal_binary_mask', 'source_magnitudes'])
1.0085468292236328 GB allocated
3.701171875 GB reserved
dict_keys(['index', 'mixture_magnitude', 'mixture_phase', 'source_phase', 'mix_magnitude', 'ideal_binary_mask', 'source_magnitudes'])
1.0093998908996582 GB allocated
3.701171875 GB reserved
dict_keys(['index', 'mixture_magnitude', 'mixture_phase', 'source_phase', 'mix_magnitude', 'ideal_binary_mask', 'source_magnitudes'])
1.0093998908996582 GB allocated
3.701171875 GB reserved
dict_keys(['index', 'mixture_magnitude', 'mixture_phase', 'source_phase', 'mix_magnitude', 'ideal_binary_mask', 'source_magnitudes'])
1.0093998908996582 GB allocated
3.701171875 GB reserved
dict_keys(['index', 'mixture_magnitude', 'mixture_phase', 'source_phase', 'mix_magnitude', 'ideal_binary_mask', 'source_magnitudes'])
1.0085468292236328 GB allocated
3.701171875 GB reserved
dict_keys(['index', 'mixture_magnitude', 'mixture_phase', 'source_phase', 'mix_magnitude', 'ideal_binary_mask', 'source_magnitudes'])
1.0093998908996582 GB allocated
3.701171875 GB reserved
dict_keys(['index', 'mixture_magnitude', 'mixture_phase', 'source_phase', 'mix_magnitude', 'ideal_binary_mask', 'source_magnitudes'])
[Validator] Epoch 25 - val_loss: 0.000012
[BEST CHECKPOINT] Guardado/actualizado en: checkpoints\Mis_modelos\lpsa_phase checkpoints\4stems\best_checkpoint_25_val_loss=-0.0000.pt
04/22/2026 03:04:49 PM | engine.py:1037 Engine run finished. Time taken: 00:01:06.705
[Epoch 25] train_loss=0.000011 | val_loss=0.000012
04/22/2026 03:04:49 PM | engine.py:1010 Epoch[25] Complete. Time taken: 00:02:55.891
04/22/2026 03:06:32 PM | engine.py:906 Engine run starting with max_epochs=1.
04/22/2026 03:07:34 PM | engine.py:1010 Epoch[1] Complete. Time taken: 00:01:02.378
1.0085468292236328 GB allocated
3.701171875 GB reserved
dict_keys(['index', 'mixture_magnitude', 'mixture_phase', 'source_phase', 'mix_magnitude', 'ideal_binary_mask', 'source_magnitudes'])
1.0093998908996582 GB allocated
3.701171875 GB reserved
dict_keys(['index', 'mixture_magnitude', 'mixture_phase', 'source_phase', 'mix_magnitude', 'ideal_binary_mask', 'source_magnitudes'])
1.0093998908996582 GB allocated
3.701171875 GB reserved
dict_keys(['index', 'mixture_magnitude', 'mixture_phase', 'source_phase', 'mix_magnitude', 'ideal_binary_mask', 'source_magnitudes'])
1.0093998908996582 GB allocated
3.701171875 GB reserved
dict_keys(['index', 'mixture_magnitude', 'mixture_phase', 'source_phase', 'mix_magnitude', 'ideal_binary_mask', 'source_magnitudes'])
1.0085468292236328 GB allocated
3.701171875 GB reserved
dict_keys(['index', 'mixture_magnitude', 'mixture_phase', 'source_phase', 'mix_magnitude', 'ideal_binary_mask', 'source_magnitudes'])
1.0093998908996582 GB allocated
3.701171875 GB reserved
dict_keys(['index', 'mixture_magnitude', 'mixture_phase', 'source_phase', 'mix_magnitude', 'ideal_binary_mask', 'source_magnitudes'])
1.0093998908996582 GB allocated
3.701171875 GB reserved
dict_keys(['index', 'mixture_magnitude', 'mixture_phase', 'source_phase', 'mix_magnitude', 'ideal_binary_mask', 'source_magnitudes'])
1.0093998908996582 GB allocated
3.701171875 GB reserved
dict_keys(['index', 'mixture_magnitude', 'mixture_phase', 'source_phase', 'mix_magnitude', 'ideal_binary_mask', 'source_magnitudes'])
1.0085468292236328 GB allocated
3.701171875 GB reserved
dict_keys(['index', 'mixture_magnitude', 'mixture_phase', 'source_phase', 'mix_magnitude', 'ideal_binary_mask', 'source_magnitudes'])
1.0093998908996582 GB allocated
3.701171875 GB reserved
dict_keys(['index', 'mixture_magnitude', 'mixture_phase', 'source_phase', 'mix_magnitude', 'ideal_binary_mask', 'source_magnitudes'])
[Validator] Epoch 26 - val_loss: 0.000012
[BEST CHECKPOINT] Guardado/actualizado en: checkpoints\Mis_modelos\lpsa_phase checkpoints\4stems\best_checkpoint_26_val_loss=-0.0000.pt
04/22/2026 03:07:34 PM | engine.py:1037 Engine run finished. Time taken: 00:01:02.387
[Epoch 26] train_loss=0.000011 | val_loss=0.000012
04/22/2026 03:07:34 PM | engine.py:1010 Epoch[26] Complete. Time taken: 00:02:45.627
04/22/2026 03:09:17 PM | engine.py:906 Engine run starting with max_epochs=1.
04/22/2026 03:10:19 PM | engine.py:1010 Epoch[1] Complete. Time taken: 00:01:01.690
1.0085468292236328 GB allocated
3.701171875 GB reserved
dict_keys(['index', 'mixture_magnitude', 'mixture_phase', 'source_phase', 'mix_magnitude', 'ideal_binary_mask', 'source_magnitudes'])
1.0093998908996582 GB allocated
3.701171875 GB reserved
dict_keys(['index', 'mixture_magnitude', 'mixture_phase', 'source_phase', 'mix_magnitude', 'ideal_binary_mask', 'source_magnitudes'])
1.0093998908996582 GB allocated
3.701171875 GB reserved
dict_keys(['index', 'mixture_magnitude', 'mixture_phase', 'source_phase', 'mix_magnitude', 'ideal_binary_mask', 'source_magnitudes'])
1.0093998908996582 GB allocated
3.701171875 GB reserved
dict_keys(['index', 'mixture_magnitude', 'mixture_phase', 'source_phase', 'mix_magnitude', 'ideal_binary_mask', 'source_magnitudes'])
1.0085468292236328 GB allocated
3.701171875 GB reserved
dict_keys(['index', 'mixture_magnitude', 'mixture_phase', 'source_phase', 'mix_magnitude', 'ideal_binary_mask', 'source_magnitudes'])
1.0093998908996582 GB allocated
3.701171875 GB reserved
dict_keys(['index', 'mixture_magnitude', 'mixture_phase', 'source_phase', 'mix_magnitude', 'ideal_binary_mask', 'source_magnitudes'])
1.0093998908996582 GB allocated
3.701171875 GB reserved
dict_keys(['index', 'mixture_magnitude', 'mixture_phase', 'source_phase', 'mix_magnitude', 'ideal_binary_mask', 'source_magnitudes'])
1.0093998908996582 GB allocated
3.701171875 GB reserved
dict_keys(['index', 'mixture_magnitude', 'mixture_phase', 'source_phase', 'mix_magnitude', 'ideal_binary_mask', 'source_magnitudes'])
1.0085468292236328 GB allocated
3.701171875 GB reserved
dict_keys(['index', 'mixture_magnitude', 'mixture_phase', 'source_phase', 'mix_magnitude', 'ideal_binary_mask', 'source_magnitudes'])
1.0093998908996582 GB allocated
3.701171875 GB reserved
dict_keys(['index', 'mixture_magnitude', 'mixture_phase', 'source_phase', 'mix_magnitude', 'ideal_binary_mask', 'source_magnitudes'])
[Validator] Epoch 27 - val_loss: 0.000012
[BEST CHECKPOINT] Guardado/actualizado en: checkpoints\Mis_modelos\lpsa_phase checkpoints\4stems\best_checkpoint_27_val_loss=-0.0000.pt
04/22/2026 03:10:19 PM | engine.py:1037 Engine run finished. Time taken: 00:01:01.699
[Epoch 27] train_loss=0.000011 | val_loss=0.000012
04/22/2026 03:10:19 PM | engine.py:1010 Epoch[27] Complete. Time taken: 00:02:44.912
04/22/2026 03:11:59 PM | engine.py:906 Engine run starting with max_epochs=1.
04/22/2026 03:13:00 PM | engine.py:1010 Epoch[1] Complete. Time taken: 00:01:01.412
1.0085468292236328 GB allocated
3.701171875 GB reserved
dict_keys(['index', 'mixture_magnitude', 'mixture_phase', 'source_phase', 'mix_magnitude', 'ideal_binary_mask', 'source_magnitudes'])
1.0093998908996582 GB allocated
3.701171875 GB reserved
dict_keys(['index', 'mixture_magnitude', 'mixture_phase', 'source_phase', 'mix_magnitude', 'ideal_binary_mask', 'source_magnitudes'])
1.0093998908996582 GB allocated
3.701171875 GB reserved
dict_keys(['index', 'mixture_magnitude', 'mixture_phase', 'source_phase', 'mix_magnitude', 'ideal_binary_mask', 'source_magnitudes'])
1.0093998908996582 GB allocated
3.701171875 GB reserved
dict_keys(['index', 'mixture_magnitude', 'mixture_phase', 'source_phase', 'mix_magnitude', 'ideal_binary_mask', 'source_magnitudes'])
1.0085468292236328 GB allocated
3.701171875 GB reserved
dict_keys(['index', 'mixture_magnitude', 'mixture_phase', 'source_phase', 'mix_magnitude', 'ideal_binary_mask', 'source_magnitudes'])
1.0093998908996582 GB allocated
3.701171875 GB reserved
dict_keys(['index', 'mixture_magnitude', 'mixture_phase', 'source_phase', 'mix_magnitude', 'ideal_binary_mask', 'source_magnitudes'])
1.0093998908996582 GB allocated
3.701171875 GB reserved
dict_keys(['index', 'mixture_magnitude', 'mixture_phase', 'source_phase', 'mix_magnitude', 'ideal_binary_mask', 'source_magnitudes'])
1.0093998908996582 GB allocated
3.701171875 GB reserved
dict_keys(['index', 'mixture_magnitude', 'mixture_phase', 'source_phase', 'mix_magnitude', 'ideal_binary_mask', 'source_magnitudes'])
1.0085468292236328 GB allocated
3.701171875 GB reserved
dict_keys(['index', 'mixture_magnitude', 'mixture_phase', 'source_phase', 'mix_magnitude', 'ideal_binary_mask', 'source_magnitudes'])
1.0093998908996582 GB allocated
3.701171875 GB reserved
dict_keys(['index', 'mixture_magnitude', 'mixture_phase', 'source_phase', 'mix_magnitude', 'ideal_binary_mask', 'source_magnitudes'])
[Validator] Epoch 28 - val_loss: 0.000012
[BEST CHECKPOINT] Guardado/actualizado en: checkpoints\Mis_modelos\lpsa_phase checkpoints\4stems\best_checkpoint_28_val_loss=-0.0000.pt
04/22/2026 03:13:00 PM | engine.py:1037 Engine run finished. Time taken: 00:01:01.421
[Epoch 28] train_loss=0.000011 | val_loss=0.000012
04/22/2026 03:13:00 PM | engine.py:1010 Epoch[28] Complete. Time taken: 00:02:41.235
04/22/2026 03:14:46 PM | engine.py:906 Engine run starting with max_epochs=1.
04/22/2026 03:15:46 PM | engine.py:1010 Epoch[1] Complete. Time taken: 00:00:59.417
1.0085468292236328 GB allocated
3.701171875 GB reserved
dict_keys(['index', 'mixture_magnitude', 'mixture_phase', 'source_phase', 'mix_magnitude', 'ideal_binary_mask', 'source_magnitudes'])
1.0093998908996582 GB allocated
3.701171875 GB reserved
dict_keys(['index', 'mixture_magnitude', 'mixture_phase', 'source_phase', 'mix_magnitude', 'ideal_binary_mask', 'source_magnitudes'])
1.0093998908996582 GB allocated
3.701171875 GB reserved
dict_keys(['index', 'mixture_magnitude', 'mixture_phase', 'source_phase', 'mix_magnitude', 'ideal_binary_mask', 'source_magnitudes'])
1.0093998908996582 GB allocated
3.701171875 GB reserved
dict_keys(['index', 'mixture_magnitude', 'mixture_phase', 'source_phase', 'mix_magnitude', 'ideal_binary_mask', 'source_magnitudes'])
1.0085468292236328 GB allocated
3.701171875 GB reserved
dict_keys(['index', 'mixture_magnitude', 'mixture_phase', 'source_phase', 'mix_magnitude', 'ideal_binary_mask', 'source_magnitudes'])
1.0093998908996582 GB allocated
3.701171875 GB reserved
dict_keys(['index', 'mixture_magnitude', 'mixture_phase', 'source_phase', 'mix_magnitude', 'ideal_binary_mask', 'source_magnitudes'])
1.0093998908996582 GB allocated
3.701171875 GB reserved
dict_keys(['index', 'mixture_magnitude', 'mixture_phase', 'source_phase', 'mix_magnitude', 'ideal_binary_mask', 'source_magnitudes'])
1.0093998908996582 GB allocated
3.701171875 GB reserved
dict_keys(['index', 'mixture_magnitude', 'mixture_phase', 'source_phase', 'mix_magnitude', 'ideal_binary_mask', 'source_magnitudes'])
1.0085468292236328 GB allocated
3.701171875 GB reserved
dict_keys(['index', 'mixture_magnitude', 'mixture_phase', 'source_phase', 'mix_magnitude', 'ideal_binary_mask', 'source_magnitudes'])
1.0093998908996582 GB allocated
3.701171875 GB reserved
dict_keys(['index', 'mixture_magnitude', 'mixture_phase', 'source_phase', 'mix_magnitude', 'ideal_binary_mask', 'source_magnitudes'])
[Validator] Epoch 29 - val_loss: 0.000012
[BEST CHECKPOINT] Guardado/actualizado en: checkpoints\Mis_modelos\lpsa_phase checkpoints\4stems\best_checkpoint_29_val_loss=-0.0000.pt
04/22/2026 03:15:46 PM | engine.py:1037 Engine run finished. Time taken: 00:00:59.426
[Epoch 29] train_loss=0.000011 | val_loss=0.000012
04/22/2026 03:15:46 PM | engine.py:1010 Epoch[29] Complete. Time taken: 00:02:45.553
04/22/2026 03:17:23 PM | engine.py:906 Engine run starting with max_epochs=1.
04/22/2026 03:18:24 PM | engine.py:1010 Epoch[1] Complete. Time taken: 00:01:01.563
1.0085468292236328 GB allocated
3.701171875 GB reserved
dict_keys(['index', 'mixture_magnitude', 'mixture_phase', 'source_phase', 'mix_magnitude', 'ideal_binary_mask', 'source_magnitudes'])
1.0093998908996582 GB allocated
3.701171875 GB reserved
dict_keys(['index', 'mixture_magnitude', 'mixture_phase', 'source_phase', 'mix_magnitude', 'ideal_binary_mask', 'source_magnitudes'])
1.0093998908996582 GB allocated
3.701171875 GB reserved
dict_keys(['index', 'mixture_magnitude', 'mixture_phase', 'source_phase', 'mix_magnitude', 'ideal_binary_mask', 'source_magnitudes'])
1.0093998908996582 GB allocated
3.701171875 GB reserved
dict_keys(['index', 'mixture_magnitude', 'mixture_phase', 'source_phase', 'mix_magnitude', 'ideal_binary_mask', 'source_magnitudes'])
1.0085468292236328 GB allocated
3.701171875 GB reserved
dict_keys(['index', 'mixture_magnitude', 'mixture_phase', 'source_phase', 'mix_magnitude', 'ideal_binary_mask', 'source_magnitudes'])
1.0093998908996582 GB allocated
3.701171875 GB reserved
dict_keys(['index', 'mixture_magnitude', 'mixture_phase', 'source_phase', 'mix_magnitude', 'ideal_binary_mask', 'source_magnitudes'])
1.0093998908996582 GB allocated
3.701171875 GB reserved
dict_keys(['index', 'mixture_magnitude', 'mixture_phase', 'source_phase', 'mix_magnitude', 'ideal_binary_mask', 'source_magnitudes'])
1.0093998908996582 GB allocated
3.701171875 GB reserved
dict_keys(['index', 'mixture_magnitude', 'mixture_phase', 'source_phase', 'mix_magnitude', 'ideal_binary_mask', 'source_magnitudes'])
1.0085468292236328 GB allocated
3.701171875 GB reserved
dict_keys(['index', 'mixture_magnitude', 'mixture_phase', 'source_phase', 'mix_magnitude', 'ideal_binary_mask', 'source_magnitudes'])
1.0093998908996582 GB allocated
3.701171875 GB reserved
dict_keys(['index', 'mixture_magnitude', 'mixture_phase', 'source_phase', 'mix_magnitude', 'ideal_binary_mask', 'source_magnitudes'])
[Validator] Epoch 30 - val_loss: 0.000012
[BEST CHECKPOINT] Guardado/actualizado en: checkpoints\Mis_modelos\lpsa_phase checkpoints\4stems\best_checkpoint_30_val_loss=-0.0000.pt
04/22/2026 03:18:24 PM | engine.py:1037 Engine run finished. Time taken: 00:01:01.573
[Epoch 30] train_loss=0.000011 | val_loss=0.000012
04/22/2026 03:18:24 PM | engine.py:1010 Epoch[30] Complete. Time taken: 00:02:38.296
04/22/2026 03:20:03 PM | engine.py:906 Engine run starting with max_epochs=1.
04/22/2026 03:21:04 PM | engine.py:1010 Epoch[1] Complete. Time taken: 00:01:00.576
1.0085468292236328 GB allocated
3.701171875 GB reserved
dict_keys(['index', 'mixture_magnitude', 'mixture_phase', 'source_phase', 'mix_magnitude', 'ideal_binary_mask', 'source_magnitudes'])
1.0093998908996582 GB allocated
3.701171875 GB reserved
dict_keys(['index', 'mixture_magnitude', 'mixture_phase', 'source_phase', 'mix_magnitude', 'ideal_binary_mask', 'source_magnitudes'])
1.0093998908996582 GB allocated
3.701171875 GB reserved
dict_keys(['index', 'mixture_magnitude', 'mixture_phase', 'source_phase', 'mix_magnitude', 'ideal_binary_mask', 'source_magnitudes'])
1.0093998908996582 GB allocated
3.701171875 GB reserved
dict_keys(['index', 'mixture_magnitude', 'mixture_phase', 'source_phase', 'mix_magnitude', 'ideal_binary_mask', 'source_magnitudes'])
1.0085468292236328 GB allocated
3.701171875 GB reserved
dict_keys(['index', 'mixture_magnitude', 'mixture_phase', 'source_phase', 'mix_magnitude', 'ideal_binary_mask', 'source_magnitudes'])
1.0093998908996582 GB allocated
3.701171875 GB reserved
dict_keys(['index', 'mixture_magnitude', 'mixture_phase', 'source_phase', 'mix_magnitude', 'ideal_binary_mask', 'source_magnitudes'])
1.0093998908996582 GB allocated
3.701171875 GB reserved
dict_keys(['index', 'mixture_magnitude', 'mixture_phase', 'source_phase', 'mix_magnitude', 'ideal_binary_mask', 'source_magnitudes'])
1.0093998908996582 GB allocated
3.701171875 GB reserved
dict_keys(['index', 'mixture_magnitude', 'mixture_phase', 'source_phase', 'mix_magnitude', 'ideal_binary_mask', 'source_magnitudes'])
1.0085468292236328 GB allocated
3.701171875 GB reserved
dict_keys(['index', 'mixture_magnitude', 'mixture_phase', 'source_phase', 'mix_magnitude', 'ideal_binary_mask', 'source_magnitudes'])
1.0093998908996582 GB allocated
3.701171875 GB reserved
dict_keys(['index', 'mixture_magnitude', 'mixture_phase', 'source_phase', 'mix_magnitude', 'ideal_binary_mask', 'source_magnitudes'])
[Validator] Epoch 31 - val_loss: 0.000012
[BEST CHECKPOINT] Guardado/actualizado en: checkpoints\Mis_modelos\lpsa_phase checkpoints\4stems\best_checkpoint_31_val_loss=-0.0000.pt
04/22/2026 03:21:04 PM | engine.py:1037 Engine run finished. Time taken: 00:01:00.589
[Epoch 31] train_loss=0.000010 | val_loss=0.000012
04/22/2026 03:21:04 PM | engine.py:1010 Epoch[31] Complete. Time taken: 00:02:39.374
04/22/2026 03:22:40 PM | engine.py:906 Engine run starting with max_epochs=1.
04/22/2026 03:23:39 PM | engine.py:1010 Epoch[1] Complete. Time taken: 00:00:59.332
1.0085468292236328 GB allocated
3.701171875 GB reserved
dict_keys(['index', 'mixture_magnitude', 'mixture_phase', 'source_phase', 'mix_magnitude', 'ideal_binary_mask', 'source_magnitudes'])
1.0093998908996582 GB allocated
3.701171875 GB reserved
dict_keys(['index', 'mixture_magnitude', 'mixture_phase', 'source_phase', 'mix_magnitude', 'ideal_binary_mask', 'source_magnitudes'])
1.0093998908996582 GB allocated
3.701171875 GB reserved
dict_keys(['index', 'mixture_magnitude', 'mixture_phase', 'source_phase', 'mix_magnitude', 'ideal_binary_mask', 'source_magnitudes'])
1.0093998908996582 GB allocated
3.701171875 GB reserved
dict_keys(['index', 'mixture_magnitude', 'mixture_phase', 'source_phase', 'mix_magnitude', 'ideal_binary_mask', 'source_magnitudes'])
1.0085468292236328 GB allocated
3.701171875 GB reserved
dict_keys(['index', 'mixture_magnitude', 'mixture_phase', 'source_phase', 'mix_magnitude', 'ideal_binary_mask', 'source_magnitudes'])
1.0093998908996582 GB allocated
3.701171875 GB reserved
dict_keys(['index', 'mixture_magnitude', 'mixture_phase', 'source_phase', 'mix_magnitude', 'ideal_binary_mask', 'source_magnitudes'])
1.0093998908996582 GB allocated
3.701171875 GB reserved
dict_keys(['index', 'mixture_magnitude', 'mixture_phase', 'source_phase', 'mix_magnitude', 'ideal_binary_mask', 'source_magnitudes'])
1.0093998908996582 GB allocated
3.701171875 GB reserved
dict_keys(['index', 'mixture_magnitude', 'mixture_phase', 'source_phase', 'mix_magnitude', 'ideal_binary_mask', 'source_magnitudes'])
1.0085468292236328 GB allocated
3.701171875 GB reserved
dict_keys(['index', 'mixture_magnitude', 'mixture_phase', 'source_phase', 'mix_magnitude', 'ideal_binary_mask', 'source_magnitudes'])
1.0093998908996582 GB allocated
3.701171875 GB reserved
dict_keys(['index', 'mixture_magnitude', 'mixture_phase', 'source_phase', 'mix_magnitude', 'ideal_binary_mask', 'source_magnitudes'])
[Validator] Epoch 32 - val_loss: 0.000012
[BEST CHECKPOINT] Guardado/actualizado en: checkpoints\Mis_modelos\lpsa_phase checkpoints\4stems\best_checkpoint_32_val_loss=-0.0000.pt
04/22/2026 03:23:39 PM | engine.py:1037 Engine run finished. Time taken: 00:00:59.340
[Epoch 32] train_loss=0.000011 | val_loss=0.000012
04/22/2026 03:23:39 PM | engine.py:1010 Epoch[32] Complete. Time taken: 00:02:35.849
04/22/2026 03:25:19 PM | engine.py:906 Engine run starting with max_epochs=1.
04/22/2026 03:26:20 PM | engine.py:1010 Epoch[1] Complete. Time taken: 00:01:00.816
1.0085468292236328 GB allocated
3.701171875 GB reserved
dict_keys(['index', 'mixture_magnitude', 'mixture_phase', 'source_phase', 'mix_magnitude', 'ideal_binary_mask', 'source_magnitudes'])
1.0093998908996582 GB allocated
3.701171875 GB reserved
dict_keys(['index', 'mixture_magnitude', 'mixture_phase', 'source_phase', 'mix_magnitude', 'ideal_binary_mask', 'source_magnitudes'])
1.0093998908996582 GB allocated
3.701171875 GB reserved
dict_keys(['index', 'mixture_magnitude', 'mixture_phase', 'source_phase', 'mix_magnitude', 'ideal_binary_mask', 'source_magnitudes'])
1.0093998908996582 GB allocated
3.701171875 GB reserved
dict_keys(['index', 'mixture_magnitude', 'mixture_phase', 'source_phase', 'mix_magnitude', 'ideal_binary_mask', 'source_magnitudes'])
1.0085468292236328 GB allocated
3.701171875 GB reserved
dict_keys(['index', 'mixture_magnitude', 'mixture_phase', 'source_phase', 'mix_magnitude', 'ideal_binary_mask', 'source_magnitudes'])
1.0093998908996582 GB allocated
3.701171875 GB reserved
dict_keys(['index', 'mixture_magnitude', 'mixture_phase', 'source_phase', 'mix_magnitude', 'ideal_binary_mask', 'source_magnitudes'])
1.0093998908996582 GB allocated
3.701171875 GB reserved
dict_keys(['index', 'mixture_magnitude', 'mixture_phase', 'source_phase', 'mix_magnitude', 'ideal_binary_mask', 'source_magnitudes'])
1.0093998908996582 GB allocated
3.701171875 GB reserved
dict_keys(['index', 'mixture_magnitude', 'mixture_phase', 'source_phase', 'mix_magnitude', 'ideal_binary_mask', 'source_magnitudes'])
1.0085468292236328 GB allocated
3.701171875 GB reserved
dict_keys(['index', 'mixture_magnitude', 'mixture_phase', 'source_phase', 'mix_magnitude', 'ideal_binary_mask', 'source_magnitudes'])
1.0093998908996582 GB allocated
3.701171875 GB reserved
dict_keys(['index', 'mixture_magnitude', 'mixture_phase', 'source_phase', 'mix_magnitude', 'ideal_binary_mask', 'source_magnitudes'])
[Validator] Epoch 33 - val_loss: 0.000012
[BEST CHECKPOINT] Guardado/actualizado en: checkpoints\Mis_modelos\lpsa_phase checkpoints\4stems\best_checkpoint_33_val_loss=-0.0000.pt
04/22/2026 03:26:20 PM | engine.py:1037 Engine run finished. Time taken: 00:01:00.825
[Epoch 33] train_loss=0.000011 | val_loss=0.000012
04/22/2026 03:26:20 PM | engine.py:1010 Epoch[33] Complete. Time taken: 00:02:40.254
04/22/2026 03:27:58 PM | engine.py:906 Engine run starting with max_epochs=1.
04/22/2026 03:28:59 PM | engine.py:1010 Epoch[1] Complete. Time taken: 00:01:01.108
1.0085468292236328 GB allocated
3.701171875 GB reserved
dict_keys(['index', 'mixture_magnitude', 'mixture_phase', 'source_phase', 'mix_magnitude', 'ideal_binary_mask', 'source_magnitudes'])
1.0093998908996582 GB allocated
3.701171875 GB reserved
dict_keys(['index', 'mixture_magnitude', 'mixture_phase', 'source_phase', 'mix_magnitude', 'ideal_binary_mask', 'source_magnitudes'])
1.0093998908996582 GB allocated
3.701171875 GB reserved
dict_keys(['index', 'mixture_magnitude', 'mixture_phase', 'source_phase', 'mix_magnitude', 'ideal_binary_mask', 'source_magnitudes'])
1.0093998908996582 GB allocated
3.701171875 GB reserved
dict_keys(['index', 'mixture_magnitude', 'mixture_phase', 'source_phase', 'mix_magnitude', 'ideal_binary_mask', 'source_magnitudes'])
1.0085468292236328 GB allocated
3.701171875 GB reserved
dict_keys(['index', 'mixture_magnitude', 'mixture_phase', 'source_phase', 'mix_magnitude', 'ideal_binary_mask', 'source_magnitudes'])
1.0093998908996582 GB allocated
3.701171875 GB reserved
dict_keys(['index', 'mixture_magnitude', 'mixture_phase', 'source_phase', 'mix_magnitude', 'ideal_binary_mask', 'source_magnitudes'])
1.0093998908996582 GB allocated
3.701171875 GB reserved
dict_keys(['index', 'mixture_magnitude', 'mixture_phase', 'source_phase', 'mix_magnitude', 'ideal_binary_mask', 'source_magnitudes'])
1.0093998908996582 GB allocated
3.701171875 GB reserved
dict_keys(['index', 'mixture_magnitude', 'mixture_phase', 'source_phase', 'mix_magnitude', 'ideal_binary_mask', 'source_magnitudes'])
1.0085468292236328 GB allocated
3.701171875 GB reserved
dict_keys(['index', 'mixture_magnitude', 'mixture_phase', 'source_phase', 'mix_magnitude', 'ideal_binary_mask', 'source_magnitudes'])
1.0093998908996582 GB allocated
3.701171875 GB reserved
dict_keys(['index', 'mixture_magnitude', 'mixture_phase', 'source_phase', 'mix_magnitude', 'ideal_binary_mask', 'source_magnitudes'])
[Validator] Epoch 34 - val_loss: 0.000012
[BEST CHECKPOINT] Guardado/actualizado en: checkpoints\Mis_modelos\lpsa_phase checkpoints\4stems\best_checkpoint_34_val_loss=-0.0000.pt
04/22/2026 03:28:59 PM | engine.py:1037 Engine run finished. Time taken: 00:01:01.116
[Epoch 34] train_loss=0.000010 | val_loss=0.000012
04/22/2026 03:28:59 PM | engine.py:1010 Epoch[34] Complete. Time taken: 00:02:39.643
04/22/2026 03:30:38 PM | engine.py:906 Engine run starting with max_epochs=1.
04/22/2026 03:31:38 PM | engine.py:1010 Epoch[1] Complete. Time taken: 00:00:59.804
1.0085468292236328 GB allocated
3.701171875 GB reserved
dict_keys(['index', 'mixture_magnitude', 'mixture_phase', 'source_phase', 'mix_magnitude', 'ideal_binary_mask', 'source_magnitudes'])
1.0093998908996582 GB allocated
3.701171875 GB reserved
dict_keys(['index', 'mixture_magnitude', 'mixture_phase', 'source_phase', 'mix_magnitude', 'ideal_binary_mask', 'source_magnitudes'])
1.0093998908996582 GB allocated
3.701171875 GB reserved
dict_keys(['index', 'mixture_magnitude', 'mixture_phase', 'source_phase', 'mix_magnitude', 'ideal_binary_mask', 'source_magnitudes'])
1.0093998908996582 GB allocated
3.701171875 GB reserved
dict_keys(['index', 'mixture_magnitude', 'mixture_phase', 'source_phase', 'mix_magnitude', 'ideal_binary_mask', 'source_magnitudes'])
1.0085468292236328 GB allocated
3.701171875 GB reserved
dict_keys(['index', 'mixture_magnitude', 'mixture_phase', 'source_phase', 'mix_magnitude', 'ideal_binary_mask', 'source_magnitudes'])
1.0093998908996582 GB allocated
3.701171875 GB reserved
dict_keys(['index', 'mixture_magnitude', 'mixture_phase', 'source_phase', 'mix_magnitude', 'ideal_binary_mask', 'source_magnitudes'])
1.0093998908996582 GB allocated
3.701171875 GB reserved
dict_keys(['index', 'mixture_magnitude', 'mixture_phase', 'source_phase', 'mix_magnitude', 'ideal_binary_mask', 'source_magnitudes'])
1.0093998908996582 GB allocated
3.701171875 GB reserved
dict_keys(['index', 'mixture_magnitude', 'mixture_phase', 'source_phase', 'mix_magnitude', 'ideal_binary_mask', 'source_magnitudes'])
1.0085468292236328 GB allocated
3.701171875 GB reserved
dict_keys(['index', 'mixture_magnitude', 'mixture_phase', 'source_phase', 'mix_magnitude', 'ideal_binary_mask', 'source_magnitudes'])
1.0093998908996582 GB allocated
3.701171875 GB reserved
dict_keys(['index', 'mixture_magnitude', 'mixture_phase', 'source_phase', 'mix_magnitude', 'ideal_binary_mask', 'source_magnitudes'])
[Validator] Epoch 35 - val_loss: 0.000012
[BEST CHECKPOINT] Guardado/actualizado en: checkpoints\Mis_modelos\lpsa_phase checkpoints\4stems\best_checkpoint_35_val_loss=-0.0000.pt
04/22/2026 03:31:38 PM | engine.py:1037 Engine run finished. Time taken: 00:00:59.816
[Epoch 35] train_loss=0.000010 | val_loss=0.000012
04/22/2026 03:31:38 PM | engine.py:1010 Epoch[35] Complete. Time taken: 00:02:38.281
04/22/2026 03:33:16 PM | engine.py:906 Engine run starting with max_epochs=1.
04/22/2026 03:34:16 PM | engine.py:1010 Epoch[1] Complete. Time taken: 00:01:00.317
1.0085468292236328 GB allocated
3.701171875 GB reserved
dict_keys(['index', 'mixture_magnitude', 'mixture_phase', 'source_phase', 'mix_magnitude', 'ideal_binary_mask', 'source_magnitudes'])
1.0093998908996582 GB allocated
3.701171875 GB reserved
dict_keys(['index', 'mixture_magnitude', 'mixture_phase', 'source_phase', 'mix_magnitude', 'ideal_binary_mask', 'source_magnitudes'])
1.0093998908996582 GB allocated
3.701171875 GB reserved
dict_keys(['index', 'mixture_magnitude', 'mixture_phase', 'source_phase', 'mix_magnitude', 'ideal_binary_mask', 'source_magnitudes'])
1.0093998908996582 GB allocated
3.701171875 GB reserved
dict_keys(['index', 'mixture_magnitude', 'mixture_phase', 'source_phase', 'mix_magnitude', 'ideal_binary_mask', 'source_magnitudes'])
1.0085468292236328 GB allocated
3.701171875 GB reserved
dict_keys(['index', 'mixture_magnitude', 'mixture_phase', 'source_phase', 'mix_magnitude', 'ideal_binary_mask', 'source_magnitudes'])
1.0093998908996582 GB allocated
3.701171875 GB reserved
dict_keys(['index', 'mixture_magnitude', 'mixture_phase', 'source_phase', 'mix_magnitude', 'ideal_binary_mask', 'source_magnitudes'])
1.0093998908996582 GB allocated
3.701171875 GB reserved
dict_keys(['index', 'mixture_magnitude', 'mixture_phase', 'source_phase', 'mix_magnitude', 'ideal_binary_mask', 'source_magnitudes'])
1.0093998908996582 GB allocated
3.701171875 GB reserved
dict_keys(['index', 'mixture_magnitude', 'mixture_phase', 'source_phase', 'mix_magnitude', 'ideal_binary_mask', 'source_magnitudes'])
1.0085468292236328 GB allocated
3.701171875 GB reserved
dict_keys(['index', 'mixture_magnitude', 'mixture_phase', 'source_phase', 'mix_magnitude', 'ideal_binary_mask', 'source_magnitudes'])
1.0093998908996582 GB allocated
3.701171875 GB reserved
dict_keys(['index', 'mixture_magnitude', 'mixture_phase', 'source_phase', 'mix_magnitude', 'ideal_binary_mask', 'source_magnitudes'])
[Validator] Epoch 36 - val_loss: 0.000012
[BEST CHECKPOINT] Guardado/actualizado en: checkpoints\Mis_modelos\lpsa_phase checkpoints\4stems\best_checkpoint_36_val_loss=-0.0000.pt
04/22/2026 03:34:16 PM | engine.py:1037 Engine run finished. Time taken: 00:01:00.325
[Epoch 36] train_loss=0.000010 | val_loss=0.000012
04/22/2026 03:34:16 PM | engine.py:1010 Epoch[36] Complete. Time taken: 00:02:38.447
04/22/2026 03:35:53 PM | engine.py:906 Engine run starting with max_epochs=1.
04/22/2026 03:36:54 PM | engine.py:1010 Epoch[1] Complete. Time taken: 00:01:00.555
1.0085468292236328 GB allocated
3.701171875 GB reserved
dict_keys(['index', 'mixture_magnitude', 'mixture_phase', 'source_phase', 'mix_magnitude', 'ideal_binary_mask', 'source_magnitudes'])
1.0093998908996582 GB allocated
3.701171875 GB reserved
dict_keys(['index', 'mixture_magnitude', 'mixture_phase', 'source_phase', 'mix_magnitude', 'ideal_binary_mask', 'source_magnitudes'])
1.0093998908996582 GB allocated
3.701171875 GB reserved
dict_keys(['index', 'mixture_magnitude', 'mixture_phase', 'source_phase', 'mix_magnitude', 'ideal_binary_mask', 'source_magnitudes'])
1.0093998908996582 GB allocated
3.701171875 GB reserved
dict_keys(['index', 'mixture_magnitude', 'mixture_phase', 'source_phase', 'mix_magnitude', 'ideal_binary_mask', 'source_magnitudes'])
1.0085468292236328 GB allocated
3.701171875 GB reserved
dict_keys(['index', 'mixture_magnitude', 'mixture_phase', 'source_phase', 'mix_magnitude', 'ideal_binary_mask', 'source_magnitudes'])
1.0093998908996582 GB allocated
3.701171875 GB reserved
dict_keys(['index', 'mixture_magnitude', 'mixture_phase', 'source_phase', 'mix_magnitude', 'ideal_binary_mask', 'source_magnitudes'])
1.0093998908996582 GB allocated
3.701171875 GB reserved
dict_keys(['index', 'mixture_magnitude', 'mixture_phase', 'source_phase', 'mix_magnitude', 'ideal_binary_mask', 'source_magnitudes'])
1.0093998908996582 GB allocated
3.701171875 GB reserved
dict_keys(['index', 'mixture_magnitude', 'mixture_phase', 'source_phase', 'mix_magnitude', 'ideal_binary_mask', 'source_magnitudes'])
1.0085468292236328 GB allocated
3.701171875 GB reserved
dict_keys(['index', 'mixture_magnitude', 'mixture_phase', 'source_phase', 'mix_magnitude', 'ideal_binary_mask', 'source_magnitudes'])
1.0093998908996582 GB allocated
3.701171875 GB reserved
dict_keys(['index', 'mixture_magnitude', 'mixture_phase', 'source_phase', 'mix_magnitude', 'ideal_binary_mask', 'source_magnitudes'])
[Validator] Epoch 37 - val_loss: 0.000012
[BEST CHECKPOINT] Guardado/actualizado en: checkpoints\Mis_modelos\lpsa_phase checkpoints\4stems\best_checkpoint_37_val_loss=-0.0000.pt
04/22/2026 03:36:54 PM | engine.py:1037 Engine run finished. Time taken: 00:01:00.564
[Epoch 37] train_loss=0.000011 | val_loss=0.000012
04/22/2026 03:36:54 PM | engine.py:1010 Epoch[37] Complete. Time taken: 00:02:37.991
04/22/2026 03:38:33 PM | engine.py:906 Engine run starting with max_epochs=1.
04/22/2026 03:39:33 PM | engine.py:1010 Epoch[1] Complete. Time taken: 00:01:00.707
1.0085468292236328 GB allocated
3.701171875 GB reserved
dict_keys(['index', 'mixture_magnitude', 'mixture_phase', 'source_phase', 'mix_magnitude', 'ideal_binary_mask', 'source_magnitudes'])
1.0093998908996582 GB allocated
3.701171875 GB reserved
dict_keys(['index', 'mixture_magnitude', 'mixture_phase', 'source_phase', 'mix_magnitude', 'ideal_binary_mask', 'source_magnitudes'])
1.0093998908996582 GB allocated
3.701171875 GB reserved
dict_keys(['index', 'mixture_magnitude', 'mixture_phase', 'source_phase', 'mix_magnitude', 'ideal_binary_mask', 'source_magnitudes'])
1.0093998908996582 GB allocated
3.701171875 GB reserved
dict_keys(['index', 'mixture_magnitude', 'mixture_phase', 'source_phase', 'mix_magnitude', 'ideal_binary_mask', 'source_magnitudes'])
1.0085468292236328 GB allocated
3.701171875 GB reserved
dict_keys(['index', 'mixture_magnitude', 'mixture_phase', 'source_phase', 'mix_magnitude', 'ideal_binary_mask', 'source_magnitudes'])
1.0093998908996582 GB allocated
3.701171875 GB reserved
dict_keys(['index', 'mixture_magnitude', 'mixture_phase', 'source_phase', 'mix_magnitude', 'ideal_binary_mask', 'source_magnitudes'])
1.0093998908996582 GB allocated
3.701171875 GB reserved
dict_keys(['index', 'mixture_magnitude', 'mixture_phase', 'source_phase', 'mix_magnitude', 'ideal_binary_mask', 'source_magnitudes'])
1.0093998908996582 GB allocated
3.701171875 GB reserved
dict_keys(['index', 'mixture_magnitude', 'mixture_phase', 'source_phase', 'mix_magnitude', 'ideal_binary_mask', 'source_magnitudes'])
1.0085468292236328 GB allocated
3.701171875 GB reserved
dict_keys(['index', 'mixture_magnitude', 'mixture_phase', 'source_phase', 'mix_magnitude', 'ideal_binary_mask', 'source_magnitudes'])
1.0093998908996582 GB allocated
3.701171875 GB reserved
dict_keys(['index', 'mixture_magnitude', 'mixture_phase', 'source_phase', 'mix_magnitude', 'ideal_binary_mask', 'source_magnitudes'])
[Validator] Epoch 38 - val_loss: 0.000012
[BEST CHECKPOINT] Guardado/actualizado en: checkpoints\Mis_modelos\lpsa_phase checkpoints\4stems\best_checkpoint_38_val_loss=-0.0000.pt
04/22/2026 03:39:33 PM | engine.py:1037 Engine run finished. Time taken: 00:01:00.718
[Epoch 38] train_loss=0.000010 | val_loss=0.000012
04/22/2026 03:39:33 PM | engine.py:1010 Epoch[38] Complete. Time taken: 00:02:39.305
04/22/2026 03:41:11 PM | engine.py:906 Engine run starting with max_epochs=1.
04/22/2026 03:42:12 PM | engine.py:1010 Epoch[1] Complete. Time taken: 00:01:01.426
1.0085468292236328 GB allocated
3.701171875 GB reserved
dict_keys(['index', 'mixture_magnitude', 'mixture_phase', 'source_phase', 'mix_magnitude', 'ideal_binary_mask', 'source_magnitudes'])
1.0093998908996582 GB allocated
3.701171875 GB reserved
dict_keys(['index', 'mixture_magnitude', 'mixture_phase', 'source_phase', 'mix_magnitude', 'ideal_binary_mask', 'source_magnitudes'])
1.0093998908996582 GB allocated
3.701171875 GB reserved
dict_keys(['index', 'mixture_magnitude', 'mixture_phase', 'source_phase', 'mix_magnitude', 'ideal_binary_mask', 'source_magnitudes'])
1.0093998908996582 GB allocated
3.701171875 GB reserved
dict_keys(['index', 'mixture_magnitude', 'mixture_phase', 'source_phase', 'mix_magnitude', 'ideal_binary_mask', 'source_magnitudes'])
1.0085468292236328 GB allocated
3.701171875 GB reserved
dict_keys(['index', 'mixture_magnitude', 'mixture_phase', 'source_phase', 'mix_magnitude', 'ideal_binary_mask', 'source_magnitudes'])
1.0093998908996582 GB allocated
3.701171875 GB reserved
dict_keys(['index', 'mixture_magnitude', 'mixture_phase', 'source_phase', 'mix_magnitude', 'ideal_binary_mask', 'source_magnitudes'])
1.0093998908996582 GB allocated
3.701171875 GB reserved
dict_keys(['index', 'mixture_magnitude', 'mixture_phase', 'source_phase', 'mix_magnitude', 'ideal_binary_mask', 'source_magnitudes'])
1.0093998908996582 GB allocated
3.701171875 GB reserved
dict_keys(['index', 'mixture_magnitude', 'mixture_phase', 'source_phase', 'mix_magnitude', 'ideal_binary_mask', 'source_magnitudes'])
1.0085468292236328 GB allocated
3.701171875 GB reserved
dict_keys(['index', 'mixture_magnitude', 'mixture_phase', 'source_phase', 'mix_magnitude', 'ideal_binary_mask', 'source_magnitudes'])
1.0093998908996582 GB allocated
3.701171875 GB reserved
dict_keys(['index', 'mixture_magnitude', 'mixture_phase', 'source_phase', 'mix_magnitude', 'ideal_binary_mask', 'source_magnitudes'])
[Validator] Epoch 39 - val_loss: 0.000012
[BEST CHECKPOINT] Guardado/actualizado en: checkpoints\Mis_modelos\lpsa_phase checkpoints\4stems\best_checkpoint_39_val_loss=-0.0000.pt
04/22/2026 03:42:12 PM | engine.py:1037 Engine run finished. Time taken: 00:01:01.435
[Epoch 39] train_loss=0.000011 | val_loss=0.000012
04/22/2026 03:42:12 PM | engine.py:1010 Epoch[39] Complete. Time taken: 00:02:38.681
04/22/2026 03:43:57 PM | engine.py:906 Engine run starting with max_epochs=1.
04/22/2026 03:45:03 PM | engine.py:1010 Epoch[1] Complete. Time taken: 00:01:05.156
1.0085468292236328 GB allocated
3.701171875 GB reserved
dict_keys(['index', 'mixture_magnitude', 'mixture_phase', 'source_phase', 'mix_magnitude', 'ideal_binary_mask', 'source_magnitudes'])
1.0093998908996582 GB allocated
3.701171875 GB reserved
dict_keys(['index', 'mixture_magnitude', 'mixture_phase', 'source_phase', 'mix_magnitude', 'ideal_binary_mask', 'source_magnitudes'])
1.0093998908996582 GB allocated
3.701171875 GB reserved
dict_keys(['index', 'mixture_magnitude', 'mixture_phase', 'source_phase', 'mix_magnitude', 'ideal_binary_mask', 'source_magnitudes'])
1.0093998908996582 GB allocated
3.701171875 GB reserved
dict_keys(['index', 'mixture_magnitude', 'mixture_phase', 'source_phase', 'mix_magnitude', 'ideal_binary_mask', 'source_magnitudes'])
1.0085468292236328 GB allocated
3.701171875 GB reserved
dict_keys(['index', 'mixture_magnitude', 'mixture_phase', 'source_phase', 'mix_magnitude', 'ideal_binary_mask', 'source_magnitudes'])
1.0093998908996582 GB allocated
3.701171875 GB reserved
dict_keys(['index', 'mixture_magnitude', 'mixture_phase', 'source_phase', 'mix_magnitude', 'ideal_binary_mask', 'source_magnitudes'])
1.0093998908996582 GB allocated
3.701171875 GB reserved
dict_keys(['index', 'mixture_magnitude', 'mixture_phase', 'source_phase', 'mix_magnitude', 'ideal_binary_mask', 'source_magnitudes'])
1.0093998908996582 GB allocated
3.701171875 GB reserved
dict_keys(['index', 'mixture_magnitude', 'mixture_phase', 'source_phase', 'mix_magnitude', 'ideal_binary_mask', 'source_magnitudes'])
1.0085468292236328 GB allocated
3.701171875 GB reserved
dict_keys(['index', 'mixture_magnitude', 'mixture_phase', 'source_phase', 'mix_magnitude', 'ideal_binary_mask', 'source_magnitudes'])
1.0093998908996582 GB allocated
3.701171875 GB reserved
dict_keys(['index', 'mixture_magnitude', 'mixture_phase', 'source_phase', 'mix_magnitude', 'ideal_binary_mask', 'source_magnitudes'])
[Validator] Epoch 40 - val_loss: 0.000012
[BEST CHECKPOINT] Guardado/actualizado en: checkpoints\Mis_modelos\lpsa_phase checkpoints\4stems\best_checkpoint_40_val_loss=-0.0000.pt
04/22/2026 03:45:03 PM | engine.py:1037 Engine run finished. Time taken: 00:01:05.165
[Epoch 40] train_loss=0.000010 | val_loss=0.000012
04/22/2026 03:45:03 PM | engine.py:1010 Epoch[40] Complete. Time taken: 00:02:50.669
04/22/2026 03:46:48 PM | engine.py:906 Engine run starting with max_epochs=1.
04/22/2026 03:47:56 PM | engine.py:1010 Epoch[1] Complete. Time taken: 00:01:07.749
1.0085468292236328 GB allocated
3.701171875 GB reserved
dict_keys(['index', 'mixture_magnitude', 'mixture_phase', 'source_phase', 'mix_magnitude', 'ideal_binary_mask', 'source_magnitudes'])
1.0093998908996582 GB allocated
3.701171875 GB reserved
dict_keys(['index', 'mixture_magnitude', 'mixture_phase', 'source_phase', 'mix_magnitude', 'ideal_binary_mask', 'source_magnitudes'])
1.0093998908996582 GB allocated
3.701171875 GB reserved
dict_keys(['index', 'mixture_magnitude', 'mixture_phase', 'source_phase', 'mix_magnitude', 'ideal_binary_mask', 'source_magnitudes'])
1.0093998908996582 GB allocated
3.701171875 GB reserved
dict_keys(['index', 'mixture_magnitude', 'mixture_phase', 'source_phase', 'mix_magnitude', 'ideal_binary_mask', 'source_magnitudes'])
1.0085468292236328 GB allocated
3.701171875 GB reserved
dict_keys(['index', 'mixture_magnitude', 'mixture_phase', 'source_phase', 'mix_magnitude', 'ideal_binary_mask', 'source_magnitudes'])
1.0093998908996582 GB allocated
3.701171875 GB reserved
dict_keys(['index', 'mixture_magnitude', 'mixture_phase', 'source_phase', 'mix_magnitude', 'ideal_binary_mask', 'source_magnitudes'])
1.0093998908996582 GB allocated
3.701171875 GB reserved
dict_keys(['index', 'mixture_magnitude', 'mixture_phase', 'source_phase', 'mix_magnitude', 'ideal_binary_mask', 'source_magnitudes'])
1.0093998908996582 GB allocated
3.701171875 GB reserved
dict_keys(['index', 'mixture_magnitude', 'mixture_phase', 'source_phase', 'mix_magnitude', 'ideal_binary_mask', 'source_magnitudes'])
1.0085468292236328 GB allocated
3.701171875 GB reserved
dict_keys(['index', 'mixture_magnitude', 'mixture_phase', 'source_phase', 'mix_magnitude', 'ideal_binary_mask', 'source_magnitudes'])
1.0093998908996582 GB allocated
3.701171875 GB reserved
dict_keys(['index', 'mixture_magnitude', 'mixture_phase', 'source_phase', 'mix_magnitude', 'ideal_binary_mask', 'source_magnitudes'])
[Validator] Epoch 41 - val_loss: 0.000012
[BEST CHECKPOINT] Guardado/actualizado en: checkpoints\Mis_modelos\lpsa_phase checkpoints\4stems\best_checkpoint_40_val_loss=-0.0000.pt
04/22/2026 03:47:56 PM | engine.py:1037 Engine run finished. Time taken: 00:01:07.749
[Epoch 41] train_loss=0.000011 | val_loss=0.000012
04/22/2026 03:47:56 PM | engine.py:1010 Epoch[41] Complete. Time taken: 00:02:52.993
04/22/2026 03:49:47 PM | engine.py:906 Engine run starting with max_epochs=1.
04/22/2026 03:50:54 PM | engine.py:1010 Epoch[1] Complete. Time taken: 00:01:07.761
1.0085468292236328 GB allocated
3.701171875 GB reserved
dict_keys(['index', 'mixture_magnitude', 'mixture_phase', 'source_phase', 'mix_magnitude', 'ideal_binary_mask', 'source_magnitudes'])
1.0093998908996582 GB allocated
3.701171875 GB reserved
dict_keys(['index', 'mixture_magnitude', 'mixture_phase', 'source_phase', 'mix_magnitude', 'ideal_binary_mask', 'source_magnitudes'])
1.0093998908996582 GB allocated
3.701171875 GB reserved
dict_keys(['index', 'mixture_magnitude', 'mixture_phase', 'source_phase', 'mix_magnitude', 'ideal_binary_mask', 'source_magnitudes'])
1.0093998908996582 GB allocated
3.701171875 GB reserved
dict_keys(['index', 'mixture_magnitude', 'mixture_phase', 'source_phase', 'mix_magnitude', 'ideal_binary_mask', 'source_magnitudes'])
1.0085468292236328 GB allocated
3.701171875 GB reserved
dict_keys(['index', 'mixture_magnitude', 'mixture_phase', 'source_phase', 'mix_magnitude', 'ideal_binary_mask', 'source_magnitudes'])
1.0093998908996582 GB allocated
3.701171875 GB reserved
dict_keys(['index', 'mixture_magnitude', 'mixture_phase', 'source_phase', 'mix_magnitude', 'ideal_binary_mask', 'source_magnitudes'])
1.0093998908996582 GB allocated
3.701171875 GB reserved
dict_keys(['index', 'mixture_magnitude', 'mixture_phase', 'source_phase', 'mix_magnitude', 'ideal_binary_mask', 'source_magnitudes'])
1.0093998908996582 GB allocated
3.701171875 GB reserved
dict_keys(['index', 'mixture_magnitude', 'mixture_phase', 'source_phase', 'mix_magnitude', 'ideal_binary_mask', 'source_magnitudes'])
1.0085468292236328 GB allocated
3.701171875 GB reserved
dict_keys(['index', 'mixture_magnitude', 'mixture_phase', 'source_phase', 'mix_magnitude', 'ideal_binary_mask', 'source_magnitudes'])
1.0093998908996582 GB allocated
3.701171875 GB reserved
dict_keys(['index', 'mixture_magnitude', 'mixture_phase', 'source_phase', 'mix_magnitude', 'ideal_binary_mask', 'source_magnitudes'])
[Validator] Epoch 42 - val_loss: 0.000012
[BEST CHECKPOINT] Guardado/actualizado en: checkpoints\Mis_modelos\lpsa_phase checkpoints\4stems\best_checkpoint_42_val_loss=-0.0000.pt
04/22/2026 03:50:54 PM | engine.py:1037 Engine run finished. Time taken: 00:01:07.770
[Epoch 42] train_loss=0.000010 | val_loss=0.000012
04/22/2026 03:50:54 PM | engine.py:1010 Epoch[42] Complete. Time taken: 00:02:58.811
04/22/2026 03:52:47 PM | engine.py:906 Engine run starting with max_epochs=1.
04/22/2026 03:53:54 PM | engine.py:1010 Epoch[1] Complete. Time taken: 00:01:06.958
1.0085468292236328 GB allocated
3.701171875 GB reserved
dict_keys(['index', 'mixture_magnitude', 'mixture_phase', 'source_phase', 'mix_magnitude', 'ideal_binary_mask', 'source_magnitudes'])
1.0093998908996582 GB allocated
3.701171875 GB reserved
dict_keys(['index', 'mixture_magnitude', 'mixture_phase', 'source_phase', 'mix_magnitude', 'ideal_binary_mask', 'source_magnitudes'])
1.0093998908996582 GB allocated
3.701171875 GB reserved
dict_keys(['index', 'mixture_magnitude', 'mixture_phase', 'source_phase', 'mix_magnitude', 'ideal_binary_mask', 'source_magnitudes'])
1.0093998908996582 GB allocated
3.701171875 GB reserved
dict_keys(['index', 'mixture_magnitude', 'mixture_phase', 'source_phase', 'mix_magnitude', 'ideal_binary_mask', 'source_magnitudes'])
1.0085468292236328 GB allocated
3.701171875 GB reserved
dict_keys(['index', 'mixture_magnitude', 'mixture_phase', 'source_phase', 'mix_magnitude', 'ideal_binary_mask', 'source_magnitudes'])
1.0093998908996582 GB allocated
3.701171875 GB reserved
dict_keys(['index', 'mixture_magnitude', 'mixture_phase', 'source_phase', 'mix_magnitude', 'ideal_binary_mask', 'source_magnitudes'])
1.0093998908996582 GB allocated
3.701171875 GB reserved
dict_keys(['index', 'mixture_magnitude', 'mixture_phase', 'source_phase', 'mix_magnitude', 'ideal_binary_mask', 'source_magnitudes'])
1.0093998908996582 GB allocated
3.701171875 GB reserved
dict_keys(['index', 'mixture_magnitude', 'mixture_phase', 'source_phase', 'mix_magnitude', 'ideal_binary_mask', 'source_magnitudes'])
1.0085468292236328 GB allocated
3.701171875 GB reserved
dict_keys(['index', 'mixture_magnitude', 'mixture_phase', 'source_phase', 'mix_magnitude', 'ideal_binary_mask', 'source_magnitudes'])
1.0093998908996582 GB allocated
3.701171875 GB reserved
dict_keys(['index', 'mixture_magnitude', 'mixture_phase', 'source_phase', 'mix_magnitude', 'ideal_binary_mask', 'source_magnitudes'])
[Validator] Epoch 43 - val_loss: 0.000012
[BEST CHECKPOINT] Guardado/actualizado en: checkpoints\Mis_modelos\lpsa_phase checkpoints\4stems\best_checkpoint_43_val_loss=-0.0000.pt
04/22/2026 03:53:54 PM | engine.py:1037 Engine run finished. Time taken: 00:01:06.969
[Epoch 43] train_loss=0.000010 | val_loss=0.000012
04/22/2026 03:53:54 PM | engine.py:1010 Epoch[43] Complete. Time taken: 00:02:59.208
04/22/2026 03:55:43 PM | engine.py:906 Engine run starting with max_epochs=1.
04/22/2026 03:56:50 PM | engine.py:1010 Epoch[1] Complete. Time taken: 00:01:06.390
1.0085468292236328 GB allocated
3.701171875 GB reserved
dict_keys(['index', 'mixture_magnitude', 'mixture_phase', 'source_phase', 'mix_magnitude', 'ideal_binary_mask', 'source_magnitudes'])
1.0093998908996582 GB allocated
3.701171875 GB reserved
dict_keys(['index', 'mixture_magnitude', 'mixture_phase', 'source_phase', 'mix_magnitude', 'ideal_binary_mask', 'source_magnitudes'])
1.0093998908996582 GB allocated
3.701171875 GB reserved
dict_keys(['index', 'mixture_magnitude', 'mixture_phase', 'source_phase', 'mix_magnitude', 'ideal_binary_mask', 'source_magnitudes'])
1.0093998908996582 GB allocated
3.701171875 GB reserved
dict_keys(['index', 'mixture_magnitude', 'mixture_phase', 'source_phase', 'mix_magnitude', 'ideal_binary_mask', 'source_magnitudes'])
1.0085468292236328 GB allocated
3.701171875 GB reserved
dict_keys(['index', 'mixture_magnitude', 'mixture_phase', 'source_phase', 'mix_magnitude', 'ideal_binary_mask', 'source_magnitudes'])
1.0093998908996582 GB allocated
3.701171875 GB reserved
dict_keys(['index', 'mixture_magnitude', 'mixture_phase', 'source_phase', 'mix_magnitude', 'ideal_binary_mask', 'source_magnitudes'])
1.0093998908996582 GB allocated
3.701171875 GB reserved
dict_keys(['index', 'mixture_magnitude', 'mixture_phase', 'source_phase', 'mix_magnitude', 'ideal_binary_mask', 'source_magnitudes'])
1.0093998908996582 GB allocated
3.701171875 GB reserved
dict_keys(['index', 'mixture_magnitude', 'mixture_phase', 'source_phase', 'mix_magnitude', 'ideal_binary_mask', 'source_magnitudes'])
1.0085468292236328 GB allocated
3.701171875 GB reserved
dict_keys(['index', 'mixture_magnitude', 'mixture_phase', 'source_phase', 'mix_magnitude', 'ideal_binary_mask', 'source_magnitudes'])
1.0093998908996582 GB allocated
3.701171875 GB reserved
dict_keys(['index', 'mixture_magnitude', 'mixture_phase', 'source_phase', 'mix_magnitude', 'ideal_binary_mask', 'source_magnitudes'])
[Validator] Epoch 44 - val_loss: 0.000012
[BEST CHECKPOINT] Guardado/actualizado en: checkpoints\Mis_modelos\lpsa_phase checkpoints\4stems\best_checkpoint_44_val_loss=-0.0000.pt
04/22/2026 03:56:50 PM | engine.py:1037 Engine run finished. Time taken: 00:01:06.400
[Epoch 44] train_loss=0.000010 | val_loss=0.000012
04/22/2026 03:56:50 PM | engine.py:1010 Epoch[44] Complete. Time taken: 00:02:55.962
04/22/2026 03:58:36 PM | engine.py:906 Engine run starting with max_epochs=1.
04/22/2026 03:59:44 PM | engine.py:1010 Epoch[1] Complete. Time taken: 00:01:07.875
1.0085468292236328 GB allocated
3.701171875 GB reserved
dict_keys(['index', 'mixture_magnitude', 'mixture_phase', 'source_phase', 'mix_magnitude', 'ideal_binary_mask', 'source_magnitudes'])
1.0093998908996582 GB allocated
3.701171875 GB reserved
dict_keys(['index', 'mixture_magnitude', 'mixture_phase', 'source_phase', 'mix_magnitude', 'ideal_binary_mask', 'source_magnitudes'])
1.0093998908996582 GB allocated
3.701171875 GB reserved
dict_keys(['index', 'mixture_magnitude', 'mixture_phase', 'source_phase', 'mix_magnitude', 'ideal_binary_mask', 'source_magnitudes'])
1.0093998908996582 GB allocated
3.701171875 GB reserved
dict_keys(['index', 'mixture_magnitude', 'mixture_phase', 'source_phase', 'mix_magnitude', 'ideal_binary_mask', 'source_magnitudes'])
1.0085468292236328 GB allocated
3.701171875 GB reserved
dict_keys(['index', 'mixture_magnitude', 'mixture_phase', 'source_phase', 'mix_magnitude', 'ideal_binary_mask', 'source_magnitudes'])
1.0093998908996582 GB allocated
3.701171875 GB reserved
dict_keys(['index', 'mixture_magnitude', 'mixture_phase', 'source_phase', 'mix_magnitude', 'ideal_binary_mask', 'source_magnitudes'])
1.0093998908996582 GB allocated
3.701171875 GB reserved
dict_keys(['index', 'mixture_magnitude', 'mixture_phase', 'source_phase', 'mix_magnitude', 'ideal_binary_mask', 'source_magnitudes'])
1.0093998908996582 GB allocated
3.701171875 GB reserved
dict_keys(['index', 'mixture_magnitude', 'mixture_phase', 'source_phase', 'mix_magnitude', 'ideal_binary_mask', 'source_magnitudes'])
1.0085468292236328 GB allocated
3.701171875 GB reserved
dict_keys(['index', 'mixture_magnitude', 'mixture_phase', 'source_phase', 'mix_magnitude', 'ideal_binary_mask', 'source_magnitudes'])
1.0093998908996582 GB allocated
3.701171875 GB reserved
dict_keys(['index', 'mixture_magnitude', 'mixture_phase', 'source_phase', 'mix_magnitude', 'ideal_binary_mask', 'source_magnitudes'])
[Validator] Epoch 45 - val_loss: 0.000012
[BEST CHECKPOINT] Guardado/actualizado en: checkpoints\Mis_modelos\lpsa_phase checkpoints\4stems\best_checkpoint_45_val_loss=-0.0000.pt
04/22/2026 03:59:44 PM | engine.py:1037 Engine run finished. Time taken: 00:01:07.887
[Epoch 45] train_loss=0.000010 | val_loss=0.000012
04/22/2026 03:59:44 PM | engine.py:1010 Epoch[45] Complete. Time taken: 00:02:54.433
04/22/2026 04:01:30 PM | engine.py:906 Engine run starting with max_epochs=1.
04/22/2026 04:02:38 PM | engine.py:1010 Epoch[1] Complete. Time taken: 00:01:08.370
1.0085468292236328 GB allocated
3.701171875 GB reserved
dict_keys(['index', 'mixture_magnitude', 'mixture_phase', 'source_phase', 'mix_magnitude', 'ideal_binary_mask', 'source_magnitudes'])
1.0093998908996582 GB allocated
3.701171875 GB reserved
dict_keys(['index', 'mixture_magnitude', 'mixture_phase', 'source_phase', 'mix_magnitude', 'ideal_binary_mask', 'source_magnitudes'])
1.0093998908996582 GB allocated
3.701171875 GB reserved
dict_keys(['index', 'mixture_magnitude', 'mixture_phase', 'source_phase', 'mix_magnitude', 'ideal_binary_mask', 'source_magnitudes'])
1.0093998908996582 GB allocated
3.701171875 GB reserved
dict_keys(['index', 'mixture_magnitude', 'mixture_phase', 'source_phase', 'mix_magnitude', 'ideal_binary_mask', 'source_magnitudes'])
1.0085468292236328 GB allocated
3.701171875 GB reserved
dict_keys(['index', 'mixture_magnitude', 'mixture_phase', 'source_phase', 'mix_magnitude', 'ideal_binary_mask', 'source_magnitudes'])
1.0093998908996582 GB allocated
3.701171875 GB reserved
dict_keys(['index', 'mixture_magnitude', 'mixture_phase', 'source_phase', 'mix_magnitude', 'ideal_binary_mask', 'source_magnitudes'])
1.0093998908996582 GB allocated
3.701171875 GB reserved
dict_keys(['index', 'mixture_magnitude', 'mixture_phase', 'source_phase', 'mix_magnitude', 'ideal_binary_mask', 'source_magnitudes'])
1.0093998908996582 GB allocated
3.701171875 GB reserved
dict_keys(['index', 'mixture_magnitude', 'mixture_phase', 'source_phase', 'mix_magnitude', 'ideal_binary_mask', 'source_magnitudes'])
1.0085468292236328 GB allocated
3.701171875 GB reserved
dict_keys(['index', 'mixture_magnitude', 'mixture_phase', 'source_phase', 'mix_magnitude', 'ideal_binary_mask', 'source_magnitudes'])
1.0093998908996582 GB allocated
3.701171875 GB reserved
dict_keys(['index', 'mixture_magnitude', 'mixture_phase', 'source_phase', 'mix_magnitude', 'ideal_binary_mask', 'source_magnitudes'])
[Validator] Epoch 46 - val_loss: 0.000012
[BEST CHECKPOINT] Guardado/actualizado en: checkpoints\Mis_modelos\lpsa_phase checkpoints\4stems\best_checkpoint_46_val_loss=-0.0000.pt
04/22/2026 04:02:38 PM | engine.py:1037 Engine run finished. Time taken: 00:01:08.381
[Epoch 46] train_loss=0.000010 | val_loss=0.000012
04/22/2026 04:02:38 PM | engine.py:1010 Epoch[46] Complete. Time taken: 00:02:54.089
04/22/2026 04:04:27 PM | engine.py:906 Engine run starting with max_epochs=1.
04/22/2026 04:05:34 PM | engine.py:1010 Epoch[1] Complete. Time taken: 00:01:07.113
1.0085468292236328 GB allocated
3.701171875 GB reserved
dict_keys(['index', 'mixture_magnitude', 'mixture_phase', 'source_phase', 'mix_magnitude', 'ideal_binary_mask', 'source_magnitudes'])
1.0093998908996582 GB allocated
3.701171875 GB reserved
dict_keys(['index', 'mixture_magnitude', 'mixture_phase', 'source_phase', 'mix_magnitude', 'ideal_binary_mask', 'source_magnitudes'])
1.0093998908996582 GB allocated
3.701171875 GB reserved
dict_keys(['index', 'mixture_magnitude', 'mixture_phase', 'source_phase', 'mix_magnitude', 'ideal_binary_mask', 'source_magnitudes'])
1.0093998908996582 GB allocated
3.701171875 GB reserved
dict_keys(['index', 'mixture_magnitude', 'mixture_phase', 'source_phase', 'mix_magnitude', 'ideal_binary_mask', 'source_magnitudes'])
1.0085468292236328 GB allocated
3.701171875 GB reserved
dict_keys(['index', 'mixture_magnitude', 'mixture_phase', 'source_phase', 'mix_magnitude', 'ideal_binary_mask', 'source_magnitudes'])
1.0093998908996582 GB allocated
3.701171875 GB reserved
dict_keys(['index', 'mixture_magnitude', 'mixture_phase', 'source_phase', 'mix_magnitude', 'ideal_binary_mask', 'source_magnitudes'])
1.0093998908996582 GB allocated
3.701171875 GB reserved
dict_keys(['index', 'mixture_magnitude', 'mixture_phase', 'source_phase', 'mix_magnitude', 'ideal_binary_mask', 'source_magnitudes'])
1.0093998908996582 GB allocated
3.701171875 GB reserved
dict_keys(['index', 'mixture_magnitude', 'mixture_phase', 'source_phase', 'mix_magnitude', 'ideal_binary_mask', 'source_magnitudes'])
1.0085468292236328 GB allocated
3.701171875 GB reserved
dict_keys(['index', 'mixture_magnitude', 'mixture_phase', 'source_phase', 'mix_magnitude', 'ideal_binary_mask', 'source_magnitudes'])
1.0093998908996582 GB allocated
3.701171875 GB reserved
dict_keys(['index', 'mixture_magnitude', 'mixture_phase', 'source_phase', 'mix_magnitude', 'ideal_binary_mask', 'source_magnitudes'])
[Validator] Epoch 47 - val_loss: 0.000012
[BEST CHECKPOINT] Guardado/actualizado en: checkpoints\Mis_modelos\lpsa_phase checkpoints\4stems\best_checkpoint_47_val_loss=-0.0000.pt
04/22/2026 04:05:34 PM | engine.py:1037 Engine run finished. Time taken: 00:01:07.123
[Epoch 47] train_loss=0.000010 | val_loss=0.000012
04/22/2026 04:05:34 PM | engine.py:1010 Epoch[47] Complete. Time taken: 00:02:55.642
04/22/2026 04:07:24 PM | engine.py:906 Engine run starting with max_epochs=1.
04/22/2026 04:08:25 PM | engine.py:1010 Epoch[1] Complete. Time taken: 00:01:00.285
1.0085468292236328 GB allocated
3.701171875 GB reserved
dict_keys(['index', 'mixture_magnitude', 'mixture_phase', 'source_phase', 'mix_magnitude', 'ideal_binary_mask', 'source_magnitudes'])
1.0093998908996582 GB allocated
3.701171875 GB reserved
dict_keys(['index', 'mixture_magnitude', 'mixture_phase', 'source_phase', 'mix_magnitude', 'ideal_binary_mask', 'source_magnitudes'])
1.0093998908996582 GB allocated
3.701171875 GB reserved
dict_keys(['index', 'mixture_magnitude', 'mixture_phase', 'source_phase', 'mix_magnitude', 'ideal_binary_mask', 'source_magnitudes'])
1.0093998908996582 GB allocated
3.701171875 GB reserved
dict_keys(['index', 'mixture_magnitude', 'mixture_phase', 'source_phase', 'mix_magnitude', 'ideal_binary_mask', 'source_magnitudes'])
1.0085468292236328 GB allocated
3.701171875 GB reserved
dict_keys(['index', 'mixture_magnitude', 'mixture_phase', 'source_phase', 'mix_magnitude', 'ideal_binary_mask', 'source_magnitudes'])
1.0093998908996582 GB allocated
3.701171875 GB reserved
dict_keys(['index', 'mixture_magnitude', 'mixture_phase', 'source_phase', 'mix_magnitude', 'ideal_binary_mask', 'source_magnitudes'])
1.0093998908996582 GB allocated
3.701171875 GB reserved
dict_keys(['index', 'mixture_magnitude', 'mixture_phase', 'source_phase', 'mix_magnitude', 'ideal_binary_mask', 'source_magnitudes'])
1.0093998908996582 GB allocated
3.701171875 GB reserved
dict_keys(['index', 'mixture_magnitude', 'mixture_phase', 'source_phase', 'mix_magnitude', 'ideal_binary_mask', 'source_magnitudes'])
1.0085468292236328 GB allocated
3.701171875 GB reserved
dict_keys(['index', 'mixture_magnitude', 'mixture_phase', 'source_phase', 'mix_magnitude', 'ideal_binary_mask', 'source_magnitudes'])
1.0093998908996582 GB allocated
3.701171875 GB reserved
dict_keys(['index', 'mixture_magnitude', 'mixture_phase', 'source_phase', 'mix_magnitude', 'ideal_binary_mask', 'source_magnitudes'])
[Validator] Epoch 48 - val_loss: 0.000012
[BEST CHECKPOINT] Guardado/actualizado en: checkpoints\Mis_modelos\lpsa_phase checkpoints\4stems\best_checkpoint_48_val_loss=-0.0000.pt
04/22/2026 04:08:25 PM | engine.py:1037 Engine run finished. Time taken: 00:01:00.294
[Epoch 48] train_loss=0.000011 | val_loss=0.000012
04/22/2026 04:08:25 PM | engine.py:1010 Epoch[48] Complete. Time taken: 00:02:50.899
04/22/2026 04:10:02 PM | engine.py:906 Engine run starting with max_epochs=1.
04/22/2026 04:11:06 PM | engine.py:1010 Epoch[1] Complete. Time taken: 00:01:03.419
1.0085468292236328 GB allocated
3.701171875 GB reserved
dict_keys(['index', 'mixture_magnitude', 'mixture_phase', 'source_phase', 'mix_magnitude', 'ideal_binary_mask', 'source_magnitudes'])
1.0093998908996582 GB allocated
3.701171875 GB reserved
dict_keys(['index', 'mixture_magnitude', 'mixture_phase', 'source_phase', 'mix_magnitude', 'ideal_binary_mask', 'source_magnitudes'])
1.0093998908996582 GB allocated
3.701171875 GB reserved
dict_keys(['index', 'mixture_magnitude', 'mixture_phase', 'source_phase', 'mix_magnitude', 'ideal_binary_mask', 'source_magnitudes'])
1.0093998908996582 GB allocated
3.701171875 GB reserved
dict_keys(['index', 'mixture_magnitude', 'mixture_phase', 'source_phase', 'mix_magnitude', 'ideal_binary_mask', 'source_magnitudes'])
1.0085468292236328 GB allocated
3.701171875 GB reserved
dict_keys(['index', 'mixture_magnitude', 'mixture_phase', 'source_phase', 'mix_magnitude', 'ideal_binary_mask', 'source_magnitudes'])
1.0093998908996582 GB allocated
3.701171875 GB reserved
dict_keys(['index', 'mixture_magnitude', 'mixture_phase', 'source_phase', 'mix_magnitude', 'ideal_binary_mask', 'source_magnitudes'])
1.0093998908996582 GB allocated
3.701171875 GB reserved
dict_keys(['index', 'mixture_magnitude', 'mixture_phase', 'source_phase', 'mix_magnitude', 'ideal_binary_mask', 'source_magnitudes'])
1.0093998908996582 GB allocated
3.701171875 GB reserved
dict_keys(['index', 'mixture_magnitude', 'mixture_phase', 'source_phase', 'mix_magnitude', 'ideal_binary_mask', 'source_magnitudes'])
1.0085468292236328 GB allocated
3.701171875 GB reserved
dict_keys(['index', 'mixture_magnitude', 'mixture_phase', 'source_phase', 'mix_magnitude', 'ideal_binary_mask', 'source_magnitudes'])
1.0093998908996582 GB allocated
3.701171875 GB reserved
dict_keys(['index', 'mixture_magnitude', 'mixture_phase', 'source_phase', 'mix_magnitude', 'ideal_binary_mask', 'source_magnitudes'])
[Validator] Epoch 49 - val_loss: 0.000012
[BEST CHECKPOINT] Guardado/actualizado en: checkpoints\Mis_modelos\lpsa_phase checkpoints\4stems\best_checkpoint_49_val_loss=-0.0000.pt
04/22/2026 04:11:06 PM | engine.py:1037 Engine run finished. Time taken: 00:01:03.428
[Epoch 49] train_loss=0.000010 | val_loss=0.000012
04/22/2026 04:11:06 PM | engine.py:1010 Epoch[49] Complete. Time taken: 00:02:41.087
04/22/2026 04:12:53 PM | engine.py:906 Engine run starting with max_epochs=1.
04/22/2026 04:14:00 PM | engine.py:1010 Epoch[1] Complete. Time taken: 00:01:06.825
1.0085468292236328 GB allocated
3.701171875 GB reserved
dict_keys(['index', 'mixture_magnitude', 'mixture_phase', 'source_phase', 'mix_magnitude', 'ideal_binary_mask', 'source_magnitudes'])
1.0093998908996582 GB allocated
3.701171875 GB reserved
dict_keys(['index', 'mixture_magnitude', 'mixture_phase', 'source_phase', 'mix_magnitude', 'ideal_binary_mask', 'source_magnitudes'])
1.0093998908996582 GB allocated
3.701171875 GB reserved
dict_keys(['index', 'mixture_magnitude', 'mixture_phase', 'source_phase', 'mix_magnitude', 'ideal_binary_mask', 'source_magnitudes'])
1.0093998908996582 GB allocated
3.701171875 GB reserved
dict_keys(['index', 'mixture_magnitude', 'mixture_phase', 'source_phase', 'mix_magnitude', 'ideal_binary_mask', 'source_magnitudes'])
1.0085468292236328 GB allocated
3.701171875 GB reserved
dict_keys(['index', 'mixture_magnitude', 'mixture_phase', 'source_phase', 'mix_magnitude', 'ideal_binary_mask', 'source_magnitudes'])
1.0093998908996582 GB allocated
3.701171875 GB reserved
dict_keys(['index', 'mixture_magnitude', 'mixture_phase', 'source_phase', 'mix_magnitude', 'ideal_binary_mask', 'source_magnitudes'])
1.0093998908996582 GB allocated
3.701171875 GB reserved
dict_keys(['index', 'mixture_magnitude', 'mixture_phase', 'source_phase', 'mix_magnitude', 'ideal_binary_mask', 'source_magnitudes'])
1.0093998908996582 GB allocated
3.701171875 GB reserved
dict_keys(['index', 'mixture_magnitude', 'mixture_phase', 'source_phase', 'mix_magnitude', 'ideal_binary_mask', 'source_magnitudes'])
1.0085468292236328 GB allocated
3.701171875 GB reserved
dict_keys(['index', 'mixture_magnitude', 'mixture_phase', 'source_phase', 'mix_magnitude', 'ideal_binary_mask', 'source_magnitudes'])
1.0093998908996582 GB allocated
3.701171875 GB reserved
dict_keys(['index', 'mixture_magnitude', 'mixture_phase', 'source_phase', 'mix_magnitude', 'ideal_binary_mask', 'source_magnitudes'])
[Validator] Epoch 50 - val_loss: 0.000012
[BEST CHECKPOINT] Guardado/actualizado en: checkpoints\Mis_modelos\lpsa_phase checkpoints\4stems\best_checkpoint_49_val_loss=-0.0000.pt
04/22/2026 04:14:00 PM | engine.py:1037 Engine run finished. Time taken: 00:01:06.825
[Epoch 50] train_loss=0.000010 | val_loss=0.000012
04/22/2026 04:14:00 PM | engine.py:1010 Epoch[50] Complete. Time taken: 00:02:54.509
04/22/2026 04:15:43 PM | engine.py:906 Engine run starting with max_epochs=1.
04/22/2026 04:16:44 PM | engine.py:1010 Epoch[1] Complete. Time taken: 00:01:00.892
1.0085468292236328 GB allocated
3.701171875 GB reserved
dict_keys(['index', 'mixture_magnitude', 'mixture_phase', 'source_phase', 'mix_magnitude', 'ideal_binary_mask', 'source_magnitudes'])
1.0093998908996582 GB allocated
3.701171875 GB reserved
dict_keys(['index', 'mixture_magnitude', 'mixture_phase', 'source_phase', 'mix_magnitude', 'ideal_binary_mask', 'source_magnitudes'])
1.0093998908996582 GB allocated
3.701171875 GB reserved
dict_keys(['index', 'mixture_magnitude', 'mixture_phase', 'source_phase', 'mix_magnitude', 'ideal_binary_mask', 'source_magnitudes'])
1.0093998908996582 GB allocated
3.701171875 GB reserved
dict_keys(['index', 'mixture_magnitude', 'mixture_phase', 'source_phase', 'mix_magnitude', 'ideal_binary_mask', 'source_magnitudes'])
1.0085468292236328 GB allocated
3.701171875 GB reserved
dict_keys(['index', 'mixture_magnitude', 'mixture_phase', 'source_phase', 'mix_magnitude', 'ideal_binary_mask', 'source_magnitudes'])
1.0093998908996582 GB allocated
3.701171875 GB reserved
dict_keys(['index', 'mixture_magnitude', 'mixture_phase', 'source_phase', 'mix_magnitude', 'ideal_binary_mask', 'source_magnitudes'])
1.0093998908996582 GB allocated
3.701171875 GB reserved
dict_keys(['index', 'mixture_magnitude', 'mixture_phase', 'source_phase', 'mix_magnitude', 'ideal_binary_mask', 'source_magnitudes'])
1.0093998908996582 GB allocated
3.701171875 GB reserved
dict_keys(['index', 'mixture_magnitude', 'mixture_phase', 'source_phase', 'mix_magnitude', 'ideal_binary_mask', 'source_magnitudes'])
1.0085468292236328 GB allocated
3.701171875 GB reserved
dict_keys(['index', 'mixture_magnitude', 'mixture_phase', 'source_phase', 'mix_magnitude', 'ideal_binary_mask', 'source_magnitudes'])
1.0093998908996582 GB allocated
3.701171875 GB reserved
dict_keys(['index', 'mixture_magnitude', 'mixture_phase', 'source_phase', 'mix_magnitude', 'ideal_binary_mask', 'source_magnitudes'])
[Validator] Epoch 51 - val_loss: 0.000012
[BEST CHECKPOINT] Guardado/actualizado en: checkpoints\Mis_modelos\lpsa_phase checkpoints\4stems\best_checkpoint_51_val_loss=-0.0000.pt
04/22/2026 04:16:44 PM | engine.py:1037 Engine run finished. Time taken: 00:01:00.900
[Epoch 51] train_loss=0.000010 | val_loss=0.000012
04/22/2026 04:16:44 PM | engine.py:1010 Epoch[51] Complete. Time taken: 00:02:43.651
04/22/2026 04:18:22 PM | engine.py:906 Engine run starting with max_epochs=1.
04/22/2026 04:19:22 PM | engine.py:1010 Epoch[1] Complete. Time taken: 00:01:00.028
1.0085468292236328 GB allocated
3.701171875 GB reserved
dict_keys(['index', 'mixture_magnitude', 'mixture_phase', 'source_phase', 'mix_magnitude', 'ideal_binary_mask', 'source_magnitudes'])
1.0093998908996582 GB allocated
3.701171875 GB reserved
dict_keys(['index', 'mixture_magnitude', 'mixture_phase', 'source_phase', 'mix_magnitude', 'ideal_binary_mask', 'source_magnitudes'])
1.0093998908996582 GB allocated
3.701171875 GB reserved
dict_keys(['index', 'mixture_magnitude', 'mixture_phase', 'source_phase', 'mix_magnitude', 'ideal_binary_mask', 'source_magnitudes'])
1.0093998908996582 GB allocated
3.701171875 GB reserved
dict_keys(['index', 'mixture_magnitude', 'mixture_phase', 'source_phase', 'mix_magnitude', 'ideal_binary_mask', 'source_magnitudes'])
1.0085468292236328 GB allocated
3.701171875 GB reserved
dict_keys(['index', 'mixture_magnitude', 'mixture_phase', 'source_phase', 'mix_magnitude', 'ideal_binary_mask', 'source_magnitudes'])
1.0093998908996582 GB allocated
3.701171875 GB reserved
dict_keys(['index', 'mixture_magnitude', 'mixture_phase', 'source_phase', 'mix_magnitude', 'ideal_binary_mask', 'source_magnitudes'])
1.0093998908996582 GB allocated
3.701171875 GB reserved
dict_keys(['index', 'mixture_magnitude', 'mixture_phase', 'source_phase', 'mix_magnitude', 'ideal_binary_mask', 'source_magnitudes'])
1.0093998908996582 GB allocated
3.701171875 GB reserved
dict_keys(['index', 'mixture_magnitude', 'mixture_phase', 'source_phase', 'mix_magnitude', 'ideal_binary_mask', 'source_magnitudes'])
1.0085468292236328 GB allocated
3.701171875 GB reserved
dict_keys(['index', 'mixture_magnitude', 'mixture_phase', 'source_phase', 'mix_magnitude', 'ideal_binary_mask', 'source_magnitudes'])
1.0093998908996582 GB allocated
3.701171875 GB reserved
dict_keys(['index', 'mixture_magnitude', 'mixture_phase', 'source_phase', 'mix_magnitude', 'ideal_binary_mask', 'source_magnitudes'])
[Validator] Epoch 52 - val_loss: 0.000012
[BEST CHECKPOINT] Guardado/actualizado en: checkpoints\Mis_modelos\lpsa_phase checkpoints\4stems\best_checkpoint_52_val_loss=-0.0000.pt
04/22/2026 04:19:22 PM | engine.py:1037 Engine run finished. Time taken: 00:01:00.038
[Epoch 52] train_loss=0.000010 | val_loss=0.000012
04/22/2026 04:19:22 PM | engine.py:1010 Epoch[52] Complete. Time taken: 00:02:38.469
04/22/2026 04:21:01 PM | engine.py:906 Engine run starting with max_epochs=1.
04/22/2026 04:22:01 PM | engine.py:1010 Epoch[1] Complete. Time taken: 00:01:00.488
1.0085468292236328 GB allocated
3.701171875 GB reserved
dict_keys(['index', 'mixture_magnitude', 'mixture_phase', 'source_phase', 'mix_magnitude', 'ideal_binary_mask', 'source_magnitudes'])
1.0093998908996582 GB allocated
3.701171875 GB reserved
dict_keys(['index', 'mixture_magnitude', 'mixture_phase', 'source_phase', 'mix_magnitude', 'ideal_binary_mask', 'source_magnitudes'])
1.0093998908996582 GB allocated
3.701171875 GB reserved
dict_keys(['index', 'mixture_magnitude', 'mixture_phase', 'source_phase', 'mix_magnitude', 'ideal_binary_mask', 'source_magnitudes'])
1.0093998908996582 GB allocated
3.701171875 GB reserved
dict_keys(['index', 'mixture_magnitude', 'mixture_phase', 'source_phase', 'mix_magnitude', 'ideal_binary_mask', 'source_magnitudes'])
1.0085468292236328 GB allocated
3.701171875 GB reserved
dict_keys(['index', 'mixture_magnitude', 'mixture_phase', 'source_phase', 'mix_magnitude', 'ideal_binary_mask', 'source_magnitudes'])
1.0093998908996582 GB allocated
3.701171875 GB reserved
dict_keys(['index', 'mixture_magnitude', 'mixture_phase', 'source_phase', 'mix_magnitude', 'ideal_binary_mask', 'source_magnitudes'])
1.0093998908996582 GB allocated
3.701171875 GB reserved
dict_keys(['index', 'mixture_magnitude', 'mixture_phase', 'source_phase', 'mix_magnitude', 'ideal_binary_mask', 'source_magnitudes'])
1.0093998908996582 GB allocated
3.701171875 GB reserved
dict_keys(['index', 'mixture_magnitude', 'mixture_phase', 'source_phase', 'mix_magnitude', 'ideal_binary_mask', 'source_magnitudes'])
1.0085468292236328 GB allocated
3.701171875 GB reserved
dict_keys(['index', 'mixture_magnitude', 'mixture_phase', 'source_phase', 'mix_magnitude', 'ideal_binary_mask', 'source_magnitudes'])
1.0093998908996582 GB allocated
3.701171875 GB reserved
dict_keys(['index', 'mixture_magnitude', 'mixture_phase', 'source_phase', 'mix_magnitude', 'ideal_binary_mask', 'source_magnitudes'])
[Validator] Epoch 53 - val_loss: 0.000012
[BEST CHECKPOINT] Guardado/actualizado en: checkpoints\Mis_modelos\lpsa_phase checkpoints\4stems\best_checkpoint_53_val_loss=-0.0000.pt
04/22/2026 04:22:01 PM | engine.py:1037 Engine run finished. Time taken: 00:01:00.497
[Epoch 53] train_loss=0.000010 | val_loss=0.000012
04/22/2026 04:22:01 PM | engine.py:1010 Epoch[53] Complete. Time taken: 00:02:39.061
04/22/2026 04:23:44 PM | engine.py:906 Engine run starting with max_epochs=1.
04/22/2026 04:24:52 PM | engine.py:1010 Epoch[1] Complete. Time taken: 00:01:08.376
1.0085468292236328 GB allocated
3.701171875 GB reserved
dict_keys(['index', 'mixture_magnitude', 'mixture_phase', 'source_phase', 'mix_magnitude', 'ideal_binary_mask', 'source_magnitudes'])
1.0093998908996582 GB allocated
3.701171875 GB reserved
dict_keys(['index', 'mixture_magnitude', 'mixture_phase', 'source_phase', 'mix_magnitude', 'ideal_binary_mask', 'source_magnitudes'])
1.0093998908996582 GB allocated
3.701171875 GB reserved
dict_keys(['index', 'mixture_magnitude', 'mixture_phase', 'source_phase', 'mix_magnitude', 'ideal_binary_mask', 'source_magnitudes'])
1.0093998908996582 GB allocated
3.701171875 GB reserved
dict_keys(['index', 'mixture_magnitude', 'mixture_phase', 'source_phase', 'mix_magnitude', 'ideal_binary_mask', 'source_magnitudes'])
1.0085468292236328 GB allocated
3.701171875 GB reserved
dict_keys(['index', 'mixture_magnitude', 'mixture_phase', 'source_phase', 'mix_magnitude', 'ideal_binary_mask', 'source_magnitudes'])
1.0093998908996582 GB allocated
3.701171875 GB reserved
dict_keys(['index', 'mixture_magnitude', 'mixture_phase', 'source_phase', 'mix_magnitude', 'ideal_binary_mask', 'source_magnitudes'])
1.0093998908996582 GB allocated
3.701171875 GB reserved
dict_keys(['index', 'mixture_magnitude', 'mixture_phase', 'source_phase', 'mix_magnitude', 'ideal_binary_mask', 'source_magnitudes'])
1.0093998908996582 GB allocated
3.701171875 GB reserved
dict_keys(['index', 'mixture_magnitude', 'mixture_phase', 'source_phase', 'mix_magnitude', 'ideal_binary_mask', 'source_magnitudes'])
1.0085468292236328 GB allocated
3.701171875 GB reserved
dict_keys(['index', 'mixture_magnitude', 'mixture_phase', 'source_phase', 'mix_magnitude', 'ideal_binary_mask', 'source_magnitudes'])
1.0093998908996582 GB allocated
3.701171875 GB reserved
dict_keys(['index', 'mixture_magnitude', 'mixture_phase', 'source_phase', 'mix_magnitude', 'ideal_binary_mask', 'source_magnitudes'])
[Validator] Epoch 54 - val_loss: 0.000012
[BEST CHECKPOINT] Guardado/actualizado en: checkpoints\Mis_modelos\lpsa_phase checkpoints\4stems\best_checkpoint_54_val_loss=-0.0000.pt
04/22/2026 04:24:52 PM | engine.py:1037 Engine run finished. Time taken: 00:01:08.387
[Epoch 54] train_loss=0.000009 | val_loss=0.000012
04/22/2026 04:24:52 PM | engine.py:1010 Epoch[54] Complete. Time taken: 00:02:50.458
04/22/2026 04:26:44 PM | engine.py:906 Engine run starting with max_epochs=1.
04/22/2026 04:27:54 PM | engine.py:1010 Epoch[1] Complete. Time taken: 00:01:10.874
1.0085468292236328 GB allocated
3.701171875 GB reserved
dict_keys(['index', 'mixture_magnitude', 'mixture_phase', 'source_phase', 'mix_magnitude', 'ideal_binary_mask', 'source_magnitudes'])
1.0093998908996582 GB allocated
3.701171875 GB reserved
dict_keys(['index', 'mixture_magnitude', 'mixture_phase', 'source_phase', 'mix_magnitude', 'ideal_binary_mask', 'source_magnitudes'])
1.0093998908996582 GB allocated
3.701171875 GB reserved
dict_keys(['index', 'mixture_magnitude', 'mixture_phase', 'source_phase', 'mix_magnitude', 'ideal_binary_mask', 'source_magnitudes'])
1.0093998908996582 GB allocated
3.701171875 GB reserved
dict_keys(['index', 'mixture_magnitude', 'mixture_phase', 'source_phase', 'mix_magnitude', 'ideal_binary_mask', 'source_magnitudes'])
1.0085468292236328 GB allocated
3.701171875 GB reserved
dict_keys(['index', 'mixture_magnitude', 'mixture_phase', 'source_phase', 'mix_magnitude', 'ideal_binary_mask', 'source_magnitudes'])
1.0093998908996582 GB allocated
3.701171875 GB reserved
dict_keys(['index', 'mixture_magnitude', 'mixture_phase', 'source_phase', 'mix_magnitude', 'ideal_binary_mask', 'source_magnitudes'])
1.0093998908996582 GB allocated
3.701171875 GB reserved
dict_keys(['index', 'mixture_magnitude', 'mixture_phase', 'source_phase', 'mix_magnitude', 'ideal_binary_mask', 'source_magnitudes'])
1.0093998908996582 GB allocated
3.701171875 GB reserved
dict_keys(['index', 'mixture_magnitude', 'mixture_phase', 'source_phase', 'mix_magnitude', 'ideal_binary_mask', 'source_magnitudes'])
1.0085468292236328 GB allocated
3.701171875 GB reserved
dict_keys(['index', 'mixture_magnitude', 'mixture_phase', 'source_phase', 'mix_magnitude', 'ideal_binary_mask', 'source_magnitudes'])
1.0093998908996582 GB allocated
3.701171875 GB reserved
dict_keys(['index', 'mixture_magnitude', 'mixture_phase', 'source_phase', 'mix_magnitude', 'ideal_binary_mask', 'source_magnitudes'])
[Validator] Epoch 55 - val_loss: 0.000012
[BEST CHECKPOINT] Guardado/actualizado en: checkpoints\Mis_modelos\lpsa_phase checkpoints\4stems\best_checkpoint_55_val_loss=-0.0000.pt
04/22/2026 04:27:55 PM | engine.py:1037 Engine run finished. Time taken: 00:01:10.886
[Epoch 55] train_loss=0.000010 | val_loss=0.000012
04/22/2026 04:27:55 PM | engine.py:1010 Epoch[55] Complete. Time taken: 00:03:02.589
04/22/2026 04:29:45 PM | engine.py:906 Engine run starting with max_epochs=1.
04/22/2026 04:30:52 PM | engine.py:1010 Epoch[1] Complete. Time taken: 00:01:06.610
1.0085468292236328 GB allocated
3.701171875 GB reserved
dict_keys(['index', 'mixture_magnitude', 'mixture_phase', 'source_phase', 'mix_magnitude', 'ideal_binary_mask', 'source_magnitudes'])
1.0093998908996582 GB allocated
3.701171875 GB reserved
dict_keys(['index', 'mixture_magnitude', 'mixture_phase', 'source_phase', 'mix_magnitude', 'ideal_binary_mask', 'source_magnitudes'])
1.0093998908996582 GB allocated
3.701171875 GB reserved
dict_keys(['index', 'mixture_magnitude', 'mixture_phase', 'source_phase', 'mix_magnitude', 'ideal_binary_mask', 'source_magnitudes'])
1.0093998908996582 GB allocated
3.701171875 GB reserved
dict_keys(['index', 'mixture_magnitude', 'mixture_phase', 'source_phase', 'mix_magnitude', 'ideal_binary_mask', 'source_magnitudes'])
1.0085468292236328 GB allocated
3.701171875 GB reserved
dict_keys(['index', 'mixture_magnitude', 'mixture_phase', 'source_phase', 'mix_magnitude', 'ideal_binary_mask', 'source_magnitudes'])
1.0093998908996582 GB allocated
3.701171875 GB reserved
dict_keys(['index', 'mixture_magnitude', 'mixture_phase', 'source_phase', 'mix_magnitude', 'ideal_binary_mask', 'source_magnitudes'])
1.0093998908996582 GB allocated
3.701171875 GB reserved
dict_keys(['index', 'mixture_magnitude', 'mixture_phase', 'source_phase', 'mix_magnitude', 'ideal_binary_mask', 'source_magnitudes'])
1.0093998908996582 GB allocated
3.701171875 GB reserved
dict_keys(['index', 'mixture_magnitude', 'mixture_phase', 'source_phase', 'mix_magnitude', 'ideal_binary_mask', 'source_magnitudes'])
1.0085468292236328 GB allocated
3.701171875 GB reserved
dict_keys(['index', 'mixture_magnitude', 'mixture_phase', 'source_phase', 'mix_magnitude', 'ideal_binary_mask', 'source_magnitudes'])
1.0093998908996582 GB allocated
3.701171875 GB reserved
dict_keys(['index', 'mixture_magnitude', 'mixture_phase', 'source_phase', 'mix_magnitude', 'ideal_binary_mask', 'source_magnitudes'])
[Validator] Epoch 56 - val_loss: 0.000012
[BEST CHECKPOINT] Guardado/actualizado en: checkpoints\Mis_modelos\lpsa_phase checkpoints\4stems\best_checkpoint_56_val_loss=-0.0000.pt
04/22/2026 04:30:52 PM | engine.py:1037 Engine run finished. Time taken: 00:01:06.621
[Epoch 56] train_loss=0.000010 | val_loss=0.000012
04/22/2026 04:30:52 PM | engine.py:1010 Epoch[56] Complete. Time taken: 00:02:57.483
04/22/2026 04:32:32 PM | engine.py:906 Engine run starting with max_epochs=1.
04/22/2026 04:33:34 PM | engine.py:1010 Epoch[1] Complete. Time taken: 00:01:01.649
1.0085468292236328 GB allocated
3.701171875 GB reserved
dict_keys(['index', 'mixture_magnitude', 'mixture_phase', 'source_phase', 'mix_magnitude', 'ideal_binary_mask', 'source_magnitudes'])
1.0093998908996582 GB allocated
3.701171875 GB reserved
dict_keys(['index', 'mixture_magnitude', 'mixture_phase', 'source_phase', 'mix_magnitude', 'ideal_binary_mask', 'source_magnitudes'])
1.0093998908996582 GB allocated
3.701171875 GB reserved
dict_keys(['index', 'mixture_magnitude', 'mixture_phase', 'source_phase', 'mix_magnitude', 'ideal_binary_mask', 'source_magnitudes'])
1.0093998908996582 GB allocated
3.701171875 GB reserved
dict_keys(['index', 'mixture_magnitude', 'mixture_phase', 'source_phase', 'mix_magnitude', 'ideal_binary_mask', 'source_magnitudes'])
1.0085468292236328 GB allocated
3.701171875 GB reserved
dict_keys(['index', 'mixture_magnitude', 'mixture_phase', 'source_phase', 'mix_magnitude', 'ideal_binary_mask', 'source_magnitudes'])
1.0093998908996582 GB allocated
3.701171875 GB reserved
dict_keys(['index', 'mixture_magnitude', 'mixture_phase', 'source_phase', 'mix_magnitude', 'ideal_binary_mask', 'source_magnitudes'])
1.0093998908996582 GB allocated
3.701171875 GB reserved
dict_keys(['index', 'mixture_magnitude', 'mixture_phase', 'source_phase', 'mix_magnitude', 'ideal_binary_mask', 'source_magnitudes'])
1.0093998908996582 GB allocated
3.701171875 GB reserved
dict_keys(['index', 'mixture_magnitude', 'mixture_phase', 'source_phase', 'mix_magnitude', 'ideal_binary_mask', 'source_magnitudes'])
1.0085468292236328 GB allocated
3.701171875 GB reserved
dict_keys(['index', 'mixture_magnitude', 'mixture_phase', 'source_phase', 'mix_magnitude', 'ideal_binary_mask', 'source_magnitudes'])
1.0093998908996582 GB allocated
3.701171875 GB reserved
dict_keys(['index', 'mixture_magnitude', 'mixture_phase', 'source_phase', 'mix_magnitude', 'ideal_binary_mask', 'source_magnitudes'])
[Validator] Epoch 57 - val_loss: 0.000012
[BEST CHECKPOINT] Guardado/actualizado en: checkpoints\Mis_modelos\lpsa_phase checkpoints\4stems\best_checkpoint_57_val_loss=-0.0000.pt
04/22/2026 04:33:34 PM | engine.py:1037 Engine run finished. Time taken: 00:01:01.658
[Epoch 57] train_loss=0.000010 | val_loss=0.000012
04/22/2026 04:33:34 PM | engine.py:1010 Epoch[57] Complete. Time taken: 00:02:41.974
04/22/2026 04:35:12 PM | engine.py:906 Engine run starting with max_epochs=1.
04/22/2026 04:36:13 PM | engine.py:1010 Epoch[1] Complete. Time taken: 00:01:00.836
1.0085468292236328 GB allocated
3.701171875 GB reserved
dict_keys(['index', 'mixture_magnitude', 'mixture_phase', 'source_phase', 'mix_magnitude', 'ideal_binary_mask', 'source_magnitudes'])
1.0093998908996582 GB allocated
3.701171875 GB reserved
dict_keys(['index', 'mixture_magnitude', 'mixture_phase', 'source_phase', 'mix_magnitude', 'ideal_binary_mask', 'source_magnitudes'])
1.0093998908996582 GB allocated
3.701171875 GB reserved
dict_keys(['index', 'mixture_magnitude', 'mixture_phase', 'source_phase', 'mix_magnitude', 'ideal_binary_mask', 'source_magnitudes'])
1.0093998908996582 GB allocated
3.701171875 GB reserved
dict_keys(['index', 'mixture_magnitude', 'mixture_phase', 'source_phase', 'mix_magnitude', 'ideal_binary_mask', 'source_magnitudes'])
1.0085468292236328 GB allocated
3.701171875 GB reserved
dict_keys(['index', 'mixture_magnitude', 'mixture_phase', 'source_phase', 'mix_magnitude', 'ideal_binary_mask', 'source_magnitudes'])
1.0093998908996582 GB allocated
3.701171875 GB reserved
dict_keys(['index', 'mixture_magnitude', 'mixture_phase', 'source_phase', 'mix_magnitude', 'ideal_binary_mask', 'source_magnitudes'])
1.0093998908996582 GB allocated
3.701171875 GB reserved
dict_keys(['index', 'mixture_magnitude', 'mixture_phase', 'source_phase', 'mix_magnitude', 'ideal_binary_mask', 'source_magnitudes'])
1.0093998908996582 GB allocated
3.701171875 GB reserved
dict_keys(['index', 'mixture_magnitude', 'mixture_phase', 'source_phase', 'mix_magnitude', 'ideal_binary_mask', 'source_magnitudes'])
1.0085468292236328 GB allocated
3.701171875 GB reserved
dict_keys(['index', 'mixture_magnitude', 'mixture_phase', 'source_phase', 'mix_magnitude', 'ideal_binary_mask', 'source_magnitudes'])
1.0093998908996582 GB allocated
3.701171875 GB reserved
dict_keys(['index', 'mixture_magnitude', 'mixture_phase', 'source_phase', 'mix_magnitude', 'ideal_binary_mask', 'source_magnitudes'])
[Validator] Epoch 58 - val_loss: 0.000012
[BEST CHECKPOINT] Guardado/actualizado en: checkpoints\Mis_modelos\lpsa_phase checkpoints\4stems\best_checkpoint_57_val_loss=-0.0000.pt
04/22/2026 04:36:13 PM | engine.py:1037 Engine run finished. Time taken: 00:01:00.836
[Epoch 58] train_loss=0.000010 | val_loss=0.000012
04/22/2026 04:36:13 PM | engine.py:1010 Epoch[58] Complete. Time taken: 00:02:38.726
04/22/2026 04:37:53 PM | engine.py:906 Engine run starting with max_epochs=1.
04/22/2026 04:38:54 PM | engine.py:1010 Epoch[1] Complete. Time taken: 00:01:00.220
1.0085468292236328 GB allocated
3.701171875 GB reserved
dict_keys(['index', 'mixture_magnitude', 'mixture_phase', 'source_phase', 'mix_magnitude', 'ideal_binary_mask', 'source_magnitudes'])
1.0093998908996582 GB allocated
3.701171875 GB reserved
dict_keys(['index', 'mixture_magnitude', 'mixture_phase', 'source_phase', 'mix_magnitude', 'ideal_binary_mask', 'source_magnitudes'])
1.0093998908996582 GB allocated
3.701171875 GB reserved
dict_keys(['index', 'mixture_magnitude', 'mixture_phase', 'source_phase', 'mix_magnitude', 'ideal_binary_mask', 'source_magnitudes'])
1.0093998908996582 GB allocated
3.701171875 GB reserved
dict_keys(['index', 'mixture_magnitude', 'mixture_phase', 'source_phase', 'mix_magnitude', 'ideal_binary_mask', 'source_magnitudes'])
1.0085468292236328 GB allocated
3.701171875 GB reserved
dict_keys(['index', 'mixture_magnitude', 'mixture_phase', 'source_phase', 'mix_magnitude', 'ideal_binary_mask', 'source_magnitudes'])
1.0093998908996582 GB allocated
3.701171875 GB reserved
dict_keys(['index', 'mixture_magnitude', 'mixture_phase', 'source_phase', 'mix_magnitude', 'ideal_binary_mask', 'source_magnitudes'])
1.0093998908996582 GB allocated
3.701171875 GB reserved
dict_keys(['index', 'mixture_magnitude', 'mixture_phase', 'source_phase', 'mix_magnitude', 'ideal_binary_mask', 'source_magnitudes'])
1.0093998908996582 GB allocated
3.701171875 GB reserved
dict_keys(['index', 'mixture_magnitude', 'mixture_phase', 'source_phase', 'mix_magnitude', 'ideal_binary_mask', 'source_magnitudes'])
1.0085468292236328 GB allocated
3.701171875 GB reserved
dict_keys(['index', 'mixture_magnitude', 'mixture_phase', 'source_phase', 'mix_magnitude', 'ideal_binary_mask', 'source_magnitudes'])
1.0093998908996582 GB allocated
3.701171875 GB reserved
dict_keys(['index', 'mixture_magnitude', 'mixture_phase', 'source_phase', 'mix_magnitude', 'ideal_binary_mask', 'source_magnitudes'])
[Validator] Epoch 59 - val_loss: 0.000012
[BEST CHECKPOINT] Guardado/actualizado en: checkpoints\Mis_modelos\lpsa_phase checkpoints\4stems\best_checkpoint_57_val_loss=-0.0000.pt
04/22/2026 04:38:54 PM | engine.py:1037 Engine run finished. Time taken: 00:01:00.220
[Epoch 59] train_loss=0.000011 | val_loss=0.000012
04/22/2026 04:38:54 PM | engine.py:1010 Epoch[59] Complete. Time taken: 00:02:40.931
04/22/2026 04:40:31 PM | engine.py:906 Engine run starting with max_epochs=1.
04/22/2026 04:41:32 PM | engine.py:1010 Epoch[1] Complete. Time taken: 00:01:00.403
1.0085468292236328 GB allocated
3.701171875 GB reserved
dict_keys(['index', 'mixture_magnitude', 'mixture_phase', 'source_phase', 'mix_magnitude', 'ideal_binary_mask', 'source_magnitudes'])
1.0093998908996582 GB allocated
3.701171875 GB reserved
dict_keys(['index', 'mixture_magnitude', 'mixture_phase', 'source_phase', 'mix_magnitude', 'ideal_binary_mask', 'source_magnitudes'])
1.0093998908996582 GB allocated
3.701171875 GB reserved
dict_keys(['index', 'mixture_magnitude', 'mixture_phase', 'source_phase', 'mix_magnitude', 'ideal_binary_mask', 'source_magnitudes'])
1.0093998908996582 GB allocated
3.701171875 GB reserved
dict_keys(['index', 'mixture_magnitude', 'mixture_phase', 'source_phase', 'mix_magnitude', 'ideal_binary_mask', 'source_magnitudes'])
1.0085468292236328 GB allocated
3.701171875 GB reserved
dict_keys(['index', 'mixture_magnitude', 'mixture_phase', 'source_phase', 'mix_magnitude', 'ideal_binary_mask', 'source_magnitudes'])
1.0093998908996582 GB allocated
3.701171875 GB reserved
dict_keys(['index', 'mixture_magnitude', 'mixture_phase', 'source_phase', 'mix_magnitude', 'ideal_binary_mask', 'source_magnitudes'])
1.0093998908996582 GB allocated
3.701171875 GB reserved
dict_keys(['index', 'mixture_magnitude', 'mixture_phase', 'source_phase', 'mix_magnitude', 'ideal_binary_mask', 'source_magnitudes'])
1.0093998908996582 GB allocated
3.701171875 GB reserved
dict_keys(['index', 'mixture_magnitude', 'mixture_phase', 'source_phase', 'mix_magnitude', 'ideal_binary_mask', 'source_magnitudes'])
1.0085468292236328 GB allocated
3.701171875 GB reserved
dict_keys(['index', 'mixture_magnitude', 'mixture_phase', 'source_phase', 'mix_magnitude', 'ideal_binary_mask', 'source_magnitudes'])
1.0093998908996582 GB allocated
3.701171875 GB reserved
dict_keys(['index', 'mixture_magnitude', 'mixture_phase', 'source_phase', 'mix_magnitude', 'ideal_binary_mask', 'source_magnitudes'])
[Validator] Epoch 60 - val_loss: 0.000012
[BEST CHECKPOINT] Guardado/actualizado en: checkpoints\Mis_modelos\lpsa_phase checkpoints\4stems\best_checkpoint_60_val_loss=-0.0000.pt
04/22/2026 04:41:32 PM | engine.py:1037 Engine run finished. Time taken: 00:01:00.412
[Epoch 60] train_loss=0.000010 | val_loss=0.000012
04/22/2026 04:41:32 PM | engine.py:1010 Epoch[60] Complete. Time taken: 00:02:38.144
04/22/2026 04:43:10 PM | engine.py:906 Engine run starting with max_epochs=1.
04/22/2026 04:44:11 PM | engine.py:1010 Epoch[1] Complete. Time taken: 00:01:01.251
1.0085468292236328 GB allocated
3.701171875 GB reserved
dict_keys(['index', 'mixture_magnitude', 'mixture_phase', 'source_phase', 'mix_magnitude', 'ideal_binary_mask', 'source_magnitudes'])
1.0093998908996582 GB allocated
3.701171875 GB reserved
dict_keys(['index', 'mixture_magnitude', 'mixture_phase', 'source_phase', 'mix_magnitude', 'ideal_binary_mask', 'source_magnitudes'])
1.0093998908996582 GB allocated
3.701171875 GB reserved
dict_keys(['index', 'mixture_magnitude', 'mixture_phase', 'source_phase', 'mix_magnitude', 'ideal_binary_mask', 'source_magnitudes'])
1.0093998908996582 GB allocated
3.701171875 GB reserved
dict_keys(['index', 'mixture_magnitude', 'mixture_phase', 'source_phase', 'mix_magnitude', 'ideal_binary_mask', 'source_magnitudes'])
1.0085468292236328 GB allocated
3.701171875 GB reserved
dict_keys(['index', 'mixture_magnitude', 'mixture_phase', 'source_phase', 'mix_magnitude', 'ideal_binary_mask', 'source_magnitudes'])
1.0093998908996582 GB allocated
3.701171875 GB reserved
dict_keys(['index', 'mixture_magnitude', 'mixture_phase', 'source_phase', 'mix_magnitude', 'ideal_binary_mask', 'source_magnitudes'])
1.0093998908996582 GB allocated
3.701171875 GB reserved
dict_keys(['index', 'mixture_magnitude', 'mixture_phase', 'source_phase', 'mix_magnitude', 'ideal_binary_mask', 'source_magnitudes'])
1.0093998908996582 GB allocated
3.701171875 GB reserved
dict_keys(['index', 'mixture_magnitude', 'mixture_phase', 'source_phase', 'mix_magnitude', 'ideal_binary_mask', 'source_magnitudes'])
1.0085468292236328 GB allocated
3.701171875 GB reserved
dict_keys(['index', 'mixture_magnitude', 'mixture_phase', 'source_phase', 'mix_magnitude', 'ideal_binary_mask', 'source_magnitudes'])
1.0093998908996582 GB allocated
3.701171875 GB reserved
dict_keys(['index', 'mixture_magnitude', 'mixture_phase', 'source_phase', 'mix_magnitude', 'ideal_binary_mask', 'source_magnitudes'])
[Validator] Epoch 61 - val_loss: 0.000012
[BEST CHECKPOINT] Guardado/actualizado en: checkpoints\Mis_modelos\lpsa_phase checkpoints\4stems\best_checkpoint_61_val_loss=-0.0000.pt
04/22/2026 04:44:11 PM | engine.py:1037 Engine run finished. Time taken: 00:01:01.259
[Epoch 61] train_loss=0.000010 | val_loss=0.000012
04/22/2026 04:44:11 PM | engine.py:1010 Epoch[61] Complete. Time taken: 00:02:39.434
04/22/2026 04:45:52 PM | engine.py:906 Engine run starting with max_epochs=1.
04/22/2026 04:46:53 PM | engine.py:1010 Epoch[1] Complete. Time taken: 00:01:00.813
1.0085468292236328 GB allocated
3.701171875 GB reserved
dict_keys(['index', 'mixture_magnitude', 'mixture_phase', 'source_phase', 'mix_magnitude', 'ideal_binary_mask', 'source_magnitudes'])
1.0093998908996582 GB allocated
3.701171875 GB reserved
dict_keys(['index', 'mixture_magnitude', 'mixture_phase', 'source_phase', 'mix_magnitude', 'ideal_binary_mask', 'source_magnitudes'])
1.0093998908996582 GB allocated
3.701171875 GB reserved
dict_keys(['index', 'mixture_magnitude', 'mixture_phase', 'source_phase', 'mix_magnitude', 'ideal_binary_mask', 'source_magnitudes'])
1.0093998908996582 GB allocated
3.701171875 GB reserved
dict_keys(['index', 'mixture_magnitude', 'mixture_phase', 'source_phase', 'mix_magnitude', 'ideal_binary_mask', 'source_magnitudes'])
1.0085468292236328 GB allocated
3.701171875 GB reserved
dict_keys(['index', 'mixture_magnitude', 'mixture_phase', 'source_phase', 'mix_magnitude', 'ideal_binary_mask', 'source_magnitudes'])
1.0093998908996582 GB allocated
3.701171875 GB reserved
dict_keys(['index', 'mixture_magnitude', 'mixture_phase', 'source_phase', 'mix_magnitude', 'ideal_binary_mask', 'source_magnitudes'])
1.0093998908996582 GB allocated
3.701171875 GB reserved
dict_keys(['index', 'mixture_magnitude', 'mixture_phase', 'source_phase', 'mix_magnitude', 'ideal_binary_mask', 'source_magnitudes'])
1.0093998908996582 GB allocated
3.701171875 GB reserved
dict_keys(['index', 'mixture_magnitude', 'mixture_phase', 'source_phase', 'mix_magnitude', 'ideal_binary_mask', 'source_magnitudes'])
1.0085468292236328 GB allocated
3.701171875 GB reserved
dict_keys(['index', 'mixture_magnitude', 'mixture_phase', 'source_phase', 'mix_magnitude', 'ideal_binary_mask', 'source_magnitudes'])
1.0093998908996582 GB allocated
3.701171875 GB reserved
dict_keys(['index', 'mixture_magnitude', 'mixture_phase', 'source_phase', 'mix_magnitude', 'ideal_binary_mask', 'source_magnitudes'])
[Validator] Epoch 62 - val_loss: 0.000012
[BEST CHECKPOINT] Guardado/actualizado en: checkpoints\Mis_modelos\lpsa_phase checkpoints\4stems\best_checkpoint_62_val_loss=-0.0000.pt
04/22/2026 04:46:53 PM | engine.py:1037 Engine run finished. Time taken: 00:01:00.821
[Epoch 62] train_loss=0.000010 | val_loss=0.000012
04/22/2026 04:46:53 PM | engine.py:1010 Epoch[62] Complete. Time taken: 00:02:41.685
04/22/2026 04:48:32 PM | engine.py:906 Engine run starting with max_epochs=1.
04/22/2026 04:49:33 PM | engine.py:1010 Epoch[1] Complete. Time taken: 00:01:01.102
1.0085468292236328 GB allocated
3.701171875 GB reserved
dict_keys(['index', 'mixture_magnitude', 'mixture_phase', 'source_phase', 'mix_magnitude', 'ideal_binary_mask', 'source_magnitudes'])
1.0093998908996582 GB allocated
3.701171875 GB reserved
dict_keys(['index', 'mixture_magnitude', 'mixture_phase', 'source_phase', 'mix_magnitude', 'ideal_binary_mask', 'source_magnitudes'])
1.0093998908996582 GB allocated
3.701171875 GB reserved
dict_keys(['index', 'mixture_magnitude', 'mixture_phase', 'source_phase', 'mix_magnitude', 'ideal_binary_mask', 'source_magnitudes'])
1.0093998908996582 GB allocated
3.701171875 GB reserved
dict_keys(['index', 'mixture_magnitude', 'mixture_phase', 'source_phase', 'mix_magnitude', 'ideal_binary_mask', 'source_magnitudes'])
1.0085468292236328 GB allocated
3.701171875 GB reserved
dict_keys(['index', 'mixture_magnitude', 'mixture_phase', 'source_phase', 'mix_magnitude', 'ideal_binary_mask', 'source_magnitudes'])
1.0093998908996582 GB allocated
3.701171875 GB reserved
dict_keys(['index', 'mixture_magnitude', 'mixture_phase', 'source_phase', 'mix_magnitude', 'ideal_binary_mask', 'source_magnitudes'])
1.0093998908996582 GB allocated
3.701171875 GB reserved
dict_keys(['index', 'mixture_magnitude', 'mixture_phase', 'source_phase', 'mix_magnitude', 'ideal_binary_mask', 'source_magnitudes'])
1.0093998908996582 GB allocated
3.701171875 GB reserved
dict_keys(['index', 'mixture_magnitude', 'mixture_phase', 'source_phase', 'mix_magnitude', 'ideal_binary_mask', 'source_magnitudes'])
1.0085468292236328 GB allocated
3.701171875 GB reserved
dict_keys(['index', 'mixture_magnitude', 'mixture_phase', 'source_phase', 'mix_magnitude', 'ideal_binary_mask', 'source_magnitudes'])
1.0093998908996582 GB allocated
3.701171875 GB reserved
dict_keys(['index', 'mixture_magnitude', 'mixture_phase', 'source_phase', 'mix_magnitude', 'ideal_binary_mask', 'source_magnitudes'])
[Validator] Epoch 63 - val_loss: 0.000012
[BEST CHECKPOINT] Guardado/actualizado en: checkpoints\Mis_modelos\lpsa_phase checkpoints\4stems\best_checkpoint_63_val_loss=-0.0000.pt
04/22/2026 04:49:33 PM | engine.py:1037 Engine run finished. Time taken: 00:01:01.115
[Epoch 63] train_loss=0.000010 | val_loss=0.000012
04/22/2026 04:49:33 PM | engine.py:1010 Epoch[63] Complete. Time taken: 00:02:40.070
04/22/2026 04:51:10 PM | engine.py:906 Engine run starting with max_epochs=1.
04/22/2026 04:52:11 PM | engine.py:1010 Epoch[1] Complete. Time taken: 00:01:00.392
1.0085468292236328 GB allocated
3.701171875 GB reserved
dict_keys(['index', 'mixture_magnitude', 'mixture_phase', 'source_phase', 'mix_magnitude', 'ideal_binary_mask', 'source_magnitudes'])
1.0093998908996582 GB allocated
3.701171875 GB reserved
dict_keys(['index', 'mixture_magnitude', 'mixture_phase', 'source_phase', 'mix_magnitude', 'ideal_binary_mask', 'source_magnitudes'])
1.0093998908996582 GB allocated
3.701171875 GB reserved
dict_keys(['index', 'mixture_magnitude', 'mixture_phase', 'source_phase', 'mix_magnitude', 'ideal_binary_mask', 'source_magnitudes'])
1.0093998908996582 GB allocated
3.701171875 GB reserved
dict_keys(['index', 'mixture_magnitude', 'mixture_phase', 'source_phase', 'mix_magnitude', 'ideal_binary_mask', 'source_magnitudes'])
1.0085468292236328 GB allocated
3.701171875 GB reserved
dict_keys(['index', 'mixture_magnitude', 'mixture_phase', 'source_phase', 'mix_magnitude', 'ideal_binary_mask', 'source_magnitudes'])
1.0093998908996582 GB allocated
3.701171875 GB reserved
dict_keys(['index', 'mixture_magnitude', 'mixture_phase', 'source_phase', 'mix_magnitude', 'ideal_binary_mask', 'source_magnitudes'])
1.0093998908996582 GB allocated
3.701171875 GB reserved
dict_keys(['index', 'mixture_magnitude', 'mixture_phase', 'source_phase', 'mix_magnitude', 'ideal_binary_mask', 'source_magnitudes'])
1.0093998908996582 GB allocated
3.701171875 GB reserved
dict_keys(['index', 'mixture_magnitude', 'mixture_phase', 'source_phase', 'mix_magnitude', 'ideal_binary_mask', 'source_magnitudes'])
1.0085468292236328 GB allocated
3.701171875 GB reserved
dict_keys(['index', 'mixture_magnitude', 'mixture_phase', 'source_phase', 'mix_magnitude', 'ideal_binary_mask', 'source_magnitudes'])
1.0093998908996582 GB allocated
3.701171875 GB reserved
dict_keys(['index', 'mixture_magnitude', 'mixture_phase', 'source_phase', 'mix_magnitude', 'ideal_binary_mask', 'source_magnitudes'])
[Validator] Epoch 64 - val_loss: 0.000012
[BEST CHECKPOINT] Guardado/actualizado en: checkpoints\Mis_modelos\lpsa_phase checkpoints\4stems\best_checkpoint_64_val_loss=-0.0000.pt
04/22/2026 04:52:11 PM | engine.py:1037 Engine run finished. Time taken: 00:01:00.401
[Epoch 64] train_loss=0.000010 | val_loss=0.000012
04/22/2026 04:52:11 PM | engine.py:1010 Epoch[64] Complete. Time taken: 00:02:37.626
04/22/2026 04:53:49 PM | engine.py:906 Engine run starting with max_epochs=1.
04/22/2026 04:54:49 PM | engine.py:1010 Epoch[1] Complete. Time taken: 00:01:00.376
1.0085468292236328 GB allocated
3.701171875 GB reserved
dict_keys(['index', 'mixture_magnitude', 'mixture_phase', 'source_phase', 'mix_magnitude', 'ideal_binary_mask', 'source_magnitudes'])
1.0093998908996582 GB allocated
3.701171875 GB reserved
dict_keys(['index', 'mixture_magnitude', 'mixture_phase', 'source_phase', 'mix_magnitude', 'ideal_binary_mask', 'source_magnitudes'])
1.0093998908996582 GB allocated
3.701171875 GB reserved
dict_keys(['index', 'mixture_magnitude', 'mixture_phase', 'source_phase', 'mix_magnitude', 'ideal_binary_mask', 'source_magnitudes'])
1.0093998908996582 GB allocated
3.701171875 GB reserved
dict_keys(['index', 'mixture_magnitude', 'mixture_phase', 'source_phase', 'mix_magnitude', 'ideal_binary_mask', 'source_magnitudes'])
1.0085468292236328 GB allocated
3.701171875 GB reserved
dict_keys(['index', 'mixture_magnitude', 'mixture_phase', 'source_phase', 'mix_magnitude', 'ideal_binary_mask', 'source_magnitudes'])
1.0093998908996582 GB allocated
3.701171875 GB reserved
dict_keys(['index', 'mixture_magnitude', 'mixture_phase', 'source_phase', 'mix_magnitude', 'ideal_binary_mask', 'source_magnitudes'])
1.0093998908996582 GB allocated
3.701171875 GB reserved
dict_keys(['index', 'mixture_magnitude', 'mixture_phase', 'source_phase', 'mix_magnitude', 'ideal_binary_mask', 'source_magnitudes'])
1.0093998908996582 GB allocated
3.701171875 GB reserved
dict_keys(['index', 'mixture_magnitude', 'mixture_phase', 'source_phase', 'mix_magnitude', 'ideal_binary_mask', 'source_magnitudes'])
1.0085468292236328 GB allocated
3.701171875 GB reserved
dict_keys(['index', 'mixture_magnitude', 'mixture_phase', 'source_phase', 'mix_magnitude', 'ideal_binary_mask', 'source_magnitudes'])
1.0093998908996582 GB allocated
3.701171875 GB reserved
dict_keys(['index', 'mixture_magnitude', 'mixture_phase', 'source_phase', 'mix_magnitude', 'ideal_binary_mask', 'source_magnitudes'])
[Validator] Epoch 65 - val_loss: 0.000012
[BEST CHECKPOINT] Guardado/actualizado en: checkpoints\Mis_modelos\lpsa_phase checkpoints\4stems\best_checkpoint_65_val_loss=-0.0000.pt
04/22/2026 04:54:50 PM | engine.py:1037 Engine run finished. Time taken: 00:01:00.385
[Epoch 65] train_loss=0.000010 | val_loss=0.000012
04/22/2026 04:54:50 PM | engine.py:1010 Epoch[65] Complete. Time taken: 00:02:38.926
04/22/2026 04:56:29 PM | engine.py:906 Engine run starting with max_epochs=1.
04/22/2026 04:57:29 PM | engine.py:1010 Epoch[1] Complete. Time taken: 00:00:59.929
1.0085468292236328 GB allocated
3.701171875 GB reserved
dict_keys(['index', 'mixture_magnitude', 'mixture_phase', 'source_phase', 'mix_magnitude', 'ideal_binary_mask', 'source_magnitudes'])
1.0093998908996582 GB allocated
3.701171875 GB reserved
dict_keys(['index', 'mixture_magnitude', 'mixture_phase', 'source_phase', 'mix_magnitude', 'ideal_binary_mask', 'source_magnitudes'])
1.0093998908996582 GB allocated
3.701171875 GB reserved
dict_keys(['index', 'mixture_magnitude', 'mixture_phase', 'source_phase', 'mix_magnitude', 'ideal_binary_mask', 'source_magnitudes'])
1.0093998908996582 GB allocated
3.701171875 GB reserved
dict_keys(['index', 'mixture_magnitude', 'mixture_phase', 'source_phase', 'mix_magnitude', 'ideal_binary_mask', 'source_magnitudes'])
1.0085468292236328 GB allocated
3.701171875 GB reserved
dict_keys(['index', 'mixture_magnitude', 'mixture_phase', 'source_phase', 'mix_magnitude', 'ideal_binary_mask', 'source_magnitudes'])
1.0093998908996582 GB allocated
3.701171875 GB reserved
dict_keys(['index', 'mixture_magnitude', 'mixture_phase', 'source_phase', 'mix_magnitude', 'ideal_binary_mask', 'source_magnitudes'])
1.0093998908996582 GB allocated
3.701171875 GB reserved
dict_keys(['index', 'mixture_magnitude', 'mixture_phase', 'source_phase', 'mix_magnitude', 'ideal_binary_mask', 'source_magnitudes'])
1.0093998908996582 GB allocated
3.701171875 GB reserved
dict_keys(['index', 'mixture_magnitude', 'mixture_phase', 'source_phase', 'mix_magnitude', 'ideal_binary_mask', 'source_magnitudes'])
1.0085468292236328 GB allocated
3.701171875 GB reserved
dict_keys(['index', 'mixture_magnitude', 'mixture_phase', 'source_phase', 'mix_magnitude', 'ideal_binary_mask', 'source_magnitudes'])
1.0093998908996582 GB allocated
3.701171875 GB reserved
dict_keys(['index', 'mixture_magnitude', 'mixture_phase', 'source_phase', 'mix_magnitude', 'ideal_binary_mask', 'source_magnitudes'])
[Validator] Epoch 66 - val_loss: 0.000012
[BEST CHECKPOINT] Guardado/actualizado en: checkpoints\Mis_modelos\lpsa_phase checkpoints\4stems\best_checkpoint_66_val_loss=-0.0000.pt
04/22/2026 04:57:29 PM | engine.py:1037 Engine run finished. Time taken: 00:00:59.940
[Epoch 66] train_loss=0.000010 | val_loss=0.000012
04/22/2026 04:57:29 PM | engine.py:1010 Epoch[66] Complete. Time taken: 00:02:39.074
04/22/2026 04:59:06 PM | engine.py:906 Engine run starting with max_epochs=1.
04/22/2026 05:00:07 PM | engine.py:1010 Epoch[1] Complete. Time taken: 00:01:00.310
1.0085468292236328 GB allocated
3.701171875 GB reserved
dict_keys(['index', 'mixture_magnitude', 'mixture_phase', 'source_phase', 'mix_magnitude', 'ideal_binary_mask', 'source_magnitudes'])
1.0093998908996582 GB allocated
3.701171875 GB reserved
dict_keys(['index', 'mixture_magnitude', 'mixture_phase', 'source_phase', 'mix_magnitude', 'ideal_binary_mask', 'source_magnitudes'])
1.0093998908996582 GB allocated
3.701171875 GB reserved
dict_keys(['index', 'mixture_magnitude', 'mixture_phase', 'source_phase', 'mix_magnitude', 'ideal_binary_mask', 'source_magnitudes'])
1.0093998908996582 GB allocated
3.701171875 GB reserved
dict_keys(['index', 'mixture_magnitude', 'mixture_phase', 'source_phase', 'mix_magnitude', 'ideal_binary_mask', 'source_magnitudes'])
1.0085468292236328 GB allocated
3.701171875 GB reserved
dict_keys(['index', 'mixture_magnitude', 'mixture_phase', 'source_phase', 'mix_magnitude', 'ideal_binary_mask', 'source_magnitudes'])
1.0093998908996582 GB allocated
3.701171875 GB reserved
dict_keys(['index', 'mixture_magnitude', 'mixture_phase', 'source_phase', 'mix_magnitude', 'ideal_binary_mask', 'source_magnitudes'])
1.0093998908996582 GB allocated
3.701171875 GB reserved
dict_keys(['index', 'mixture_magnitude', 'mixture_phase', 'source_phase', 'mix_magnitude', 'ideal_binary_mask', 'source_magnitudes'])
1.0093998908996582 GB allocated
3.701171875 GB reserved
dict_keys(['index', 'mixture_magnitude', 'mixture_phase', 'source_phase', 'mix_magnitude', 'ideal_binary_mask', 'source_magnitudes'])
1.0085468292236328 GB allocated
3.701171875 GB reserved
dict_keys(['index', 'mixture_magnitude', 'mixture_phase', 'source_phase', 'mix_magnitude', 'ideal_binary_mask', 'source_magnitudes'])
1.0093998908996582 GB allocated
3.701171875 GB reserved
dict_keys(['index', 'mixture_magnitude', 'mixture_phase', 'source_phase', 'mix_magnitude', 'ideal_binary_mask', 'source_magnitudes'])
[Validator] Epoch 67 - val_loss: 0.000012
[BEST CHECKPOINT] Guardado/actualizado en: checkpoints\Mis_modelos\lpsa_phase checkpoints\4stems\best_checkpoint_67_val_loss=-0.0000.pt
04/22/2026 05:00:07 PM | engine.py:1037 Engine run finished. Time taken: 00:01:00.319
[Epoch 67] train_loss=0.000010 | val_loss=0.000012
04/22/2026 05:00:07 PM | engine.py:1010 Epoch[67] Complete. Time taken: 00:02:37.955
04/22/2026 05:01:45 PM | engine.py:906 Engine run starting with max_epochs=1.
04/22/2026 05:02:46 PM | engine.py:1010 Epoch[1] Complete. Time taken: 00:01:00.518
1.0085468292236328 GB allocated
3.701171875 GB reserved
dict_keys(['index', 'mixture_magnitude', 'mixture_phase', 'source_phase', 'mix_magnitude', 'ideal_binary_mask', 'source_magnitudes'])
1.0093998908996582 GB allocated
3.701171875 GB reserved
dict_keys(['index', 'mixture_magnitude', 'mixture_phase', 'source_phase', 'mix_magnitude', 'ideal_binary_mask', 'source_magnitudes'])
1.0093998908996582 GB allocated
3.701171875 GB reserved
dict_keys(['index', 'mixture_magnitude', 'mixture_phase', 'source_phase', 'mix_magnitude', 'ideal_binary_mask', 'source_magnitudes'])
1.0093998908996582 GB allocated
3.701171875 GB reserved
dict_keys(['index', 'mixture_magnitude', 'mixture_phase', 'source_phase', 'mix_magnitude', 'ideal_binary_mask', 'source_magnitudes'])
1.0085468292236328 GB allocated
3.701171875 GB reserved
dict_keys(['index', 'mixture_magnitude', 'mixture_phase', 'source_phase', 'mix_magnitude', 'ideal_binary_mask', 'source_magnitudes'])
1.0093998908996582 GB allocated
3.701171875 GB reserved
dict_keys(['index', 'mixture_magnitude', 'mixture_phase', 'source_phase', 'mix_magnitude', 'ideal_binary_mask', 'source_magnitudes'])
1.0093998908996582 GB allocated
3.701171875 GB reserved
dict_keys(['index', 'mixture_magnitude', 'mixture_phase', 'source_phase', 'mix_magnitude', 'ideal_binary_mask', 'source_magnitudes'])
1.0093998908996582 GB allocated
3.701171875 GB reserved
dict_keys(['index', 'mixture_magnitude', 'mixture_phase', 'source_phase', 'mix_magnitude', 'ideal_binary_mask', 'source_magnitudes'])
1.0085468292236328 GB allocated
3.701171875 GB reserved
dict_keys(['index', 'mixture_magnitude', 'mixture_phase', 'source_phase', 'mix_magnitude', 'ideal_binary_mask', 'source_magnitudes'])
1.0093998908996582 GB allocated
3.701171875 GB reserved
dict_keys(['index', 'mixture_magnitude', 'mixture_phase', 'source_phase', 'mix_magnitude', 'ideal_binary_mask', 'source_magnitudes'])
[Validator] Epoch 68 - val_loss: 0.000012
[BEST CHECKPOINT] Guardado/actualizado en: checkpoints\Mis_modelos\lpsa_phase checkpoints\4stems\best_checkpoint_68_val_loss=-0.0000.pt
04/22/2026 05:02:46 PM | engine.py:1037 Engine run finished. Time taken: 00:01:00.527
[Epoch 68] train_loss=0.000010 | val_loss=0.000012
04/22/2026 05:02:46 PM | engine.py:1010 Epoch[68] Complete. Time taken: 00:02:39.128
04/22/2026 05:04:25 PM | engine.py:906 Engine run starting with max_epochs=1.
04/22/2026 05:05:31 PM | engine.py:1010 Epoch[1] Complete. Time taken: 00:01:05.819
1.0085468292236328 GB allocated
3.701171875 GB reserved
dict_keys(['index', 'mixture_magnitude', 'mixture_phase', 'source_phase', 'mix_magnitude', 'ideal_binary_mask', 'source_magnitudes'])
1.0093998908996582 GB allocated
3.701171875 GB reserved
dict_keys(['index', 'mixture_magnitude', 'mixture_phase', 'source_phase', 'mix_magnitude', 'ideal_binary_mask', 'source_magnitudes'])
1.0093998908996582 GB allocated
3.701171875 GB reserved
dict_keys(['index', 'mixture_magnitude', 'mixture_phase', 'source_phase', 'mix_magnitude', 'ideal_binary_mask', 'source_magnitudes'])
1.0093998908996582 GB allocated
3.701171875 GB reserved
dict_keys(['index', 'mixture_magnitude', 'mixture_phase', 'source_phase', 'mix_magnitude', 'ideal_binary_mask', 'source_magnitudes'])
1.0085468292236328 GB allocated
3.701171875 GB reserved
dict_keys(['index', 'mixture_magnitude', 'mixture_phase', 'source_phase', 'mix_magnitude', 'ideal_binary_mask', 'source_magnitudes'])
1.0093998908996582 GB allocated
3.701171875 GB reserved
dict_keys(['index', 'mixture_magnitude', 'mixture_phase', 'source_phase', 'mix_magnitude', 'ideal_binary_mask', 'source_magnitudes'])
1.0093998908996582 GB allocated
3.701171875 GB reserved
dict_keys(['index', 'mixture_magnitude', 'mixture_phase', 'source_phase', 'mix_magnitude', 'ideal_binary_mask', 'source_magnitudes'])
1.0093998908996582 GB allocated
3.701171875 GB reserved
dict_keys(['index', 'mixture_magnitude', 'mixture_phase', 'source_phase', 'mix_magnitude', 'ideal_binary_mask', 'source_magnitudes'])
1.0085468292236328 GB allocated
3.701171875 GB reserved
dict_keys(['index', 'mixture_magnitude', 'mixture_phase', 'source_phase', 'mix_magnitude', 'ideal_binary_mask', 'source_magnitudes'])
1.0093998908996582 GB allocated
3.701171875 GB reserved
dict_keys(['index', 'mixture_magnitude', 'mixture_phase', 'source_phase', 'mix_magnitude', 'ideal_binary_mask', 'source_magnitudes'])
[Validator] Epoch 69 - val_loss: 0.000012
[BEST CHECKPOINT] Guardado/actualizado en: checkpoints\Mis_modelos\lpsa_phase checkpoints\4stems\best_checkpoint_69_val_loss=-0.0000.pt
04/22/2026 05:05:31 PM | engine.py:1037 Engine run finished. Time taken: 00:01:05.830
[Epoch 69] train_loss=0.000010 | val_loss=0.000012
04/22/2026 05:05:31 PM | engine.py:1010 Epoch[69] Complete. Time taken: 00:02:45.468
04/22/2026 05:07:17 PM | engine.py:906 Engine run starting with max_epochs=1.
04/22/2026 05:08:23 PM | engine.py:1010 Epoch[1] Complete. Time taken: 00:01:05.796
1.0085468292236328 GB allocated
3.701171875 GB reserved
dict_keys(['index', 'mixture_magnitude', 'mixture_phase', 'source_phase', 'mix_magnitude', 'ideal_binary_mask', 'source_magnitudes'])
1.0093998908996582 GB allocated
3.701171875 GB reserved
dict_keys(['index', 'mixture_magnitude', 'mixture_phase', 'source_phase', 'mix_magnitude', 'ideal_binary_mask', 'source_magnitudes'])
1.0093998908996582 GB allocated
3.701171875 GB reserved
dict_keys(['index', 'mixture_magnitude', 'mixture_phase', 'source_phase', 'mix_magnitude', 'ideal_binary_mask', 'source_magnitudes'])
1.0093998908996582 GB allocated
3.701171875 GB reserved
dict_keys(['index', 'mixture_magnitude', 'mixture_phase', 'source_phase', 'mix_magnitude', 'ideal_binary_mask', 'source_magnitudes'])
1.0085468292236328 GB allocated
3.701171875 GB reserved
dict_keys(['index', 'mixture_magnitude', 'mixture_phase', 'source_phase', 'mix_magnitude', 'ideal_binary_mask', 'source_magnitudes'])
1.0093998908996582 GB allocated
3.701171875 GB reserved
dict_keys(['index', 'mixture_magnitude', 'mixture_phase', 'source_phase', 'mix_magnitude', 'ideal_binary_mask', 'source_magnitudes'])
1.0093998908996582 GB allocated
3.701171875 GB reserved
dict_keys(['index', 'mixture_magnitude', 'mixture_phase', 'source_phase', 'mix_magnitude', 'ideal_binary_mask', 'source_magnitudes'])
1.0093998908996582 GB allocated
3.701171875 GB reserved
dict_keys(['index', 'mixture_magnitude', 'mixture_phase', 'source_phase', 'mix_magnitude', 'ideal_binary_mask', 'source_magnitudes'])
1.0085468292236328 GB allocated
3.701171875 GB reserved
dict_keys(['index', 'mixture_magnitude', 'mixture_phase', 'source_phase', 'mix_magnitude', 'ideal_binary_mask', 'source_magnitudes'])
1.0093998908996582 GB allocated
3.701171875 GB reserved
dict_keys(['index', 'mixture_magnitude', 'mixture_phase', 'source_phase', 'mix_magnitude', 'ideal_binary_mask', 'source_magnitudes'])
[Validator] Epoch 70 - val_loss: 0.000012
[BEST CHECKPOINT] Guardado/actualizado en: checkpoints\Mis_modelos\lpsa_phase checkpoints\4stems\best_checkpoint_69_val_loss=-0.0000.pt
04/22/2026 05:08:23 PM | engine.py:1037 Engine run finished. Time taken: 00:01:05.797
[Epoch 70] train_loss=0.000010 | val_loss=0.000012
04/22/2026 05:08:23 PM | engine.py:1010 Epoch[70] Complete. Time taken: 00:02:51.916
04/22/2026 05:10:10 PM | engine.py:906 Engine run starting with max_epochs=1.
04/22/2026 05:11:16 PM | engine.py:1010 Epoch[1] Complete. Time taken: 00:01:05.987
1.0085468292236328 GB allocated
3.701171875 GB reserved
dict_keys(['index', 'mixture_magnitude', 'mixture_phase', 'source_phase', 'mix_magnitude', 'ideal_binary_mask', 'source_magnitudes'])
1.0093998908996582 GB allocated
3.701171875 GB reserved
dict_keys(['index', 'mixture_magnitude', 'mixture_phase', 'source_phase', 'mix_magnitude', 'ideal_binary_mask', 'source_magnitudes'])
1.0093998908996582 GB allocated
3.701171875 GB reserved
dict_keys(['index', 'mixture_magnitude', 'mixture_phase', 'source_phase', 'mix_magnitude', 'ideal_binary_mask', 'source_magnitudes'])
1.0093998908996582 GB allocated
3.701171875 GB reserved
dict_keys(['index', 'mixture_magnitude', 'mixture_phase', 'source_phase', 'mix_magnitude', 'ideal_binary_mask', 'source_magnitudes'])
1.0085468292236328 GB allocated
3.701171875 GB reserved
dict_keys(['index', 'mixture_magnitude', 'mixture_phase', 'source_phase', 'mix_magnitude', 'ideal_binary_mask', 'source_magnitudes'])
1.0093998908996582 GB allocated
3.701171875 GB reserved
dict_keys(['index', 'mixture_magnitude', 'mixture_phase', 'source_phase', 'mix_magnitude', 'ideal_binary_mask', 'source_magnitudes'])
1.0093998908996582 GB allocated
3.701171875 GB reserved
dict_keys(['index', 'mixture_magnitude', 'mixture_phase', 'source_phase', 'mix_magnitude', 'ideal_binary_mask', 'source_magnitudes'])
1.0093998908996582 GB allocated
3.701171875 GB reserved
dict_keys(['index', 'mixture_magnitude', 'mixture_phase', 'source_phase', 'mix_magnitude', 'ideal_binary_mask', 'source_magnitudes'])
1.0085468292236328 GB allocated
3.701171875 GB reserved
dict_keys(['index', 'mixture_magnitude', 'mixture_phase', 'source_phase', 'mix_magnitude', 'ideal_binary_mask', 'source_magnitudes'])
1.0093998908996582 GB allocated
3.701171875 GB reserved
dict_keys(['index', 'mixture_magnitude', 'mixture_phase', 'source_phase', 'mix_magnitude', 'ideal_binary_mask', 'source_magnitudes'])
[Validator] Epoch 71 - val_loss: 0.000012
[BEST CHECKPOINT] Guardado/actualizado en: checkpoints\Mis_modelos\lpsa_phase checkpoints\4stems\best_checkpoint_69_val_loss=-0.0000.pt
04/22/2026 05:11:16 PM | engine.py:1037 Engine run finished. Time taken: 00:01:05.988
[Epoch 71] train_loss=0.000010 | val_loss=0.000012
04/22/2026 05:11:16 PM | engine.py:1010 Epoch[71] Complete. Time taken: 00:02:52.700
04/22/2026 05:13:02 PM | engine.py:906 Engine run starting with max_epochs=1.
04/22/2026 05:14:08 PM | engine.py:1010 Epoch[1] Complete. Time taken: 00:01:06.030
1.0085468292236328 GB allocated
3.701171875 GB reserved
dict_keys(['index', 'mixture_magnitude', 'mixture_phase', 'source_phase', 'mix_magnitude', 'ideal_binary_mask', 'source_magnitudes'])
1.0093998908996582 GB allocated
3.701171875 GB reserved
dict_keys(['index', 'mixture_magnitude', 'mixture_phase', 'source_phase', 'mix_magnitude', 'ideal_binary_mask', 'source_magnitudes'])
1.0093998908996582 GB allocated
3.701171875 GB reserved
dict_keys(['index', 'mixture_magnitude', 'mixture_phase', 'source_phase', 'mix_magnitude', 'ideal_binary_mask', 'source_magnitudes'])
1.0093998908996582 GB allocated
3.701171875 GB reserved
dict_keys(['index', 'mixture_magnitude', 'mixture_phase', 'source_phase', 'mix_magnitude', 'ideal_binary_mask', 'source_magnitudes'])
1.0085468292236328 GB allocated
3.701171875 GB reserved
dict_keys(['index', 'mixture_magnitude', 'mixture_phase', 'source_phase', 'mix_magnitude', 'ideal_binary_mask', 'source_magnitudes'])
1.0093998908996582 GB allocated
3.701171875 GB reserved
dict_keys(['index', 'mixture_magnitude', 'mixture_phase', 'source_phase', 'mix_magnitude', 'ideal_binary_mask', 'source_magnitudes'])
1.0093998908996582 GB allocated
3.701171875 GB reserved
dict_keys(['index', 'mixture_magnitude', 'mixture_phase', 'source_phase', 'mix_magnitude', 'ideal_binary_mask', 'source_magnitudes'])
1.0093998908996582 GB allocated
3.701171875 GB reserved
dict_keys(['index', 'mixture_magnitude', 'mixture_phase', 'source_phase', 'mix_magnitude', 'ideal_binary_mask', 'source_magnitudes'])
1.0085468292236328 GB allocated
3.701171875 GB reserved
dict_keys(['index', 'mixture_magnitude', 'mixture_phase', 'source_phase', 'mix_magnitude', 'ideal_binary_mask', 'source_magnitudes'])
1.0093998908996582 GB allocated
3.701171875 GB reserved
dict_keys(['index', 'mixture_magnitude', 'mixture_phase', 'source_phase', 'mix_magnitude', 'ideal_binary_mask', 'source_magnitudes'])
[Validator] Epoch 72 - val_loss: 0.000012
[BEST CHECKPOINT] Guardado/actualizado en: checkpoints\Mis_modelos\lpsa_phase checkpoints\4stems\best_checkpoint_72_val_loss=-0.0000.pt
04/22/2026 05:14:08 PM | engine.py:1037 Engine run finished. Time taken: 00:01:06.040
[Epoch 72] train_loss=0.000010 | val_loss=0.000012
04/22/2026 05:14:08 PM | engine.py:1010 Epoch[72] Complete. Time taken: 00:02:52.243
04/22/2026 05:15:55 PM | engine.py:906 Engine run starting with max_epochs=1.
04/22/2026 05:17:01 PM | engine.py:1010 Epoch[1] Complete. Time taken: 00:01:06.127
1.0085468292236328 GB allocated
3.701171875 GB reserved
dict_keys(['index', 'mixture_magnitude', 'mixture_phase', 'source_phase', 'mix_magnitude', 'ideal_binary_mask', 'source_magnitudes'])
1.0093998908996582 GB allocated
3.701171875 GB reserved
dict_keys(['index', 'mixture_magnitude', 'mixture_phase', 'source_phase', 'mix_magnitude', 'ideal_binary_mask', 'source_magnitudes'])
1.0093998908996582 GB allocated
3.701171875 GB reserved
dict_keys(['index', 'mixture_magnitude', 'mixture_phase', 'source_phase', 'mix_magnitude', 'ideal_binary_mask', 'source_magnitudes'])
1.0093998908996582 GB allocated
3.701171875 GB reserved
dict_keys(['index', 'mixture_magnitude', 'mixture_phase', 'source_phase', 'mix_magnitude', 'ideal_binary_mask', 'source_magnitudes'])
1.0085468292236328 GB allocated
3.701171875 GB reserved
dict_keys(['index', 'mixture_magnitude', 'mixture_phase', 'source_phase', 'mix_magnitude', 'ideal_binary_mask', 'source_magnitudes'])
1.0093998908996582 GB allocated
3.701171875 GB reserved
dict_keys(['index', 'mixture_magnitude', 'mixture_phase', 'source_phase', 'mix_magnitude', 'ideal_binary_mask', 'source_magnitudes'])
1.0093998908996582 GB allocated
3.701171875 GB reserved
dict_keys(['index', 'mixture_magnitude', 'mixture_phase', 'source_phase', 'mix_magnitude', 'ideal_binary_mask', 'source_magnitudes'])
1.0093998908996582 GB allocated
3.701171875 GB reserved
dict_keys(['index', 'mixture_magnitude', 'mixture_phase', 'source_phase', 'mix_magnitude', 'ideal_binary_mask', 'source_magnitudes'])
1.0085468292236328 GB allocated
3.701171875 GB reserved
dict_keys(['index', 'mixture_magnitude', 'mixture_phase', 'source_phase', 'mix_magnitude', 'ideal_binary_mask', 'source_magnitudes'])
1.0093998908996582 GB allocated
3.701171875 GB reserved
dict_keys(['index', 'mixture_magnitude', 'mixture_phase', 'source_phase', 'mix_magnitude', 'ideal_binary_mask', 'source_magnitudes'])
[Validator] Epoch 73 - val_loss: 0.000012
[BEST CHECKPOINT] Guardado/actualizado en: checkpoints\Mis_modelos\lpsa_phase checkpoints\4stems\best_checkpoint_73_val_loss=-0.0000.pt
04/22/2026 05:17:01 PM | engine.py:1037 Engine run finished. Time taken: 00:01:06.137
[Epoch 73] train_loss=0.000010 | val_loss=0.000012
04/22/2026 05:17:01 PM | engine.py:1010 Epoch[73] Complete. Time taken: 00:02:53.450
04/22/2026 05:18:48 PM | engine.py:906 Engine run starting with max_epochs=1.
04/22/2026 05:19:53 PM | engine.py:1010 Epoch[1] Complete. Time taken: 00:01:05.246
1.0085468292236328 GB allocated
3.701171875 GB reserved
dict_keys(['index', 'mixture_magnitude', 'mixture_phase', 'source_phase', 'mix_magnitude', 'ideal_binary_mask', 'source_magnitudes'])
1.0093998908996582 GB allocated
3.701171875 GB reserved
dict_keys(['index', 'mixture_magnitude', 'mixture_phase', 'source_phase', 'mix_magnitude', 'ideal_binary_mask', 'source_magnitudes'])
1.0093998908996582 GB allocated
3.701171875 GB reserved
dict_keys(['index', 'mixture_magnitude', 'mixture_phase', 'source_phase', 'mix_magnitude', 'ideal_binary_mask', 'source_magnitudes'])
1.0093998908996582 GB allocated
3.701171875 GB reserved
dict_keys(['index', 'mixture_magnitude', 'mixture_phase', 'source_phase', 'mix_magnitude', 'ideal_binary_mask', 'source_magnitudes'])
1.0085468292236328 GB allocated
3.701171875 GB reserved
dict_keys(['index', 'mixture_magnitude', 'mixture_phase', 'source_phase', 'mix_magnitude', 'ideal_binary_mask', 'source_magnitudes'])
1.0093998908996582 GB allocated
3.701171875 GB reserved
dict_keys(['index', 'mixture_magnitude', 'mixture_phase', 'source_phase', 'mix_magnitude', 'ideal_binary_mask', 'source_magnitudes'])
1.0093998908996582 GB allocated
3.701171875 GB reserved
dict_keys(['index', 'mixture_magnitude', 'mixture_phase', 'source_phase', 'mix_magnitude', 'ideal_binary_mask', 'source_magnitudes'])
1.0093998908996582 GB allocated
3.701171875 GB reserved
dict_keys(['index', 'mixture_magnitude', 'mixture_phase', 'source_phase', 'mix_magnitude', 'ideal_binary_mask', 'source_magnitudes'])
1.0085468292236328 GB allocated
3.701171875 GB reserved
dict_keys(['index', 'mixture_magnitude', 'mixture_phase', 'source_phase', 'mix_magnitude', 'ideal_binary_mask', 'source_magnitudes'])
1.0093998908996582 GB allocated
3.701171875 GB reserved
dict_keys(['index', 'mixture_magnitude', 'mixture_phase', 'source_phase', 'mix_magnitude', 'ideal_binary_mask', 'source_magnitudes'])
[Validator] Epoch 74 - val_loss: 0.000011
[BEST CHECKPOINT] Guardado/actualizado en: checkpoints\Mis_modelos\lpsa_phase checkpoints\4stems\best_checkpoint_74_val_loss=-0.0000.pt
04/22/2026 05:19:53 PM | engine.py:1037 Engine run finished. Time taken: 00:01:05.255
[Epoch 74] train_loss=0.000010 | val_loss=0.000011
04/22/2026 05:19:53 PM | engine.py:1010 Epoch[74] Complete. Time taken: 00:02:51.855
04/22/2026 05:21:39 PM | engine.py:906 Engine run starting with max_epochs=1.
04/22/2026 05:22:45 PM | engine.py:1010 Epoch[1] Complete. Time taken: 00:01:05.547
1.0085468292236328 GB allocated
3.701171875 GB reserved
dict_keys(['index', 'mixture_magnitude', 'mixture_phase', 'source_phase', 'mix_magnitude', 'ideal_binary_mask', 'source_magnitudes'])
1.0093998908996582 GB allocated
3.701171875 GB reserved
dict_keys(['index', 'mixture_magnitude', 'mixture_phase', 'source_phase', 'mix_magnitude', 'ideal_binary_mask', 'source_magnitudes'])
1.0093998908996582 GB allocated
3.701171875 GB reserved
dict_keys(['index', 'mixture_magnitude', 'mixture_phase', 'source_phase', 'mix_magnitude', 'ideal_binary_mask', 'source_magnitudes'])
1.0093998908996582 GB allocated
3.701171875 GB reserved
dict_keys(['index', 'mixture_magnitude', 'mixture_phase', 'source_phase', 'mix_magnitude', 'ideal_binary_mask', 'source_magnitudes'])
1.0085468292236328 GB allocated
3.701171875 GB reserved
dict_keys(['index', 'mixture_magnitude', 'mixture_phase', 'source_phase', 'mix_magnitude', 'ideal_binary_mask', 'source_magnitudes'])
1.0093998908996582 GB allocated
3.701171875 GB reserved
dict_keys(['index', 'mixture_magnitude', 'mixture_phase', 'source_phase', 'mix_magnitude', 'ideal_binary_mask', 'source_magnitudes'])
1.0093998908996582 GB allocated
3.701171875 GB reserved
dict_keys(['index', 'mixture_magnitude', 'mixture_phase', 'source_phase', 'mix_magnitude', 'ideal_binary_mask', 'source_magnitudes'])
1.0093998908996582 GB allocated
3.701171875 GB reserved
dict_keys(['index', 'mixture_magnitude', 'mixture_phase', 'source_phase', 'mix_magnitude', 'ideal_binary_mask', 'source_magnitudes'])
1.0085468292236328 GB allocated
3.701171875 GB reserved
dict_keys(['index', 'mixture_magnitude', 'mixture_phase', 'source_phase', 'mix_magnitude', 'ideal_binary_mask', 'source_magnitudes'])
1.0093998908996582 GB allocated
3.701171875 GB reserved
dict_keys(['index', 'mixture_magnitude', 'mixture_phase', 'source_phase', 'mix_magnitude', 'ideal_binary_mask', 'source_magnitudes'])
[Validator] Epoch 75 - val_loss: 0.000011
[BEST CHECKPOINT] Guardado/actualizado en: checkpoints\Mis_modelos\lpsa_phase checkpoints\4stems\best_checkpoint_75_val_loss=-0.0000.pt
04/22/2026 05:22:45 PM | engine.py:1037 Engine run finished. Time taken: 00:01:05.555
[Epoch 75] train_loss=0.000010 | val_loss=0.000011
04/22/2026 05:22:45 PM | engine.py:1010 Epoch[75] Complete. Time taken: 00:02:51.633
04/22/2026 05:24:30 PM | engine.py:906 Engine run starting with max_epochs=1.
04/22/2026 05:25:35 PM | engine.py:1010 Epoch[1] Complete. Time taken: 00:01:04.662
1.0085468292236328 GB allocated
3.701171875 GB reserved
dict_keys(['index', 'mixture_magnitude', 'mixture_phase', 'source_phase', 'mix_magnitude', 'ideal_binary_mask', 'source_magnitudes'])
1.0093998908996582 GB allocated
3.701171875 GB reserved
dict_keys(['index', 'mixture_magnitude', 'mixture_phase', 'source_phase', 'mix_magnitude', 'ideal_binary_mask', 'source_magnitudes'])
1.0093998908996582 GB allocated
3.701171875 GB reserved
dict_keys(['index', 'mixture_magnitude', 'mixture_phase', 'source_phase', 'mix_magnitude', 'ideal_binary_mask', 'source_magnitudes'])
1.0093998908996582 GB allocated
3.701171875 GB reserved
dict_keys(['index', 'mixture_magnitude', 'mixture_phase', 'source_phase', 'mix_magnitude', 'ideal_binary_mask', 'source_magnitudes'])
1.0085468292236328 GB allocated
3.701171875 GB reserved
dict_keys(['index', 'mixture_magnitude', 'mixture_phase', 'source_phase', 'mix_magnitude', 'ideal_binary_mask', 'source_magnitudes'])
1.0093998908996582 GB allocated
3.701171875 GB reserved
dict_keys(['index', 'mixture_magnitude', 'mixture_phase', 'source_phase', 'mix_magnitude', 'ideal_binary_mask', 'source_magnitudes'])
1.0093998908996582 GB allocated
3.701171875 GB reserved
dict_keys(['index', 'mixture_magnitude', 'mixture_phase', 'source_phase', 'mix_magnitude', 'ideal_binary_mask', 'source_magnitudes'])
1.0093998908996582 GB allocated
3.701171875 GB reserved
dict_keys(['index', 'mixture_magnitude', 'mixture_phase', 'source_phase', 'mix_magnitude', 'ideal_binary_mask', 'source_magnitudes'])
1.0085468292236328 GB allocated
3.701171875 GB reserved
dict_keys(['index', 'mixture_magnitude', 'mixture_phase', 'source_phase', 'mix_magnitude', 'ideal_binary_mask', 'source_magnitudes'])
1.0093998908996582 GB allocated
3.701171875 GB reserved
dict_keys(['index', 'mixture_magnitude', 'mixture_phase', 'source_phase', 'mix_magnitude', 'ideal_binary_mask', 'source_magnitudes'])
[Validator] Epoch 76 - val_loss: 0.000011
[BEST CHECKPOINT] Guardado/actualizado en: checkpoints\Mis_modelos\lpsa_phase checkpoints\4stems\best_checkpoint_76_val_loss=-0.0000.pt
04/22/2026 05:25:35 PM | engine.py:1037 Engine run finished. Time taken: 00:01:04.670
[Epoch 76] train_loss=0.000010 | val_loss=0.000011
04/22/2026 05:25:35 PM | engine.py:1010 Epoch[76] Complete. Time taken: 00:02:50.040
04/22/2026 05:27:23 PM | engine.py:906 Engine run starting with max_epochs=1.
04/22/2026 05:28:28 PM | engine.py:1010 Epoch[1] Complete. Time taken: 00:01:04.941
1.0085468292236328 GB allocated
3.701171875 GB reserved
dict_keys(['index', 'mixture_magnitude', 'mixture_phase', 'source_phase', 'mix_magnitude', 'ideal_binary_mask', 'source_magnitudes'])
1.0093998908996582 GB allocated
3.701171875 GB reserved
dict_keys(['index', 'mixture_magnitude', 'mixture_phase', 'source_phase', 'mix_magnitude', 'ideal_binary_mask', 'source_magnitudes'])
1.0093998908996582 GB allocated
3.701171875 GB reserved
dict_keys(['index', 'mixture_magnitude', 'mixture_phase', 'source_phase', 'mix_magnitude', 'ideal_binary_mask', 'source_magnitudes'])
1.0093998908996582 GB allocated
3.701171875 GB reserved
dict_keys(['index', 'mixture_magnitude', 'mixture_phase', 'source_phase', 'mix_magnitude', 'ideal_binary_mask', 'source_magnitudes'])
1.0085468292236328 GB allocated
3.701171875 GB reserved
dict_keys(['index', 'mixture_magnitude', 'mixture_phase', 'source_phase', 'mix_magnitude', 'ideal_binary_mask', 'source_magnitudes'])
1.0093998908996582 GB allocated
3.701171875 GB reserved
dict_keys(['index', 'mixture_magnitude', 'mixture_phase', 'source_phase', 'mix_magnitude', 'ideal_binary_mask', 'source_magnitudes'])
1.0093998908996582 GB allocated
3.701171875 GB reserved
dict_keys(['index', 'mixture_magnitude', 'mixture_phase', 'source_phase', 'mix_magnitude', 'ideal_binary_mask', 'source_magnitudes'])
1.0093998908996582 GB allocated
3.701171875 GB reserved
dict_keys(['index', 'mixture_magnitude', 'mixture_phase', 'source_phase', 'mix_magnitude', 'ideal_binary_mask', 'source_magnitudes'])
1.0085468292236328 GB allocated
3.701171875 GB reserved
dict_keys(['index', 'mixture_magnitude', 'mixture_phase', 'source_phase', 'mix_magnitude', 'ideal_binary_mask', 'source_magnitudes'])
1.0093998908996582 GB allocated
3.701171875 GB reserved
dict_keys(['index', 'mixture_magnitude', 'mixture_phase', 'source_phase', 'mix_magnitude', 'ideal_binary_mask', 'source_magnitudes'])
[Validator] Epoch 77 - val_loss: 0.000011
[BEST CHECKPOINT] Guardado/actualizado en: checkpoints\Mis_modelos\lpsa_phase checkpoints\4stems\best_checkpoint_77_val_loss=-0.0000.pt
04/22/2026 05:28:28 PM | engine.py:1037 Engine run finished. Time taken: 00:01:04.949
[Epoch 77] train_loss=0.000010 | val_loss=0.000011
04/22/2026 05:28:28 PM | engine.py:1010 Epoch[77] Complete. Time taken: 00:02:52.844
04/22/2026 05:30:15 PM | engine.py:906 Engine run starting with max_epochs=1.
04/22/2026 05:31:20 PM | engine.py:1010 Epoch[1] Complete. Time taken: 00:01:05.530
1.0085468292236328 GB allocated
3.701171875 GB reserved
dict_keys(['index', 'mixture_magnitude', 'mixture_phase', 'source_phase', 'mix_magnitude', 'ideal_binary_mask', 'source_magnitudes'])
1.0093998908996582 GB allocated
3.701171875 GB reserved
dict_keys(['index', 'mixture_magnitude', 'mixture_phase', 'source_phase', 'mix_magnitude', 'ideal_binary_mask', 'source_magnitudes'])
1.0093998908996582 GB allocated
3.701171875 GB reserved
dict_keys(['index', 'mixture_magnitude', 'mixture_phase', 'source_phase', 'mix_magnitude', 'ideal_binary_mask', 'source_magnitudes'])
1.0093998908996582 GB allocated
3.701171875 GB reserved
dict_keys(['index', 'mixture_magnitude', 'mixture_phase', 'source_phase', 'mix_magnitude', 'ideal_binary_mask', 'source_magnitudes'])
1.0085468292236328 GB allocated
3.701171875 GB reserved
dict_keys(['index', 'mixture_magnitude', 'mixture_phase', 'source_phase', 'mix_magnitude', 'ideal_binary_mask', 'source_magnitudes'])
1.0093998908996582 GB allocated
3.701171875 GB reserved
dict_keys(['index', 'mixture_magnitude', 'mixture_phase', 'source_phase', 'mix_magnitude', 'ideal_binary_mask', 'source_magnitudes'])
1.0093998908996582 GB allocated
3.701171875 GB reserved
dict_keys(['index', 'mixture_magnitude', 'mixture_phase', 'source_phase', 'mix_magnitude', 'ideal_binary_mask', 'source_magnitudes'])
1.0093998908996582 GB allocated
3.701171875 GB reserved
dict_keys(['index', 'mixture_magnitude', 'mixture_phase', 'source_phase', 'mix_magnitude', 'ideal_binary_mask', 'source_magnitudes'])
1.0085468292236328 GB allocated
3.701171875 GB reserved
dict_keys(['index', 'mixture_magnitude', 'mixture_phase', 'source_phase', 'mix_magnitude', 'ideal_binary_mask', 'source_magnitudes'])
1.0093998908996582 GB allocated
3.701171875 GB reserved
dict_keys(['index', 'mixture_magnitude', 'mixture_phase', 'source_phase', 'mix_magnitude', 'ideal_binary_mask', 'source_magnitudes'])
[Validator] Epoch 78 - val_loss: 0.000011
[BEST CHECKPOINT] Guardado/actualizado en: checkpoints\Mis_modelos\lpsa_phase checkpoints\4stems\best_checkpoint_78_val_loss=-0.0000.pt
04/22/2026 05:31:20 PM | engine.py:1037 Engine run finished. Time taken: 00:01:05.539
[Epoch 78] train_loss=0.000010 | val_loss=0.000011
04/22/2026 05:31:20 PM | engine.py:1010 Epoch[78] Complete. Time taken: 00:02:52.514
04/22/2026 05:33:06 PM | engine.py:906 Engine run starting with max_epochs=1.
04/22/2026 05:34:12 PM | engine.py:1010 Epoch[1] Complete. Time taken: 00:01:05.789
1.0085468292236328 GB allocated
3.701171875 GB reserved
dict_keys(['index', 'mixture_magnitude', 'mixture_phase', 'source_phase', 'mix_magnitude', 'ideal_binary_mask', 'source_magnitudes'])
1.0093998908996582 GB allocated
3.701171875 GB reserved
dict_keys(['index', 'mixture_magnitude', 'mixture_phase', 'source_phase', 'mix_magnitude', 'ideal_binary_mask', 'source_magnitudes'])
1.0093998908996582 GB allocated
3.701171875 GB reserved
dict_keys(['index', 'mixture_magnitude', 'mixture_phase', 'source_phase', 'mix_magnitude', 'ideal_binary_mask', 'source_magnitudes'])
1.0093998908996582 GB allocated
3.701171875 GB reserved
dict_keys(['index', 'mixture_magnitude', 'mixture_phase', 'source_phase', 'mix_magnitude', 'ideal_binary_mask', 'source_magnitudes'])
1.0085468292236328 GB allocated
3.701171875 GB reserved
dict_keys(['index', 'mixture_magnitude', 'mixture_phase', 'source_phase', 'mix_magnitude', 'ideal_binary_mask', 'source_magnitudes'])
1.0093998908996582 GB allocated
3.701171875 GB reserved
dict_keys(['index', 'mixture_magnitude', 'mixture_phase', 'source_phase', 'mix_magnitude', 'ideal_binary_mask', 'source_magnitudes'])
1.0093998908996582 GB allocated
3.701171875 GB reserved
dict_keys(['index', 'mixture_magnitude', 'mixture_phase', 'source_phase', 'mix_magnitude', 'ideal_binary_mask', 'source_magnitudes'])
1.0093998908996582 GB allocated
3.701171875 GB reserved
dict_keys(['index', 'mixture_magnitude', 'mixture_phase', 'source_phase', 'mix_magnitude', 'ideal_binary_mask', 'source_magnitudes'])
1.0085468292236328 GB allocated
3.701171875 GB reserved
dict_keys(['index', 'mixture_magnitude', 'mixture_phase', 'source_phase', 'mix_magnitude', 'ideal_binary_mask', 'source_magnitudes'])
1.0093998908996582 GB allocated
3.701171875 GB reserved
dict_keys(['index', 'mixture_magnitude', 'mixture_phase', 'source_phase', 'mix_magnitude', 'ideal_binary_mask', 'source_magnitudes'])
[Validator] Epoch 79 - val_loss: 0.000011
[BEST CHECKPOINT] Guardado/actualizado en: checkpoints\Mis_modelos\lpsa_phase checkpoints\4stems\best_checkpoint_79_val_loss=-0.0000.pt
04/22/2026 05:34:12 PM | engine.py:1037 Engine run finished. Time taken: 00:01:05.800
[Epoch 79] train_loss=0.000010 | val_loss=0.000011
04/22/2026 05:34:12 PM | engine.py:1010 Epoch[79] Complete. Time taken: 00:02:51.433
04/22/2026 05:35:57 PM | engine.py:906 Engine run starting with max_epochs=1.
04/22/2026 05:37:04 PM | engine.py:1010 Epoch[1] Complete. Time taken: 00:01:06.484
1.0085468292236328 GB allocated
3.701171875 GB reserved
dict_keys(['index', 'mixture_magnitude', 'mixture_phase', 'source_phase', 'mix_magnitude', 'ideal_binary_mask', 'source_magnitudes'])
1.0093998908996582 GB allocated
3.701171875 GB reserved
dict_keys(['index', 'mixture_magnitude', 'mixture_phase', 'source_phase', 'mix_magnitude', 'ideal_binary_mask', 'source_magnitudes'])
1.0093998908996582 GB allocated
3.701171875 GB reserved
dict_keys(['index', 'mixture_magnitude', 'mixture_phase', 'source_phase', 'mix_magnitude', 'ideal_binary_mask', 'source_magnitudes'])
1.0093998908996582 GB allocated
3.701171875 GB reserved
dict_keys(['index', 'mixture_magnitude', 'mixture_phase', 'source_phase', 'mix_magnitude', 'ideal_binary_mask', 'source_magnitudes'])
1.0085468292236328 GB allocated
3.701171875 GB reserved
dict_keys(['index', 'mixture_magnitude', 'mixture_phase', 'source_phase', 'mix_magnitude', 'ideal_binary_mask', 'source_magnitudes'])
1.0093998908996582 GB allocated
3.701171875 GB reserved
dict_keys(['index', 'mixture_magnitude', 'mixture_phase', 'source_phase', 'mix_magnitude', 'ideal_binary_mask', 'source_magnitudes'])
1.0093998908996582 GB allocated
3.701171875 GB reserved
dict_keys(['index', 'mixture_magnitude', 'mixture_phase', 'source_phase', 'mix_magnitude', 'ideal_binary_mask', 'source_magnitudes'])
1.0093998908996582 GB allocated
3.701171875 GB reserved
dict_keys(['index', 'mixture_magnitude', 'mixture_phase', 'source_phase', 'mix_magnitude', 'ideal_binary_mask', 'source_magnitudes'])
1.0085468292236328 GB allocated
3.701171875 GB reserved
dict_keys(['index', 'mixture_magnitude', 'mixture_phase', 'source_phase', 'mix_magnitude', 'ideal_binary_mask', 'source_magnitudes'])
1.0093998908996582 GB allocated
3.701171875 GB reserved
dict_keys(['index', 'mixture_magnitude', 'mixture_phase', 'source_phase', 'mix_magnitude', 'ideal_binary_mask', 'source_magnitudes'])
[Validator] Epoch 80 - val_loss: 0.000011
[BEST CHECKPOINT] Guardado/actualizado en: checkpoints\Mis_modelos\lpsa_phase checkpoints\4stems\best_checkpoint_80_val_loss=-0.0000.pt
04/22/2026 05:37:04 PM | engine.py:1037 Engine run finished. Time taken: 00:01:06.495
[Epoch 80] train_loss=0.000010 | val_loss=0.000011
04/22/2026 05:37:04 PM | engine.py:1010 Epoch[80] Complete. Time taken: 00:02:51.829
04/22/2026 05:38:50 PM | engine.py:906 Engine run starting with max_epochs=1.
04/22/2026 05:39:57 PM | engine.py:1010 Epoch[1] Complete. Time taken: 00:01:06.495
1.0085468292236328 GB allocated
3.701171875 GB reserved
dict_keys(['index', 'mixture_magnitude', 'mixture_phase', 'source_phase', 'mix_magnitude', 'ideal_binary_mask', 'source_magnitudes'])
1.0093998908996582 GB allocated
3.701171875 GB reserved
dict_keys(['index', 'mixture_magnitude', 'mixture_phase', 'source_phase', 'mix_magnitude', 'ideal_binary_mask', 'source_magnitudes'])
1.0093998908996582 GB allocated
3.701171875 GB reserved
dict_keys(['index', 'mixture_magnitude', 'mixture_phase', 'source_phase', 'mix_magnitude', 'ideal_binary_mask', 'source_magnitudes'])
1.0093998908996582 GB allocated
3.701171875 GB reserved
dict_keys(['index', 'mixture_magnitude', 'mixture_phase', 'source_phase', 'mix_magnitude', 'ideal_binary_mask', 'source_magnitudes'])
1.0085468292236328 GB allocated
3.701171875 GB reserved
dict_keys(['index', 'mixture_magnitude', 'mixture_phase', 'source_phase', 'mix_magnitude', 'ideal_binary_mask', 'source_magnitudes'])
1.0093998908996582 GB allocated
3.701171875 GB reserved
dict_keys(['index', 'mixture_magnitude', 'mixture_phase', 'source_phase', 'mix_magnitude', 'ideal_binary_mask', 'source_magnitudes'])
1.0093998908996582 GB allocated
3.701171875 GB reserved
dict_keys(['index', 'mixture_magnitude', 'mixture_phase', 'source_phase', 'mix_magnitude', 'ideal_binary_mask', 'source_magnitudes'])
1.0093998908996582 GB allocated
3.701171875 GB reserved
dict_keys(['index', 'mixture_magnitude', 'mixture_phase', 'source_phase', 'mix_magnitude', 'ideal_binary_mask', 'source_magnitudes'])
1.0085468292236328 GB allocated
3.701171875 GB reserved
dict_keys(['index', 'mixture_magnitude', 'mixture_phase', 'source_phase', 'mix_magnitude', 'ideal_binary_mask', 'source_magnitudes'])
1.0093998908996582 GB allocated
3.701171875 GB reserved
dict_keys(['index', 'mixture_magnitude', 'mixture_phase', 'source_phase', 'mix_magnitude', 'ideal_binary_mask', 'source_magnitudes'])
[Validator] Epoch 81 - val_loss: 0.000011
[BEST CHECKPOINT] Guardado/actualizado en: checkpoints\Mis_modelos\lpsa_phase checkpoints\4stems\best_checkpoint_81_val_loss=-0.0000.pt
04/22/2026 05:39:57 PM | engine.py:1037 Engine run finished. Time taken: 00:01:06.507
[Epoch 81] train_loss=0.000010 | val_loss=0.000011
04/22/2026 05:39:57 PM | engine.py:1010 Epoch[81] Complete. Time taken: 00:02:52.989
04/22/2026 05:41:44 PM | engine.py:906 Engine run starting with max_epochs=1.
04/22/2026 05:42:50 PM | engine.py:1010 Epoch[1] Complete. Time taken: 00:01:06.468
1.0085468292236328 GB allocated
3.701171875 GB reserved
dict_keys(['index', 'mixture_magnitude', 'mixture_phase', 'source_phase', 'mix_magnitude', 'ideal_binary_mask', 'source_magnitudes'])
1.0093998908996582 GB allocated
3.701171875 GB reserved
dict_keys(['index', 'mixture_magnitude', 'mixture_phase', 'source_phase', 'mix_magnitude', 'ideal_binary_mask', 'source_magnitudes'])
1.0093998908996582 GB allocated
3.701171875 GB reserved
dict_keys(['index', 'mixture_magnitude', 'mixture_phase', 'source_phase', 'mix_magnitude', 'ideal_binary_mask', 'source_magnitudes'])
1.0093998908996582 GB allocated
3.701171875 GB reserved
dict_keys(['index', 'mixture_magnitude', 'mixture_phase', 'source_phase', 'mix_magnitude', 'ideal_binary_mask', 'source_magnitudes'])
1.0085468292236328 GB allocated
3.701171875 GB reserved
dict_keys(['index', 'mixture_magnitude', 'mixture_phase', 'source_phase', 'mix_magnitude', 'ideal_binary_mask', 'source_magnitudes'])
1.0093998908996582 GB allocated
3.701171875 GB reserved
dict_keys(['index', 'mixture_magnitude', 'mixture_phase', 'source_phase', 'mix_magnitude', 'ideal_binary_mask', 'source_magnitudes'])
1.0093998908996582 GB allocated
3.701171875 GB reserved
dict_keys(['index', 'mixture_magnitude', 'mixture_phase', 'source_phase', 'mix_magnitude', 'ideal_binary_mask', 'source_magnitudes'])
1.0093998908996582 GB allocated
3.701171875 GB reserved
dict_keys(['index', 'mixture_magnitude', 'mixture_phase', 'source_phase', 'mix_magnitude', 'ideal_binary_mask', 'source_magnitudes'])
1.0085468292236328 GB allocated
3.701171875 GB reserved
dict_keys(['index', 'mixture_magnitude', 'mixture_phase', 'source_phase', 'mix_magnitude', 'ideal_binary_mask', 'source_magnitudes'])
1.0093998908996582 GB allocated
3.701171875 GB reserved
dict_keys(['index', 'mixture_magnitude', 'mixture_phase', 'source_phase', 'mix_magnitude', 'ideal_binary_mask', 'source_magnitudes'])
[Validator] Epoch 82 - val_loss: 0.000011
[BEST CHECKPOINT] Guardado/actualizado en: checkpoints\Mis_modelos\lpsa_phase checkpoints\4stems\best_checkpoint_82_val_loss=-0.0000.pt
04/22/2026 05:42:50 PM | engine.py:1037 Engine run finished. Time taken: 00:01:06.477
[Epoch 82] train_loss=0.000010 | val_loss=0.000011
04/22/2026 05:42:50 PM | engine.py:1010 Epoch[82] Complete. Time taken: 00:02:53.709
04/22/2026 05:44:35 PM | engine.py:906 Engine run starting with max_epochs=1.
04/22/2026 05:45:39 PM | engine.py:1010 Epoch[1] Complete. Time taken: 00:01:04.385
1.0085468292236328 GB allocated
3.701171875 GB reserved
dict_keys(['index', 'mixture_magnitude', 'mixture_phase', 'source_phase', 'mix_magnitude', 'ideal_binary_mask', 'source_magnitudes'])
1.0093998908996582 GB allocated
3.701171875 GB reserved
dict_keys(['index', 'mixture_magnitude', 'mixture_phase', 'source_phase', 'mix_magnitude', 'ideal_binary_mask', 'source_magnitudes'])
1.0093998908996582 GB allocated
3.701171875 GB reserved
dict_keys(['index', 'mixture_magnitude', 'mixture_phase', 'source_phase', 'mix_magnitude', 'ideal_binary_mask', 'source_magnitudes'])
1.0093998908996582 GB allocated
3.701171875 GB reserved
dict_keys(['index', 'mixture_magnitude', 'mixture_phase', 'source_phase', 'mix_magnitude', 'ideal_binary_mask', 'source_magnitudes'])
1.0085468292236328 GB allocated
3.701171875 GB reserved
dict_keys(['index', 'mixture_magnitude', 'mixture_phase', 'source_phase', 'mix_magnitude', 'ideal_binary_mask', 'source_magnitudes'])
1.0093998908996582 GB allocated
3.701171875 GB reserved
dict_keys(['index', 'mixture_magnitude', 'mixture_phase', 'source_phase', 'mix_magnitude', 'ideal_binary_mask', 'source_magnitudes'])
1.0093998908996582 GB allocated
3.701171875 GB reserved
dict_keys(['index', 'mixture_magnitude', 'mixture_phase', 'source_phase', 'mix_magnitude', 'ideal_binary_mask', 'source_magnitudes'])
1.0093998908996582 GB allocated
3.701171875 GB reserved
dict_keys(['index', 'mixture_magnitude', 'mixture_phase', 'source_phase', 'mix_magnitude', 'ideal_binary_mask', 'source_magnitudes'])
1.0085468292236328 GB allocated
3.701171875 GB reserved
dict_keys(['index', 'mixture_magnitude', 'mixture_phase', 'source_phase', 'mix_magnitude', 'ideal_binary_mask', 'source_magnitudes'])
1.0093998908996582 GB allocated
3.701171875 GB reserved
dict_keys(['index', 'mixture_magnitude', 'mixture_phase', 'source_phase', 'mix_magnitude', 'ideal_binary_mask', 'source_magnitudes'])
[Validator] Epoch 83 - val_loss: 0.000011
[BEST CHECKPOINT] Guardado/actualizado en: checkpoints\Mis_modelos\lpsa_phase checkpoints\4stems\best_checkpoint_82_val_loss=-0.0000.pt
04/22/2026 05:45:39 PM | engine.py:1037 Engine run finished. Time taken: 00:01:04.385
[Epoch 83] train_loss=0.000010 | val_loss=0.000011
04/22/2026 05:45:39 PM | engine.py:1010 Epoch[83] Complete. Time taken: 00:02:48.826
04/22/2026 05:47:26 PM | engine.py:906 Engine run starting with max_epochs=1.
04/22/2026 05:48:34 PM | engine.py:1010 Epoch[1] Complete. Time taken: 00:01:08.070
1.0085468292236328 GB allocated
3.701171875 GB reserved
dict_keys(['index', 'mixture_magnitude', 'mixture_phase', 'source_phase', 'mix_magnitude', 'ideal_binary_mask', 'source_magnitudes'])
1.0093998908996582 GB allocated
3.701171875 GB reserved
dict_keys(['index', 'mixture_magnitude', 'mixture_phase', 'source_phase', 'mix_magnitude', 'ideal_binary_mask', 'source_magnitudes'])
1.0093998908996582 GB allocated
3.701171875 GB reserved
dict_keys(['index', 'mixture_magnitude', 'mixture_phase', 'source_phase', 'mix_magnitude', 'ideal_binary_mask', 'source_magnitudes'])
1.0093998908996582 GB allocated
3.701171875 GB reserved
dict_keys(['index', 'mixture_magnitude', 'mixture_phase', 'source_phase', 'mix_magnitude', 'ideal_binary_mask', 'source_magnitudes'])
1.0085468292236328 GB allocated
3.701171875 GB reserved
dict_keys(['index', 'mixture_magnitude', 'mixture_phase', 'source_phase', 'mix_magnitude', 'ideal_binary_mask', 'source_magnitudes'])
1.0093998908996582 GB allocated
3.701171875 GB reserved
dict_keys(['index', 'mixture_magnitude', 'mixture_phase', 'source_phase', 'mix_magnitude', 'ideal_binary_mask', 'source_magnitudes'])
1.0093998908996582 GB allocated
3.701171875 GB reserved
dict_keys(['index', 'mixture_magnitude', 'mixture_phase', 'source_phase', 'mix_magnitude', 'ideal_binary_mask', 'source_magnitudes'])
1.0093998908996582 GB allocated
3.701171875 GB reserved
dict_keys(['index', 'mixture_magnitude', 'mixture_phase', 'source_phase', 'mix_magnitude', 'ideal_binary_mask', 'source_magnitudes'])
1.0085468292236328 GB allocated
3.701171875 GB reserved
dict_keys(['index', 'mixture_magnitude', 'mixture_phase', 'source_phase', 'mix_magnitude', 'ideal_binary_mask', 'source_magnitudes'])
1.0093998908996582 GB allocated
3.701171875 GB reserved
dict_keys(['index', 'mixture_magnitude', 'mixture_phase', 'source_phase', 'mix_magnitude', 'ideal_binary_mask', 'source_magnitudes'])
[Validator] Epoch 84 - val_loss: 0.000011
[BEST CHECKPOINT] Guardado/actualizado en: checkpoints\Mis_modelos\lpsa_phase checkpoints\4stems\best_checkpoint_84_val_loss=-0.0000.pt
04/22/2026 05:48:34 PM | engine.py:1037 Engine run finished. Time taken: 00:01:08.080
[Epoch 84] train_loss=0.000009 | val_loss=0.000011
04/22/2026 05:48:34 PM | engine.py:1010 Epoch[84] Complete. Time taken: 00:02:54.669
04/22/2026 05:50:22 PM | engine.py:906 Engine run starting with max_epochs=1.
04/22/2026 05:51:26 PM | engine.py:1010 Epoch[1] Complete. Time taken: 00:01:04.173
1.0085468292236328 GB allocated
3.701171875 GB reserved
dict_keys(['index', 'mixture_magnitude', 'mixture_phase', 'source_phase', 'mix_magnitude', 'ideal_binary_mask', 'source_magnitudes'])
1.0093998908996582 GB allocated
3.701171875 GB reserved
dict_keys(['index', 'mixture_magnitude', 'mixture_phase', 'source_phase', 'mix_magnitude', 'ideal_binary_mask', 'source_magnitudes'])
1.0093998908996582 GB allocated
3.701171875 GB reserved
dict_keys(['index', 'mixture_magnitude', 'mixture_phase', 'source_phase', 'mix_magnitude', 'ideal_binary_mask', 'source_magnitudes'])
1.0093998908996582 GB allocated
3.701171875 GB reserved
dict_keys(['index', 'mixture_magnitude', 'mixture_phase', 'source_phase', 'mix_magnitude', 'ideal_binary_mask', 'source_magnitudes'])
1.0085468292236328 GB allocated
3.701171875 GB reserved
dict_keys(['index', 'mixture_magnitude', 'mixture_phase', 'source_phase', 'mix_magnitude', 'ideal_binary_mask', 'source_magnitudes'])
1.0093998908996582 GB allocated
3.701171875 GB reserved
dict_keys(['index', 'mixture_magnitude', 'mixture_phase', 'source_phase', 'mix_magnitude', 'ideal_binary_mask', 'source_magnitudes'])
1.0093998908996582 GB allocated
3.701171875 GB reserved
dict_keys(['index', 'mixture_magnitude', 'mixture_phase', 'source_phase', 'mix_magnitude', 'ideal_binary_mask', 'source_magnitudes'])
1.0093998908996582 GB allocated
3.701171875 GB reserved
dict_keys(['index', 'mixture_magnitude', 'mixture_phase', 'source_phase', 'mix_magnitude', 'ideal_binary_mask', 'source_magnitudes'])
1.0085468292236328 GB allocated
3.701171875 GB reserved
dict_keys(['index', 'mixture_magnitude', 'mixture_phase', 'source_phase', 'mix_magnitude', 'ideal_binary_mask', 'source_magnitudes'])
1.0093998908996582 GB allocated
3.701171875 GB reserved
dict_keys(['index', 'mixture_magnitude', 'mixture_phase', 'source_phase', 'mix_magnitude', 'ideal_binary_mask', 'source_magnitudes'])
[Validator] Epoch 85 - val_loss: 0.000011
[BEST CHECKPOINT] Guardado/actualizado en: checkpoints\Mis_modelos\lpsa_phase checkpoints\4stems\best_checkpoint_85_val_loss=-0.0000.pt
04/22/2026 05:51:26 PM | engine.py:1037 Engine run finished. Time taken: 00:01:04.184
[Epoch 85] train_loss=0.000010 | val_loss=0.000011
04/22/2026 05:51:26 PM | engine.py:1010 Epoch[85] Complete. Time taken: 00:02:52.137
04/22/2026 05:53:14 PM | engine.py:906 Engine run starting with max_epochs=1.
04/22/2026 05:54:20 PM | engine.py:1010 Epoch[1] Complete. Time taken: 00:01:06.147
1.0085468292236328 GB allocated
3.701171875 GB reserved
dict_keys(['index', 'mixture_magnitude', 'mixture_phase', 'source_phase', 'mix_magnitude', 'ideal_binary_mask', 'source_magnitudes'])
1.0093998908996582 GB allocated
3.701171875 GB reserved
dict_keys(['index', 'mixture_magnitude', 'mixture_phase', 'source_phase', 'mix_magnitude', 'ideal_binary_mask', 'source_magnitudes'])
1.0093998908996582 GB allocated
3.701171875 GB reserved
dict_keys(['index', 'mixture_magnitude', 'mixture_phase', 'source_phase', 'mix_magnitude', 'ideal_binary_mask', 'source_magnitudes'])
1.0093998908996582 GB allocated
3.701171875 GB reserved
dict_keys(['index', 'mixture_magnitude', 'mixture_phase', 'source_phase', 'mix_magnitude', 'ideal_binary_mask', 'source_magnitudes'])
1.0085468292236328 GB allocated
3.701171875 GB reserved
dict_keys(['index', 'mixture_magnitude', 'mixture_phase', 'source_phase', 'mix_magnitude', 'ideal_binary_mask', 'source_magnitudes'])
1.0093998908996582 GB allocated
3.701171875 GB reserved
dict_keys(['index', 'mixture_magnitude', 'mixture_phase', 'source_phase', 'mix_magnitude', 'ideal_binary_mask', 'source_magnitudes'])
1.0093998908996582 GB allocated
3.701171875 GB reserved
dict_keys(['index', 'mixture_magnitude', 'mixture_phase', 'source_phase', 'mix_magnitude', 'ideal_binary_mask', 'source_magnitudes'])
1.0093998908996582 GB allocated
3.701171875 GB reserved
dict_keys(['index', 'mixture_magnitude', 'mixture_phase', 'source_phase', 'mix_magnitude', 'ideal_binary_mask', 'source_magnitudes'])
1.0085468292236328 GB allocated
3.701171875 GB reserved
dict_keys(['index', 'mixture_magnitude', 'mixture_phase', 'source_phase', 'mix_magnitude', 'ideal_binary_mask', 'source_magnitudes'])
1.0093998908996582 GB allocated
3.701171875 GB reserved
dict_keys(['index', 'mixture_magnitude', 'mixture_phase', 'source_phase', 'mix_magnitude', 'ideal_binary_mask', 'source_magnitudes'])
[Validator] Epoch 86 - val_loss: 0.000011
[BEST CHECKPOINT] Guardado/actualizado en: checkpoints\Mis_modelos\lpsa_phase checkpoints\4stems\best_checkpoint_86_val_loss=-0.0000.pt
04/22/2026 05:54:20 PM | engine.py:1037 Engine run finished. Time taken: 00:01:06.156
[Epoch 86] train_loss=0.000010 | val_loss=0.000011
04/22/2026 05:54:20 PM | engine.py:1010 Epoch[86] Complete. Time taken: 00:02:53.827
04/22/2026 05:56:07 PM | engine.py:906 Engine run starting with max_epochs=1.
04/22/2026 05:57:15 PM | engine.py:1010 Epoch[1] Complete. Time taken: 00:01:08.452
1.0085468292236328 GB allocated
3.701171875 GB reserved
dict_keys(['index', 'mixture_magnitude', 'mixture_phase', 'source_phase', 'mix_magnitude', 'ideal_binary_mask', 'source_magnitudes'])
1.0093998908996582 GB allocated
3.701171875 GB reserved
dict_keys(['index', 'mixture_magnitude', 'mixture_phase', 'source_phase', 'mix_magnitude', 'ideal_binary_mask', 'source_magnitudes'])
1.0093998908996582 GB allocated
3.701171875 GB reserved
dict_keys(['index', 'mixture_magnitude', 'mixture_phase', 'source_phase', 'mix_magnitude', 'ideal_binary_mask', 'source_magnitudes'])
1.0093998908996582 GB allocated
3.701171875 GB reserved
dict_keys(['index', 'mixture_magnitude', 'mixture_phase', 'source_phase', 'mix_magnitude', 'ideal_binary_mask', 'source_magnitudes'])
1.0085468292236328 GB allocated
3.701171875 GB reserved
dict_keys(['index', 'mixture_magnitude', 'mixture_phase', 'source_phase', 'mix_magnitude', 'ideal_binary_mask', 'source_magnitudes'])
1.0093998908996582 GB allocated
3.701171875 GB reserved
dict_keys(['index', 'mixture_magnitude', 'mixture_phase', 'source_phase', 'mix_magnitude', 'ideal_binary_mask', 'source_magnitudes'])
1.0093998908996582 GB allocated
3.701171875 GB reserved
dict_keys(['index', 'mixture_magnitude', 'mixture_phase', 'source_phase', 'mix_magnitude', 'ideal_binary_mask', 'source_magnitudes'])
1.0093998908996582 GB allocated
3.701171875 GB reserved
dict_keys(['index', 'mixture_magnitude', 'mixture_phase', 'source_phase', 'mix_magnitude', 'ideal_binary_mask', 'source_magnitudes'])
1.0085468292236328 GB allocated
3.701171875 GB reserved
dict_keys(['index', 'mixture_magnitude', 'mixture_phase', 'source_phase', 'mix_magnitude', 'ideal_binary_mask', 'source_magnitudes'])
1.0093998908996582 GB allocated
3.701171875 GB reserved
dict_keys(['index', 'mixture_magnitude', 'mixture_phase', 'source_phase', 'mix_magnitude', 'ideal_binary_mask', 'source_magnitudes'])
[Validator] Epoch 87 - val_loss: 0.000011
[BEST CHECKPOINT] Guardado/actualizado en: checkpoints\Mis_modelos\lpsa_phase checkpoints\4stems\best_checkpoint_86_val_loss=-0.0000.pt
04/22/2026 05:57:15 PM | engine.py:1037 Engine run finished. Time taken: 00:01:08.453
[Epoch 87] train_loss=0.000010 | val_loss=0.000011
04/22/2026 05:57:15 PM | engine.py:1010 Epoch[87] Complete. Time taken: 00:02:55.605
04/22/2026 05:58:56 PM | engine.py:906 Engine run starting with max_epochs=1.
04/22/2026 05:59:59 PM | engine.py:1010 Epoch[1] Complete. Time taken: 00:01:03.148
1.0085468292236328 GB allocated
3.701171875 GB reserved
dict_keys(['index', 'mixture_magnitude', 'mixture_phase', 'source_phase', 'mix_magnitude', 'ideal_binary_mask', 'source_magnitudes'])
1.0093998908996582 GB allocated
3.701171875 GB reserved
dict_keys(['index', 'mixture_magnitude', 'mixture_phase', 'source_phase', 'mix_magnitude', 'ideal_binary_mask', 'source_magnitudes'])
1.0093998908996582 GB allocated
3.701171875 GB reserved
dict_keys(['index', 'mixture_magnitude', 'mixture_phase', 'source_phase', 'mix_magnitude', 'ideal_binary_mask', 'source_magnitudes'])
1.0093998908996582 GB allocated
3.701171875 GB reserved
dict_keys(['index', 'mixture_magnitude', 'mixture_phase', 'source_phase', 'mix_magnitude', 'ideal_binary_mask', 'source_magnitudes'])
1.0085468292236328 GB allocated
3.701171875 GB reserved
dict_keys(['index', 'mixture_magnitude', 'mixture_phase', 'source_phase', 'mix_magnitude', 'ideal_binary_mask', 'source_magnitudes'])
1.0093998908996582 GB allocated
3.701171875 GB reserved
dict_keys(['index', 'mixture_magnitude', 'mixture_phase', 'source_phase', 'mix_magnitude', 'ideal_binary_mask', 'source_magnitudes'])
1.0093998908996582 GB allocated
3.701171875 GB reserved
dict_keys(['index', 'mixture_magnitude', 'mixture_phase', 'source_phase', 'mix_magnitude', 'ideal_binary_mask', 'source_magnitudes'])
1.0093998908996582 GB allocated
3.701171875 GB reserved
dict_keys(['index', 'mixture_magnitude', 'mixture_phase', 'source_phase', 'mix_magnitude', 'ideal_binary_mask', 'source_magnitudes'])
1.0085468292236328 GB allocated
3.701171875 GB reserved
dict_keys(['index', 'mixture_magnitude', 'mixture_phase', 'source_phase', 'mix_magnitude', 'ideal_binary_mask', 'source_magnitudes'])
1.0093998908996582 GB allocated
3.701171875 GB reserved
dict_keys(['index', 'mixture_magnitude', 'mixture_phase', 'source_phase', 'mix_magnitude', 'ideal_binary_mask', 'source_magnitudes'])
[Validator] Epoch 88 - val_loss: 0.000011
[BEST CHECKPOINT] Guardado/actualizado en: checkpoints\Mis_modelos\lpsa_phase checkpoints\4stems\best_checkpoint_88_val_loss=-0.0000.pt
04/22/2026 05:59:59 PM | engine.py:1037 Engine run finished. Time taken: 00:01:03.157
[Epoch 88] train_loss=0.000010 | val_loss=0.000011
04/22/2026 05:59:59 PM | engine.py:1010 Epoch[88] Complete. Time taken: 00:02:43.845
04/22/2026 06:01:46 PM | engine.py:906 Engine run starting with max_epochs=1.
04/22/2026 06:02:55 PM | engine.py:1010 Epoch[1] Complete. Time taken: 00:01:08.759
1.0085468292236328 GB allocated
3.701171875 GB reserved
dict_keys(['index', 'mixture_magnitude', 'mixture_phase', 'source_phase', 'mix_magnitude', 'ideal_binary_mask', 'source_magnitudes'])
1.0093998908996582 GB allocated
3.701171875 GB reserved
dict_keys(['index', 'mixture_magnitude', 'mixture_phase', 'source_phase', 'mix_magnitude', 'ideal_binary_mask', 'source_magnitudes'])
1.0093998908996582 GB allocated
3.701171875 GB reserved
dict_keys(['index', 'mixture_magnitude', 'mixture_phase', 'source_phase', 'mix_magnitude', 'ideal_binary_mask', 'source_magnitudes'])
1.0093998908996582 GB allocated
3.701171875 GB reserved
dict_keys(['index', 'mixture_magnitude', 'mixture_phase', 'source_phase', 'mix_magnitude', 'ideal_binary_mask', 'source_magnitudes'])
1.0085468292236328 GB allocated
3.701171875 GB reserved
dict_keys(['index', 'mixture_magnitude', 'mixture_phase', 'source_phase', 'mix_magnitude', 'ideal_binary_mask', 'source_magnitudes'])
1.0093998908996582 GB allocated
3.701171875 GB reserved
dict_keys(['index', 'mixture_magnitude', 'mixture_phase', 'source_phase', 'mix_magnitude', 'ideal_binary_mask', 'source_magnitudes'])
1.0093998908996582 GB allocated
3.701171875 GB reserved
dict_keys(['index', 'mixture_magnitude', 'mixture_phase', 'source_phase', 'mix_magnitude', 'ideal_binary_mask', 'source_magnitudes'])
1.0093998908996582 GB allocated
3.701171875 GB reserved
dict_keys(['index', 'mixture_magnitude', 'mixture_phase', 'source_phase', 'mix_magnitude', 'ideal_binary_mask', 'source_magnitudes'])
1.0085468292236328 GB allocated
3.701171875 GB reserved
dict_keys(['index', 'mixture_magnitude', 'mixture_phase', 'source_phase', 'mix_magnitude', 'ideal_binary_mask', 'source_magnitudes'])
1.0093998908996582 GB allocated
3.701171875 GB reserved
dict_keys(['index', 'mixture_magnitude', 'mixture_phase', 'source_phase', 'mix_magnitude', 'ideal_binary_mask', 'source_magnitudes'])
[Validator] Epoch 89 - val_loss: 0.000011
[BEST CHECKPOINT] Guardado/actualizado en: checkpoints\Mis_modelos\lpsa_phase checkpoints\4stems\best_checkpoint_89_val_loss=-0.0000.pt
04/22/2026 06:02:55 PM | engine.py:1037 Engine run finished. Time taken: 00:01:08.768
[Epoch 89] train_loss=0.000010 | val_loss=0.000011
04/22/2026 06:02:55 PM | engine.py:1010 Epoch[89] Complete. Time taken: 00:02:55.551
04/22/2026 06:04:41 PM | engine.py:906 Engine run starting with max_epochs=1.
04/22/2026 06:05:47 PM | engine.py:1010 Epoch[1] Complete. Time taken: 00:01:05.466
1.0085468292236328 GB allocated
3.701171875 GB reserved
dict_keys(['index', 'mixture_magnitude', 'mixture_phase', 'source_phase', 'mix_magnitude', 'ideal_binary_mask', 'source_magnitudes'])
1.0093998908996582 GB allocated
3.701171875 GB reserved
dict_keys(['index', 'mixture_magnitude', 'mixture_phase', 'source_phase', 'mix_magnitude', 'ideal_binary_mask', 'source_magnitudes'])
1.0093998908996582 GB allocated
3.701171875 GB reserved
dict_keys(['index', 'mixture_magnitude', 'mixture_phase', 'source_phase', 'mix_magnitude', 'ideal_binary_mask', 'source_magnitudes'])
1.0093998908996582 GB allocated
3.701171875 GB reserved
dict_keys(['index', 'mixture_magnitude', 'mixture_phase', 'source_phase', 'mix_magnitude', 'ideal_binary_mask', 'source_magnitudes'])
1.0085468292236328 GB allocated
3.701171875 GB reserved
dict_keys(['index', 'mixture_magnitude', 'mixture_phase', 'source_phase', 'mix_magnitude', 'ideal_binary_mask', 'source_magnitudes'])
1.0093998908996582 GB allocated
3.701171875 GB reserved
dict_keys(['index', 'mixture_magnitude', 'mixture_phase', 'source_phase', 'mix_magnitude', 'ideal_binary_mask', 'source_magnitudes'])
1.0093998908996582 GB allocated
3.701171875 GB reserved
dict_keys(['index', 'mixture_magnitude', 'mixture_phase', 'source_phase', 'mix_magnitude', 'ideal_binary_mask', 'source_magnitudes'])
1.0093998908996582 GB allocated
3.701171875 GB reserved
dict_keys(['index', 'mixture_magnitude', 'mixture_phase', 'source_phase', 'mix_magnitude', 'ideal_binary_mask', 'source_magnitudes'])
1.0085468292236328 GB allocated
3.701171875 GB reserved
dict_keys(['index', 'mixture_magnitude', 'mixture_phase', 'source_phase', 'mix_magnitude', 'ideal_binary_mask', 'source_magnitudes'])
1.0093998908996582 GB allocated
3.701171875 GB reserved
dict_keys(['index', 'mixture_magnitude', 'mixture_phase', 'source_phase', 'mix_magnitude', 'ideal_binary_mask', 'source_magnitudes'])
[Validator] Epoch 90 - val_loss: 0.000011
[BEST CHECKPOINT] Guardado/actualizado en: checkpoints\Mis_modelos\lpsa_phase checkpoints\4stems\best_checkpoint_90_val_loss=-0.0000.pt
04/22/2026 06:05:47 PM | engine.py:1037 Engine run finished. Time taken: 00:01:05.476
[Epoch 90] train_loss=0.000010 | val_loss=0.000011
04/22/2026 06:05:47 PM | engine.py:1010 Epoch[90] Complete. Time taken: 00:02:52.070
04/22/2026 06:07:39 PM | engine.py:906 Engine run starting with max_epochs=1.
04/22/2026 06:08:47 PM | engine.py:1010 Epoch[1] Complete. Time taken: 00:01:07.610
1.0085468292236328 GB allocated
3.701171875 GB reserved
dict_keys(['index', 'mixture_magnitude', 'mixture_phase', 'source_phase', 'mix_magnitude', 'ideal_binary_mask', 'source_magnitudes'])
1.0093998908996582 GB allocated
3.701171875 GB reserved
dict_keys(['index', 'mixture_magnitude', 'mixture_phase', 'source_phase', 'mix_magnitude', 'ideal_binary_mask', 'source_magnitudes'])
1.0093998908996582 GB allocated
3.701171875 GB reserved
dict_keys(['index', 'mixture_magnitude', 'mixture_phase', 'source_phase', 'mix_magnitude', 'ideal_binary_mask', 'source_magnitudes'])
1.0093998908996582 GB allocated
3.701171875 GB reserved
dict_keys(['index', 'mixture_magnitude', 'mixture_phase', 'source_phase', 'mix_magnitude', 'ideal_binary_mask', 'source_magnitudes'])
1.0085468292236328 GB allocated
3.701171875 GB reserved
dict_keys(['index', 'mixture_magnitude', 'mixture_phase', 'source_phase', 'mix_magnitude', 'ideal_binary_mask', 'source_magnitudes'])
1.0093998908996582 GB allocated
3.701171875 GB reserved
dict_keys(['index', 'mixture_magnitude', 'mixture_phase', 'source_phase', 'mix_magnitude', 'ideal_binary_mask', 'source_magnitudes'])
1.0093998908996582 GB allocated
3.701171875 GB reserved
dict_keys(['index', 'mixture_magnitude', 'mixture_phase', 'source_phase', 'mix_magnitude', 'ideal_binary_mask', 'source_magnitudes'])
1.0093998908996582 GB allocated
3.701171875 GB reserved
dict_keys(['index', 'mixture_magnitude', 'mixture_phase', 'source_phase', 'mix_magnitude', 'ideal_binary_mask', 'source_magnitudes'])
1.0085468292236328 GB allocated
3.701171875 GB reserved
dict_keys(['index', 'mixture_magnitude', 'mixture_phase', 'source_phase', 'mix_magnitude', 'ideal_binary_mask', 'source_magnitudes'])
1.0093998908996582 GB allocated
3.701171875 GB reserved
dict_keys(['index', 'mixture_magnitude', 'mixture_phase', 'source_phase', 'mix_magnitude', 'ideal_binary_mask', 'source_magnitudes'])
[Validator] Epoch 91 - val_loss: 0.000011
[BEST CHECKPOINT] Guardado/actualizado en: checkpoints\Mis_modelos\lpsa_phase checkpoints\4stems\best_checkpoint_91_val_loss=-0.0000.pt
04/22/2026 06:08:47 PM | engine.py:1037 Engine run finished. Time taken: 00:01:07.621
[Epoch 91] train_loss=0.000010 | val_loss=0.000011
04/22/2026 06:08:47 PM | engine.py:1010 Epoch[91] Complete. Time taken: 00:03:00.120
04/22/2026 06:10:39 PM | engine.py:906 Engine run starting with max_epochs=1.
04/22/2026 06:11:46 PM | engine.py:1010 Epoch[1] Complete. Time taken: 00:01:07.284
1.0085468292236328 GB allocated
3.701171875 GB reserved
dict_keys(['index', 'mixture_magnitude', 'mixture_phase', 'source_phase', 'mix_magnitude', 'ideal_binary_mask', 'source_magnitudes'])
1.0093998908996582 GB allocated
3.701171875 GB reserved
dict_keys(['index', 'mixture_magnitude', 'mixture_phase', 'source_phase', 'mix_magnitude', 'ideal_binary_mask', 'source_magnitudes'])
1.0093998908996582 GB allocated
3.701171875 GB reserved
dict_keys(['index', 'mixture_magnitude', 'mixture_phase', 'source_phase', 'mix_magnitude', 'ideal_binary_mask', 'source_magnitudes'])
1.0093998908996582 GB allocated
3.701171875 GB reserved
dict_keys(['index', 'mixture_magnitude', 'mixture_phase', 'source_phase', 'mix_magnitude', 'ideal_binary_mask', 'source_magnitudes'])
1.0085468292236328 GB allocated
3.701171875 GB reserved
dict_keys(['index', 'mixture_magnitude', 'mixture_phase', 'source_phase', 'mix_magnitude', 'ideal_binary_mask', 'source_magnitudes'])
1.0093998908996582 GB allocated
3.701171875 GB reserved
dict_keys(['index', 'mixture_magnitude', 'mixture_phase', 'source_phase', 'mix_magnitude', 'ideal_binary_mask', 'source_magnitudes'])
1.0093998908996582 GB allocated
3.701171875 GB reserved
dict_keys(['index', 'mixture_magnitude', 'mixture_phase', 'source_phase', 'mix_magnitude', 'ideal_binary_mask', 'source_magnitudes'])
1.0093998908996582 GB allocated
3.701171875 GB reserved
dict_keys(['index', 'mixture_magnitude', 'mixture_phase', 'source_phase', 'mix_magnitude', 'ideal_binary_mask', 'source_magnitudes'])
1.0085468292236328 GB allocated
3.701171875 GB reserved
dict_keys(['index', 'mixture_magnitude', 'mixture_phase', 'source_phase', 'mix_magnitude', 'ideal_binary_mask', 'source_magnitudes'])
1.0093998908996582 GB allocated
3.701171875 GB reserved
dict_keys(['index', 'mixture_magnitude', 'mixture_phase', 'source_phase', 'mix_magnitude', 'ideal_binary_mask', 'source_magnitudes'])
[Validator] Epoch 92 - val_loss: 0.000011
[BEST CHECKPOINT] Guardado/actualizado en: checkpoints\Mis_modelos\lpsa_phase checkpoints\4stems\best_checkpoint_91_val_loss=-0.0000.pt
04/22/2026 06:11:46 PM | engine.py:1037 Engine run finished. Time taken: 00:01:07.284
[Epoch 92] train_loss=0.000010 | val_loss=0.000011
04/22/2026 06:11:46 PM | engine.py:1010 Epoch[92] Complete. Time taken: 00:02:59.516
04/22/2026 06:13:35 PM | engine.py:906 Engine run starting with max_epochs=1.
04/22/2026 06:14:40 PM | engine.py:1010 Epoch[1] Complete. Time taken: 00:01:04.483
1.0085468292236328 GB allocated
3.701171875 GB reserved
dict_keys(['index', 'mixture_magnitude', 'mixture_phase', 'source_phase', 'mix_magnitude', 'ideal_binary_mask', 'source_magnitudes'])
1.0093998908996582 GB allocated
3.701171875 GB reserved
dict_keys(['index', 'mixture_magnitude', 'mixture_phase', 'source_phase', 'mix_magnitude', 'ideal_binary_mask', 'source_magnitudes'])
1.0093998908996582 GB allocated
3.701171875 GB reserved
dict_keys(['index', 'mixture_magnitude', 'mixture_phase', 'source_phase', 'mix_magnitude', 'ideal_binary_mask', 'source_magnitudes'])
1.0093998908996582 GB allocated
3.701171875 GB reserved
dict_keys(['index', 'mixture_magnitude', 'mixture_phase', 'source_phase', 'mix_magnitude', 'ideal_binary_mask', 'source_magnitudes'])
1.0085468292236328 GB allocated
3.701171875 GB reserved
dict_keys(['index', 'mixture_magnitude', 'mixture_phase', 'source_phase', 'mix_magnitude', 'ideal_binary_mask', 'source_magnitudes'])
1.0093998908996582 GB allocated
3.701171875 GB reserved
dict_keys(['index', 'mixture_magnitude', 'mixture_phase', 'source_phase', 'mix_magnitude', 'ideal_binary_mask', 'source_magnitudes'])
1.0093998908996582 GB allocated
3.701171875 GB reserved
dict_keys(['index', 'mixture_magnitude', 'mixture_phase', 'source_phase', 'mix_magnitude', 'ideal_binary_mask', 'source_magnitudes'])
1.0093998908996582 GB allocated
3.701171875 GB reserved
dict_keys(['index', 'mixture_magnitude', 'mixture_phase', 'source_phase', 'mix_magnitude', 'ideal_binary_mask', 'source_magnitudes'])
1.0085468292236328 GB allocated
3.701171875 GB reserved
dict_keys(['index', 'mixture_magnitude', 'mixture_phase', 'source_phase', 'mix_magnitude', 'ideal_binary_mask', 'source_magnitudes'])
1.0093998908996582 GB allocated
3.701171875 GB reserved
dict_keys(['index', 'mixture_magnitude', 'mixture_phase', 'source_phase', 'mix_magnitude', 'ideal_binary_mask', 'source_magnitudes'])
[Validator] Epoch 93 - val_loss: 0.000011
[BEST CHECKPOINT] Guardado/actualizado en: checkpoints\Mis_modelos\lpsa_phase checkpoints\4stems\best_checkpoint_93_val_loss=-0.0000.pt
04/22/2026 06:14:40 PM | engine.py:1037 Engine run finished. Time taken: 00:01:04.492
[Epoch 93] train_loss=0.000010 | val_loss=0.000011
04/22/2026 06:14:40 PM | engine.py:1010 Epoch[93] Complete. Time taken: 00:02:53.194
04/22/2026 06:16:30 PM | engine.py:906 Engine run starting with max_epochs=1.
04/22/2026 06:17:30 PM | engine.py:1010 Epoch[1] Complete. Time taken: 00:01:00.492
1.0085468292236328 GB allocated
3.701171875 GB reserved
dict_keys(['index', 'mixture_magnitude', 'mixture_phase', 'source_phase', 'mix_magnitude', 'ideal_binary_mask', 'source_magnitudes'])
1.0093998908996582 GB allocated
3.701171875 GB reserved
dict_keys(['index', 'mixture_magnitude', 'mixture_phase', 'source_phase', 'mix_magnitude', 'ideal_binary_mask', 'source_magnitudes'])
1.0093998908996582 GB allocated
3.701171875 GB reserved
dict_keys(['index', 'mixture_magnitude', 'mixture_phase', 'source_phase', 'mix_magnitude', 'ideal_binary_mask', 'source_magnitudes'])
1.0093998908996582 GB allocated
3.701171875 GB reserved
dict_keys(['index', 'mixture_magnitude', 'mixture_phase', 'source_phase', 'mix_magnitude', 'ideal_binary_mask', 'source_magnitudes'])
1.0085468292236328 GB allocated
3.701171875 GB reserved
dict_keys(['index', 'mixture_magnitude', 'mixture_phase', 'source_phase', 'mix_magnitude', 'ideal_binary_mask', 'source_magnitudes'])
1.0093998908996582 GB allocated
3.701171875 GB reserved
dict_keys(['index', 'mixture_magnitude', 'mixture_phase', 'source_phase', 'mix_magnitude', 'ideal_binary_mask', 'source_magnitudes'])
1.0093998908996582 GB allocated
3.701171875 GB reserved
dict_keys(['index', 'mixture_magnitude', 'mixture_phase', 'source_phase', 'mix_magnitude', 'ideal_binary_mask', 'source_magnitudes'])
1.0093998908996582 GB allocated
3.701171875 GB reserved
dict_keys(['index', 'mixture_magnitude', 'mixture_phase', 'source_phase', 'mix_magnitude', 'ideal_binary_mask', 'source_magnitudes'])
1.0085468292236328 GB allocated
3.701171875 GB reserved
dict_keys(['index', 'mixture_magnitude', 'mixture_phase', 'source_phase', 'mix_magnitude', 'ideal_binary_mask', 'source_magnitudes'])
1.0093998908996582 GB allocated
3.701171875 GB reserved
dict_keys(['index', 'mixture_magnitude', 'mixture_phase', 'source_phase', 'mix_magnitude', 'ideal_binary_mask', 'source_magnitudes'])
[Validator] Epoch 94 - val_loss: 0.000011
[BEST CHECKPOINT] Guardado/actualizado en: checkpoints\Mis_modelos\lpsa_phase checkpoints\4stems\best_checkpoint_94_val_loss=-0.0000.pt
04/22/2026 06:17:30 PM | engine.py:1037 Engine run finished. Time taken: 00:01:00.501
[Epoch 94] train_loss=0.000010 | val_loss=0.000011
04/22/2026 06:17:30 PM | engine.py:1010 Epoch[94] Complete. Time taken: 00:02:50.371
04/22/2026 06:19:08 PM | engine.py:906 Engine run starting with max_epochs=1.
04/22/2026 06:20:11 PM | engine.py:1010 Epoch[1] Complete. Time taken: 00:01:03.126
1.0085468292236328 GB allocated
3.701171875 GB reserved
dict_keys(['index', 'mixture_magnitude', 'mixture_phase', 'source_phase', 'mix_magnitude', 'ideal_binary_mask', 'source_magnitudes'])
1.0093998908996582 GB allocated
3.701171875 GB reserved
dict_keys(['index', 'mixture_magnitude', 'mixture_phase', 'source_phase', 'mix_magnitude', 'ideal_binary_mask', 'source_magnitudes'])
1.0093998908996582 GB allocated
3.701171875 GB reserved
dict_keys(['index', 'mixture_magnitude', 'mixture_phase', 'source_phase', 'mix_magnitude', 'ideal_binary_mask', 'source_magnitudes'])
1.0093998908996582 GB allocated
3.701171875 GB reserved
dict_keys(['index', 'mixture_magnitude', 'mixture_phase', 'source_phase', 'mix_magnitude', 'ideal_binary_mask', 'source_magnitudes'])
1.0085468292236328 GB allocated
3.701171875 GB reserved
dict_keys(['index', 'mixture_magnitude', 'mixture_phase', 'source_phase', 'mix_magnitude', 'ideal_binary_mask', 'source_magnitudes'])
1.0093998908996582 GB allocated
3.701171875 GB reserved
dict_keys(['index', 'mixture_magnitude', 'mixture_phase', 'source_phase', 'mix_magnitude', 'ideal_binary_mask', 'source_magnitudes'])
1.0093998908996582 GB allocated
3.701171875 GB reserved
dict_keys(['index', 'mixture_magnitude', 'mixture_phase', 'source_phase', 'mix_magnitude', 'ideal_binary_mask', 'source_magnitudes'])
1.0093998908996582 GB allocated
3.701171875 GB reserved
dict_keys(['index', 'mixture_magnitude', 'mixture_phase', 'source_phase', 'mix_magnitude', 'ideal_binary_mask', 'source_magnitudes'])
1.0085468292236328 GB allocated
3.701171875 GB reserved
dict_keys(['index', 'mixture_magnitude', 'mixture_phase', 'source_phase', 'mix_magnitude', 'ideal_binary_mask', 'source_magnitudes'])
1.0093998908996582 GB allocated
3.701171875 GB reserved
dict_keys(['index', 'mixture_magnitude', 'mixture_phase', 'source_phase', 'mix_magnitude', 'ideal_binary_mask', 'source_magnitudes'])
[Validator] Epoch 95 - val_loss: 0.000011
[BEST CHECKPOINT] Guardado/actualizado en: checkpoints\Mis_modelos\lpsa_phase checkpoints\4stems\best_checkpoint_94_val_loss=-0.0000.pt
04/22/2026 06:20:11 PM | engine.py:1037 Engine run finished. Time taken: 00:01:03.126
[Epoch 95] train_loss=0.000010 | val_loss=0.000011
04/22/2026 06:20:11 PM | engine.py:1010 Epoch[95] Complete. Time taken: 00:02:41.368
04/22/2026 06:21:48 PM | engine.py:906 Engine run starting with max_epochs=1.
04/22/2026 06:22:55 PM | engine.py:1010 Epoch[1] Complete. Time taken: 00:01:06.797
1.0085468292236328 GB allocated
3.701171875 GB reserved
dict_keys(['index', 'mixture_magnitude', 'mixture_phase', 'source_phase', 'mix_magnitude', 'ideal_binary_mask', 'source_magnitudes'])
1.0093998908996582 GB allocated
3.701171875 GB reserved
dict_keys(['index', 'mixture_magnitude', 'mixture_phase', 'source_phase', 'mix_magnitude', 'ideal_binary_mask', 'source_magnitudes'])
1.0093998908996582 GB allocated
3.701171875 GB reserved
dict_keys(['index', 'mixture_magnitude', 'mixture_phase', 'source_phase', 'mix_magnitude', 'ideal_binary_mask', 'source_magnitudes'])
1.0093998908996582 GB allocated
3.701171875 GB reserved
dict_keys(['index', 'mixture_magnitude', 'mixture_phase', 'source_phase', 'mix_magnitude', 'ideal_binary_mask', 'source_magnitudes'])
1.0085468292236328 GB allocated
3.701171875 GB reserved
dict_keys(['index', 'mixture_magnitude', 'mixture_phase', 'source_phase', 'mix_magnitude', 'ideal_binary_mask', 'source_magnitudes'])
1.0093998908996582 GB allocated
3.701171875 GB reserved
dict_keys(['index', 'mixture_magnitude', 'mixture_phase', 'source_phase', 'mix_magnitude', 'ideal_binary_mask', 'source_magnitudes'])
1.0093998908996582 GB allocated
3.701171875 GB reserved
dict_keys(['index', 'mixture_magnitude', 'mixture_phase', 'source_phase', 'mix_magnitude', 'ideal_binary_mask', 'source_magnitudes'])
1.0093998908996582 GB allocated
3.701171875 GB reserved
dict_keys(['index', 'mixture_magnitude', 'mixture_phase', 'source_phase', 'mix_magnitude', 'ideal_binary_mask', 'source_magnitudes'])
1.0085468292236328 GB allocated
3.701171875 GB reserved
dict_keys(['index', 'mixture_magnitude', 'mixture_phase', 'source_phase', 'mix_magnitude', 'ideal_binary_mask', 'source_magnitudes'])
1.0093998908996582 GB allocated
3.701171875 GB reserved
dict_keys(['index', 'mixture_magnitude', 'mixture_phase', 'source_phase', 'mix_magnitude', 'ideal_binary_mask', 'source_magnitudes'])
[Validator] Epoch 96 - val_loss: 0.000011
[BEST CHECKPOINT] Guardado/actualizado en: checkpoints\Mis_modelos\lpsa_phase checkpoints\4stems\best_checkpoint_96_val_loss=-0.0000.pt
04/22/2026 06:22:55 PM | engine.py:1037 Engine run finished. Time taken: 00:01:06.807
[Epoch 96] train_loss=0.000009 | val_loss=0.000011
04/22/2026 06:22:55 PM | engine.py:1010 Epoch[96] Complete. Time taken: 00:02:43.629
04/22/2026 06:24:46 PM | engine.py:906 Engine run starting with max_epochs=1.
04/22/2026 06:25:54 PM | engine.py:1010 Epoch[1] Complete. Time taken: 00:01:08.407
1.0085468292236328 GB allocated
3.701171875 GB reserved
dict_keys(['index', 'mixture_magnitude', 'mixture_phase', 'source_phase', 'mix_magnitude', 'ideal_binary_mask', 'source_magnitudes'])
1.0093998908996582 GB allocated
3.701171875 GB reserved
dict_keys(['index', 'mixture_magnitude', 'mixture_phase', 'source_phase', 'mix_magnitude', 'ideal_binary_mask', 'source_magnitudes'])
1.0093998908996582 GB allocated
3.701171875 GB reserved
dict_keys(['index', 'mixture_magnitude', 'mixture_phase', 'source_phase', 'mix_magnitude', 'ideal_binary_mask', 'source_magnitudes'])
1.0093998908996582 GB allocated
3.701171875 GB reserved
dict_keys(['index', 'mixture_magnitude', 'mixture_phase', 'source_phase', 'mix_magnitude', 'ideal_binary_mask', 'source_magnitudes'])
1.0085468292236328 GB allocated
3.701171875 GB reserved
dict_keys(['index', 'mixture_magnitude', 'mixture_phase', 'source_phase', 'mix_magnitude', 'ideal_binary_mask', 'source_magnitudes'])
1.0093998908996582 GB allocated
3.701171875 GB reserved
dict_keys(['index', 'mixture_magnitude', 'mixture_phase', 'source_phase', 'mix_magnitude', 'ideal_binary_mask', 'source_magnitudes'])
1.0093998908996582 GB allocated
3.701171875 GB reserved
dict_keys(['index', 'mixture_magnitude', 'mixture_phase', 'source_phase', 'mix_magnitude', 'ideal_binary_mask', 'source_magnitudes'])
1.0093998908996582 GB allocated
3.701171875 GB reserved
dict_keys(['index', 'mixture_magnitude', 'mixture_phase', 'source_phase', 'mix_magnitude', 'ideal_binary_mask', 'source_magnitudes'])
1.0085468292236328 GB allocated
3.701171875 GB reserved
dict_keys(['index', 'mixture_magnitude', 'mixture_phase', 'source_phase', 'mix_magnitude', 'ideal_binary_mask', 'source_magnitudes'])
1.0093998908996582 GB allocated
3.701171875 GB reserved
dict_keys(['index', 'mixture_magnitude', 'mixture_phase', 'source_phase', 'mix_magnitude', 'ideal_binary_mask', 'source_magnitudes'])
[Validator] Epoch 97 - val_loss: 0.000011
[BEST CHECKPOINT] Guardado/actualizado en: checkpoints\Mis_modelos\lpsa_phase checkpoints\4stems\best_checkpoint_97_val_loss=-0.0000.pt
04/22/2026 06:25:54 PM | engine.py:1037 Engine run finished. Time taken: 00:01:08.417
[Epoch 97] train_loss=0.000010 | val_loss=0.000011
04/22/2026 06:25:54 PM | engine.py:1010 Epoch[97] Complete. Time taken: 00:02:59.481
04/22/2026 06:27:43 PM | engine.py:906 Engine run starting with max_epochs=1.
04/22/2026 06:28:46 PM | engine.py:1010 Epoch[1] Complete. Time taken: 00:01:02.725
1.0085468292236328 GB allocated
3.701171875 GB reserved
dict_keys(['index', 'mixture_magnitude', 'mixture_phase', 'source_phase', 'mix_magnitude', 'ideal_binary_mask', 'source_magnitudes'])
1.0093998908996582 GB allocated
3.701171875 GB reserved
dict_keys(['index', 'mixture_magnitude', 'mixture_phase', 'source_phase', 'mix_magnitude', 'ideal_binary_mask', 'source_magnitudes'])
1.0093998908996582 GB allocated
3.701171875 GB reserved
dict_keys(['index', 'mixture_magnitude', 'mixture_phase', 'source_phase', 'mix_magnitude', 'ideal_binary_mask', 'source_magnitudes'])
1.0093998908996582 GB allocated
3.701171875 GB reserved
dict_keys(['index', 'mixture_magnitude', 'mixture_phase', 'source_phase', 'mix_magnitude', 'ideal_binary_mask', 'source_magnitudes'])
1.0085468292236328 GB allocated
3.701171875 GB reserved
dict_keys(['index', 'mixture_magnitude', 'mixture_phase', 'source_phase', 'mix_magnitude', 'ideal_binary_mask', 'source_magnitudes'])
1.0093998908996582 GB allocated
3.701171875 GB reserved
dict_keys(['index', 'mixture_magnitude', 'mixture_phase', 'source_phase', 'mix_magnitude', 'ideal_binary_mask', 'source_magnitudes'])
1.0093998908996582 GB allocated
3.701171875 GB reserved
dict_keys(['index', 'mixture_magnitude', 'mixture_phase', 'source_phase', 'mix_magnitude', 'ideal_binary_mask', 'source_magnitudes'])
1.0093998908996582 GB allocated
3.701171875 GB reserved
dict_keys(['index', 'mixture_magnitude', 'mixture_phase', 'source_phase', 'mix_magnitude', 'ideal_binary_mask', 'source_magnitudes'])
1.0085468292236328 GB allocated
3.701171875 GB reserved
dict_keys(['index', 'mixture_magnitude', 'mixture_phase', 'source_phase', 'mix_magnitude', 'ideal_binary_mask', 'source_magnitudes'])
1.0093998908996582 GB allocated
3.701171875 GB reserved
dict_keys(['index', 'mixture_magnitude', 'mixture_phase', 'source_phase', 'mix_magnitude', 'ideal_binary_mask', 'source_magnitudes'])
[Validator] Epoch 98 - val_loss: 0.000011
[BEST CHECKPOINT] Guardado/actualizado en: checkpoints\Mis_modelos\lpsa_phase checkpoints\4stems\best_checkpoint_98_val_loss=-0.0000.pt
04/22/2026 06:28:46 PM | engine.py:1037 Engine run finished. Time taken: 00:01:02.738
[Epoch 98] train_loss=0.000009 | val_loss=0.000011
04/22/2026 06:28:46 PM | engine.py:1010 Epoch[98] Complete. Time taken: 00:02:51.122
04/22/2026 06:30:31 PM | engine.py:906 Engine run starting with max_epochs=1.
04/22/2026 06:31:33 PM | engine.py:1010 Epoch[1] Complete. Time taken: 00:01:01.895
1.0085468292236328 GB allocated
3.701171875 GB reserved
dict_keys(['index', 'mixture_magnitude', 'mixture_phase', 'source_phase', 'mix_magnitude', 'ideal_binary_mask', 'source_magnitudes'])
1.0093998908996582 GB allocated
3.701171875 GB reserved
dict_keys(['index', 'mixture_magnitude', 'mixture_phase', 'source_phase', 'mix_magnitude', 'ideal_binary_mask', 'source_magnitudes'])
1.0093998908996582 GB allocated
3.701171875 GB reserved
dict_keys(['index', 'mixture_magnitude', 'mixture_phase', 'source_phase', 'mix_magnitude', 'ideal_binary_mask', 'source_magnitudes'])
1.0093998908996582 GB allocated
3.701171875 GB reserved
dict_keys(['index', 'mixture_magnitude', 'mixture_phase', 'source_phase', 'mix_magnitude', 'ideal_binary_mask', 'source_magnitudes'])
1.0085468292236328 GB allocated
3.701171875 GB reserved
dict_keys(['index', 'mixture_magnitude', 'mixture_phase', 'source_phase', 'mix_magnitude', 'ideal_binary_mask', 'source_magnitudes'])
1.0093998908996582 GB allocated
3.701171875 GB reserved
dict_keys(['index', 'mixture_magnitude', 'mixture_phase', 'source_phase', 'mix_magnitude', 'ideal_binary_mask', 'source_magnitudes'])
1.0093998908996582 GB allocated
3.701171875 GB reserved
dict_keys(['index', 'mixture_magnitude', 'mixture_phase', 'source_phase', 'mix_magnitude', 'ideal_binary_mask', 'source_magnitudes'])
1.0093998908996582 GB allocated
3.701171875 GB reserved
dict_keys(['index', 'mixture_magnitude', 'mixture_phase', 'source_phase', 'mix_magnitude', 'ideal_binary_mask', 'source_magnitudes'])
1.0085468292236328 GB allocated
3.701171875 GB reserved
dict_keys(['index', 'mixture_magnitude', 'mixture_phase', 'source_phase', 'mix_magnitude', 'ideal_binary_mask', 'source_magnitudes'])
1.0093998908996582 GB allocated
3.701171875 GB reserved
dict_keys(['index', 'mixture_magnitude', 'mixture_phase', 'source_phase', 'mix_magnitude', 'ideal_binary_mask', 'source_magnitudes'])
[Validator] Epoch 99 - val_loss: 0.000011
[BEST CHECKPOINT] Guardado/actualizado en: checkpoints\Mis_modelos\lpsa_phase checkpoints\4stems\best_checkpoint_99_val_loss=-0.0000.pt
04/22/2026 06:31:33 PM | engine.py:1037 Engine run finished. Time taken: 00:01:01.903
[Epoch 99] train_loss=0.000010 | val_loss=0.000011
04/22/2026 06:31:33 PM | engine.py:1010 Epoch[99] Complete. Time taken: 00:02:47.333
04/22/2026 06:33:10 PM | engine.py:906 Engine run starting with max_epochs=1.
04/22/2026 06:34:10 PM | engine.py:1010 Epoch[1] Complete. Time taken: 00:00:59.735
1.0085468292236328 GB allocated
3.701171875 GB reserved
dict_keys(['index', 'mixture_magnitude', 'mixture_phase', 'source_phase', 'mix_magnitude', 'ideal_binary_mask', 'source_magnitudes'])
1.0093998908996582 GB allocated
3.701171875 GB reserved
dict_keys(['index', 'mixture_magnitude', 'mixture_phase', 'source_phase', 'mix_magnitude', 'ideal_binary_mask', 'source_magnitudes'])
1.0093998908996582 GB allocated
3.701171875 GB reserved
dict_keys(['index', 'mixture_magnitude', 'mixture_phase', 'source_phase', 'mix_magnitude', 'ideal_binary_mask', 'source_magnitudes'])
1.0093998908996582 GB allocated
3.701171875 GB reserved
dict_keys(['index', 'mixture_magnitude', 'mixture_phase', 'source_phase', 'mix_magnitude', 'ideal_binary_mask', 'source_magnitudes'])
1.0085468292236328 GB allocated
3.701171875 GB reserved
dict_keys(['index', 'mixture_magnitude', 'mixture_phase', 'source_phase', 'mix_magnitude', 'ideal_binary_mask', 'source_magnitudes'])
1.0093998908996582 GB allocated
3.701171875 GB reserved
dict_keys(['index', 'mixture_magnitude', 'mixture_phase', 'source_phase', 'mix_magnitude', 'ideal_binary_mask', 'source_magnitudes'])
1.0093998908996582 GB allocated
3.701171875 GB reserved
dict_keys(['index', 'mixture_magnitude', 'mixture_phase', 'source_phase', 'mix_magnitude', 'ideal_binary_mask', 'source_magnitudes'])
1.0093998908996582 GB allocated
3.701171875 GB reserved
dict_keys(['index', 'mixture_magnitude', 'mixture_phase', 'source_phase', 'mix_magnitude', 'ideal_binary_mask', 'source_magnitudes'])
1.0085468292236328 GB allocated
3.701171875 GB reserved
dict_keys(['index', 'mixture_magnitude', 'mixture_phase', 'source_phase', 'mix_magnitude', 'ideal_binary_mask', 'source_magnitudes'])
1.0093998908996582 GB allocated
3.701171875 GB reserved
dict_keys(['index', 'mixture_magnitude', 'mixture_phase', 'source_phase', 'mix_magnitude', 'ideal_binary_mask', 'source_magnitudes'])
[Validator] Epoch 100 - val_loss: 0.000011
[BEST CHECKPOINT] Guardado/actualizado en: checkpoints\Mis_modelos\lpsa_phase checkpoints\4stems\best_checkpoint_99_val_loss=-0.0000.pt
04/22/2026 06:34:10 PM | engine.py:1037 Engine run finished. Time taken: 00:00:59.735
[Epoch 100] train_loss=0.000010 | val_loss=0.000011
04/22/2026 06:34:10 PM | engine.py:1010 Epoch[100] Complete. Time taken: 00:02:36.773
04/22/2026 06:34:10 PM | engine.py:1037 Engine run finished. Time taken: 04:42:08.077
[LOADING BEST MODEL] Cargando mejor checkpoint desde: checkpoints\Mis_modelos\lpsa_phase checkpoints\4stems\best_checkpoint_99_val_loss=-0.0000.pt
C:\Users\rdpuser\TFG_Identificaci-n-de-voces-e-instrumentos-en-una-obra-musical\pipeline\train.py:358: FutureWarning: You are using `torch.load` with `weights_only=False` (the current default value), which uses the default pickle module implicitly. It is possible to construct malicious pickle data which will execute arbitrary code during unpickling (See https://github.com/pytorch/pytorch/blob/main/SECURITY.md#untrusted-models for more details). In a future release, the default value for `weights_only` will be flipped to `True`. This limits the functions that could be executed during unpickling. Arbitrary objects will no longer be allowed to be loaded via this mode unless they are explicitly allowlisted by the user via `torch.serialization.add_safe_globals`. We recommend you start setting `weights_only=True` for any use case where you don't have full control of the loaded file. Please open an issue on GitHub for any issues related to this experimental feature.
  checkpoint = torch.load(best_checkpoint_path, map_location=device)
