C:\Users\rdpuser\miniconda3\envs\tfg_py310\lib\site-packages\ignite\handlers\checkpoint.py:16: DeprecationWarning: `TorchScript` support for functional optimizers is deprecated and will be removed in a future PyTorch release. Consider using the `torch.compile` optimizer instead.
  from torch.distributed.optim import ZeroRedundancyOptimizer
Usando dispositivo: cuda
Using device: cuda | nf=257 | channels=1 | hidden=50 | stems=4 | loss=lpsa_phase
C:\Users\rdpuser\miniconda3\envs\tfg_py310\lib\site-packages\torch\nn\modules\module.py:1326: UserWarning: expandable_segments not supported on this platform (Triggered internally at C:\actions-runner\_work\pytorch\pytorch\builder\windows\pytorch\c10/cuda/CUDAAllocatorConfig.h:28.)
  return t.to(
GA: actual_batch=24 | accum_steps=5 | effective_batch_real=120
03/31/2026 05:08:00 PM | engine.py:906 Engine run starting with max_epochs=100.
C:\Users\rdpuser\miniconda3\envs\tfg_py310\lib\site-packages\ignite\handlers\checkpoint.py:16: DeprecationWarning: `TorchScript` support for functional optimizers is deprecated and will be removed in a future PyTorch release. Consider using the `torch.compile` optimizer instead.
  from torch.distributed.optim import ZeroRedundancyOptimizer
C:\Users\rdpuser\miniconda3\envs\tfg_py310\lib\site-packages\ignite\handlers\checkpoint.py:16: DeprecationWarning: `TorchScript` support for functional optimizers is deprecated and will be removed in a future PyTorch release. Consider using the `torch.compile` optimizer instead.
  from torch.distributed.optim import ZeroRedundancyOptimizer
C:\Users\rdpuser\miniconda3\envs\tfg_py310\lib\site-packages\ignite\handlers\checkpoint.py:16: DeprecationWarning: `TorchScript` support for functional optimizers is deprecated and will be removed in a future PyTorch release. Consider using the `torch.compile` optimizer instead.
  from torch.distributed.optim import ZeroRedundancyOptimizer
C:\Users\rdpuser\miniconda3\envs\tfg_py310\lib\site-packages\ignite\handlers\checkpoint.py:16: DeprecationWarning: `TorchScript` support for functional optimizers is deprecated and will be removed in a future PyTorch release. Consider using the `torch.compile` optimizer instead.
  from torch.distributed.optim import ZeroRedundancyOptimizer
03/31/2026 05:09:15 PM | engine.py:906 Engine run starting with max_epochs=1.
C:\Users\rdpuser\miniconda3\envs\tfg_py310\lib\site-packages\ignite\handlers\checkpoint.py:16: DeprecationWarning: `TorchScript` support for functional optimizers is deprecated and will be removed in a future PyTorch release. Consider using the `torch.compile` optimizer instead.
  from torch.distributed.optim import ZeroRedundancyOptimizer
C:\Users\rdpuser\miniconda3\envs\tfg_py310\lib\site-packages\ignite\handlers\checkpoint.py:16: DeprecationWarning: `TorchScript` support for functional optimizers is deprecated and will be removed in a future PyTorch release. Consider using the `torch.compile` optimizer instead.
  from torch.distributed.optim import ZeroRedundancyOptimizer
C:\Users\rdpuser\miniconda3\envs\tfg_py310\lib\site-packages\ignite\handlers\checkpoint.py:16: DeprecationWarning: `TorchScript` support for functional optimizers is deprecated and will be removed in a future PyTorch release. Consider using the `torch.compile` optimizer instead.
  from torch.distributed.optim import ZeroRedundancyOptimizer
C:\Users\rdpuser\miniconda3\envs\tfg_py310\lib\site-packages\ignite\handlers\checkpoint.py:16: DeprecationWarning: `TorchScript` support for functional optimizers is deprecated and will be removed in a future PyTorch release. Consider using the `torch.compile` optimizer instead.
  from torch.distributed.optim import ZeroRedundancyOptimizer
03/31/2026 05:09:53 PM | engine.py:1010 Epoch[1] Complete. Time taken: 00:00:37.945
Training model with training mixes in: C:\Users\rdpuser\TFG_Identificaci-n-de-voces-e-instrumentos-en-una-obra-musical\datasets\mix_generation\foreground_train
Validating data with validation mixes in: C:\Users\rdpuser\TFG_Identificaci-n-de-voces-e-instrumentos-en-una-obra-musical\datasets\mix_generation\foreground_valid
[DEBUG] Num de sources: 4
pipeline de 4 fuentes
estimate shape: torch.Size([24, 1724, 257, 1, 4])
target shape: torch.Size([24, 1724, 257, 1, 4])
mixture_phase shape: torch.Size([24, 257, 1723])
target_phase shape after adjust: torch.Size([24, 1723, 257, 1, 4])
mix_phase shape after adjust: torch.Size([24, 1723, 257, 1, 1])
estimate shape: torch.Size([24, 1724, 257, 1, 4])
target shape: torch.Size([24, 1724, 257, 1, 4])
mixture_phase shape: torch.Size([24, 257, 1723])
target_phase shape after adjust: torch.Size([24, 1723, 257, 1, 4])
mix_phase shape after adjust: torch.Size([24, 1723, 257, 1, 1])
estimate shape: torch.Size([24, 1724, 257, 1, 4])
target shape: torch.Size([24, 1724, 257, 1, 4])
mixture_phase shape: torch.Size([24, 257, 1723])
target_phase shape after adjust: torch.Size([24, 1723, 257, 1, 4])
mix_phase shape after adjust: torch.Size([24, 1723, 257, 1, 1])
estimate shape: torch.Size([24, 1724, 257, 1, 4])
target shape: torch.Size([24, 1724, 257, 1, 4])
mixture_phase shape: torch.Size([24, 257, 1723])
target_phase shape after adjust: torch.Size([24, 1723, 257, 1, 4])
mix_phase shape after adjust: torch.Size([24, 1723, 257, 1, 1])
estimate shape: torch.Size([24, 1724, 257, 1, 4])
target shape: torch.Size([24, 1724, 257, 1, 4])
mixture_phase shape: torch.Size([24, 257, 1723])
target_phase shape after adjust: torch.Size([24, 1723, 257, 1, 4])
mix_phase shape after adjust: torch.Size([24, 1723, 257, 1, 1])
estimate shape: torch.Size([24, 1724, 257, 1, 4])
target shape: torch.Size([24, 1724, 257, 1, 4])
mixture_phase shape: torch.Size([24, 257, 1723])
target_phase shape after adjust: torch.Size([24, 1723, 257, 1, 4])
mix_phase shape after adjust: torch.Size([24, 1723, 257, 1, 1])
estimate shape: torch.Size([24, 1724, 257, 1, 4])
target shape: torch.Size([24, 1724, 257, 1, 4])
mixture_phase shape: torch.Size([24, 257, 1723])
target_phase shape after adjust: torch.Size([24, 1723, 257, 1, 4])
mix_phase shape after adjust: torch.Size([24, 1723, 257, 1, 1])
estimate shape: torch.Size([24, 1724, 257, 1, 4])
target shape: torch.Size([24, 1724, 257, 1, 4])
mixture_phase shape: torch.Size([24, 257, 1723])
target_phase shape after adjust: torch.Size([24, 1723, 257, 1, 4])
mix_phase shape after adjust: torch.Size([24, 1723, 257, 1, 1])
estimate shape: torch.Size([24, 1724, 257, 1, 4])
target shape: torch.Size([24, 1724, 257, 1, 4])
mixture_phase shape: torch.Size([24, 257, 1723])
target_phase shape after adjust: torch.Size([24, 1723, 257, 1, 4])
mix_phase shape after adjust: torch.Size([24, 1723, 257, 1, 1])
estimate shape: torch.Size([24, 1724, 257, 1, 4])
target shape: torch.Size([24, 1724, 257, 1, 4])
mixture_phase shape: torch.Size([24, 257, 1723])
target_phase shape after adjust: torch.Size([24, 1723, 257, 1, 4])
mix_phase shape after adjust: torch.Size([24, 1723, 257, 1, 1])
estimate shape: torch.Size([24, 1724, 257, 1, 4])
target shape: torch.Size([24, 1724, 257, 1, 4])
mixture_phase shape: torch.Size([24, 257, 1723])
target_phase shape after adjust: torch.Size([24, 1723, 257, 1, 4])
mix_phase shape after adjust: torch.Size([24, 1723, 257, 1, 1])
estimate shape: torch.Size([24, 1724, 257, 1, 4])
target shape: torch.Size([24, 1724, 257, 1, 4])
mixture_phase shape: torch.Size([24, 257, 1723])
target_phase shape after adjust: torch.Size([24, 1723, 257, 1, 4])
mix_phase shape after adjust: torch.Size([24, 1723, 257, 1, 1])
estimate shape: torch.Size([24, 1724, 257, 1, 4])
target shape: torch.Size([24, 1724, 257, 1, 4])
mixture_phase shape: torch.Size([24, 257, 1723])
target_phase shape after adjust: torch.Size([24, 1723, 257, 1, 4])
mix_phase shape after adjust: torch.Size([24, 1723, 257, 1, 1])
estimate shape: torch.Size([24, 1724, 257, 1, 4])
target shape: torch.Size([24, 1724, 257, 1, 4])
mixture_phase shape: torch.Size([24, 257, 1723])
target_phase shape after adjust: torch.Size([24, 1723, 257, 1, 4])
mix_phase shape after adjust: torch.Size([24, 1723, 257, 1, 1])
estimate shape: torch.Size([24, 1724, 257, 1, 4])
target shape: torch.Size([24, 1724, 257, 1, 4])
mixture_phase shape: torch.Size([24, 257, 1723])
target_phase shape after adjust: torch.Size([24, 1723, 257, 1, 4])
mix_phase shape after adjust: torch.Size([24, 1723, 257, 1, 1])
estimate shape: torch.Size([24, 1724, 257, 1, 4])
target shape: torch.Size([24, 1724, 257, 1, 4])
mixture_phase shape: torch.Size([24, 257, 1723])
target_phase shape after adjust: torch.Size([24, 1723, 257, 1, 4])
mix_phase shape after adjust: torch.Size([24, 1723, 257, 1, 1])
estimate shape: torch.Size([24, 1724, 257, 1, 4])
target shape: torch.Size([24, 1724, 257, 1, 4])
mixture_phase shape: torch.Size([24, 257, 1723])
target_phase shape after adjust: torch.Size([24, 1723, 257, 1, 4])
mix_phase shape after adjust: torch.Size([24, 1723, 257, 1, 1])
estimate shape: torch.Size([24, 1724, 257, 1, 4])
target shape: torch.Size([24, 1724, 257, 1, 4])
mixture_phase shape: torch.Size([24, 257, 1723])
target_phase shape after adjust: torch.Size([24, 1723, 257, 1, 4])
mix_phase shape after adjust: torch.Size([24, 1723, 257, 1, 1])
estimate shape: torch.Size([8, 1724, 257, 1, 4])
target shape: torch.Size([8, 1724, 257, 1, 4])
mixture_phase shape: torch.Size([8, 257, 1723])
target_phase shape after adjust: torch.Size([8, 1723, 257, 1, 4])
mix_phase shape after adjust: torch.Size([8, 1723, 257, 1, 1])
[Validator] Epoch 1 - val_loss: 0.000029
[BEST CHECKPOINT] Guardado/actualizado en: checkpoints\Mis_modelos\lpsa_phase checkpoints\4stems\best_checkpoint_1_val_loss=-0.0000.pt
03/31/2026 05:09:53 PM | engine.py:1037 Engine run finished. Time taken: 00:00:38.403
[Epoch 1] train_loss=0.000025 | val_loss=0.000029
03/31/2026 05:09:53 PM | engine.py:1010 Epoch[1] Complete. Time taken: 00:01:14.991
03/31/2026 05:10:18 PM | engine.py:906 Engine run starting with max_epochs=1.
03/31/2026 05:10:45 PM | engine.py:1010 Epoch[1] Complete. Time taken: 00:00:26.785
estimate shape: torch.Size([24, 1724, 257, 1, 4])
target shape: torch.Size([24, 1724, 257, 1, 4])
mixture_phase shape: torch.Size([24, 257, 1723])
target_phase shape after adjust: torch.Size([24, 1723, 257, 1, 4])
mix_phase shape after adjust: torch.Size([24, 1723, 257, 1, 1])
estimate shape: torch.Size([24, 1724, 257, 1, 4])
target shape: torch.Size([24, 1724, 257, 1, 4])
mixture_phase shape: torch.Size([24, 257, 1723])
target_phase shape after adjust: torch.Size([24, 1723, 257, 1, 4])
mix_phase shape after adjust: torch.Size([24, 1723, 257, 1, 1])
estimate shape: torch.Size([24, 1724, 257, 1, 4])
target shape: torch.Size([24, 1724, 257, 1, 4])
mixture_phase shape: torch.Size([24, 257, 1723])
target_phase shape after adjust: torch.Size([24, 1723, 257, 1, 4])
mix_phase shape after adjust: torch.Size([24, 1723, 257, 1, 1])
estimate shape: torch.Size([24, 1724, 257, 1, 4])
target shape: torch.Size([24, 1724, 257, 1, 4])
mixture_phase shape: torch.Size([24, 257, 1723])
target_phase shape after adjust: torch.Size([24, 1723, 257, 1, 4])
mix_phase shape after adjust: torch.Size([24, 1723, 257, 1, 1])
estimate shape: torch.Size([24, 1724, 257, 1, 4])
target shape: torch.Size([24, 1724, 257, 1, 4])
mixture_phase shape: torch.Size([24, 257, 1723])
target_phase shape after adjust: torch.Size([24, 1723, 257, 1, 4])
mix_phase shape after adjust: torch.Size([24, 1723, 257, 1, 1])
estimate shape: torch.Size([24, 1724, 257, 1, 4])
target shape: torch.Size([24, 1724, 257, 1, 4])
mixture_phase shape: torch.Size([24, 257, 1723])
target_phase shape after adjust: torch.Size([24, 1723, 257, 1, 4])
mix_phase shape after adjust: torch.Size([24, 1723, 257, 1, 1])
estimate shape: torch.Size([24, 1724, 257, 1, 4])
target shape: torch.Size([24, 1724, 257, 1, 4])
mixture_phase shape: torch.Size([24, 257, 1723])
target_phase shape after adjust: torch.Size([24, 1723, 257, 1, 4])
mix_phase shape after adjust: torch.Size([24, 1723, 257, 1, 1])
estimate shape: torch.Size([24, 1724, 257, 1, 4])
target shape: torch.Size([24, 1724, 257, 1, 4])
mixture_phase shape: torch.Size([24, 257, 1723])
target_phase shape after adjust: torch.Size([24, 1723, 257, 1, 4])
mix_phase shape after adjust: torch.Size([24, 1723, 257, 1, 1])
estimate shape: torch.Size([24, 1724, 257, 1, 4])
target shape: torch.Size([24, 1724, 257, 1, 4])
mixture_phase shape: torch.Size([24, 257, 1723])
target_phase shape after adjust: torch.Size([24, 1723, 257, 1, 4])
mix_phase shape after adjust: torch.Size([24, 1723, 257, 1, 1])
estimate shape: torch.Size([24, 1724, 257, 1, 4])
target shape: torch.Size([24, 1724, 257, 1, 4])
mixture_phase shape: torch.Size([24, 257, 1723])
target_phase shape after adjust: torch.Size([24, 1723, 257, 1, 4])
mix_phase shape after adjust: torch.Size([24, 1723, 257, 1, 1])
estimate shape: torch.Size([24, 1724, 257, 1, 4])
target shape: torch.Size([24, 1724, 257, 1, 4])
mixture_phase shape: torch.Size([24, 257, 1723])
target_phase shape after adjust: torch.Size([24, 1723, 257, 1, 4])
mix_phase shape after adjust: torch.Size([24, 1723, 257, 1, 1])
estimate shape: torch.Size([24, 1724, 257, 1, 4])
target shape: torch.Size([24, 1724, 257, 1, 4])
mixture_phase shape: torch.Size([24, 257, 1723])
target_phase shape after adjust: torch.Size([24, 1723, 257, 1, 4])
mix_phase shape after adjust: torch.Size([24, 1723, 257, 1, 1])
estimate shape: torch.Size([24, 1724, 257, 1, 4])
target shape: torch.Size([24, 1724, 257, 1, 4])
mixture_phase shape: torch.Size([24, 257, 1723])
target_phase shape after adjust: torch.Size([24, 1723, 257, 1, 4])
mix_phase shape after adjust: torch.Size([24, 1723, 257, 1, 1])
estimate shape: torch.Size([24, 1724, 257, 1, 4])
target shape: torch.Size([24, 1724, 257, 1, 4])
mixture_phase shape: torch.Size([24, 257, 1723])
target_phase shape after adjust: torch.Size([24, 1723, 257, 1, 4])
mix_phase shape after adjust: torch.Size([24, 1723, 257, 1, 1])
estimate shape: torch.Size([24, 1724, 257, 1, 4])
target shape: torch.Size([24, 1724, 257, 1, 4])
mixture_phase shape: torch.Size([24, 257, 1723])
target_phase shape after adjust: torch.Size([24, 1723, 257, 1, 4])
mix_phase shape after adjust: torch.Size([24, 1723, 257, 1, 1])
estimate shape: torch.Size([24, 1724, 257, 1, 4])
target shape: torch.Size([24, 1724, 257, 1, 4])
mixture_phase shape: torch.Size([24, 257, 1723])
target_phase shape after adjust: torch.Size([24, 1723, 257, 1, 4])
mix_phase shape after adjust: torch.Size([24, 1723, 257, 1, 1])
estimate shape: torch.Size([24, 1724, 257, 1, 4])
target shape: torch.Size([24, 1724, 257, 1, 4])
mixture_phase shape: torch.Size([24, 257, 1723])
target_phase shape after adjust: torch.Size([24, 1723, 257, 1, 4])
mix_phase shape after adjust: torch.Size([24, 1723, 257, 1, 1])
estimate shape: torch.Size([24, 1724, 257, 1, 4])
target shape: torch.Size([24, 1724, 257, 1, 4])
mixture_phase shape: torch.Size([24, 257, 1723])
target_phase shape after adjust: torch.Size([24, 1723, 257, 1, 4])
mix_phase shape after adjust: torch.Size([24, 1723, 257, 1, 1])
estimate shape: torch.Size([8, 1724, 257, 1, 4])
target shape: torch.Size([8, 1724, 257, 1, 4])
mixture_phase shape: torch.Size([8, 257, 1723])
target_phase shape after adjust: torch.Size([8, 1723, 257, 1, 4])
mix_phase shape after adjust: torch.Size([8, 1723, 257, 1, 1])
[Validator] Epoch 2 - val_loss: 0.000029
[BEST CHECKPOINT] Guardado/actualizado en: checkpoints\Mis_modelos\lpsa_phase checkpoints\4stems\best_checkpoint_2_val_loss=-0.0000.pt
03/31/2026 05:10:45 PM | engine.py:1037 Engine run finished. Time taken: 00:00:26.797
[Epoch 2] train_loss=0.000027 | val_loss=0.000029
03/31/2026 05:10:45 PM | engine.py:1010 Epoch[2] Complete. Time taken: 00:00:51.792
03/31/2026 05:11:08 PM | engine.py:906 Engine run starting with max_epochs=1.
03/31/2026 05:11:34 PM | engine.py:1010 Epoch[1] Complete. Time taken: 00:00:26.641
estimate shape: torch.Size([24, 1724, 257, 1, 4])
target shape: torch.Size([24, 1724, 257, 1, 4])
mixture_phase shape: torch.Size([24, 257, 1723])
target_phase shape after adjust: torch.Size([24, 1723, 257, 1, 4])
mix_phase shape after adjust: torch.Size([24, 1723, 257, 1, 1])
estimate shape: torch.Size([24, 1724, 257, 1, 4])
target shape: torch.Size([24, 1724, 257, 1, 4])
mixture_phase shape: torch.Size([24, 257, 1723])
target_phase shape after adjust: torch.Size([24, 1723, 257, 1, 4])
mix_phase shape after adjust: torch.Size([24, 1723, 257, 1, 1])
estimate shape: torch.Size([24, 1724, 257, 1, 4])
target shape: torch.Size([24, 1724, 257, 1, 4])
mixture_phase shape: torch.Size([24, 257, 1723])
target_phase shape after adjust: torch.Size([24, 1723, 257, 1, 4])
mix_phase shape after adjust: torch.Size([24, 1723, 257, 1, 1])
estimate shape: torch.Size([24, 1724, 257, 1, 4])
target shape: torch.Size([24, 1724, 257, 1, 4])
mixture_phase shape: torch.Size([24, 257, 1723])
target_phase shape after adjust: torch.Size([24, 1723, 257, 1, 4])
mix_phase shape after adjust: torch.Size([24, 1723, 257, 1, 1])
estimate shape: torch.Size([24, 1724, 257, 1, 4])
target shape: torch.Size([24, 1724, 257, 1, 4])
mixture_phase shape: torch.Size([24, 257, 1723])
target_phase shape after adjust: torch.Size([24, 1723, 257, 1, 4])
mix_phase shape after adjust: torch.Size([24, 1723, 257, 1, 1])
estimate shape: torch.Size([24, 1724, 257, 1, 4])
target shape: torch.Size([24, 1724, 257, 1, 4])
mixture_phase shape: torch.Size([24, 257, 1723])
target_phase shape after adjust: torch.Size([24, 1723, 257, 1, 4])
mix_phase shape after adjust: torch.Size([24, 1723, 257, 1, 1])
estimate shape: torch.Size([24, 1724, 257, 1, 4])
target shape: torch.Size([24, 1724, 257, 1, 4])
mixture_phase shape: torch.Size([24, 257, 1723])
target_phase shape after adjust: torch.Size([24, 1723, 257, 1, 4])
mix_phase shape after adjust: torch.Size([24, 1723, 257, 1, 1])
estimate shape: torch.Size([24, 1724, 257, 1, 4])
target shape: torch.Size([24, 1724, 257, 1, 4])
mixture_phase shape: torch.Size([24, 257, 1723])
target_phase shape after adjust: torch.Size([24, 1723, 257, 1, 4])
mix_phase shape after adjust: torch.Size([24, 1723, 257, 1, 1])
estimate shape: torch.Size([24, 1724, 257, 1, 4])
target shape: torch.Size([24, 1724, 257, 1, 4])
mixture_phase shape: torch.Size([24, 257, 1723])
target_phase shape after adjust: torch.Size([24, 1723, 257, 1, 4])
mix_phase shape after adjust: torch.Size([24, 1723, 257, 1, 1])
estimate shape: torch.Size([24, 1724, 257, 1, 4])
target shape: torch.Size([24, 1724, 257, 1, 4])
mixture_phase shape: torch.Size([24, 257, 1723])
target_phase shape after adjust: torch.Size([24, 1723, 257, 1, 4])
mix_phase shape after adjust: torch.Size([24, 1723, 257, 1, 1])
estimate shape: torch.Size([24, 1724, 257, 1, 4])
target shape: torch.Size([24, 1724, 257, 1, 4])
mixture_phase shape: torch.Size([24, 257, 1723])
target_phase shape after adjust: torch.Size([24, 1723, 257, 1, 4])
mix_phase shape after adjust: torch.Size([24, 1723, 257, 1, 1])
estimate shape: torch.Size([24, 1724, 257, 1, 4])
target shape: torch.Size([24, 1724, 257, 1, 4])
mixture_phase shape: torch.Size([24, 257, 1723])
target_phase shape after adjust: torch.Size([24, 1723, 257, 1, 4])
mix_phase shape after adjust: torch.Size([24, 1723, 257, 1, 1])
estimate shape: torch.Size([24, 1724, 257, 1, 4])
target shape: torch.Size([24, 1724, 257, 1, 4])
mixture_phase shape: torch.Size([24, 257, 1723])
target_phase shape after adjust: torch.Size([24, 1723, 257, 1, 4])
mix_phase shape after adjust: torch.Size([24, 1723, 257, 1, 1])
estimate shape: torch.Size([24, 1724, 257, 1, 4])
target shape: torch.Size([24, 1724, 257, 1, 4])
mixture_phase shape: torch.Size([24, 257, 1723])
target_phase shape after adjust: torch.Size([24, 1723, 257, 1, 4])
mix_phase shape after adjust: torch.Size([24, 1723, 257, 1, 1])
estimate shape: torch.Size([24, 1724, 257, 1, 4])
target shape: torch.Size([24, 1724, 257, 1, 4])
mixture_phase shape: torch.Size([24, 257, 1723])
target_phase shape after adjust: torch.Size([24, 1723, 257, 1, 4])
mix_phase shape after adjust: torch.Size([24, 1723, 257, 1, 1])
estimate shape: torch.Size([24, 1724, 257, 1, 4])
target shape: torch.Size([24, 1724, 257, 1, 4])
mixture_phase shape: torch.Size([24, 257, 1723])
target_phase shape after adjust: torch.Size([24, 1723, 257, 1, 4])
mix_phase shape after adjust: torch.Size([24, 1723, 257, 1, 1])
estimate shape: torch.Size([24, 1724, 257, 1, 4])
target shape: torch.Size([24, 1724, 257, 1, 4])
mixture_phase shape: torch.Size([24, 257, 1723])
target_phase shape after adjust: torch.Size([24, 1723, 257, 1, 4])
mix_phase shape after adjust: torch.Size([24, 1723, 257, 1, 1])
estimate shape: torch.Size([24, 1724, 257, 1, 4])
target shape: torch.Size([24, 1724, 257, 1, 4])
mixture_phase shape: torch.Size([24, 257, 1723])
target_phase shape after adjust: torch.Size([24, 1723, 257, 1, 4])
mix_phase shape after adjust: torch.Size([24, 1723, 257, 1, 1])
estimate shape: torch.Size([8, 1724, 257, 1, 4])
target shape: torch.Size([8, 1724, 257, 1, 4])
mixture_phase shape: torch.Size([8, 257, 1723])
target_phase shape after adjust: torch.Size([8, 1723, 257, 1, 4])
mix_phase shape after adjust: torch.Size([8, 1723, 257, 1, 1])
[Validator] Epoch 3 - val_loss: 0.000028
[BEST CHECKPOINT] Guardado/actualizado en: checkpoints\Mis_modelos\lpsa_phase checkpoints\4stems\best_checkpoint_3_val_loss=-0.0000.pt
03/31/2026 05:11:34 PM | engine.py:1037 Engine run finished. Time taken: 00:00:26.651
[Epoch 3] train_loss=0.000024 | val_loss=0.000028
03/31/2026 05:11:34 PM | engine.py:1010 Epoch[3] Complete. Time taken: 00:00:49.042
03/31/2026 05:11:56 PM | engine.py:906 Engine run starting with max_epochs=1.
03/31/2026 05:12:22 PM | engine.py:1010 Epoch[1] Complete. Time taken: 00:00:26.099
estimate shape: torch.Size([24, 1724, 257, 1, 4])
target shape: torch.Size([24, 1724, 257, 1, 4])
mixture_phase shape: torch.Size([24, 257, 1723])
target_phase shape after adjust: torch.Size([24, 1723, 257, 1, 4])
mix_phase shape after adjust: torch.Size([24, 1723, 257, 1, 1])
estimate shape: torch.Size([24, 1724, 257, 1, 4])
target shape: torch.Size([24, 1724, 257, 1, 4])
mixture_phase shape: torch.Size([24, 257, 1723])
target_phase shape after adjust: torch.Size([24, 1723, 257, 1, 4])
mix_phase shape after adjust: torch.Size([24, 1723, 257, 1, 1])
estimate shape: torch.Size([24, 1724, 257, 1, 4])
target shape: torch.Size([24, 1724, 257, 1, 4])
mixture_phase shape: torch.Size([24, 257, 1723])
target_phase shape after adjust: torch.Size([24, 1723, 257, 1, 4])
mix_phase shape after adjust: torch.Size([24, 1723, 257, 1, 1])
estimate shape: torch.Size([24, 1724, 257, 1, 4])
target shape: torch.Size([24, 1724, 257, 1, 4])
mixture_phase shape: torch.Size([24, 257, 1723])
target_phase shape after adjust: torch.Size([24, 1723, 257, 1, 4])
mix_phase shape after adjust: torch.Size([24, 1723, 257, 1, 1])
estimate shape: torch.Size([24, 1724, 257, 1, 4])
target shape: torch.Size([24, 1724, 257, 1, 4])
mixture_phase shape: torch.Size([24, 257, 1723])
target_phase shape after adjust: torch.Size([24, 1723, 257, 1, 4])
mix_phase shape after adjust: torch.Size([24, 1723, 257, 1, 1])
estimate shape: torch.Size([24, 1724, 257, 1, 4])
target shape: torch.Size([24, 1724, 257, 1, 4])
mixture_phase shape: torch.Size([24, 257, 1723])
target_phase shape after adjust: torch.Size([24, 1723, 257, 1, 4])
mix_phase shape after adjust: torch.Size([24, 1723, 257, 1, 1])
estimate shape: torch.Size([24, 1724, 257, 1, 4])
target shape: torch.Size([24, 1724, 257, 1, 4])
mixture_phase shape: torch.Size([24, 257, 1723])
target_phase shape after adjust: torch.Size([24, 1723, 257, 1, 4])
mix_phase shape after adjust: torch.Size([24, 1723, 257, 1, 1])
estimate shape: torch.Size([24, 1724, 257, 1, 4])
target shape: torch.Size([24, 1724, 257, 1, 4])
mixture_phase shape: torch.Size([24, 257, 1723])
target_phase shape after adjust: torch.Size([24, 1723, 257, 1, 4])
mix_phase shape after adjust: torch.Size([24, 1723, 257, 1, 1])
estimate shape: torch.Size([24, 1724, 257, 1, 4])
target shape: torch.Size([24, 1724, 257, 1, 4])
mixture_phase shape: torch.Size([24, 257, 1723])
target_phase shape after adjust: torch.Size([24, 1723, 257, 1, 4])
mix_phase shape after adjust: torch.Size([24, 1723, 257, 1, 1])
estimate shape: torch.Size([24, 1724, 257, 1, 4])
target shape: torch.Size([24, 1724, 257, 1, 4])
mixture_phase shape: torch.Size([24, 257, 1723])
target_phase shape after adjust: torch.Size([24, 1723, 257, 1, 4])
mix_phase shape after adjust: torch.Size([24, 1723, 257, 1, 1])
estimate shape: torch.Size([24, 1724, 257, 1, 4])
target shape: torch.Size([24, 1724, 257, 1, 4])
mixture_phase shape: torch.Size([24, 257, 1723])
target_phase shape after adjust: torch.Size([24, 1723, 257, 1, 4])
mix_phase shape after adjust: torch.Size([24, 1723, 257, 1, 1])
estimate shape: torch.Size([24, 1724, 257, 1, 4])
target shape: torch.Size([24, 1724, 257, 1, 4])
mixture_phase shape: torch.Size([24, 257, 1723])
target_phase shape after adjust: torch.Size([24, 1723, 257, 1, 4])
mix_phase shape after adjust: torch.Size([24, 1723, 257, 1, 1])
estimate shape: torch.Size([24, 1724, 257, 1, 4])
target shape: torch.Size([24, 1724, 257, 1, 4])
mixture_phase shape: torch.Size([24, 257, 1723])
target_phase shape after adjust: torch.Size([24, 1723, 257, 1, 4])
mix_phase shape after adjust: torch.Size([24, 1723, 257, 1, 1])
estimate shape: torch.Size([24, 1724, 257, 1, 4])
target shape: torch.Size([24, 1724, 257, 1, 4])
mixture_phase shape: torch.Size([24, 257, 1723])
target_phase shape after adjust: torch.Size([24, 1723, 257, 1, 4])
mix_phase shape after adjust: torch.Size([24, 1723, 257, 1, 1])
estimate shape: torch.Size([24, 1724, 257, 1, 4])
target shape: torch.Size([24, 1724, 257, 1, 4])
mixture_phase shape: torch.Size([24, 257, 1723])
target_phase shape after adjust: torch.Size([24, 1723, 257, 1, 4])
mix_phase shape after adjust: torch.Size([24, 1723, 257, 1, 1])
estimate shape: torch.Size([24, 1724, 257, 1, 4])
target shape: torch.Size([24, 1724, 257, 1, 4])
mixture_phase shape: torch.Size([24, 257, 1723])
target_phase shape after adjust: torch.Size([24, 1723, 257, 1, 4])
mix_phase shape after adjust: torch.Size([24, 1723, 257, 1, 1])
estimate shape: torch.Size([24, 1724, 257, 1, 4])
target shape: torch.Size([24, 1724, 257, 1, 4])
mixture_phase shape: torch.Size([24, 257, 1723])
target_phase shape after adjust: torch.Size([24, 1723, 257, 1, 4])
mix_phase shape after adjust: torch.Size([24, 1723, 257, 1, 1])
estimate shape: torch.Size([24, 1724, 257, 1, 4])
target shape: torch.Size([24, 1724, 257, 1, 4])
mixture_phase shape: torch.Size([24, 257, 1723])
target_phase shape after adjust: torch.Size([24, 1723, 257, 1, 4])
mix_phase shape after adjust: torch.Size([24, 1723, 257, 1, 1])
estimate shape: torch.Size([8, 1724, 257, 1, 4])
target shape: torch.Size([8, 1724, 257, 1, 4])
mixture_phase shape: torch.Size([8, 257, 1723])
target_phase shape after adjust: torch.Size([8, 1723, 257, 1, 4])
mix_phase shape after adjust: torch.Size([8, 1723, 257, 1, 1])
[Validator] Epoch 4 - val_loss: 0.000028
[BEST CHECKPOINT] Guardado/actualizado en: checkpoints\Mis_modelos\lpsa_phase checkpoints\4stems\best_checkpoint_4_val_loss=-0.0000.pt
03/31/2026 05:12:22 PM | engine.py:1037 Engine run finished. Time taken: 00:00:26.111
[Epoch 4] train_loss=0.000023 | val_loss=0.000028
03/31/2026 05:12:22 PM | engine.py:1010 Epoch[4] Complete. Time taken: 00:00:47.989
03/31/2026 05:12:44 PM | engine.py:906 Engine run starting with max_epochs=1.
03/31/2026 05:13:11 PM | engine.py:1010 Epoch[1] Complete. Time taken: 00:00:26.455
estimate shape: torch.Size([24, 1724, 257, 1, 4])
target shape: torch.Size([24, 1724, 257, 1, 4])
mixture_phase shape: torch.Size([24, 257, 1723])
target_phase shape after adjust: torch.Size([24, 1723, 257, 1, 4])
mix_phase shape after adjust: torch.Size([24, 1723, 257, 1, 1])
estimate shape: torch.Size([24, 1724, 257, 1, 4])
target shape: torch.Size([24, 1724, 257, 1, 4])
mixture_phase shape: torch.Size([24, 257, 1723])
target_phase shape after adjust: torch.Size([24, 1723, 257, 1, 4])
mix_phase shape after adjust: torch.Size([24, 1723, 257, 1, 1])
estimate shape: torch.Size([24, 1724, 257, 1, 4])
target shape: torch.Size([24, 1724, 257, 1, 4])
mixture_phase shape: torch.Size([24, 257, 1723])
target_phase shape after adjust: torch.Size([24, 1723, 257, 1, 4])
mix_phase shape after adjust: torch.Size([24, 1723, 257, 1, 1])
estimate shape: torch.Size([24, 1724, 257, 1, 4])
target shape: torch.Size([24, 1724, 257, 1, 4])
mixture_phase shape: torch.Size([24, 257, 1723])
target_phase shape after adjust: torch.Size([24, 1723, 257, 1, 4])
mix_phase shape after adjust: torch.Size([24, 1723, 257, 1, 1])
estimate shape: torch.Size([24, 1724, 257, 1, 4])
target shape: torch.Size([24, 1724, 257, 1, 4])
mixture_phase shape: torch.Size([24, 257, 1723])
target_phase shape after adjust: torch.Size([24, 1723, 257, 1, 4])
mix_phase shape after adjust: torch.Size([24, 1723, 257, 1, 1])
estimate shape: torch.Size([24, 1724, 257, 1, 4])
target shape: torch.Size([24, 1724, 257, 1, 4])
mixture_phase shape: torch.Size([24, 257, 1723])
target_phase shape after adjust: torch.Size([24, 1723, 257, 1, 4])
mix_phase shape after adjust: torch.Size([24, 1723, 257, 1, 1])
estimate shape: torch.Size([24, 1724, 257, 1, 4])
target shape: torch.Size([24, 1724, 257, 1, 4])
mixture_phase shape: torch.Size([24, 257, 1723])
target_phase shape after adjust: torch.Size([24, 1723, 257, 1, 4])
mix_phase shape after adjust: torch.Size([24, 1723, 257, 1, 1])
estimate shape: torch.Size([24, 1724, 257, 1, 4])
target shape: torch.Size([24, 1724, 257, 1, 4])
mixture_phase shape: torch.Size([24, 257, 1723])
target_phase shape after adjust: torch.Size([24, 1723, 257, 1, 4])
mix_phase shape after adjust: torch.Size([24, 1723, 257, 1, 1])
estimate shape: torch.Size([24, 1724, 257, 1, 4])
target shape: torch.Size([24, 1724, 257, 1, 4])
mixture_phase shape: torch.Size([24, 257, 1723])
target_phase shape after adjust: torch.Size([24, 1723, 257, 1, 4])
mix_phase shape after adjust: torch.Size([24, 1723, 257, 1, 1])
estimate shape: torch.Size([24, 1724, 257, 1, 4])
target shape: torch.Size([24, 1724, 257, 1, 4])
mixture_phase shape: torch.Size([24, 257, 1723])
target_phase shape after adjust: torch.Size([24, 1723, 257, 1, 4])
mix_phase shape after adjust: torch.Size([24, 1723, 257, 1, 1])
estimate shape: torch.Size([24, 1724, 257, 1, 4])
target shape: torch.Size([24, 1724, 257, 1, 4])
mixture_phase shape: torch.Size([24, 257, 1723])
target_phase shape after adjust: torch.Size([24, 1723, 257, 1, 4])
mix_phase shape after adjust: torch.Size([24, 1723, 257, 1, 1])
estimate shape: torch.Size([24, 1724, 257, 1, 4])
target shape: torch.Size([24, 1724, 257, 1, 4])
mixture_phase shape: torch.Size([24, 257, 1723])
target_phase shape after adjust: torch.Size([24, 1723, 257, 1, 4])
mix_phase shape after adjust: torch.Size([24, 1723, 257, 1, 1])
estimate shape: torch.Size([24, 1724, 257, 1, 4])
target shape: torch.Size([24, 1724, 257, 1, 4])
mixture_phase shape: torch.Size([24, 257, 1723])
target_phase shape after adjust: torch.Size([24, 1723, 257, 1, 4])
mix_phase shape after adjust: torch.Size([24, 1723, 257, 1, 1])
estimate shape: torch.Size([24, 1724, 257, 1, 4])
target shape: torch.Size([24, 1724, 257, 1, 4])
mixture_phase shape: torch.Size([24, 257, 1723])
target_phase shape after adjust: torch.Size([24, 1723, 257, 1, 4])
mix_phase shape after adjust: torch.Size([24, 1723, 257, 1, 1])
estimate shape: torch.Size([24, 1724, 257, 1, 4])
target shape: torch.Size([24, 1724, 257, 1, 4])
mixture_phase shape: torch.Size([24, 257, 1723])
target_phase shape after adjust: torch.Size([24, 1723, 257, 1, 4])
mix_phase shape after adjust: torch.Size([24, 1723, 257, 1, 1])
estimate shape: torch.Size([24, 1724, 257, 1, 4])
target shape: torch.Size([24, 1724, 257, 1, 4])
mixture_phase shape: torch.Size([24, 257, 1723])
target_phase shape after adjust: torch.Size([24, 1723, 257, 1, 4])
mix_phase shape after adjust: torch.Size([24, 1723, 257, 1, 1])
estimate shape: torch.Size([24, 1724, 257, 1, 4])
target shape: torch.Size([24, 1724, 257, 1, 4])
mixture_phase shape: torch.Size([24, 257, 1723])
target_phase shape after adjust: torch.Size([24, 1723, 257, 1, 4])
mix_phase shape after adjust: torch.Size([24, 1723, 257, 1, 1])
estimate shape: torch.Size([24, 1724, 257, 1, 4])
target shape: torch.Size([24, 1724, 257, 1, 4])
mixture_phase shape: torch.Size([24, 257, 1723])
target_phase shape after adjust: torch.Size([24, 1723, 257, 1, 4])
mix_phase shape after adjust: torch.Size([24, 1723, 257, 1, 1])
estimate shape: torch.Size([8, 1724, 257, 1, 4])
target shape: torch.Size([8, 1724, 257, 1, 4])
mixture_phase shape: torch.Size([8, 257, 1723])
target_phase shape after adjust: torch.Size([8, 1723, 257, 1, 4])
mix_phase shape after adjust: torch.Size([8, 1723, 257, 1, 1])
[Validator] Epoch 5 - val_loss: 0.000027
[BEST CHECKPOINT] Guardado/actualizado en: checkpoints\Mis_modelos\lpsa_phase checkpoints\4stems\best_checkpoint_5_val_loss=-0.0000.pt
03/31/2026 05:13:11 PM | engine.py:1037 Engine run finished. Time taken: 00:00:26.467
[Epoch 5] train_loss=0.000023 | val_loss=0.000027
03/31/2026 05:13:11 PM | engine.py:1010 Epoch[5] Complete. Time taken: 00:00:48.673
03/31/2026 05:13:34 PM | engine.py:906 Engine run starting with max_epochs=1.
03/31/2026 05:14:01 PM | engine.py:1010 Epoch[1] Complete. Time taken: 00:00:26.926
estimate shape: torch.Size([24, 1724, 257, 1, 4])
target shape: torch.Size([24, 1724, 257, 1, 4])
mixture_phase shape: torch.Size([24, 257, 1723])
target_phase shape after adjust: torch.Size([24, 1723, 257, 1, 4])
mix_phase shape after adjust: torch.Size([24, 1723, 257, 1, 1])
estimate shape: torch.Size([24, 1724, 257, 1, 4])
target shape: torch.Size([24, 1724, 257, 1, 4])
mixture_phase shape: torch.Size([24, 257, 1723])
target_phase shape after adjust: torch.Size([24, 1723, 257, 1, 4])
mix_phase shape after adjust: torch.Size([24, 1723, 257, 1, 1])
estimate shape: torch.Size([24, 1724, 257, 1, 4])
target shape: torch.Size([24, 1724, 257, 1, 4])
mixture_phase shape: torch.Size([24, 257, 1723])
target_phase shape after adjust: torch.Size([24, 1723, 257, 1, 4])
mix_phase shape after adjust: torch.Size([24, 1723, 257, 1, 1])
estimate shape: torch.Size([24, 1724, 257, 1, 4])
target shape: torch.Size([24, 1724, 257, 1, 4])
mixture_phase shape: torch.Size([24, 257, 1723])
target_phase shape after adjust: torch.Size([24, 1723, 257, 1, 4])
mix_phase shape after adjust: torch.Size([24, 1723, 257, 1, 1])
estimate shape: torch.Size([24, 1724, 257, 1, 4])
target shape: torch.Size([24, 1724, 257, 1, 4])
mixture_phase shape: torch.Size([24, 257, 1723])
target_phase shape after adjust: torch.Size([24, 1723, 257, 1, 4])
mix_phase shape after adjust: torch.Size([24, 1723, 257, 1, 1])
estimate shape: torch.Size([24, 1724, 257, 1, 4])
target shape: torch.Size([24, 1724, 257, 1, 4])
mixture_phase shape: torch.Size([24, 257, 1723])
target_phase shape after adjust: torch.Size([24, 1723, 257, 1, 4])
mix_phase shape after adjust: torch.Size([24, 1723, 257, 1, 1])
estimate shape: torch.Size([24, 1724, 257, 1, 4])
target shape: torch.Size([24, 1724, 257, 1, 4])
mixture_phase shape: torch.Size([24, 257, 1723])
target_phase shape after adjust: torch.Size([24, 1723, 257, 1, 4])
mix_phase shape after adjust: torch.Size([24, 1723, 257, 1, 1])
estimate shape: torch.Size([24, 1724, 257, 1, 4])
target shape: torch.Size([24, 1724, 257, 1, 4])
mixture_phase shape: torch.Size([24, 257, 1723])
target_phase shape after adjust: torch.Size([24, 1723, 257, 1, 4])
mix_phase shape after adjust: torch.Size([24, 1723, 257, 1, 1])
estimate shape: torch.Size([24, 1724, 257, 1, 4])
target shape: torch.Size([24, 1724, 257, 1, 4])
mixture_phase shape: torch.Size([24, 257, 1723])
target_phase shape after adjust: torch.Size([24, 1723, 257, 1, 4])
mix_phase shape after adjust: torch.Size([24, 1723, 257, 1, 1])
estimate shape: torch.Size([24, 1724, 257, 1, 4])
target shape: torch.Size([24, 1724, 257, 1, 4])
mixture_phase shape: torch.Size([24, 257, 1723])
target_phase shape after adjust: torch.Size([24, 1723, 257, 1, 4])
mix_phase shape after adjust: torch.Size([24, 1723, 257, 1, 1])
estimate shape: torch.Size([24, 1724, 257, 1, 4])
target shape: torch.Size([24, 1724, 257, 1, 4])
mixture_phase shape: torch.Size([24, 257, 1723])
target_phase shape after adjust: torch.Size([24, 1723, 257, 1, 4])
mix_phase shape after adjust: torch.Size([24, 1723, 257, 1, 1])
estimate shape: torch.Size([24, 1724, 257, 1, 4])
target shape: torch.Size([24, 1724, 257, 1, 4])
mixture_phase shape: torch.Size([24, 257, 1723])
target_phase shape after adjust: torch.Size([24, 1723, 257, 1, 4])
mix_phase shape after adjust: torch.Size([24, 1723, 257, 1, 1])
estimate shape: torch.Size([24, 1724, 257, 1, 4])
target shape: torch.Size([24, 1724, 257, 1, 4])
mixture_phase shape: torch.Size([24, 257, 1723])
target_phase shape after adjust: torch.Size([24, 1723, 257, 1, 4])
mix_phase shape after adjust: torch.Size([24, 1723, 257, 1, 1])
estimate shape: torch.Size([24, 1724, 257, 1, 4])
target shape: torch.Size([24, 1724, 257, 1, 4])
mixture_phase shape: torch.Size([24, 257, 1723])
target_phase shape after adjust: torch.Size([24, 1723, 257, 1, 4])
mix_phase shape after adjust: torch.Size([24, 1723, 257, 1, 1])
estimate shape: torch.Size([24, 1724, 257, 1, 4])
target shape: torch.Size([24, 1724, 257, 1, 4])
mixture_phase shape: torch.Size([24, 257, 1723])
target_phase shape after adjust: torch.Size([24, 1723, 257, 1, 4])
mix_phase shape after adjust: torch.Size([24, 1723, 257, 1, 1])
estimate shape: torch.Size([24, 1724, 257, 1, 4])
target shape: torch.Size([24, 1724, 257, 1, 4])
mixture_phase shape: torch.Size([24, 257, 1723])
target_phase shape after adjust: torch.Size([24, 1723, 257, 1, 4])
mix_phase shape after adjust: torch.Size([24, 1723, 257, 1, 1])
estimate shape: torch.Size([24, 1724, 257, 1, 4])
target shape: torch.Size([24, 1724, 257, 1, 4])
mixture_phase shape: torch.Size([24, 257, 1723])
target_phase shape after adjust: torch.Size([24, 1723, 257, 1, 4])
mix_phase shape after adjust: torch.Size([24, 1723, 257, 1, 1])
estimate shape: torch.Size([24, 1724, 257, 1, 4])
target shape: torch.Size([24, 1724, 257, 1, 4])
mixture_phase shape: torch.Size([24, 257, 1723])
target_phase shape after adjust: torch.Size([24, 1723, 257, 1, 4])
mix_phase shape after adjust: torch.Size([24, 1723, 257, 1, 1])
estimate shape: torch.Size([8, 1724, 257, 1, 4])
target shape: torch.Size([8, 1724, 257, 1, 4])
mixture_phase shape: torch.Size([8, 257, 1723])
target_phase shape after adjust: torch.Size([8, 1723, 257, 1, 4])
mix_phase shape after adjust: torch.Size([8, 1723, 257, 1, 1])
[Validator] Epoch 6 - val_loss: 0.000026
[BEST CHECKPOINT] Guardado/actualizado en: checkpoints\Mis_modelos\lpsa_phase checkpoints\4stems\best_checkpoint_6_val_loss=-0.0000.pt
03/31/2026 05:14:01 PM | engine.py:1037 Engine run finished. Time taken: 00:00:26.935
[Epoch 6] train_loss=0.000024 | val_loss=0.000026
03/31/2026 05:14:01 PM | engine.py:1010 Epoch[6] Complete. Time taken: 00:00:49.683
03/31/2026 05:14:23 PM | engine.py:906 Engine run starting with max_epochs=1.
03/31/2026 05:14:49 PM | engine.py:1010 Epoch[1] Complete. Time taken: 00:00:26.127
estimate shape: torch.Size([24, 1724, 257, 1, 4])
target shape: torch.Size([24, 1724, 257, 1, 4])
mixture_phase shape: torch.Size([24, 257, 1723])
target_phase shape after adjust: torch.Size([24, 1723, 257, 1, 4])
mix_phase shape after adjust: torch.Size([24, 1723, 257, 1, 1])
estimate shape: torch.Size([24, 1724, 257, 1, 4])
target shape: torch.Size([24, 1724, 257, 1, 4])
mixture_phase shape: torch.Size([24, 257, 1723])
target_phase shape after adjust: torch.Size([24, 1723, 257, 1, 4])
mix_phase shape after adjust: torch.Size([24, 1723, 257, 1, 1])
estimate shape: torch.Size([24, 1724, 257, 1, 4])
target shape: torch.Size([24, 1724, 257, 1, 4])
mixture_phase shape: torch.Size([24, 257, 1723])
target_phase shape after adjust: torch.Size([24, 1723, 257, 1, 4])
mix_phase shape after adjust: torch.Size([24, 1723, 257, 1, 1])
estimate shape: torch.Size([24, 1724, 257, 1, 4])
target shape: torch.Size([24, 1724, 257, 1, 4])
mixture_phase shape: torch.Size([24, 257, 1723])
target_phase shape after adjust: torch.Size([24, 1723, 257, 1, 4])
mix_phase shape after adjust: torch.Size([24, 1723, 257, 1, 1])
estimate shape: torch.Size([24, 1724, 257, 1, 4])
target shape: torch.Size([24, 1724, 257, 1, 4])
mixture_phase shape: torch.Size([24, 257, 1723])
target_phase shape after adjust: torch.Size([24, 1723, 257, 1, 4])
mix_phase shape after adjust: torch.Size([24, 1723, 257, 1, 1])
estimate shape: torch.Size([24, 1724, 257, 1, 4])
target shape: torch.Size([24, 1724, 257, 1, 4])
mixture_phase shape: torch.Size([24, 257, 1723])
target_phase shape after adjust: torch.Size([24, 1723, 257, 1, 4])
mix_phase shape after adjust: torch.Size([24, 1723, 257, 1, 1])
estimate shape: torch.Size([24, 1724, 257, 1, 4])
target shape: torch.Size([24, 1724, 257, 1, 4])
mixture_phase shape: torch.Size([24, 257, 1723])
target_phase shape after adjust: torch.Size([24, 1723, 257, 1, 4])
mix_phase shape after adjust: torch.Size([24, 1723, 257, 1, 1])
estimate shape: torch.Size([24, 1724, 257, 1, 4])
target shape: torch.Size([24, 1724, 257, 1, 4])
mixture_phase shape: torch.Size([24, 257, 1723])
target_phase shape after adjust: torch.Size([24, 1723, 257, 1, 4])
mix_phase shape after adjust: torch.Size([24, 1723, 257, 1, 1])
estimate shape: torch.Size([24, 1724, 257, 1, 4])
target shape: torch.Size([24, 1724, 257, 1, 4])
mixture_phase shape: torch.Size([24, 257, 1723])
target_phase shape after adjust: torch.Size([24, 1723, 257, 1, 4])
mix_phase shape after adjust: torch.Size([24, 1723, 257, 1, 1])
estimate shape: torch.Size([24, 1724, 257, 1, 4])
target shape: torch.Size([24, 1724, 257, 1, 4])
mixture_phase shape: torch.Size([24, 257, 1723])
target_phase shape after adjust: torch.Size([24, 1723, 257, 1, 4])
mix_phase shape after adjust: torch.Size([24, 1723, 257, 1, 1])
estimate shape: torch.Size([24, 1724, 257, 1, 4])
target shape: torch.Size([24, 1724, 257, 1, 4])
mixture_phase shape: torch.Size([24, 257, 1723])
target_phase shape after adjust: torch.Size([24, 1723, 257, 1, 4])
mix_phase shape after adjust: torch.Size([24, 1723, 257, 1, 1])
estimate shape: torch.Size([24, 1724, 257, 1, 4])
target shape: torch.Size([24, 1724, 257, 1, 4])
mixture_phase shape: torch.Size([24, 257, 1723])
target_phase shape after adjust: torch.Size([24, 1723, 257, 1, 4])
mix_phase shape after adjust: torch.Size([24, 1723, 257, 1, 1])
estimate shape: torch.Size([24, 1724, 257, 1, 4])
target shape: torch.Size([24, 1724, 257, 1, 4])
mixture_phase shape: torch.Size([24, 257, 1723])
target_phase shape after adjust: torch.Size([24, 1723, 257, 1, 4])
mix_phase shape after adjust: torch.Size([24, 1723, 257, 1, 1])
estimate shape: torch.Size([24, 1724, 257, 1, 4])
target shape: torch.Size([24, 1724, 257, 1, 4])
mixture_phase shape: torch.Size([24, 257, 1723])
target_phase shape after adjust: torch.Size([24, 1723, 257, 1, 4])
mix_phase shape after adjust: torch.Size([24, 1723, 257, 1, 1])
estimate shape: torch.Size([24, 1724, 257, 1, 4])
target shape: torch.Size([24, 1724, 257, 1, 4])
mixture_phase shape: torch.Size([24, 257, 1723])
target_phase shape after adjust: torch.Size([24, 1723, 257, 1, 4])
mix_phase shape after adjust: torch.Size([24, 1723, 257, 1, 1])
estimate shape: torch.Size([24, 1724, 257, 1, 4])
target shape: torch.Size([24, 1724, 257, 1, 4])
mixture_phase shape: torch.Size([24, 257, 1723])
target_phase shape after adjust: torch.Size([24, 1723, 257, 1, 4])
mix_phase shape after adjust: torch.Size([24, 1723, 257, 1, 1])
estimate shape: torch.Size([24, 1724, 257, 1, 4])
target shape: torch.Size([24, 1724, 257, 1, 4])
mixture_phase shape: torch.Size([24, 257, 1723])
target_phase shape after adjust: torch.Size([24, 1723, 257, 1, 4])
mix_phase shape after adjust: torch.Size([24, 1723, 257, 1, 1])
estimate shape: torch.Size([24, 1724, 257, 1, 4])
target shape: torch.Size([24, 1724, 257, 1, 4])
mixture_phase shape: torch.Size([24, 257, 1723])
target_phase shape after adjust: torch.Size([24, 1723, 257, 1, 4])
mix_phase shape after adjust: torch.Size([24, 1723, 257, 1, 1])
estimate shape: torch.Size([8, 1724, 257, 1, 4])
target shape: torch.Size([8, 1724, 257, 1, 4])
mixture_phase shape: torch.Size([8, 257, 1723])
target_phase shape after adjust: torch.Size([8, 1723, 257, 1, 4])
mix_phase shape after adjust: torch.Size([8, 1723, 257, 1, 1])
[Validator] Epoch 7 - val_loss: 0.000025
[BEST CHECKPOINT] Guardado/actualizado en: checkpoints\Mis_modelos\lpsa_phase checkpoints\4stems\best_checkpoint_7_val_loss=-0.0000.pt
03/31/2026 05:14:49 PM | engine.py:1037 Engine run finished. Time taken: 00:00:26.138
[Epoch 7] train_loss=0.000023 | val_loss=0.000025
03/31/2026 05:14:49 PM | engine.py:1010 Epoch[7] Complete. Time taken: 00:00:48.833
03/31/2026 05:15:12 PM | engine.py:906 Engine run starting with max_epochs=1.
03/31/2026 05:15:38 PM | engine.py:1010 Epoch[1] Complete. Time taken: 00:00:26.432
estimate shape: torch.Size([24, 1724, 257, 1, 4])
target shape: torch.Size([24, 1724, 257, 1, 4])
mixture_phase shape: torch.Size([24, 257, 1723])
target_phase shape after adjust: torch.Size([24, 1723, 257, 1, 4])
mix_phase shape after adjust: torch.Size([24, 1723, 257, 1, 1])
estimate shape: torch.Size([24, 1724, 257, 1, 4])
target shape: torch.Size([24, 1724, 257, 1, 4])
mixture_phase shape: torch.Size([24, 257, 1723])
target_phase shape after adjust: torch.Size([24, 1723, 257, 1, 4])
mix_phase shape after adjust: torch.Size([24, 1723, 257, 1, 1])
estimate shape: torch.Size([24, 1724, 257, 1, 4])
target shape: torch.Size([24, 1724, 257, 1, 4])
mixture_phase shape: torch.Size([24, 257, 1723])
target_phase shape after adjust: torch.Size([24, 1723, 257, 1, 4])
mix_phase shape after adjust: torch.Size([24, 1723, 257, 1, 1])
estimate shape: torch.Size([24, 1724, 257, 1, 4])
target shape: torch.Size([24, 1724, 257, 1, 4])
mixture_phase shape: torch.Size([24, 257, 1723])
target_phase shape after adjust: torch.Size([24, 1723, 257, 1, 4])
mix_phase shape after adjust: torch.Size([24, 1723, 257, 1, 1])
estimate shape: torch.Size([24, 1724, 257, 1, 4])
target shape: torch.Size([24, 1724, 257, 1, 4])
mixture_phase shape: torch.Size([24, 257, 1723])
target_phase shape after adjust: torch.Size([24, 1723, 257, 1, 4])
mix_phase shape after adjust: torch.Size([24, 1723, 257, 1, 1])
estimate shape: torch.Size([24, 1724, 257, 1, 4])
target shape: torch.Size([24, 1724, 257, 1, 4])
mixture_phase shape: torch.Size([24, 257, 1723])
target_phase shape after adjust: torch.Size([24, 1723, 257, 1, 4])
mix_phase shape after adjust: torch.Size([24, 1723, 257, 1, 1])
estimate shape: torch.Size([24, 1724, 257, 1, 4])
target shape: torch.Size([24, 1724, 257, 1, 4])
mixture_phase shape: torch.Size([24, 257, 1723])
target_phase shape after adjust: torch.Size([24, 1723, 257, 1, 4])
mix_phase shape after adjust: torch.Size([24, 1723, 257, 1, 1])
estimate shape: torch.Size([24, 1724, 257, 1, 4])
target shape: torch.Size([24, 1724, 257, 1, 4])
mixture_phase shape: torch.Size([24, 257, 1723])
target_phase shape after adjust: torch.Size([24, 1723, 257, 1, 4])
mix_phase shape after adjust: torch.Size([24, 1723, 257, 1, 1])
estimate shape: torch.Size([24, 1724, 257, 1, 4])
target shape: torch.Size([24, 1724, 257, 1, 4])
mixture_phase shape: torch.Size([24, 257, 1723])
target_phase shape after adjust: torch.Size([24, 1723, 257, 1, 4])
mix_phase shape after adjust: torch.Size([24, 1723, 257, 1, 1])
estimate shape: torch.Size([24, 1724, 257, 1, 4])
target shape: torch.Size([24, 1724, 257, 1, 4])
mixture_phase shape: torch.Size([24, 257, 1723])
target_phase shape after adjust: torch.Size([24, 1723, 257, 1, 4])
mix_phase shape after adjust: torch.Size([24, 1723, 257, 1, 1])
estimate shape: torch.Size([24, 1724, 257, 1, 4])
target shape: torch.Size([24, 1724, 257, 1, 4])
mixture_phase shape: torch.Size([24, 257, 1723])
target_phase shape after adjust: torch.Size([24, 1723, 257, 1, 4])
mix_phase shape after adjust: torch.Size([24, 1723, 257, 1, 1])
estimate shape: torch.Size([24, 1724, 257, 1, 4])
target shape: torch.Size([24, 1724, 257, 1, 4])
mixture_phase shape: torch.Size([24, 257, 1723])
target_phase shape after adjust: torch.Size([24, 1723, 257, 1, 4])
mix_phase shape after adjust: torch.Size([24, 1723, 257, 1, 1])
estimate shape: torch.Size([24, 1724, 257, 1, 4])
target shape: torch.Size([24, 1724, 257, 1, 4])
mixture_phase shape: torch.Size([24, 257, 1723])
target_phase shape after adjust: torch.Size([24, 1723, 257, 1, 4])
mix_phase shape after adjust: torch.Size([24, 1723, 257, 1, 1])
estimate shape: torch.Size([24, 1724, 257, 1, 4])
target shape: torch.Size([24, 1724, 257, 1, 4])
mixture_phase shape: torch.Size([24, 257, 1723])
target_phase shape after adjust: torch.Size([24, 1723, 257, 1, 4])
mix_phase shape after adjust: torch.Size([24, 1723, 257, 1, 1])
estimate shape: torch.Size([24, 1724, 257, 1, 4])
target shape: torch.Size([24, 1724, 257, 1, 4])
mixture_phase shape: torch.Size([24, 257, 1723])
target_phase shape after adjust: torch.Size([24, 1723, 257, 1, 4])
mix_phase shape after adjust: torch.Size([24, 1723, 257, 1, 1])
estimate shape: torch.Size([24, 1724, 257, 1, 4])
target shape: torch.Size([24, 1724, 257, 1, 4])
mixture_phase shape: torch.Size([24, 257, 1723])
target_phase shape after adjust: torch.Size([24, 1723, 257, 1, 4])
mix_phase shape after adjust: torch.Size([24, 1723, 257, 1, 1])
estimate shape: torch.Size([24, 1724, 257, 1, 4])
target shape: torch.Size([24, 1724, 257, 1, 4])
mixture_phase shape: torch.Size([24, 257, 1723])
target_phase shape after adjust: torch.Size([24, 1723, 257, 1, 4])
mix_phase shape after adjust: torch.Size([24, 1723, 257, 1, 1])
estimate shape: torch.Size([24, 1724, 257, 1, 4])
target shape: torch.Size([24, 1724, 257, 1, 4])
mixture_phase shape: torch.Size([24, 257, 1723])
target_phase shape after adjust: torch.Size([24, 1723, 257, 1, 4])
mix_phase shape after adjust: torch.Size([24, 1723, 257, 1, 1])
estimate shape: torch.Size([8, 1724, 257, 1, 4])
target shape: torch.Size([8, 1724, 257, 1, 4])
mixture_phase shape: torch.Size([8, 257, 1723])
target_phase shape after adjust: torch.Size([8, 1723, 257, 1, 4])
mix_phase shape after adjust: torch.Size([8, 1723, 257, 1, 1])
[Validator] Epoch 8 - val_loss: 0.000024
[BEST CHECKPOINT] Guardado/actualizado en: checkpoints\Mis_modelos\lpsa_phase checkpoints\4stems\best_checkpoint_8_val_loss=-0.0000.pt
03/31/2026 05:15:38 PM | engine.py:1037 Engine run finished. Time taken: 00:00:26.445
[Epoch 8] train_loss=0.000021 | val_loss=0.000024
03/31/2026 05:15:38 PM | engine.py:1010 Epoch[8] Complete. Time taken: 00:00:48.591
03/31/2026 05:16:00 PM | engine.py:906 Engine run starting with max_epochs=1.
03/31/2026 05:16:28 PM | engine.py:1010 Epoch[1] Complete. Time taken: 00:00:27.749
estimate shape: torch.Size([24, 1724, 257, 1, 4])
target shape: torch.Size([24, 1724, 257, 1, 4])
mixture_phase shape: torch.Size([24, 257, 1723])
target_phase shape after adjust: torch.Size([24, 1723, 257, 1, 4])
mix_phase shape after adjust: torch.Size([24, 1723, 257, 1, 1])
estimate shape: torch.Size([24, 1724, 257, 1, 4])
target shape: torch.Size([24, 1724, 257, 1, 4])
mixture_phase shape: torch.Size([24, 257, 1723])
target_phase shape after adjust: torch.Size([24, 1723, 257, 1, 4])
mix_phase shape after adjust: torch.Size([24, 1723, 257, 1, 1])
estimate shape: torch.Size([24, 1724, 257, 1, 4])
target shape: torch.Size([24, 1724, 257, 1, 4])
mixture_phase shape: torch.Size([24, 257, 1723])
target_phase shape after adjust: torch.Size([24, 1723, 257, 1, 4])
mix_phase shape after adjust: torch.Size([24, 1723, 257, 1, 1])
estimate shape: torch.Size([24, 1724, 257, 1, 4])
target shape: torch.Size([24, 1724, 257, 1, 4])
mixture_phase shape: torch.Size([24, 257, 1723])
target_phase shape after adjust: torch.Size([24, 1723, 257, 1, 4])
mix_phase shape after adjust: torch.Size([24, 1723, 257, 1, 1])
estimate shape: torch.Size([24, 1724, 257, 1, 4])
target shape: torch.Size([24, 1724, 257, 1, 4])
mixture_phase shape: torch.Size([24, 257, 1723])
target_phase shape after adjust: torch.Size([24, 1723, 257, 1, 4])
mix_phase shape after adjust: torch.Size([24, 1723, 257, 1, 1])
estimate shape: torch.Size([24, 1724, 257, 1, 4])
target shape: torch.Size([24, 1724, 257, 1, 4])
mixture_phase shape: torch.Size([24, 257, 1723])
target_phase shape after adjust: torch.Size([24, 1723, 257, 1, 4])
mix_phase shape after adjust: torch.Size([24, 1723, 257, 1, 1])
estimate shape: torch.Size([24, 1724, 257, 1, 4])
target shape: torch.Size([24, 1724, 257, 1, 4])
mixture_phase shape: torch.Size([24, 257, 1723])
target_phase shape after adjust: torch.Size([24, 1723, 257, 1, 4])
mix_phase shape after adjust: torch.Size([24, 1723, 257, 1, 1])
estimate shape: torch.Size([24, 1724, 257, 1, 4])
target shape: torch.Size([24, 1724, 257, 1, 4])
mixture_phase shape: torch.Size([24, 257, 1723])
target_phase shape after adjust: torch.Size([24, 1723, 257, 1, 4])
mix_phase shape after adjust: torch.Size([24, 1723, 257, 1, 1])
estimate shape: torch.Size([24, 1724, 257, 1, 4])
target shape: torch.Size([24, 1724, 257, 1, 4])
mixture_phase shape: torch.Size([24, 257, 1723])
target_phase shape after adjust: torch.Size([24, 1723, 257, 1, 4])
mix_phase shape after adjust: torch.Size([24, 1723, 257, 1, 1])
estimate shape: torch.Size([24, 1724, 257, 1, 4])
target shape: torch.Size([24, 1724, 257, 1, 4])
mixture_phase shape: torch.Size([24, 257, 1723])
target_phase shape after adjust: torch.Size([24, 1723, 257, 1, 4])
mix_phase shape after adjust: torch.Size([24, 1723, 257, 1, 1])
estimate shape: torch.Size([24, 1724, 257, 1, 4])
target shape: torch.Size([24, 1724, 257, 1, 4])
mixture_phase shape: torch.Size([24, 257, 1723])
target_phase shape after adjust: torch.Size([24, 1723, 257, 1, 4])
mix_phase shape after adjust: torch.Size([24, 1723, 257, 1, 1])
estimate shape: torch.Size([24, 1724, 257, 1, 4])
target shape: torch.Size([24, 1724, 257, 1, 4])
mixture_phase shape: torch.Size([24, 257, 1723])
target_phase shape after adjust: torch.Size([24, 1723, 257, 1, 4])
mix_phase shape after adjust: torch.Size([24, 1723, 257, 1, 1])
estimate shape: torch.Size([24, 1724, 257, 1, 4])
target shape: torch.Size([24, 1724, 257, 1, 4])
mixture_phase shape: torch.Size([24, 257, 1723])
target_phase shape after adjust: torch.Size([24, 1723, 257, 1, 4])
mix_phase shape after adjust: torch.Size([24, 1723, 257, 1, 1])
estimate shape: torch.Size([24, 1724, 257, 1, 4])
target shape: torch.Size([24, 1724, 257, 1, 4])
mixture_phase shape: torch.Size([24, 257, 1723])
target_phase shape after adjust: torch.Size([24, 1723, 257, 1, 4])
mix_phase shape after adjust: torch.Size([24, 1723, 257, 1, 1])
estimate shape: torch.Size([24, 1724, 257, 1, 4])
target shape: torch.Size([24, 1724, 257, 1, 4])
mixture_phase shape: torch.Size([24, 257, 1723])
target_phase shape after adjust: torch.Size([24, 1723, 257, 1, 4])
mix_phase shape after adjust: torch.Size([24, 1723, 257, 1, 1])
estimate shape: torch.Size([24, 1724, 257, 1, 4])
target shape: torch.Size([24, 1724, 257, 1, 4])
mixture_phase shape: torch.Size([24, 257, 1723])
target_phase shape after adjust: torch.Size([24, 1723, 257, 1, 4])
mix_phase shape after adjust: torch.Size([24, 1723, 257, 1, 1])
estimate shape: torch.Size([24, 1724, 257, 1, 4])
target shape: torch.Size([24, 1724, 257, 1, 4])
mixture_phase shape: torch.Size([24, 257, 1723])
target_phase shape after adjust: torch.Size([24, 1723, 257, 1, 4])
mix_phase shape after adjust: torch.Size([24, 1723, 257, 1, 1])
estimate shape: torch.Size([24, 1724, 257, 1, 4])
target shape: torch.Size([24, 1724, 257, 1, 4])
mixture_phase shape: torch.Size([24, 257, 1723])
target_phase shape after adjust: torch.Size([24, 1723, 257, 1, 4])
mix_phase shape after adjust: torch.Size([24, 1723, 257, 1, 1])
estimate shape: torch.Size([8, 1724, 257, 1, 4])
target shape: torch.Size([8, 1724, 257, 1, 4])
mixture_phase shape: torch.Size([8, 257, 1723])
target_phase shape after adjust: torch.Size([8, 1723, 257, 1, 4])
mix_phase shape after adjust: torch.Size([8, 1723, 257, 1, 1])
[Validator] Epoch 9 - val_loss: 0.000023
[BEST CHECKPOINT] Guardado/actualizado en: checkpoints\Mis_modelos\lpsa_phase checkpoints\4stems\best_checkpoint_9_val_loss=-0.0000.pt
03/31/2026 05:16:28 PM | engine.py:1037 Engine run finished. Time taken: 00:00:27.760
[Epoch 9] train_loss=0.000021 | val_loss=0.000023
03/31/2026 05:16:28 PM | engine.py:1010 Epoch[9] Complete. Time taken: 00:00:49.608
03/31/2026 05:16:50 PM | engine.py:906 Engine run starting with max_epochs=1.
03/31/2026 05:17:17 PM | engine.py:1010 Epoch[1] Complete. Time taken: 00:00:26.760
estimate shape: torch.Size([24, 1724, 257, 1, 4])
target shape: torch.Size([24, 1724, 257, 1, 4])
mixture_phase shape: torch.Size([24, 257, 1723])
target_phase shape after adjust: torch.Size([24, 1723, 257, 1, 4])
mix_phase shape after adjust: torch.Size([24, 1723, 257, 1, 1])
estimate shape: torch.Size([24, 1724, 257, 1, 4])
target shape: torch.Size([24, 1724, 257, 1, 4])
mixture_phase shape: torch.Size([24, 257, 1723])
target_phase shape after adjust: torch.Size([24, 1723, 257, 1, 4])
mix_phase shape after adjust: torch.Size([24, 1723, 257, 1, 1])
estimate shape: torch.Size([24, 1724, 257, 1, 4])
target shape: torch.Size([24, 1724, 257, 1, 4])
mixture_phase shape: torch.Size([24, 257, 1723])
target_phase shape after adjust: torch.Size([24, 1723, 257, 1, 4])
mix_phase shape after adjust: torch.Size([24, 1723, 257, 1, 1])
estimate shape: torch.Size([24, 1724, 257, 1, 4])
target shape: torch.Size([24, 1724, 257, 1, 4])
mixture_phase shape: torch.Size([24, 257, 1723])
target_phase shape after adjust: torch.Size([24, 1723, 257, 1, 4])
mix_phase shape after adjust: torch.Size([24, 1723, 257, 1, 1])
estimate shape: torch.Size([24, 1724, 257, 1, 4])
target shape: torch.Size([24, 1724, 257, 1, 4])
mixture_phase shape: torch.Size([24, 257, 1723])
target_phase shape after adjust: torch.Size([24, 1723, 257, 1, 4])
mix_phase shape after adjust: torch.Size([24, 1723, 257, 1, 1])
estimate shape: torch.Size([24, 1724, 257, 1, 4])
target shape: torch.Size([24, 1724, 257, 1, 4])
mixture_phase shape: torch.Size([24, 257, 1723])
target_phase shape after adjust: torch.Size([24, 1723, 257, 1, 4])
mix_phase shape after adjust: torch.Size([24, 1723, 257, 1, 1])
estimate shape: torch.Size([24, 1724, 257, 1, 4])
target shape: torch.Size([24, 1724, 257, 1, 4])
mixture_phase shape: torch.Size([24, 257, 1723])
target_phase shape after adjust: torch.Size([24, 1723, 257, 1, 4])
mix_phase shape after adjust: torch.Size([24, 1723, 257, 1, 1])
estimate shape: torch.Size([24, 1724, 257, 1, 4])
target shape: torch.Size([24, 1724, 257, 1, 4])
mixture_phase shape: torch.Size([24, 257, 1723])
target_phase shape after adjust: torch.Size([24, 1723, 257, 1, 4])
mix_phase shape after adjust: torch.Size([24, 1723, 257, 1, 1])
estimate shape: torch.Size([24, 1724, 257, 1, 4])
target shape: torch.Size([24, 1724, 257, 1, 4])
mixture_phase shape: torch.Size([24, 257, 1723])
target_phase shape after adjust: torch.Size([24, 1723, 257, 1, 4])
mix_phase shape after adjust: torch.Size([24, 1723, 257, 1, 1])
estimate shape: torch.Size([24, 1724, 257, 1, 4])
target shape: torch.Size([24, 1724, 257, 1, 4])
mixture_phase shape: torch.Size([24, 257, 1723])
target_phase shape after adjust: torch.Size([24, 1723, 257, 1, 4])
mix_phase shape after adjust: torch.Size([24, 1723, 257, 1, 1])
estimate shape: torch.Size([24, 1724, 257, 1, 4])
target shape: torch.Size([24, 1724, 257, 1, 4])
mixture_phase shape: torch.Size([24, 257, 1723])
target_phase shape after adjust: torch.Size([24, 1723, 257, 1, 4])
mix_phase shape after adjust: torch.Size([24, 1723, 257, 1, 1])
estimate shape: torch.Size([24, 1724, 257, 1, 4])
target shape: torch.Size([24, 1724, 257, 1, 4])
mixture_phase shape: torch.Size([24, 257, 1723])
target_phase shape after adjust: torch.Size([24, 1723, 257, 1, 4])
mix_phase shape after adjust: torch.Size([24, 1723, 257, 1, 1])
estimate shape: torch.Size([24, 1724, 257, 1, 4])
target shape: torch.Size([24, 1724, 257, 1, 4])
mixture_phase shape: torch.Size([24, 257, 1723])
target_phase shape after adjust: torch.Size([24, 1723, 257, 1, 4])
mix_phase shape after adjust: torch.Size([24, 1723, 257, 1, 1])
estimate shape: torch.Size([24, 1724, 257, 1, 4])
target shape: torch.Size([24, 1724, 257, 1, 4])
mixture_phase shape: torch.Size([24, 257, 1723])
target_phase shape after adjust: torch.Size([24, 1723, 257, 1, 4])
mix_phase shape after adjust: torch.Size([24, 1723, 257, 1, 1])
estimate shape: torch.Size([24, 1724, 257, 1, 4])
target shape: torch.Size([24, 1724, 257, 1, 4])
mixture_phase shape: torch.Size([24, 257, 1723])
target_phase shape after adjust: torch.Size([24, 1723, 257, 1, 4])
mix_phase shape after adjust: torch.Size([24, 1723, 257, 1, 1])
estimate shape: torch.Size([24, 1724, 257, 1, 4])
target shape: torch.Size([24, 1724, 257, 1, 4])
mixture_phase shape: torch.Size([24, 257, 1723])
target_phase shape after adjust: torch.Size([24, 1723, 257, 1, 4])
mix_phase shape after adjust: torch.Size([24, 1723, 257, 1, 1])
estimate shape: torch.Size([24, 1724, 257, 1, 4])
target shape: torch.Size([24, 1724, 257, 1, 4])
mixture_phase shape: torch.Size([24, 257, 1723])
target_phase shape after adjust: torch.Size([24, 1723, 257, 1, 4])
mix_phase shape after adjust: torch.Size([24, 1723, 257, 1, 1])
estimate shape: torch.Size([24, 1724, 257, 1, 4])
target shape: torch.Size([24, 1724, 257, 1, 4])
mixture_phase shape: torch.Size([24, 257, 1723])
target_phase shape after adjust: torch.Size([24, 1723, 257, 1, 4])
mix_phase shape after adjust: torch.Size([24, 1723, 257, 1, 1])
estimate shape: torch.Size([8, 1724, 257, 1, 4])
target shape: torch.Size([8, 1724, 257, 1, 4])
mixture_phase shape: torch.Size([8, 257, 1723])
target_phase shape after adjust: torch.Size([8, 1723, 257, 1, 4])
mix_phase shape after adjust: torch.Size([8, 1723, 257, 1, 1])
[Validator] Epoch 10 - val_loss: 0.000022
[BEST CHECKPOINT] Guardado/actualizado en: checkpoints\Mis_modelos\lpsa_phase checkpoints\4stems\best_checkpoint_10_val_loss=-0.0000.pt
03/31/2026 05:17:17 PM | engine.py:1037 Engine run finished. Time taken: 00:00:26.771
[Epoch 10] train_loss=0.000020 | val_loss=0.000022
03/31/2026 05:17:17 PM | engine.py:1010 Epoch[10] Complete. Time taken: 00:00:49.025
03/31/2026 05:17:39 PM | engine.py:906 Engine run starting with max_epochs=1.
03/31/2026 05:18:05 PM | engine.py:1010 Epoch[1] Complete. Time taken: 00:00:25.921
estimate shape: torch.Size([24, 1724, 257, 1, 4])
target shape: torch.Size([24, 1724, 257, 1, 4])
mixture_phase shape: torch.Size([24, 257, 1723])
target_phase shape after adjust: torch.Size([24, 1723, 257, 1, 4])
mix_phase shape after adjust: torch.Size([24, 1723, 257, 1, 1])
estimate shape: torch.Size([24, 1724, 257, 1, 4])
target shape: torch.Size([24, 1724, 257, 1, 4])
mixture_phase shape: torch.Size([24, 257, 1723])
target_phase shape after adjust: torch.Size([24, 1723, 257, 1, 4])
mix_phase shape after adjust: torch.Size([24, 1723, 257, 1, 1])
estimate shape: torch.Size([24, 1724, 257, 1, 4])
target shape: torch.Size([24, 1724, 257, 1, 4])
mixture_phase shape: torch.Size([24, 257, 1723])
target_phase shape after adjust: torch.Size([24, 1723, 257, 1, 4])
mix_phase shape after adjust: torch.Size([24, 1723, 257, 1, 1])
estimate shape: torch.Size([24, 1724, 257, 1, 4])
target shape: torch.Size([24, 1724, 257, 1, 4])
mixture_phase shape: torch.Size([24, 257, 1723])
target_phase shape after adjust: torch.Size([24, 1723, 257, 1, 4])
mix_phase shape after adjust: torch.Size([24, 1723, 257, 1, 1])
estimate shape: torch.Size([24, 1724, 257, 1, 4])
target shape: torch.Size([24, 1724, 257, 1, 4])
mixture_phase shape: torch.Size([24, 257, 1723])
target_phase shape after adjust: torch.Size([24, 1723, 257, 1, 4])
mix_phase shape after adjust: torch.Size([24, 1723, 257, 1, 1])
estimate shape: torch.Size([24, 1724, 257, 1, 4])
target shape: torch.Size([24, 1724, 257, 1, 4])
mixture_phase shape: torch.Size([24, 257, 1723])
target_phase shape after adjust: torch.Size([24, 1723, 257, 1, 4])
mix_phase shape after adjust: torch.Size([24, 1723, 257, 1, 1])
estimate shape: torch.Size([24, 1724, 257, 1, 4])
target shape: torch.Size([24, 1724, 257, 1, 4])
mixture_phase shape: torch.Size([24, 257, 1723])
target_phase shape after adjust: torch.Size([24, 1723, 257, 1, 4])
mix_phase shape after adjust: torch.Size([24, 1723, 257, 1, 1])
estimate shape: torch.Size([24, 1724, 257, 1, 4])
target shape: torch.Size([24, 1724, 257, 1, 4])
mixture_phase shape: torch.Size([24, 257, 1723])
target_phase shape after adjust: torch.Size([24, 1723, 257, 1, 4])
mix_phase shape after adjust: torch.Size([24, 1723, 257, 1, 1])
estimate shape: torch.Size([24, 1724, 257, 1, 4])
target shape: torch.Size([24, 1724, 257, 1, 4])
mixture_phase shape: torch.Size([24, 257, 1723])
target_phase shape after adjust: torch.Size([24, 1723, 257, 1, 4])
mix_phase shape after adjust: torch.Size([24, 1723, 257, 1, 1])
estimate shape: torch.Size([24, 1724, 257, 1, 4])
target shape: torch.Size([24, 1724, 257, 1, 4])
mixture_phase shape: torch.Size([24, 257, 1723])
target_phase shape after adjust: torch.Size([24, 1723, 257, 1, 4])
mix_phase shape after adjust: torch.Size([24, 1723, 257, 1, 1])
estimate shape: torch.Size([24, 1724, 257, 1, 4])
target shape: torch.Size([24, 1724, 257, 1, 4])
mixture_phase shape: torch.Size([24, 257, 1723])
target_phase shape after adjust: torch.Size([24, 1723, 257, 1, 4])
mix_phase shape after adjust: torch.Size([24, 1723, 257, 1, 1])
estimate shape: torch.Size([24, 1724, 257, 1, 4])
target shape: torch.Size([24, 1724, 257, 1, 4])
mixture_phase shape: torch.Size([24, 257, 1723])
target_phase shape after adjust: torch.Size([24, 1723, 257, 1, 4])
mix_phase shape after adjust: torch.Size([24, 1723, 257, 1, 1])
estimate shape: torch.Size([24, 1724, 257, 1, 4])
target shape: torch.Size([24, 1724, 257, 1, 4])
mixture_phase shape: torch.Size([24, 257, 1723])
target_phase shape after adjust: torch.Size([24, 1723, 257, 1, 4])
mix_phase shape after adjust: torch.Size([24, 1723, 257, 1, 1])
estimate shape: torch.Size([24, 1724, 257, 1, 4])
target shape: torch.Size([24, 1724, 257, 1, 4])
mixture_phase shape: torch.Size([24, 257, 1723])
target_phase shape after adjust: torch.Size([24, 1723, 257, 1, 4])
mix_phase shape after adjust: torch.Size([24, 1723, 257, 1, 1])
estimate shape: torch.Size([24, 1724, 257, 1, 4])
target shape: torch.Size([24, 1724, 257, 1, 4])
mixture_phase shape: torch.Size([24, 257, 1723])
target_phase shape after adjust: torch.Size([24, 1723, 257, 1, 4])
mix_phase shape after adjust: torch.Size([24, 1723, 257, 1, 1])
estimate shape: torch.Size([24, 1724, 257, 1, 4])
target shape: torch.Size([24, 1724, 257, 1, 4])
mixture_phase shape: torch.Size([24, 257, 1723])
target_phase shape after adjust: torch.Size([24, 1723, 257, 1, 4])
mix_phase shape after adjust: torch.Size([24, 1723, 257, 1, 1])
estimate shape: torch.Size([24, 1724, 257, 1, 4])
target shape: torch.Size([24, 1724, 257, 1, 4])
mixture_phase shape: torch.Size([24, 257, 1723])
target_phase shape after adjust: torch.Size([24, 1723, 257, 1, 4])
mix_phase shape after adjust: torch.Size([24, 1723, 257, 1, 1])
estimate shape: torch.Size([24, 1724, 257, 1, 4])
target shape: torch.Size([24, 1724, 257, 1, 4])
mixture_phase shape: torch.Size([24, 257, 1723])
target_phase shape after adjust: torch.Size([24, 1723, 257, 1, 4])
mix_phase shape after adjust: torch.Size([24, 1723, 257, 1, 1])
estimate shape: torch.Size([8, 1724, 257, 1, 4])
target shape: torch.Size([8, 1724, 257, 1, 4])
mixture_phase shape: torch.Size([8, 257, 1723])
target_phase shape after adjust: torch.Size([8, 1723, 257, 1, 4])
mix_phase shape after adjust: torch.Size([8, 1723, 257, 1, 1])
[Validator] Epoch 11 - val_loss: 0.000022
[BEST CHECKPOINT] Guardado/actualizado en: checkpoints\Mis_modelos\lpsa_phase checkpoints\4stems\best_checkpoint_11_val_loss=-0.0000.pt
03/31/2026 05:18:05 PM | engine.py:1037 Engine run finished. Time taken: 00:00:25.934
[Epoch 11] train_loss=0.000018 | val_loss=0.000022
03/31/2026 05:18:05 PM | engine.py:1010 Epoch[11] Complete. Time taken: 00:00:47.869
03/31/2026 05:18:27 PM | engine.py:906 Engine run starting with max_epochs=1.
03/31/2026 05:18:53 PM | engine.py:1010 Epoch[1] Complete. Time taken: 00:00:25.809
estimate shape: torch.Size([24, 1724, 257, 1, 4])
target shape: torch.Size([24, 1724, 257, 1, 4])
mixture_phase shape: torch.Size([24, 257, 1723])
target_phase shape after adjust: torch.Size([24, 1723, 257, 1, 4])
mix_phase shape after adjust: torch.Size([24, 1723, 257, 1, 1])
estimate shape: torch.Size([24, 1724, 257, 1, 4])
target shape: torch.Size([24, 1724, 257, 1, 4])
mixture_phase shape: torch.Size([24, 257, 1723])
target_phase shape after adjust: torch.Size([24, 1723, 257, 1, 4])
mix_phase shape after adjust: torch.Size([24, 1723, 257, 1, 1])
estimate shape: torch.Size([24, 1724, 257, 1, 4])
target shape: torch.Size([24, 1724, 257, 1, 4])
mixture_phase shape: torch.Size([24, 257, 1723])
target_phase shape after adjust: torch.Size([24, 1723, 257, 1, 4])
mix_phase shape after adjust: torch.Size([24, 1723, 257, 1, 1])
estimate shape: torch.Size([24, 1724, 257, 1, 4])
target shape: torch.Size([24, 1724, 257, 1, 4])
mixture_phase shape: torch.Size([24, 257, 1723])
target_phase shape after adjust: torch.Size([24, 1723, 257, 1, 4])
mix_phase shape after adjust: torch.Size([24, 1723, 257, 1, 1])
estimate shape: torch.Size([24, 1724, 257, 1, 4])
target shape: torch.Size([24, 1724, 257, 1, 4])
mixture_phase shape: torch.Size([24, 257, 1723])
target_phase shape after adjust: torch.Size([24, 1723, 257, 1, 4])
mix_phase shape after adjust: torch.Size([24, 1723, 257, 1, 1])
estimate shape: torch.Size([24, 1724, 257, 1, 4])
target shape: torch.Size([24, 1724, 257, 1, 4])
mixture_phase shape: torch.Size([24, 257, 1723])
target_phase shape after adjust: torch.Size([24, 1723, 257, 1, 4])
mix_phase shape after adjust: torch.Size([24, 1723, 257, 1, 1])
estimate shape: torch.Size([24, 1724, 257, 1, 4])
target shape: torch.Size([24, 1724, 257, 1, 4])
mixture_phase shape: torch.Size([24, 257, 1723])
target_phase shape after adjust: torch.Size([24, 1723, 257, 1, 4])
mix_phase shape after adjust: torch.Size([24, 1723, 257, 1, 1])
estimate shape: torch.Size([24, 1724, 257, 1, 4])
target shape: torch.Size([24, 1724, 257, 1, 4])
mixture_phase shape: torch.Size([24, 257, 1723])
target_phase shape after adjust: torch.Size([24, 1723, 257, 1, 4])
mix_phase shape after adjust: torch.Size([24, 1723, 257, 1, 1])
estimate shape: torch.Size([24, 1724, 257, 1, 4])
target shape: torch.Size([24, 1724, 257, 1, 4])
mixture_phase shape: torch.Size([24, 257, 1723])
target_phase shape after adjust: torch.Size([24, 1723, 257, 1, 4])
mix_phase shape after adjust: torch.Size([24, 1723, 257, 1, 1])
estimate shape: torch.Size([24, 1724, 257, 1, 4])
target shape: torch.Size([24, 1724, 257, 1, 4])
mixture_phase shape: torch.Size([24, 257, 1723])
target_phase shape after adjust: torch.Size([24, 1723, 257, 1, 4])
mix_phase shape after adjust: torch.Size([24, 1723, 257, 1, 1])
estimate shape: torch.Size([24, 1724, 257, 1, 4])
target shape: torch.Size([24, 1724, 257, 1, 4])
mixture_phase shape: torch.Size([24, 257, 1723])
target_phase shape after adjust: torch.Size([24, 1723, 257, 1, 4])
mix_phase shape after adjust: torch.Size([24, 1723, 257, 1, 1])
estimate shape: torch.Size([24, 1724, 257, 1, 4])
target shape: torch.Size([24, 1724, 257, 1, 4])
mixture_phase shape: torch.Size([24, 257, 1723])
target_phase shape after adjust: torch.Size([24, 1723, 257, 1, 4])
mix_phase shape after adjust: torch.Size([24, 1723, 257, 1, 1])
estimate shape: torch.Size([24, 1724, 257, 1, 4])
target shape: torch.Size([24, 1724, 257, 1, 4])
mixture_phase shape: torch.Size([24, 257, 1723])
target_phase shape after adjust: torch.Size([24, 1723, 257, 1, 4])
mix_phase shape after adjust: torch.Size([24, 1723, 257, 1, 1])
estimate shape: torch.Size([24, 1724, 257, 1, 4])
target shape: torch.Size([24, 1724, 257, 1, 4])
mixture_phase shape: torch.Size([24, 257, 1723])
target_phase shape after adjust: torch.Size([24, 1723, 257, 1, 4])
mix_phase shape after adjust: torch.Size([24, 1723, 257, 1, 1])
estimate shape: torch.Size([24, 1724, 257, 1, 4])
target shape: torch.Size([24, 1724, 257, 1, 4])
mixture_phase shape: torch.Size([24, 257, 1723])
target_phase shape after adjust: torch.Size([24, 1723, 257, 1, 4])
mix_phase shape after adjust: torch.Size([24, 1723, 257, 1, 1])
estimate shape: torch.Size([24, 1724, 257, 1, 4])
target shape: torch.Size([24, 1724, 257, 1, 4])
mixture_phase shape: torch.Size([24, 257, 1723])
target_phase shape after adjust: torch.Size([24, 1723, 257, 1, 4])
mix_phase shape after adjust: torch.Size([24, 1723, 257, 1, 1])
estimate shape: torch.Size([24, 1724, 257, 1, 4])
target shape: torch.Size([24, 1724, 257, 1, 4])
mixture_phase shape: torch.Size([24, 257, 1723])
target_phase shape after adjust: torch.Size([24, 1723, 257, 1, 4])
mix_phase shape after adjust: torch.Size([24, 1723, 257, 1, 1])
estimate shape: torch.Size([24, 1724, 257, 1, 4])
target shape: torch.Size([24, 1724, 257, 1, 4])
mixture_phase shape: torch.Size([24, 257, 1723])
target_phase shape after adjust: torch.Size([24, 1723, 257, 1, 4])
mix_phase shape after adjust: torch.Size([24, 1723, 257, 1, 1])
estimate shape: torch.Size([8, 1724, 257, 1, 4])
target shape: torch.Size([8, 1724, 257, 1, 4])
mixture_phase shape: torch.Size([8, 257, 1723])
target_phase shape after adjust: torch.Size([8, 1723, 257, 1, 4])
mix_phase shape after adjust: torch.Size([8, 1723, 257, 1, 1])
[Validator] Epoch 12 - val_loss: 0.000021
[BEST CHECKPOINT] Guardado/actualizado en: checkpoints\Mis_modelos\lpsa_phase checkpoints\4stems\best_checkpoint_12_val_loss=-0.0000.pt
03/31/2026 05:18:53 PM | engine.py:1037 Engine run finished. Time taken: 00:00:25.821
[Epoch 12] train_loss=0.000019 | val_loss=0.000021
03/31/2026 05:18:53 PM | engine.py:1010 Epoch[12] Complete. Time taken: 00:00:48.395
03/31/2026 05:19:15 PM | engine.py:906 Engine run starting with max_epochs=1.
03/31/2026 05:19:41 PM | engine.py:1010 Epoch[1] Complete. Time taken: 00:00:26.288
estimate shape: torch.Size([24, 1724, 257, 1, 4])
target shape: torch.Size([24, 1724, 257, 1, 4])
mixture_phase shape: torch.Size([24, 257, 1723])
target_phase shape after adjust: torch.Size([24, 1723, 257, 1, 4])
mix_phase shape after adjust: torch.Size([24, 1723, 257, 1, 1])
estimate shape: torch.Size([24, 1724, 257, 1, 4])
target shape: torch.Size([24, 1724, 257, 1, 4])
mixture_phase shape: torch.Size([24, 257, 1723])
target_phase shape after adjust: torch.Size([24, 1723, 257, 1, 4])
mix_phase shape after adjust: torch.Size([24, 1723, 257, 1, 1])
estimate shape: torch.Size([24, 1724, 257, 1, 4])
target shape: torch.Size([24, 1724, 257, 1, 4])
mixture_phase shape: torch.Size([24, 257, 1723])
target_phase shape after adjust: torch.Size([24, 1723, 257, 1, 4])
mix_phase shape after adjust: torch.Size([24, 1723, 257, 1, 1])
estimate shape: torch.Size([24, 1724, 257, 1, 4])
target shape: torch.Size([24, 1724, 257, 1, 4])
mixture_phase shape: torch.Size([24, 257, 1723])
target_phase shape after adjust: torch.Size([24, 1723, 257, 1, 4])
mix_phase shape after adjust: torch.Size([24, 1723, 257, 1, 1])
estimate shape: torch.Size([24, 1724, 257, 1, 4])
target shape: torch.Size([24, 1724, 257, 1, 4])
mixture_phase shape: torch.Size([24, 257, 1723])
target_phase shape after adjust: torch.Size([24, 1723, 257, 1, 4])
mix_phase shape after adjust: torch.Size([24, 1723, 257, 1, 1])
estimate shape: torch.Size([24, 1724, 257, 1, 4])
target shape: torch.Size([24, 1724, 257, 1, 4])
mixture_phase shape: torch.Size([24, 257, 1723])
target_phase shape after adjust: torch.Size([24, 1723, 257, 1, 4])
mix_phase shape after adjust: torch.Size([24, 1723, 257, 1, 1])
estimate shape: torch.Size([24, 1724, 257, 1, 4])
target shape: torch.Size([24, 1724, 257, 1, 4])
mixture_phase shape: torch.Size([24, 257, 1723])
target_phase shape after adjust: torch.Size([24, 1723, 257, 1, 4])
mix_phase shape after adjust: torch.Size([24, 1723, 257, 1, 1])
estimate shape: torch.Size([24, 1724, 257, 1, 4])
target shape: torch.Size([24, 1724, 257, 1, 4])
mixture_phase shape: torch.Size([24, 257, 1723])
target_phase shape after adjust: torch.Size([24, 1723, 257, 1, 4])
mix_phase shape after adjust: torch.Size([24, 1723, 257, 1, 1])
estimate shape: torch.Size([24, 1724, 257, 1, 4])
target shape: torch.Size([24, 1724, 257, 1, 4])
mixture_phase shape: torch.Size([24, 257, 1723])
target_phase shape after adjust: torch.Size([24, 1723, 257, 1, 4])
mix_phase shape after adjust: torch.Size([24, 1723, 257, 1, 1])
estimate shape: torch.Size([24, 1724, 257, 1, 4])
target shape: torch.Size([24, 1724, 257, 1, 4])
mixture_phase shape: torch.Size([24, 257, 1723])
target_phase shape after adjust: torch.Size([24, 1723, 257, 1, 4])
mix_phase shape after adjust: torch.Size([24, 1723, 257, 1, 1])
estimate shape: torch.Size([24, 1724, 257, 1, 4])
target shape: torch.Size([24, 1724, 257, 1, 4])
mixture_phase shape: torch.Size([24, 257, 1723])
target_phase shape after adjust: torch.Size([24, 1723, 257, 1, 4])
mix_phase shape after adjust: torch.Size([24, 1723, 257, 1, 1])
estimate shape: torch.Size([24, 1724, 257, 1, 4])
target shape: torch.Size([24, 1724, 257, 1, 4])
mixture_phase shape: torch.Size([24, 257, 1723])
target_phase shape after adjust: torch.Size([24, 1723, 257, 1, 4])
mix_phase shape after adjust: torch.Size([24, 1723, 257, 1, 1])
estimate shape: torch.Size([24, 1724, 257, 1, 4])
target shape: torch.Size([24, 1724, 257, 1, 4])
mixture_phase shape: torch.Size([24, 257, 1723])
target_phase shape after adjust: torch.Size([24, 1723, 257, 1, 4])
mix_phase shape after adjust: torch.Size([24, 1723, 257, 1, 1])
estimate shape: torch.Size([24, 1724, 257, 1, 4])
target shape: torch.Size([24, 1724, 257, 1, 4])
mixture_phase shape: torch.Size([24, 257, 1723])
target_phase shape after adjust: torch.Size([24, 1723, 257, 1, 4])
mix_phase shape after adjust: torch.Size([24, 1723, 257, 1, 1])
estimate shape: torch.Size([24, 1724, 257, 1, 4])
target shape: torch.Size([24, 1724, 257, 1, 4])
mixture_phase shape: torch.Size([24, 257, 1723])
target_phase shape after adjust: torch.Size([24, 1723, 257, 1, 4])
mix_phase shape after adjust: torch.Size([24, 1723, 257, 1, 1])
estimate shape: torch.Size([24, 1724, 257, 1, 4])
target shape: torch.Size([24, 1724, 257, 1, 4])
mixture_phase shape: torch.Size([24, 257, 1723])
target_phase shape after adjust: torch.Size([24, 1723, 257, 1, 4])
mix_phase shape after adjust: torch.Size([24, 1723, 257, 1, 1])
estimate shape: torch.Size([24, 1724, 257, 1, 4])
target shape: torch.Size([24, 1724, 257, 1, 4])
mixture_phase shape: torch.Size([24, 257, 1723])
target_phase shape after adjust: torch.Size([24, 1723, 257, 1, 4])
mix_phase shape after adjust: torch.Size([24, 1723, 257, 1, 1])
estimate shape: torch.Size([24, 1724, 257, 1, 4])
target shape: torch.Size([24, 1724, 257, 1, 4])
mixture_phase shape: torch.Size([24, 257, 1723])
target_phase shape after adjust: torch.Size([24, 1723, 257, 1, 4])
mix_phase shape after adjust: torch.Size([24, 1723, 257, 1, 1])
estimate shape: torch.Size([8, 1724, 257, 1, 4])
target shape: torch.Size([8, 1724, 257, 1, 4])
mixture_phase shape: torch.Size([8, 257, 1723])
target_phase shape after adjust: torch.Size([8, 1723, 257, 1, 4])
mix_phase shape after adjust: torch.Size([8, 1723, 257, 1, 1])
[Validator] Epoch 13 - val_loss: 0.000020
[BEST CHECKPOINT] Guardado/actualizado en: checkpoints\Mis_modelos\lpsa_phase checkpoints\4stems\best_checkpoint_13_val_loss=-0.0000.pt
03/31/2026 05:19:41 PM | engine.py:1037 Engine run finished. Time taken: 00:00:26.301
[Epoch 13] train_loss=0.000018 | val_loss=0.000020
03/31/2026 05:19:41 PM | engine.py:1010 Epoch[13] Complete. Time taken: 00:00:48.386
03/31/2026 05:20:04 PM | engine.py:906 Engine run starting with max_epochs=1.
03/31/2026 05:20:29 PM | engine.py:1010 Epoch[1] Complete. Time taken: 00:00:25.274
estimate shape: torch.Size([24, 1724, 257, 1, 4])
target shape: torch.Size([24, 1724, 257, 1, 4])
mixture_phase shape: torch.Size([24, 257, 1723])
target_phase shape after adjust: torch.Size([24, 1723, 257, 1, 4])
mix_phase shape after adjust: torch.Size([24, 1723, 257, 1, 1])
estimate shape: torch.Size([24, 1724, 257, 1, 4])
target shape: torch.Size([24, 1724, 257, 1, 4])
mixture_phase shape: torch.Size([24, 257, 1723])
target_phase shape after adjust: torch.Size([24, 1723, 257, 1, 4])
mix_phase shape after adjust: torch.Size([24, 1723, 257, 1, 1])
estimate shape: torch.Size([24, 1724, 257, 1, 4])
target shape: torch.Size([24, 1724, 257, 1, 4])
mixture_phase shape: torch.Size([24, 257, 1723])
target_phase shape after adjust: torch.Size([24, 1723, 257, 1, 4])
mix_phase shape after adjust: torch.Size([24, 1723, 257, 1, 1])
estimate shape: torch.Size([24, 1724, 257, 1, 4])
target shape: torch.Size([24, 1724, 257, 1, 4])
mixture_phase shape: torch.Size([24, 257, 1723])
target_phase shape after adjust: torch.Size([24, 1723, 257, 1, 4])
mix_phase shape after adjust: torch.Size([24, 1723, 257, 1, 1])
estimate shape: torch.Size([24, 1724, 257, 1, 4])
target shape: torch.Size([24, 1724, 257, 1, 4])
mixture_phase shape: torch.Size([24, 257, 1723])
target_phase shape after adjust: torch.Size([24, 1723, 257, 1, 4])
mix_phase shape after adjust: torch.Size([24, 1723, 257, 1, 1])
estimate shape: torch.Size([24, 1724, 257, 1, 4])
target shape: torch.Size([24, 1724, 257, 1, 4])
mixture_phase shape: torch.Size([24, 257, 1723])
target_phase shape after adjust: torch.Size([24, 1723, 257, 1, 4])
mix_phase shape after adjust: torch.Size([24, 1723, 257, 1, 1])
estimate shape: torch.Size([24, 1724, 257, 1, 4])
target shape: torch.Size([24, 1724, 257, 1, 4])
mixture_phase shape: torch.Size([24, 257, 1723])
target_phase shape after adjust: torch.Size([24, 1723, 257, 1, 4])
mix_phase shape after adjust: torch.Size([24, 1723, 257, 1, 1])
estimate shape: torch.Size([24, 1724, 257, 1, 4])
target shape: torch.Size([24, 1724, 257, 1, 4])
mixture_phase shape: torch.Size([24, 257, 1723])
target_phase shape after adjust: torch.Size([24, 1723, 257, 1, 4])
mix_phase shape after adjust: torch.Size([24, 1723, 257, 1, 1])
estimate shape: torch.Size([24, 1724, 257, 1, 4])
target shape: torch.Size([24, 1724, 257, 1, 4])
mixture_phase shape: torch.Size([24, 257, 1723])
target_phase shape after adjust: torch.Size([24, 1723, 257, 1, 4])
mix_phase shape after adjust: torch.Size([24, 1723, 257, 1, 1])
estimate shape: torch.Size([24, 1724, 257, 1, 4])
target shape: torch.Size([24, 1724, 257, 1, 4])
mixture_phase shape: torch.Size([24, 257, 1723])
target_phase shape after adjust: torch.Size([24, 1723, 257, 1, 4])
mix_phase shape after adjust: torch.Size([24, 1723, 257, 1, 1])
estimate shape: torch.Size([24, 1724, 257, 1, 4])
target shape: torch.Size([24, 1724, 257, 1, 4])
mixture_phase shape: torch.Size([24, 257, 1723])
target_phase shape after adjust: torch.Size([24, 1723, 257, 1, 4])
mix_phase shape after adjust: torch.Size([24, 1723, 257, 1, 1])
estimate shape: torch.Size([24, 1724, 257, 1, 4])
target shape: torch.Size([24, 1724, 257, 1, 4])
mixture_phase shape: torch.Size([24, 257, 1723])
target_phase shape after adjust: torch.Size([24, 1723, 257, 1, 4])
mix_phase shape after adjust: torch.Size([24, 1723, 257, 1, 1])
estimate shape: torch.Size([24, 1724, 257, 1, 4])
target shape: torch.Size([24, 1724, 257, 1, 4])
mixture_phase shape: torch.Size([24, 257, 1723])
target_phase shape after adjust: torch.Size([24, 1723, 257, 1, 4])
mix_phase shape after adjust: torch.Size([24, 1723, 257, 1, 1])
estimate shape: torch.Size([24, 1724, 257, 1, 4])
target shape: torch.Size([24, 1724, 257, 1, 4])
mixture_phase shape: torch.Size([24, 257, 1723])
target_phase shape after adjust: torch.Size([24, 1723, 257, 1, 4])
mix_phase shape after adjust: torch.Size([24, 1723, 257, 1, 1])
estimate shape: torch.Size([24, 1724, 257, 1, 4])
target shape: torch.Size([24, 1724, 257, 1, 4])
mixture_phase shape: torch.Size([24, 257, 1723])
target_phase shape after adjust: torch.Size([24, 1723, 257, 1, 4])
mix_phase shape after adjust: torch.Size([24, 1723, 257, 1, 1])
estimate shape: torch.Size([24, 1724, 257, 1, 4])
target shape: torch.Size([24, 1724, 257, 1, 4])
mixture_phase shape: torch.Size([24, 257, 1723])
target_phase shape after adjust: torch.Size([24, 1723, 257, 1, 4])
mix_phase shape after adjust: torch.Size([24, 1723, 257, 1, 1])
estimate shape: torch.Size([24, 1724, 257, 1, 4])
target shape: torch.Size([24, 1724, 257, 1, 4])
mixture_phase shape: torch.Size([24, 257, 1723])
target_phase shape after adjust: torch.Size([24, 1723, 257, 1, 4])
mix_phase shape after adjust: torch.Size([24, 1723, 257, 1, 1])
estimate shape: torch.Size([24, 1724, 257, 1, 4])
target shape: torch.Size([24, 1724, 257, 1, 4])
mixture_phase shape: torch.Size([24, 257, 1723])
target_phase shape after adjust: torch.Size([24, 1723, 257, 1, 4])
mix_phase shape after adjust: torch.Size([24, 1723, 257, 1, 1])
estimate shape: torch.Size([8, 1724, 257, 1, 4])
target shape: torch.Size([8, 1724, 257, 1, 4])
mixture_phase shape: torch.Size([8, 257, 1723])
target_phase shape after adjust: torch.Size([8, 1723, 257, 1, 4])
mix_phase shape after adjust: torch.Size([8, 1723, 257, 1, 1])
[Validator] Epoch 14 - val_loss: 0.000019
[BEST CHECKPOINT] Guardado/actualizado en: checkpoints\Mis_modelos\lpsa_phase checkpoints\4stems\best_checkpoint_14_val_loss=-0.0000.pt
03/31/2026 05:20:29 PM | engine.py:1037 Engine run finished. Time taken: 00:00:25.283
[Epoch 14] train_loss=0.000017 | val_loss=0.000019
03/31/2026 05:20:29 PM | engine.py:1010 Epoch[14] Complete. Time taken: 00:00:48.145
03/31/2026 05:20:52 PM | engine.py:906 Engine run starting with max_epochs=1.
03/31/2026 05:21:18 PM | engine.py:1010 Epoch[1] Complete. Time taken: 00:00:26.005
estimate shape: torch.Size([24, 1724, 257, 1, 4])
target shape: torch.Size([24, 1724, 257, 1, 4])
mixture_phase shape: torch.Size([24, 257, 1723])
target_phase shape after adjust: torch.Size([24, 1723, 257, 1, 4])
mix_phase shape after adjust: torch.Size([24, 1723, 257, 1, 1])
estimate shape: torch.Size([24, 1724, 257, 1, 4])
target shape: torch.Size([24, 1724, 257, 1, 4])
mixture_phase shape: torch.Size([24, 257, 1723])
target_phase shape after adjust: torch.Size([24, 1723, 257, 1, 4])
mix_phase shape after adjust: torch.Size([24, 1723, 257, 1, 1])
estimate shape: torch.Size([24, 1724, 257, 1, 4])
target shape: torch.Size([24, 1724, 257, 1, 4])
mixture_phase shape: torch.Size([24, 257, 1723])
target_phase shape after adjust: torch.Size([24, 1723, 257, 1, 4])
mix_phase shape after adjust: torch.Size([24, 1723, 257, 1, 1])
estimate shape: torch.Size([24, 1724, 257, 1, 4])
target shape: torch.Size([24, 1724, 257, 1, 4])
mixture_phase shape: torch.Size([24, 257, 1723])
target_phase shape after adjust: torch.Size([24, 1723, 257, 1, 4])
mix_phase shape after adjust: torch.Size([24, 1723, 257, 1, 1])
estimate shape: torch.Size([24, 1724, 257, 1, 4])
target shape: torch.Size([24, 1724, 257, 1, 4])
mixture_phase shape: torch.Size([24, 257, 1723])
target_phase shape after adjust: torch.Size([24, 1723, 257, 1, 4])
mix_phase shape after adjust: torch.Size([24, 1723, 257, 1, 1])
estimate shape: torch.Size([24, 1724, 257, 1, 4])
target shape: torch.Size([24, 1724, 257, 1, 4])
mixture_phase shape: torch.Size([24, 257, 1723])
target_phase shape after adjust: torch.Size([24, 1723, 257, 1, 4])
mix_phase shape after adjust: torch.Size([24, 1723, 257, 1, 1])
estimate shape: torch.Size([24, 1724, 257, 1, 4])
target shape: torch.Size([24, 1724, 257, 1, 4])
mixture_phase shape: torch.Size([24, 257, 1723])
target_phase shape after adjust: torch.Size([24, 1723, 257, 1, 4])
mix_phase shape after adjust: torch.Size([24, 1723, 257, 1, 1])
estimate shape: torch.Size([24, 1724, 257, 1, 4])
target shape: torch.Size([24, 1724, 257, 1, 4])
mixture_phase shape: torch.Size([24, 257, 1723])
target_phase shape after adjust: torch.Size([24, 1723, 257, 1, 4])
mix_phase shape after adjust: torch.Size([24, 1723, 257, 1, 1])
estimate shape: torch.Size([24, 1724, 257, 1, 4])
target shape: torch.Size([24, 1724, 257, 1, 4])
mixture_phase shape: torch.Size([24, 257, 1723])
target_phase shape after adjust: torch.Size([24, 1723, 257, 1, 4])
mix_phase shape after adjust: torch.Size([24, 1723, 257, 1, 1])
estimate shape: torch.Size([24, 1724, 257, 1, 4])
target shape: torch.Size([24, 1724, 257, 1, 4])
mixture_phase shape: torch.Size([24, 257, 1723])
target_phase shape after adjust: torch.Size([24, 1723, 257, 1, 4])
mix_phase shape after adjust: torch.Size([24, 1723, 257, 1, 1])
estimate shape: torch.Size([24, 1724, 257, 1, 4])
target shape: torch.Size([24, 1724, 257, 1, 4])
mixture_phase shape: torch.Size([24, 257, 1723])
target_phase shape after adjust: torch.Size([24, 1723, 257, 1, 4])
mix_phase shape after adjust: torch.Size([24, 1723, 257, 1, 1])
estimate shape: torch.Size([24, 1724, 257, 1, 4])
target shape: torch.Size([24, 1724, 257, 1, 4])
mixture_phase shape: torch.Size([24, 257, 1723])
target_phase shape after adjust: torch.Size([24, 1723, 257, 1, 4])
mix_phase shape after adjust: torch.Size([24, 1723, 257, 1, 1])
estimate shape: torch.Size([24, 1724, 257, 1, 4])
target shape: torch.Size([24, 1724, 257, 1, 4])
mixture_phase shape: torch.Size([24, 257, 1723])
target_phase shape after adjust: torch.Size([24, 1723, 257, 1, 4])
mix_phase shape after adjust: torch.Size([24, 1723, 257, 1, 1])
estimate shape: torch.Size([24, 1724, 257, 1, 4])
target shape: torch.Size([24, 1724, 257, 1, 4])
mixture_phase shape: torch.Size([24, 257, 1723])
target_phase shape after adjust: torch.Size([24, 1723, 257, 1, 4])
mix_phase shape after adjust: torch.Size([24, 1723, 257, 1, 1])
estimate shape: torch.Size([24, 1724, 257, 1, 4])
target shape: torch.Size([24, 1724, 257, 1, 4])
mixture_phase shape: torch.Size([24, 257, 1723])
target_phase shape after adjust: torch.Size([24, 1723, 257, 1, 4])
mix_phase shape after adjust: torch.Size([24, 1723, 257, 1, 1])
estimate shape: torch.Size([24, 1724, 257, 1, 4])
target shape: torch.Size([24, 1724, 257, 1, 4])
mixture_phase shape: torch.Size([24, 257, 1723])
target_phase shape after adjust: torch.Size([24, 1723, 257, 1, 4])
mix_phase shape after adjust: torch.Size([24, 1723, 257, 1, 1])
estimate shape: torch.Size([24, 1724, 257, 1, 4])
target shape: torch.Size([24, 1724, 257, 1, 4])
mixture_phase shape: torch.Size([24, 257, 1723])
target_phase shape after adjust: torch.Size([24, 1723, 257, 1, 4])
mix_phase shape after adjust: torch.Size([24, 1723, 257, 1, 1])
estimate shape: torch.Size([24, 1724, 257, 1, 4])
target shape: torch.Size([24, 1724, 257, 1, 4])
mixture_phase shape: torch.Size([24, 257, 1723])
target_phase shape after adjust: torch.Size([24, 1723, 257, 1, 4])
mix_phase shape after adjust: torch.Size([24, 1723, 257, 1, 1])
estimate shape: torch.Size([8, 1724, 257, 1, 4])
target shape: torch.Size([8, 1724, 257, 1, 4])
mixture_phase shape: torch.Size([8, 257, 1723])
target_phase shape after adjust: torch.Size([8, 1723, 257, 1, 4])
mix_phase shape after adjust: torch.Size([8, 1723, 257, 1, 1])
[Validator] Epoch 15 - val_loss: 0.000018
[BEST CHECKPOINT] Guardado/actualizado en: checkpoints\Mis_modelos\lpsa_phase checkpoints\4stems\best_checkpoint_15_val_loss=-0.0000.pt
03/31/2026 05:21:18 PM | engine.py:1037 Engine run finished. Time taken: 00:00:26.016
[Epoch 15] train_loss=0.000016 | val_loss=0.000018
03/31/2026 05:21:18 PM | engine.py:1010 Epoch[15] Complete. Time taken: 00:00:48.809
03/31/2026 05:21:41 PM | engine.py:906 Engine run starting with max_epochs=1.
03/31/2026 05:22:07 PM | engine.py:1010 Epoch[1] Complete. Time taken: 00:00:25.937
estimate shape: torch.Size([24, 1724, 257, 1, 4])
target shape: torch.Size([24, 1724, 257, 1, 4])
mixture_phase shape: torch.Size([24, 257, 1723])
target_phase shape after adjust: torch.Size([24, 1723, 257, 1, 4])
mix_phase shape after adjust: torch.Size([24, 1723, 257, 1, 1])
estimate shape: torch.Size([24, 1724, 257, 1, 4])
target shape: torch.Size([24, 1724, 257, 1, 4])
mixture_phase shape: torch.Size([24, 257, 1723])
target_phase shape after adjust: torch.Size([24, 1723, 257, 1, 4])
mix_phase shape after adjust: torch.Size([24, 1723, 257, 1, 1])
estimate shape: torch.Size([24, 1724, 257, 1, 4])
target shape: torch.Size([24, 1724, 257, 1, 4])
mixture_phase shape: torch.Size([24, 257, 1723])
target_phase shape after adjust: torch.Size([24, 1723, 257, 1, 4])
mix_phase shape after adjust: torch.Size([24, 1723, 257, 1, 1])
estimate shape: torch.Size([24, 1724, 257, 1, 4])
target shape: torch.Size([24, 1724, 257, 1, 4])
mixture_phase shape: torch.Size([24, 257, 1723])
target_phase shape after adjust: torch.Size([24, 1723, 257, 1, 4])
mix_phase shape after adjust: torch.Size([24, 1723, 257, 1, 1])
estimate shape: torch.Size([24, 1724, 257, 1, 4])
target shape: torch.Size([24, 1724, 257, 1, 4])
mixture_phase shape: torch.Size([24, 257, 1723])
target_phase shape after adjust: torch.Size([24, 1723, 257, 1, 4])
mix_phase shape after adjust: torch.Size([24, 1723, 257, 1, 1])
estimate shape: torch.Size([24, 1724, 257, 1, 4])
target shape: torch.Size([24, 1724, 257, 1, 4])
mixture_phase shape: torch.Size([24, 257, 1723])
target_phase shape after adjust: torch.Size([24, 1723, 257, 1, 4])
mix_phase shape after adjust: torch.Size([24, 1723, 257, 1, 1])
estimate shape: torch.Size([24, 1724, 257, 1, 4])
target shape: torch.Size([24, 1724, 257, 1, 4])
mixture_phase shape: torch.Size([24, 257, 1723])
target_phase shape after adjust: torch.Size([24, 1723, 257, 1, 4])
mix_phase shape after adjust: torch.Size([24, 1723, 257, 1, 1])
estimate shape: torch.Size([24, 1724, 257, 1, 4])
target shape: torch.Size([24, 1724, 257, 1, 4])
mixture_phase shape: torch.Size([24, 257, 1723])
target_phase shape after adjust: torch.Size([24, 1723, 257, 1, 4])
mix_phase shape after adjust: torch.Size([24, 1723, 257, 1, 1])
estimate shape: torch.Size([24, 1724, 257, 1, 4])
target shape: torch.Size([24, 1724, 257, 1, 4])
mixture_phase shape: torch.Size([24, 257, 1723])
target_phase shape after adjust: torch.Size([24, 1723, 257, 1, 4])
mix_phase shape after adjust: torch.Size([24, 1723, 257, 1, 1])
estimate shape: torch.Size([24, 1724, 257, 1, 4])
target shape: torch.Size([24, 1724, 257, 1, 4])
mixture_phase shape: torch.Size([24, 257, 1723])
target_phase shape after adjust: torch.Size([24, 1723, 257, 1, 4])
mix_phase shape after adjust: torch.Size([24, 1723, 257, 1, 1])
estimate shape: torch.Size([24, 1724, 257, 1, 4])
target shape: torch.Size([24, 1724, 257, 1, 4])
mixture_phase shape: torch.Size([24, 257, 1723])
target_phase shape after adjust: torch.Size([24, 1723, 257, 1, 4])
mix_phase shape after adjust: torch.Size([24, 1723, 257, 1, 1])
estimate shape: torch.Size([24, 1724, 257, 1, 4])
target shape: torch.Size([24, 1724, 257, 1, 4])
mixture_phase shape: torch.Size([24, 257, 1723])
target_phase shape after adjust: torch.Size([24, 1723, 257, 1, 4])
mix_phase shape after adjust: torch.Size([24, 1723, 257, 1, 1])
estimate shape: torch.Size([24, 1724, 257, 1, 4])
target shape: torch.Size([24, 1724, 257, 1, 4])
mixture_phase shape: torch.Size([24, 257, 1723])
target_phase shape after adjust: torch.Size([24, 1723, 257, 1, 4])
mix_phase shape after adjust: torch.Size([24, 1723, 257, 1, 1])
estimate shape: torch.Size([24, 1724, 257, 1, 4])
target shape: torch.Size([24, 1724, 257, 1, 4])
mixture_phase shape: torch.Size([24, 257, 1723])
target_phase shape after adjust: torch.Size([24, 1723, 257, 1, 4])
mix_phase shape after adjust: torch.Size([24, 1723, 257, 1, 1])
estimate shape: torch.Size([24, 1724, 257, 1, 4])
target shape: torch.Size([24, 1724, 257, 1, 4])
mixture_phase shape: torch.Size([24, 257, 1723])
target_phase shape after adjust: torch.Size([24, 1723, 257, 1, 4])
mix_phase shape after adjust: torch.Size([24, 1723, 257, 1, 1])
estimate shape: torch.Size([24, 1724, 257, 1, 4])
target shape: torch.Size([24, 1724, 257, 1, 4])
mixture_phase shape: torch.Size([24, 257, 1723])
target_phase shape after adjust: torch.Size([24, 1723, 257, 1, 4])
mix_phase shape after adjust: torch.Size([24, 1723, 257, 1, 1])
estimate shape: torch.Size([24, 1724, 257, 1, 4])
target shape: torch.Size([24, 1724, 257, 1, 4])
mixture_phase shape: torch.Size([24, 257, 1723])
target_phase shape after adjust: torch.Size([24, 1723, 257, 1, 4])
mix_phase shape after adjust: torch.Size([24, 1723, 257, 1, 1])
estimate shape: torch.Size([24, 1724, 257, 1, 4])
target shape: torch.Size([24, 1724, 257, 1, 4])
mixture_phase shape: torch.Size([24, 257, 1723])
target_phase shape after adjust: torch.Size([24, 1723, 257, 1, 4])
mix_phase shape after adjust: torch.Size([24, 1723, 257, 1, 1])
estimate shape: torch.Size([8, 1724, 257, 1, 4])
target shape: torch.Size([8, 1724, 257, 1, 4])
mixture_phase shape: torch.Size([8, 257, 1723])
target_phase shape after adjust: torch.Size([8, 1723, 257, 1, 4])
mix_phase shape after adjust: torch.Size([8, 1723, 257, 1, 1])
[Validator] Epoch 16 - val_loss: 0.000018
[BEST CHECKPOINT] Guardado/actualizado en: checkpoints\Mis_modelos\lpsa_phase checkpoints\4stems\best_checkpoint_16_val_loss=-0.0000.pt
03/31/2026 05:22:07 PM | engine.py:1037 Engine run finished. Time taken: 00:00:25.948
[Epoch 16] train_loss=0.000015 | val_loss=0.000018
03/31/2026 05:22:07 PM | engine.py:1010 Epoch[16] Complete. Time taken: 00:00:48.247
03/31/2026 05:22:29 PM | engine.py:906 Engine run starting with max_epochs=1.
03/31/2026 05:22:55 PM | engine.py:1010 Epoch[1] Complete. Time taken: 00:00:26.157
estimate shape: torch.Size([24, 1724, 257, 1, 4])
target shape: torch.Size([24, 1724, 257, 1, 4])
mixture_phase shape: torch.Size([24, 257, 1723])
target_phase shape after adjust: torch.Size([24, 1723, 257, 1, 4])
mix_phase shape after adjust: torch.Size([24, 1723, 257, 1, 1])
estimate shape: torch.Size([24, 1724, 257, 1, 4])
target shape: torch.Size([24, 1724, 257, 1, 4])
mixture_phase shape: torch.Size([24, 257, 1723])
target_phase shape after adjust: torch.Size([24, 1723, 257, 1, 4])
mix_phase shape after adjust: torch.Size([24, 1723, 257, 1, 1])
estimate shape: torch.Size([24, 1724, 257, 1, 4])
target shape: torch.Size([24, 1724, 257, 1, 4])
mixture_phase shape: torch.Size([24, 257, 1723])
target_phase shape after adjust: torch.Size([24, 1723, 257, 1, 4])
mix_phase shape after adjust: torch.Size([24, 1723, 257, 1, 1])
estimate shape: torch.Size([24, 1724, 257, 1, 4])
target shape: torch.Size([24, 1724, 257, 1, 4])
mixture_phase shape: torch.Size([24, 257, 1723])
target_phase shape after adjust: torch.Size([24, 1723, 257, 1, 4])
mix_phase shape after adjust: torch.Size([24, 1723, 257, 1, 1])
estimate shape: torch.Size([24, 1724, 257, 1, 4])
target shape: torch.Size([24, 1724, 257, 1, 4])
mixture_phase shape: torch.Size([24, 257, 1723])
target_phase shape after adjust: torch.Size([24, 1723, 257, 1, 4])
mix_phase shape after adjust: torch.Size([24, 1723, 257, 1, 1])
estimate shape: torch.Size([24, 1724, 257, 1, 4])
target shape: torch.Size([24, 1724, 257, 1, 4])
mixture_phase shape: torch.Size([24, 257, 1723])
target_phase shape after adjust: torch.Size([24, 1723, 257, 1, 4])
mix_phase shape after adjust: torch.Size([24, 1723, 257, 1, 1])
estimate shape: torch.Size([24, 1724, 257, 1, 4])
target shape: torch.Size([24, 1724, 257, 1, 4])
mixture_phase shape: torch.Size([24, 257, 1723])
target_phase shape after adjust: torch.Size([24, 1723, 257, 1, 4])
mix_phase shape after adjust: torch.Size([24, 1723, 257, 1, 1])
estimate shape: torch.Size([24, 1724, 257, 1, 4])
target shape: torch.Size([24, 1724, 257, 1, 4])
mixture_phase shape: torch.Size([24, 257, 1723])
target_phase shape after adjust: torch.Size([24, 1723, 257, 1, 4])
mix_phase shape after adjust: torch.Size([24, 1723, 257, 1, 1])
estimate shape: torch.Size([24, 1724, 257, 1, 4])
target shape: torch.Size([24, 1724, 257, 1, 4])
mixture_phase shape: torch.Size([24, 257, 1723])
target_phase shape after adjust: torch.Size([24, 1723, 257, 1, 4])
mix_phase shape after adjust: torch.Size([24, 1723, 257, 1, 1])
estimate shape: torch.Size([24, 1724, 257, 1, 4])
target shape: torch.Size([24, 1724, 257, 1, 4])
mixture_phase shape: torch.Size([24, 257, 1723])
target_phase shape after adjust: torch.Size([24, 1723, 257, 1, 4])
mix_phase shape after adjust: torch.Size([24, 1723, 257, 1, 1])
estimate shape: torch.Size([24, 1724, 257, 1, 4])
target shape: torch.Size([24, 1724, 257, 1, 4])
mixture_phase shape: torch.Size([24, 257, 1723])
target_phase shape after adjust: torch.Size([24, 1723, 257, 1, 4])
mix_phase shape after adjust: torch.Size([24, 1723, 257, 1, 1])
estimate shape: torch.Size([24, 1724, 257, 1, 4])
target shape: torch.Size([24, 1724, 257, 1, 4])
mixture_phase shape: torch.Size([24, 257, 1723])
target_phase shape after adjust: torch.Size([24, 1723, 257, 1, 4])
mix_phase shape after adjust: torch.Size([24, 1723, 257, 1, 1])
estimate shape: torch.Size([24, 1724, 257, 1, 4])
target shape: torch.Size([24, 1724, 257, 1, 4])
mixture_phase shape: torch.Size([24, 257, 1723])
target_phase shape after adjust: torch.Size([24, 1723, 257, 1, 4])
mix_phase shape after adjust: torch.Size([24, 1723, 257, 1, 1])
estimate shape: torch.Size([24, 1724, 257, 1, 4])
target shape: torch.Size([24, 1724, 257, 1, 4])
mixture_phase shape: torch.Size([24, 257, 1723])
target_phase shape after adjust: torch.Size([24, 1723, 257, 1, 4])
mix_phase shape after adjust: torch.Size([24, 1723, 257, 1, 1])
estimate shape: torch.Size([24, 1724, 257, 1, 4])
target shape: torch.Size([24, 1724, 257, 1, 4])
mixture_phase shape: torch.Size([24, 257, 1723])
target_phase shape after adjust: torch.Size([24, 1723, 257, 1, 4])
mix_phase shape after adjust: torch.Size([24, 1723, 257, 1, 1])
estimate shape: torch.Size([24, 1724, 257, 1, 4])
target shape: torch.Size([24, 1724, 257, 1, 4])
mixture_phase shape: torch.Size([24, 257, 1723])
target_phase shape after adjust: torch.Size([24, 1723, 257, 1, 4])
mix_phase shape after adjust: torch.Size([24, 1723, 257, 1, 1])
estimate shape: torch.Size([24, 1724, 257, 1, 4])
target shape: torch.Size([24, 1724, 257, 1, 4])
mixture_phase shape: torch.Size([24, 257, 1723])
target_phase shape after adjust: torch.Size([24, 1723, 257, 1, 4])
mix_phase shape after adjust: torch.Size([24, 1723, 257, 1, 1])
estimate shape: torch.Size([24, 1724, 257, 1, 4])
target shape: torch.Size([24, 1724, 257, 1, 4])
mixture_phase shape: torch.Size([24, 257, 1723])
target_phase shape after adjust: torch.Size([24, 1723, 257, 1, 4])
mix_phase shape after adjust: torch.Size([24, 1723, 257, 1, 1])
estimate shape: torch.Size([8, 1724, 257, 1, 4])
target shape: torch.Size([8, 1724, 257, 1, 4])
mixture_phase shape: torch.Size([8, 257, 1723])
target_phase shape after adjust: torch.Size([8, 1723, 257, 1, 4])
mix_phase shape after adjust: torch.Size([8, 1723, 257, 1, 1])
[Validator] Epoch 17 - val_loss: 0.000017
[BEST CHECKPOINT] Guardado/actualizado en: checkpoints\Mis_modelos\lpsa_phase checkpoints\4stems\best_checkpoint_17_val_loss=-0.0000.pt
03/31/2026 05:22:55 PM | engine.py:1037 Engine run finished. Time taken: 00:00:26.168
[Epoch 17] train_loss=0.000015 | val_loss=0.000017
03/31/2026 05:22:55 PM | engine.py:1010 Epoch[17] Complete. Time taken: 00:00:48.170
03/31/2026 05:23:17 PM | engine.py:906 Engine run starting with max_epochs=1.
03/31/2026 05:23:43 PM | engine.py:1010 Epoch[1] Complete. Time taken: 00:00:26.109
estimate shape: torch.Size([24, 1724, 257, 1, 4])
target shape: torch.Size([24, 1724, 257, 1, 4])
mixture_phase shape: torch.Size([24, 257, 1723])
target_phase shape after adjust: torch.Size([24, 1723, 257, 1, 4])
mix_phase shape after adjust: torch.Size([24, 1723, 257, 1, 1])
estimate shape: torch.Size([24, 1724, 257, 1, 4])
target shape: torch.Size([24, 1724, 257, 1, 4])
mixture_phase shape: torch.Size([24, 257, 1723])
target_phase shape after adjust: torch.Size([24, 1723, 257, 1, 4])
mix_phase shape after adjust: torch.Size([24, 1723, 257, 1, 1])
estimate shape: torch.Size([24, 1724, 257, 1, 4])
target shape: torch.Size([24, 1724, 257, 1, 4])
mixture_phase shape: torch.Size([24, 257, 1723])
target_phase shape after adjust: torch.Size([24, 1723, 257, 1, 4])
mix_phase shape after adjust: torch.Size([24, 1723, 257, 1, 1])
estimate shape: torch.Size([24, 1724, 257, 1, 4])
target shape: torch.Size([24, 1724, 257, 1, 4])
mixture_phase shape: torch.Size([24, 257, 1723])
target_phase shape after adjust: torch.Size([24, 1723, 257, 1, 4])
mix_phase shape after adjust: torch.Size([24, 1723, 257, 1, 1])
estimate shape: torch.Size([24, 1724, 257, 1, 4])
target shape: torch.Size([24, 1724, 257, 1, 4])
mixture_phase shape: torch.Size([24, 257, 1723])
target_phase shape after adjust: torch.Size([24, 1723, 257, 1, 4])
mix_phase shape after adjust: torch.Size([24, 1723, 257, 1, 1])
estimate shape: torch.Size([24, 1724, 257, 1, 4])
target shape: torch.Size([24, 1724, 257, 1, 4])
mixture_phase shape: torch.Size([24, 257, 1723])
target_phase shape after adjust: torch.Size([24, 1723, 257, 1, 4])
mix_phase shape after adjust: torch.Size([24, 1723, 257, 1, 1])
estimate shape: torch.Size([24, 1724, 257, 1, 4])
target shape: torch.Size([24, 1724, 257, 1, 4])
mixture_phase shape: torch.Size([24, 257, 1723])
target_phase shape after adjust: torch.Size([24, 1723, 257, 1, 4])
mix_phase shape after adjust: torch.Size([24, 1723, 257, 1, 1])
estimate shape: torch.Size([24, 1724, 257, 1, 4])
target shape: torch.Size([24, 1724, 257, 1, 4])
mixture_phase shape: torch.Size([24, 257, 1723])
target_phase shape after adjust: torch.Size([24, 1723, 257, 1, 4])
mix_phase shape after adjust: torch.Size([24, 1723, 257, 1, 1])
estimate shape: torch.Size([24, 1724, 257, 1, 4])
target shape: torch.Size([24, 1724, 257, 1, 4])
mixture_phase shape: torch.Size([24, 257, 1723])
target_phase shape after adjust: torch.Size([24, 1723, 257, 1, 4])
mix_phase shape after adjust: torch.Size([24, 1723, 257, 1, 1])
estimate shape: torch.Size([24, 1724, 257, 1, 4])
target shape: torch.Size([24, 1724, 257, 1, 4])
mixture_phase shape: torch.Size([24, 257, 1723])
target_phase shape after adjust: torch.Size([24, 1723, 257, 1, 4])
mix_phase shape after adjust: torch.Size([24, 1723, 257, 1, 1])
estimate shape: torch.Size([24, 1724, 257, 1, 4])
target shape: torch.Size([24, 1724, 257, 1, 4])
mixture_phase shape: torch.Size([24, 257, 1723])
target_phase shape after adjust: torch.Size([24, 1723, 257, 1, 4])
mix_phase shape after adjust: torch.Size([24, 1723, 257, 1, 1])
estimate shape: torch.Size([24, 1724, 257, 1, 4])
target shape: torch.Size([24, 1724, 257, 1, 4])
mixture_phase shape: torch.Size([24, 257, 1723])
target_phase shape after adjust: torch.Size([24, 1723, 257, 1, 4])
mix_phase shape after adjust: torch.Size([24, 1723, 257, 1, 1])
estimate shape: torch.Size([24, 1724, 257, 1, 4])
target shape: torch.Size([24, 1724, 257, 1, 4])
mixture_phase shape: torch.Size([24, 257, 1723])
target_phase shape after adjust: torch.Size([24, 1723, 257, 1, 4])
mix_phase shape after adjust: torch.Size([24, 1723, 257, 1, 1])
estimate shape: torch.Size([24, 1724, 257, 1, 4])
target shape: torch.Size([24, 1724, 257, 1, 4])
mixture_phase shape: torch.Size([24, 257, 1723])
target_phase shape after adjust: torch.Size([24, 1723, 257, 1, 4])
mix_phase shape after adjust: torch.Size([24, 1723, 257, 1, 1])
estimate shape: torch.Size([24, 1724, 257, 1, 4])
target shape: torch.Size([24, 1724, 257, 1, 4])
mixture_phase shape: torch.Size([24, 257, 1723])
target_phase shape after adjust: torch.Size([24, 1723, 257, 1, 4])
mix_phase shape after adjust: torch.Size([24, 1723, 257, 1, 1])
estimate shape: torch.Size([24, 1724, 257, 1, 4])
target shape: torch.Size([24, 1724, 257, 1, 4])
mixture_phase shape: torch.Size([24, 257, 1723])
target_phase shape after adjust: torch.Size([24, 1723, 257, 1, 4])
mix_phase shape after adjust: torch.Size([24, 1723, 257, 1, 1])
estimate shape: torch.Size([24, 1724, 257, 1, 4])
target shape: torch.Size([24, 1724, 257, 1, 4])
mixture_phase shape: torch.Size([24, 257, 1723])
target_phase shape after adjust: torch.Size([24, 1723, 257, 1, 4])
mix_phase shape after adjust: torch.Size([24, 1723, 257, 1, 1])
estimate shape: torch.Size([24, 1724, 257, 1, 4])
target shape: torch.Size([24, 1724, 257, 1, 4])
mixture_phase shape: torch.Size([24, 257, 1723])
target_phase shape after adjust: torch.Size([24, 1723, 257, 1, 4])
mix_phase shape after adjust: torch.Size([24, 1723, 257, 1, 1])
estimate shape: torch.Size([8, 1724, 257, 1, 4])
target shape: torch.Size([8, 1724, 257, 1, 4])
mixture_phase shape: torch.Size([8, 257, 1723])
target_phase shape after adjust: torch.Size([8, 1723, 257, 1, 4])
mix_phase shape after adjust: torch.Size([8, 1723, 257, 1, 1])
[Validator] Epoch 18 - val_loss: 0.000017
[BEST CHECKPOINT] Guardado/actualizado en: checkpoints\Mis_modelos\lpsa_phase checkpoints\4stems\best_checkpoint_18_val_loss=-0.0000.pt
03/31/2026 05:23:43 PM | engine.py:1037 Engine run finished. Time taken: 00:00:26.120
[Epoch 18] train_loss=0.000014 | val_loss=0.000017
03/31/2026 05:23:43 PM | engine.py:1010 Epoch[18] Complete. Time taken: 00:00:48.293
03/31/2026 05:24:06 PM | engine.py:906 Engine run starting with max_epochs=1.
03/31/2026 05:24:32 PM | engine.py:1010 Epoch[1] Complete. Time taken: 00:00:25.929
estimate shape: torch.Size([24, 1724, 257, 1, 4])
target shape: torch.Size([24, 1724, 257, 1, 4])
mixture_phase shape: torch.Size([24, 257, 1723])
target_phase shape after adjust: torch.Size([24, 1723, 257, 1, 4])
mix_phase shape after adjust: torch.Size([24, 1723, 257, 1, 1])
estimate shape: torch.Size([24, 1724, 257, 1, 4])
target shape: torch.Size([24, 1724, 257, 1, 4])
mixture_phase shape: torch.Size([24, 257, 1723])
target_phase shape after adjust: torch.Size([24, 1723, 257, 1, 4])
mix_phase shape after adjust: torch.Size([24, 1723, 257, 1, 1])
estimate shape: torch.Size([24, 1724, 257, 1, 4])
target shape: torch.Size([24, 1724, 257, 1, 4])
mixture_phase shape: torch.Size([24, 257, 1723])
target_phase shape after adjust: torch.Size([24, 1723, 257, 1, 4])
mix_phase shape after adjust: torch.Size([24, 1723, 257, 1, 1])
estimate shape: torch.Size([24, 1724, 257, 1, 4])
target shape: torch.Size([24, 1724, 257, 1, 4])
mixture_phase shape: torch.Size([24, 257, 1723])
target_phase shape after adjust: torch.Size([24, 1723, 257, 1, 4])
mix_phase shape after adjust: torch.Size([24, 1723, 257, 1, 1])
estimate shape: torch.Size([24, 1724, 257, 1, 4])
target shape: torch.Size([24, 1724, 257, 1, 4])
mixture_phase shape: torch.Size([24, 257, 1723])
target_phase shape after adjust: torch.Size([24, 1723, 257, 1, 4])
mix_phase shape after adjust: torch.Size([24, 1723, 257, 1, 1])
estimate shape: torch.Size([24, 1724, 257, 1, 4])
target shape: torch.Size([24, 1724, 257, 1, 4])
mixture_phase shape: torch.Size([24, 257, 1723])
target_phase shape after adjust: torch.Size([24, 1723, 257, 1, 4])
mix_phase shape after adjust: torch.Size([24, 1723, 257, 1, 1])
estimate shape: torch.Size([24, 1724, 257, 1, 4])
target shape: torch.Size([24, 1724, 257, 1, 4])
mixture_phase shape: torch.Size([24, 257, 1723])
target_phase shape after adjust: torch.Size([24, 1723, 257, 1, 4])
mix_phase shape after adjust: torch.Size([24, 1723, 257, 1, 1])
estimate shape: torch.Size([24, 1724, 257, 1, 4])
target shape: torch.Size([24, 1724, 257, 1, 4])
mixture_phase shape: torch.Size([24, 257, 1723])
target_phase shape after adjust: torch.Size([24, 1723, 257, 1, 4])
mix_phase shape after adjust: torch.Size([24, 1723, 257, 1, 1])
estimate shape: torch.Size([24, 1724, 257, 1, 4])
target shape: torch.Size([24, 1724, 257, 1, 4])
mixture_phase shape: torch.Size([24, 257, 1723])
target_phase shape after adjust: torch.Size([24, 1723, 257, 1, 4])
mix_phase shape after adjust: torch.Size([24, 1723, 257, 1, 1])
estimate shape: torch.Size([24, 1724, 257, 1, 4])
target shape: torch.Size([24, 1724, 257, 1, 4])
mixture_phase shape: torch.Size([24, 257, 1723])
target_phase shape after adjust: torch.Size([24, 1723, 257, 1, 4])
mix_phase shape after adjust: torch.Size([24, 1723, 257, 1, 1])
estimate shape: torch.Size([24, 1724, 257, 1, 4])
target shape: torch.Size([24, 1724, 257, 1, 4])
mixture_phase shape: torch.Size([24, 257, 1723])
target_phase shape after adjust: torch.Size([24, 1723, 257, 1, 4])
mix_phase shape after adjust: torch.Size([24, 1723, 257, 1, 1])
estimate shape: torch.Size([24, 1724, 257, 1, 4])
target shape: torch.Size([24, 1724, 257, 1, 4])
mixture_phase shape: torch.Size([24, 257, 1723])
target_phase shape after adjust: torch.Size([24, 1723, 257, 1, 4])
mix_phase shape after adjust: torch.Size([24, 1723, 257, 1, 1])
estimate shape: torch.Size([24, 1724, 257, 1, 4])
target shape: torch.Size([24, 1724, 257, 1, 4])
mixture_phase shape: torch.Size([24, 257, 1723])
target_phase shape after adjust: torch.Size([24, 1723, 257, 1, 4])
mix_phase shape after adjust: torch.Size([24, 1723, 257, 1, 1])
estimate shape: torch.Size([24, 1724, 257, 1, 4])
target shape: torch.Size([24, 1724, 257, 1, 4])
mixture_phase shape: torch.Size([24, 257, 1723])
target_phase shape after adjust: torch.Size([24, 1723, 257, 1, 4])
mix_phase shape after adjust: torch.Size([24, 1723, 257, 1, 1])
estimate shape: torch.Size([24, 1724, 257, 1, 4])
target shape: torch.Size([24, 1724, 257, 1, 4])
mixture_phase shape: torch.Size([24, 257, 1723])
target_phase shape after adjust: torch.Size([24, 1723, 257, 1, 4])
mix_phase shape after adjust: torch.Size([24, 1723, 257, 1, 1])
estimate shape: torch.Size([24, 1724, 257, 1, 4])
target shape: torch.Size([24, 1724, 257, 1, 4])
mixture_phase shape: torch.Size([24, 257, 1723])
target_phase shape after adjust: torch.Size([24, 1723, 257, 1, 4])
mix_phase shape after adjust: torch.Size([24, 1723, 257, 1, 1])
estimate shape: torch.Size([24, 1724, 257, 1, 4])
target shape: torch.Size([24, 1724, 257, 1, 4])
mixture_phase shape: torch.Size([24, 257, 1723])
target_phase shape after adjust: torch.Size([24, 1723, 257, 1, 4])
mix_phase shape after adjust: torch.Size([24, 1723, 257, 1, 1])
estimate shape: torch.Size([24, 1724, 257, 1, 4])
target shape: torch.Size([24, 1724, 257, 1, 4])
mixture_phase shape: torch.Size([24, 257, 1723])
target_phase shape after adjust: torch.Size([24, 1723, 257, 1, 4])
mix_phase shape after adjust: torch.Size([24, 1723, 257, 1, 1])
estimate shape: torch.Size([8, 1724, 257, 1, 4])
target shape: torch.Size([8, 1724, 257, 1, 4])
mixture_phase shape: torch.Size([8, 257, 1723])
target_phase shape after adjust: torch.Size([8, 1723, 257, 1, 4])
mix_phase shape after adjust: torch.Size([8, 1723, 257, 1, 1])
[Validator] Epoch 19 - val_loss: 0.000016
[BEST CHECKPOINT] Guardado/actualizado en: checkpoints\Mis_modelos\lpsa_phase checkpoints\4stems\best_checkpoint_19_val_loss=-0.0000.pt
03/31/2026 05:24:32 PM | engine.py:1037 Engine run finished. Time taken: 00:00:25.940
[Epoch 19] train_loss=0.000014 | val_loss=0.000016
03/31/2026 05:24:32 PM | engine.py:1010 Epoch[19] Complete. Time taken: 00:00:48.630
03/31/2026 05:24:54 PM | engine.py:906 Engine run starting with max_epochs=1.
03/31/2026 05:25:20 PM | engine.py:1010 Epoch[1] Complete. Time taken: 00:00:25.876
estimate shape: torch.Size([24, 1724, 257, 1, 4])
target shape: torch.Size([24, 1724, 257, 1, 4])
mixture_phase shape: torch.Size([24, 257, 1723])
target_phase shape after adjust: torch.Size([24, 1723, 257, 1, 4])
mix_phase shape after adjust: torch.Size([24, 1723, 257, 1, 1])
estimate shape: torch.Size([24, 1724, 257, 1, 4])
target shape: torch.Size([24, 1724, 257, 1, 4])
mixture_phase shape: torch.Size([24, 257, 1723])
target_phase shape after adjust: torch.Size([24, 1723, 257, 1, 4])
mix_phase shape after adjust: torch.Size([24, 1723, 257, 1, 1])
estimate shape: torch.Size([24, 1724, 257, 1, 4])
target shape: torch.Size([24, 1724, 257, 1, 4])
mixture_phase shape: torch.Size([24, 257, 1723])
target_phase shape after adjust: torch.Size([24, 1723, 257, 1, 4])
mix_phase shape after adjust: torch.Size([24, 1723, 257, 1, 1])
estimate shape: torch.Size([24, 1724, 257, 1, 4])
target shape: torch.Size([24, 1724, 257, 1, 4])
mixture_phase shape: torch.Size([24, 257, 1723])
target_phase shape after adjust: torch.Size([24, 1723, 257, 1, 4])
mix_phase shape after adjust: torch.Size([24, 1723, 257, 1, 1])
estimate shape: torch.Size([24, 1724, 257, 1, 4])
target shape: torch.Size([24, 1724, 257, 1, 4])
mixture_phase shape: torch.Size([24, 257, 1723])
target_phase shape after adjust: torch.Size([24, 1723, 257, 1, 4])
mix_phase shape after adjust: torch.Size([24, 1723, 257, 1, 1])
estimate shape: torch.Size([24, 1724, 257, 1, 4])
target shape: torch.Size([24, 1724, 257, 1, 4])
mixture_phase shape: torch.Size([24, 257, 1723])
target_phase shape after adjust: torch.Size([24, 1723, 257, 1, 4])
mix_phase shape after adjust: torch.Size([24, 1723, 257, 1, 1])
estimate shape: torch.Size([24, 1724, 257, 1, 4])
target shape: torch.Size([24, 1724, 257, 1, 4])
mixture_phase shape: torch.Size([24, 257, 1723])
target_phase shape after adjust: torch.Size([24, 1723, 257, 1, 4])
mix_phase shape after adjust: torch.Size([24, 1723, 257, 1, 1])
estimate shape: torch.Size([24, 1724, 257, 1, 4])
target shape: torch.Size([24, 1724, 257, 1, 4])
mixture_phase shape: torch.Size([24, 257, 1723])
target_phase shape after adjust: torch.Size([24, 1723, 257, 1, 4])
mix_phase shape after adjust: torch.Size([24, 1723, 257, 1, 1])
estimate shape: torch.Size([24, 1724, 257, 1, 4])
target shape: torch.Size([24, 1724, 257, 1, 4])
mixture_phase shape: torch.Size([24, 257, 1723])
target_phase shape after adjust: torch.Size([24, 1723, 257, 1, 4])
mix_phase shape after adjust: torch.Size([24, 1723, 257, 1, 1])
estimate shape: torch.Size([24, 1724, 257, 1, 4])
target shape: torch.Size([24, 1724, 257, 1, 4])
mixture_phase shape: torch.Size([24, 257, 1723])
target_phase shape after adjust: torch.Size([24, 1723, 257, 1, 4])
mix_phase shape after adjust: torch.Size([24, 1723, 257, 1, 1])
estimate shape: torch.Size([24, 1724, 257, 1, 4])
target shape: torch.Size([24, 1724, 257, 1, 4])
mixture_phase shape: torch.Size([24, 257, 1723])
target_phase shape after adjust: torch.Size([24, 1723, 257, 1, 4])
mix_phase shape after adjust: torch.Size([24, 1723, 257, 1, 1])
estimate shape: torch.Size([24, 1724, 257, 1, 4])
target shape: torch.Size([24, 1724, 257, 1, 4])
mixture_phase shape: torch.Size([24, 257, 1723])
target_phase shape after adjust: torch.Size([24, 1723, 257, 1, 4])
mix_phase shape after adjust: torch.Size([24, 1723, 257, 1, 1])
estimate shape: torch.Size([24, 1724, 257, 1, 4])
target shape: torch.Size([24, 1724, 257, 1, 4])
mixture_phase shape: torch.Size([24, 257, 1723])
target_phase shape after adjust: torch.Size([24, 1723, 257, 1, 4])
mix_phase shape after adjust: torch.Size([24, 1723, 257, 1, 1])
estimate shape: torch.Size([24, 1724, 257, 1, 4])
target shape: torch.Size([24, 1724, 257, 1, 4])
mixture_phase shape: torch.Size([24, 257, 1723])
target_phase shape after adjust: torch.Size([24, 1723, 257, 1, 4])
mix_phase shape after adjust: torch.Size([24, 1723, 257, 1, 1])
estimate shape: torch.Size([24, 1724, 257, 1, 4])
target shape: torch.Size([24, 1724, 257, 1, 4])
mixture_phase shape: torch.Size([24, 257, 1723])
target_phase shape after adjust: torch.Size([24, 1723, 257, 1, 4])
mix_phase shape after adjust: torch.Size([24, 1723, 257, 1, 1])
estimate shape: torch.Size([24, 1724, 257, 1, 4])
target shape: torch.Size([24, 1724, 257, 1, 4])
mixture_phase shape: torch.Size([24, 257, 1723])
target_phase shape after adjust: torch.Size([24, 1723, 257, 1, 4])
mix_phase shape after adjust: torch.Size([24, 1723, 257, 1, 1])
estimate shape: torch.Size([24, 1724, 257, 1, 4])
target shape: torch.Size([24, 1724, 257, 1, 4])
mixture_phase shape: torch.Size([24, 257, 1723])
target_phase shape after adjust: torch.Size([24, 1723, 257, 1, 4])
mix_phase shape after adjust: torch.Size([24, 1723, 257, 1, 1])
estimate shape: torch.Size([24, 1724, 257, 1, 4])
target shape: torch.Size([24, 1724, 257, 1, 4])
mixture_phase shape: torch.Size([24, 257, 1723])
target_phase shape after adjust: torch.Size([24, 1723, 257, 1, 4])
mix_phase shape after adjust: torch.Size([24, 1723, 257, 1, 1])
estimate shape: torch.Size([8, 1724, 257, 1, 4])
target shape: torch.Size([8, 1724, 257, 1, 4])
mixture_phase shape: torch.Size([8, 257, 1723])
target_phase shape after adjust: torch.Size([8, 1723, 257, 1, 4])
mix_phase shape after adjust: torch.Size([8, 1723, 257, 1, 1])
[Validator] Epoch 20 - val_loss: 0.000016
[BEST CHECKPOINT] Guardado/actualizado en: checkpoints\Mis_modelos\lpsa_phase checkpoints\4stems\best_checkpoint_20_val_loss=-0.0000.pt
03/31/2026 05:25:20 PM | engine.py:1037 Engine run finished. Time taken: 00:00:25.887
[Epoch 20] train_loss=0.000014 | val_loss=0.000016
03/31/2026 05:25:20 PM | engine.py:1010 Epoch[20] Complete. Time taken: 00:00:48.225
03/31/2026 05:25:42 PM | engine.py:906 Engine run starting with max_epochs=1.
03/31/2026 05:26:08 PM | engine.py:1010 Epoch[1] Complete. Time taken: 00:00:25.650
estimate shape: torch.Size([24, 1724, 257, 1, 4])
target shape: torch.Size([24, 1724, 257, 1, 4])
mixture_phase shape: torch.Size([24, 257, 1723])
target_phase shape after adjust: torch.Size([24, 1723, 257, 1, 4])
mix_phase shape after adjust: torch.Size([24, 1723, 257, 1, 1])
estimate shape: torch.Size([24, 1724, 257, 1, 4])
target shape: torch.Size([24, 1724, 257, 1, 4])
mixture_phase shape: torch.Size([24, 257, 1723])
target_phase shape after adjust: torch.Size([24, 1723, 257, 1, 4])
mix_phase shape after adjust: torch.Size([24, 1723, 257, 1, 1])
estimate shape: torch.Size([24, 1724, 257, 1, 4])
target shape: torch.Size([24, 1724, 257, 1, 4])
mixture_phase shape: torch.Size([24, 257, 1723])
target_phase shape after adjust: torch.Size([24, 1723, 257, 1, 4])
mix_phase shape after adjust: torch.Size([24, 1723, 257, 1, 1])
estimate shape: torch.Size([24, 1724, 257, 1, 4])
target shape: torch.Size([24, 1724, 257, 1, 4])
mixture_phase shape: torch.Size([24, 257, 1723])
target_phase shape after adjust: torch.Size([24, 1723, 257, 1, 4])
mix_phase shape after adjust: torch.Size([24, 1723, 257, 1, 1])
estimate shape: torch.Size([24, 1724, 257, 1, 4])
target shape: torch.Size([24, 1724, 257, 1, 4])
mixture_phase shape: torch.Size([24, 257, 1723])
target_phase shape after adjust: torch.Size([24, 1723, 257, 1, 4])
mix_phase shape after adjust: torch.Size([24, 1723, 257, 1, 1])
estimate shape: torch.Size([24, 1724, 257, 1, 4])
target shape: torch.Size([24, 1724, 257, 1, 4])
mixture_phase shape: torch.Size([24, 257, 1723])
target_phase shape after adjust: torch.Size([24, 1723, 257, 1, 4])
mix_phase shape after adjust: torch.Size([24, 1723, 257, 1, 1])
estimate shape: torch.Size([24, 1724, 257, 1, 4])
target shape: torch.Size([24, 1724, 257, 1, 4])
mixture_phase shape: torch.Size([24, 257, 1723])
target_phase shape after adjust: torch.Size([24, 1723, 257, 1, 4])
mix_phase shape after adjust: torch.Size([24, 1723, 257, 1, 1])
estimate shape: torch.Size([24, 1724, 257, 1, 4])
target shape: torch.Size([24, 1724, 257, 1, 4])
mixture_phase shape: torch.Size([24, 257, 1723])
target_phase shape after adjust: torch.Size([24, 1723, 257, 1, 4])
mix_phase shape after adjust: torch.Size([24, 1723, 257, 1, 1])
estimate shape: torch.Size([24, 1724, 257, 1, 4])
target shape: torch.Size([24, 1724, 257, 1, 4])
mixture_phase shape: torch.Size([24, 257, 1723])
target_phase shape after adjust: torch.Size([24, 1723, 257, 1, 4])
mix_phase shape after adjust: torch.Size([24, 1723, 257, 1, 1])
estimate shape: torch.Size([24, 1724, 257, 1, 4])
target shape: torch.Size([24, 1724, 257, 1, 4])
mixture_phase shape: torch.Size([24, 257, 1723])
target_phase shape after adjust: torch.Size([24, 1723, 257, 1, 4])
mix_phase shape after adjust: torch.Size([24, 1723, 257, 1, 1])
estimate shape: torch.Size([24, 1724, 257, 1, 4])
target shape: torch.Size([24, 1724, 257, 1, 4])
mixture_phase shape: torch.Size([24, 257, 1723])
target_phase shape after adjust: torch.Size([24, 1723, 257, 1, 4])
mix_phase shape after adjust: torch.Size([24, 1723, 257, 1, 1])
estimate shape: torch.Size([24, 1724, 257, 1, 4])
target shape: torch.Size([24, 1724, 257, 1, 4])
mixture_phase shape: torch.Size([24, 257, 1723])
target_phase shape after adjust: torch.Size([24, 1723, 257, 1, 4])
mix_phase shape after adjust: torch.Size([24, 1723, 257, 1, 1])
estimate shape: torch.Size([24, 1724, 257, 1, 4])
target shape: torch.Size([24, 1724, 257, 1, 4])
mixture_phase shape: torch.Size([24, 257, 1723])
target_phase shape after adjust: torch.Size([24, 1723, 257, 1, 4])
mix_phase shape after adjust: torch.Size([24, 1723, 257, 1, 1])
estimate shape: torch.Size([24, 1724, 257, 1, 4])
target shape: torch.Size([24, 1724, 257, 1, 4])
mixture_phase shape: torch.Size([24, 257, 1723])
target_phase shape after adjust: torch.Size([24, 1723, 257, 1, 4])
mix_phase shape after adjust: torch.Size([24, 1723, 257, 1, 1])
estimate shape: torch.Size([24, 1724, 257, 1, 4])
target shape: torch.Size([24, 1724, 257, 1, 4])
mixture_phase shape: torch.Size([24, 257, 1723])
target_phase shape after adjust: torch.Size([24, 1723, 257, 1, 4])
mix_phase shape after adjust: torch.Size([24, 1723, 257, 1, 1])
estimate shape: torch.Size([24, 1724, 257, 1, 4])
target shape: torch.Size([24, 1724, 257, 1, 4])
mixture_phase shape: torch.Size([24, 257, 1723])
target_phase shape after adjust: torch.Size([24, 1723, 257, 1, 4])
mix_phase shape after adjust: torch.Size([24, 1723, 257, 1, 1])
estimate shape: torch.Size([24, 1724, 257, 1, 4])
target shape: torch.Size([24, 1724, 257, 1, 4])
mixture_phase shape: torch.Size([24, 257, 1723])
target_phase shape after adjust: torch.Size([24, 1723, 257, 1, 4])
mix_phase shape after adjust: torch.Size([24, 1723, 257, 1, 1])
estimate shape: torch.Size([24, 1724, 257, 1, 4])
target shape: torch.Size([24, 1724, 257, 1, 4])
mixture_phase shape: torch.Size([24, 257, 1723])
target_phase shape after adjust: torch.Size([24, 1723, 257, 1, 4])
mix_phase shape after adjust: torch.Size([24, 1723, 257, 1, 1])
estimate shape: torch.Size([8, 1724, 257, 1, 4])
target shape: torch.Size([8, 1724, 257, 1, 4])
mixture_phase shape: torch.Size([8, 257, 1723])
target_phase shape after adjust: torch.Size([8, 1723, 257, 1, 4])
mix_phase shape after adjust: torch.Size([8, 1723, 257, 1, 1])
[Validator] Epoch 21 - val_loss: 0.000015
[BEST CHECKPOINT] Guardado/actualizado en: checkpoints\Mis_modelos\lpsa_phase checkpoints\4stems\best_checkpoint_21_val_loss=-0.0000.pt
03/31/2026 05:26:08 PM | engine.py:1037 Engine run finished. Time taken: 00:00:25.663
[Epoch 21] train_loss=0.000014 | val_loss=0.000015
03/31/2026 05:26:08 PM | engine.py:1010 Epoch[21] Complete. Time taken: 00:00:48.068
03/31/2026 05:26:30 PM | engine.py:906 Engine run starting with max_epochs=1.
03/31/2026 05:26:56 PM | engine.py:1010 Epoch[1] Complete. Time taken: 00:00:25.702
estimate shape: torch.Size([24, 1724, 257, 1, 4])
target shape: torch.Size([24, 1724, 257, 1, 4])
mixture_phase shape: torch.Size([24, 257, 1723])
target_phase shape after adjust: torch.Size([24, 1723, 257, 1, 4])
mix_phase shape after adjust: torch.Size([24, 1723, 257, 1, 1])
estimate shape: torch.Size([24, 1724, 257, 1, 4])
target shape: torch.Size([24, 1724, 257, 1, 4])
mixture_phase shape: torch.Size([24, 257, 1723])
target_phase shape after adjust: torch.Size([24, 1723, 257, 1, 4])
mix_phase shape after adjust: torch.Size([24, 1723, 257, 1, 1])
estimate shape: torch.Size([24, 1724, 257, 1, 4])
target shape: torch.Size([24, 1724, 257, 1, 4])
mixture_phase shape: torch.Size([24, 257, 1723])
target_phase shape after adjust: torch.Size([24, 1723, 257, 1, 4])
mix_phase shape after adjust: torch.Size([24, 1723, 257, 1, 1])
estimate shape: torch.Size([24, 1724, 257, 1, 4])
target shape: torch.Size([24, 1724, 257, 1, 4])
mixture_phase shape: torch.Size([24, 257, 1723])
target_phase shape after adjust: torch.Size([24, 1723, 257, 1, 4])
mix_phase shape after adjust: torch.Size([24, 1723, 257, 1, 1])
estimate shape: torch.Size([24, 1724, 257, 1, 4])
target shape: torch.Size([24, 1724, 257, 1, 4])
mixture_phase shape: torch.Size([24, 257, 1723])
target_phase shape after adjust: torch.Size([24, 1723, 257, 1, 4])
mix_phase shape after adjust: torch.Size([24, 1723, 257, 1, 1])
estimate shape: torch.Size([24, 1724, 257, 1, 4])
target shape: torch.Size([24, 1724, 257, 1, 4])
mixture_phase shape: torch.Size([24, 257, 1723])
target_phase shape after adjust: torch.Size([24, 1723, 257, 1, 4])
mix_phase shape after adjust: torch.Size([24, 1723, 257, 1, 1])
estimate shape: torch.Size([24, 1724, 257, 1, 4])
target shape: torch.Size([24, 1724, 257, 1, 4])
mixture_phase shape: torch.Size([24, 257, 1723])
target_phase shape after adjust: torch.Size([24, 1723, 257, 1, 4])
mix_phase shape after adjust: torch.Size([24, 1723, 257, 1, 1])
estimate shape: torch.Size([24, 1724, 257, 1, 4])
target shape: torch.Size([24, 1724, 257, 1, 4])
mixture_phase shape: torch.Size([24, 257, 1723])
target_phase shape after adjust: torch.Size([24, 1723, 257, 1, 4])
mix_phase shape after adjust: torch.Size([24, 1723, 257, 1, 1])
estimate shape: torch.Size([24, 1724, 257, 1, 4])
target shape: torch.Size([24, 1724, 257, 1, 4])
mixture_phase shape: torch.Size([24, 257, 1723])
target_phase shape after adjust: torch.Size([24, 1723, 257, 1, 4])
mix_phase shape after adjust: torch.Size([24, 1723, 257, 1, 1])
estimate shape: torch.Size([24, 1724, 257, 1, 4])
target shape: torch.Size([24, 1724, 257, 1, 4])
mixture_phase shape: torch.Size([24, 257, 1723])
target_phase shape after adjust: torch.Size([24, 1723, 257, 1, 4])
mix_phase shape after adjust: torch.Size([24, 1723, 257, 1, 1])
estimate shape: torch.Size([24, 1724, 257, 1, 4])
target shape: torch.Size([24, 1724, 257, 1, 4])
mixture_phase shape: torch.Size([24, 257, 1723])
target_phase shape after adjust: torch.Size([24, 1723, 257, 1, 4])
mix_phase shape after adjust: torch.Size([24, 1723, 257, 1, 1])
estimate shape: torch.Size([24, 1724, 257, 1, 4])
target shape: torch.Size([24, 1724, 257, 1, 4])
mixture_phase shape: torch.Size([24, 257, 1723])
target_phase shape after adjust: torch.Size([24, 1723, 257, 1, 4])
mix_phase shape after adjust: torch.Size([24, 1723, 257, 1, 1])
estimate shape: torch.Size([24, 1724, 257, 1, 4])
target shape: torch.Size([24, 1724, 257, 1, 4])
mixture_phase shape: torch.Size([24, 257, 1723])
target_phase shape after adjust: torch.Size([24, 1723, 257, 1, 4])
mix_phase shape after adjust: torch.Size([24, 1723, 257, 1, 1])
estimate shape: torch.Size([24, 1724, 257, 1, 4])
target shape: torch.Size([24, 1724, 257, 1, 4])
mixture_phase shape: torch.Size([24, 257, 1723])
target_phase shape after adjust: torch.Size([24, 1723, 257, 1, 4])
mix_phase shape after adjust: torch.Size([24, 1723, 257, 1, 1])
estimate shape: torch.Size([24, 1724, 257, 1, 4])
target shape: torch.Size([24, 1724, 257, 1, 4])
mixture_phase shape: torch.Size([24, 257, 1723])
target_phase shape after adjust: torch.Size([24, 1723, 257, 1, 4])
mix_phase shape after adjust: torch.Size([24, 1723, 257, 1, 1])
estimate shape: torch.Size([24, 1724, 257, 1, 4])
target shape: torch.Size([24, 1724, 257, 1, 4])
mixture_phase shape: torch.Size([24, 257, 1723])
target_phase shape after adjust: torch.Size([24, 1723, 257, 1, 4])
mix_phase shape after adjust: torch.Size([24, 1723, 257, 1, 1])
estimate shape: torch.Size([24, 1724, 257, 1, 4])
target shape: torch.Size([24, 1724, 257, 1, 4])
mixture_phase shape: torch.Size([24, 257, 1723])
target_phase shape after adjust: torch.Size([24, 1723, 257, 1, 4])
mix_phase shape after adjust: torch.Size([24, 1723, 257, 1, 1])
estimate shape: torch.Size([24, 1724, 257, 1, 4])
target shape: torch.Size([24, 1724, 257, 1, 4])
mixture_phase shape: torch.Size([24, 257, 1723])
target_phase shape after adjust: torch.Size([24, 1723, 257, 1, 4])
mix_phase shape after adjust: torch.Size([24, 1723, 257, 1, 1])
estimate shape: torch.Size([8, 1724, 257, 1, 4])
target shape: torch.Size([8, 1724, 257, 1, 4])
mixture_phase shape: torch.Size([8, 257, 1723])
target_phase shape after adjust: torch.Size([8, 1723, 257, 1, 4])
mix_phase shape after adjust: torch.Size([8, 1723, 257, 1, 1])
[Validator] Epoch 22 - val_loss: 0.000015
[BEST CHECKPOINT] Guardado/actualizado en: checkpoints\Mis_modelos\lpsa_phase checkpoints\4stems\best_checkpoint_22_val_loss=-0.0000.pt
03/31/2026 05:26:56 PM | engine.py:1037 Engine run finished. Time taken: 00:00:25.711
[Epoch 22] train_loss=0.000013 | val_loss=0.000015
03/31/2026 05:26:56 PM | engine.py:1010 Epoch[22] Complete. Time taken: 00:00:48.049
03/31/2026 05:27:18 PM | engine.py:906 Engine run starting with max_epochs=1.
03/31/2026 05:27:44 PM | engine.py:1010 Epoch[1] Complete. Time taken: 00:00:25.835
estimate shape: torch.Size([24, 1724, 257, 1, 4])
target shape: torch.Size([24, 1724, 257, 1, 4])
mixture_phase shape: torch.Size([24, 257, 1723])
target_phase shape after adjust: torch.Size([24, 1723, 257, 1, 4])
mix_phase shape after adjust: torch.Size([24, 1723, 257, 1, 1])
estimate shape: torch.Size([24, 1724, 257, 1, 4])
target shape: torch.Size([24, 1724, 257, 1, 4])
mixture_phase shape: torch.Size([24, 257, 1723])
target_phase shape after adjust: torch.Size([24, 1723, 257, 1, 4])
mix_phase shape after adjust: torch.Size([24, 1723, 257, 1, 1])
estimate shape: torch.Size([24, 1724, 257, 1, 4])
target shape: torch.Size([24, 1724, 257, 1, 4])
mixture_phase shape: torch.Size([24, 257, 1723])
target_phase shape after adjust: torch.Size([24, 1723, 257, 1, 4])
mix_phase shape after adjust: torch.Size([24, 1723, 257, 1, 1])
estimate shape: torch.Size([24, 1724, 257, 1, 4])
target shape: torch.Size([24, 1724, 257, 1, 4])
mixture_phase shape: torch.Size([24, 257, 1723])
target_phase shape after adjust: torch.Size([24, 1723, 257, 1, 4])
mix_phase shape after adjust: torch.Size([24, 1723, 257, 1, 1])
estimate shape: torch.Size([24, 1724, 257, 1, 4])
target shape: torch.Size([24, 1724, 257, 1, 4])
mixture_phase shape: torch.Size([24, 257, 1723])
target_phase shape after adjust: torch.Size([24, 1723, 257, 1, 4])
mix_phase shape after adjust: torch.Size([24, 1723, 257, 1, 1])
estimate shape: torch.Size([24, 1724, 257, 1, 4])
target shape: torch.Size([24, 1724, 257, 1, 4])
mixture_phase shape: torch.Size([24, 257, 1723])
target_phase shape after adjust: torch.Size([24, 1723, 257, 1, 4])
mix_phase shape after adjust: torch.Size([24, 1723, 257, 1, 1])
estimate shape: torch.Size([24, 1724, 257, 1, 4])
target shape: torch.Size([24, 1724, 257, 1, 4])
mixture_phase shape: torch.Size([24, 257, 1723])
target_phase shape after adjust: torch.Size([24, 1723, 257, 1, 4])
mix_phase shape after adjust: torch.Size([24, 1723, 257, 1, 1])
estimate shape: torch.Size([24, 1724, 257, 1, 4])
target shape: torch.Size([24, 1724, 257, 1, 4])
mixture_phase shape: torch.Size([24, 257, 1723])
target_phase shape after adjust: torch.Size([24, 1723, 257, 1, 4])
mix_phase shape after adjust: torch.Size([24, 1723, 257, 1, 1])
estimate shape: torch.Size([24, 1724, 257, 1, 4])
target shape: torch.Size([24, 1724, 257, 1, 4])
mixture_phase shape: torch.Size([24, 257, 1723])
target_phase shape after adjust: torch.Size([24, 1723, 257, 1, 4])
mix_phase shape after adjust: torch.Size([24, 1723, 257, 1, 1])
estimate shape: torch.Size([24, 1724, 257, 1, 4])
target shape: torch.Size([24, 1724, 257, 1, 4])
mixture_phase shape: torch.Size([24, 257, 1723])
target_phase shape after adjust: torch.Size([24, 1723, 257, 1, 4])
mix_phase shape after adjust: torch.Size([24, 1723, 257, 1, 1])
estimate shape: torch.Size([24, 1724, 257, 1, 4])
target shape: torch.Size([24, 1724, 257, 1, 4])
mixture_phase shape: torch.Size([24, 257, 1723])
target_phase shape after adjust: torch.Size([24, 1723, 257, 1, 4])
mix_phase shape after adjust: torch.Size([24, 1723, 257, 1, 1])
estimate shape: torch.Size([24, 1724, 257, 1, 4])
target shape: torch.Size([24, 1724, 257, 1, 4])
mixture_phase shape: torch.Size([24, 257, 1723])
target_phase shape after adjust: torch.Size([24, 1723, 257, 1, 4])
mix_phase shape after adjust: torch.Size([24, 1723, 257, 1, 1])
estimate shape: torch.Size([24, 1724, 257, 1, 4])
target shape: torch.Size([24, 1724, 257, 1, 4])
mixture_phase shape: torch.Size([24, 257, 1723])
target_phase shape after adjust: torch.Size([24, 1723, 257, 1, 4])
mix_phase shape after adjust: torch.Size([24, 1723, 257, 1, 1])
estimate shape: torch.Size([24, 1724, 257, 1, 4])
target shape: torch.Size([24, 1724, 257, 1, 4])
mixture_phase shape: torch.Size([24, 257, 1723])
target_phase shape after adjust: torch.Size([24, 1723, 257, 1, 4])
mix_phase shape after adjust: torch.Size([24, 1723, 257, 1, 1])
estimate shape: torch.Size([24, 1724, 257, 1, 4])
target shape: torch.Size([24, 1724, 257, 1, 4])
mixture_phase shape: torch.Size([24, 257, 1723])
target_phase shape after adjust: torch.Size([24, 1723, 257, 1, 4])
mix_phase shape after adjust: torch.Size([24, 1723, 257, 1, 1])
estimate shape: torch.Size([24, 1724, 257, 1, 4])
target shape: torch.Size([24, 1724, 257, 1, 4])
mixture_phase shape: torch.Size([24, 257, 1723])
target_phase shape after adjust: torch.Size([24, 1723, 257, 1, 4])
mix_phase shape after adjust: torch.Size([24, 1723, 257, 1, 1])
estimate shape: torch.Size([24, 1724, 257, 1, 4])
target shape: torch.Size([24, 1724, 257, 1, 4])
mixture_phase shape: torch.Size([24, 257, 1723])
target_phase shape after adjust: torch.Size([24, 1723, 257, 1, 4])
mix_phase shape after adjust: torch.Size([24, 1723, 257, 1, 1])
estimate shape: torch.Size([24, 1724, 257, 1, 4])
target shape: torch.Size([24, 1724, 257, 1, 4])
mixture_phase shape: torch.Size([24, 257, 1723])
target_phase shape after adjust: torch.Size([24, 1723, 257, 1, 4])
mix_phase shape after adjust: torch.Size([24, 1723, 257, 1, 1])
estimate shape: torch.Size([8, 1724, 257, 1, 4])
target shape: torch.Size([8, 1724, 257, 1, 4])
mixture_phase shape: torch.Size([8, 257, 1723])
target_phase shape after adjust: torch.Size([8, 1723, 257, 1, 4])
mix_phase shape after adjust: torch.Size([8, 1723, 257, 1, 1])
[Validator] Epoch 23 - val_loss: 0.000015
[BEST CHECKPOINT] Guardado/actualizado en: checkpoints\Mis_modelos\lpsa_phase checkpoints\4stems\best_checkpoint_23_val_loss=-0.0000.pt
03/31/2026 05:27:44 PM | engine.py:1037 Engine run finished. Time taken: 00:00:25.844
[Epoch 23] train_loss=0.000014 | val_loss=0.000015
03/31/2026 05:27:44 PM | engine.py:1010 Epoch[23] Complete. Time taken: 00:00:48.332
03/31/2026 05:28:07 PM | engine.py:906 Engine run starting with max_epochs=1.
03/31/2026 05:28:33 PM | engine.py:1010 Epoch[1] Complete. Time taken: 00:00:26.035
estimate shape: torch.Size([24, 1724, 257, 1, 4])
target shape: torch.Size([24, 1724, 257, 1, 4])
mixture_phase shape: torch.Size([24, 257, 1723])
target_phase shape after adjust: torch.Size([24, 1723, 257, 1, 4])
mix_phase shape after adjust: torch.Size([24, 1723, 257, 1, 1])
estimate shape: torch.Size([24, 1724, 257, 1, 4])
target shape: torch.Size([24, 1724, 257, 1, 4])
mixture_phase shape: torch.Size([24, 257, 1723])
target_phase shape after adjust: torch.Size([24, 1723, 257, 1, 4])
mix_phase shape after adjust: torch.Size([24, 1723, 257, 1, 1])
estimate shape: torch.Size([24, 1724, 257, 1, 4])
target shape: torch.Size([24, 1724, 257, 1, 4])
mixture_phase shape: torch.Size([24, 257, 1723])
target_phase shape after adjust: torch.Size([24, 1723, 257, 1, 4])
mix_phase shape after adjust: torch.Size([24, 1723, 257, 1, 1])
estimate shape: torch.Size([24, 1724, 257, 1, 4])
target shape: torch.Size([24, 1724, 257, 1, 4])
mixture_phase shape: torch.Size([24, 257, 1723])
target_phase shape after adjust: torch.Size([24, 1723, 257, 1, 4])
mix_phase shape after adjust: torch.Size([24, 1723, 257, 1, 1])
estimate shape: torch.Size([24, 1724, 257, 1, 4])
target shape: torch.Size([24, 1724, 257, 1, 4])
mixture_phase shape: torch.Size([24, 257, 1723])
target_phase shape after adjust: torch.Size([24, 1723, 257, 1, 4])
mix_phase shape after adjust: torch.Size([24, 1723, 257, 1, 1])
estimate shape: torch.Size([24, 1724, 257, 1, 4])
target shape: torch.Size([24, 1724, 257, 1, 4])
mixture_phase shape: torch.Size([24, 257, 1723])
target_phase shape after adjust: torch.Size([24, 1723, 257, 1, 4])
mix_phase shape after adjust: torch.Size([24, 1723, 257, 1, 1])
estimate shape: torch.Size([24, 1724, 257, 1, 4])
target shape: torch.Size([24, 1724, 257, 1, 4])
mixture_phase shape: torch.Size([24, 257, 1723])
target_phase shape after adjust: torch.Size([24, 1723, 257, 1, 4])
mix_phase shape after adjust: torch.Size([24, 1723, 257, 1, 1])
estimate shape: torch.Size([24, 1724, 257, 1, 4])
target shape: torch.Size([24, 1724, 257, 1, 4])
mixture_phase shape: torch.Size([24, 257, 1723])
target_phase shape after adjust: torch.Size([24, 1723, 257, 1, 4])
mix_phase shape after adjust: torch.Size([24, 1723, 257, 1, 1])
estimate shape: torch.Size([24, 1724, 257, 1, 4])
target shape: torch.Size([24, 1724, 257, 1, 4])
mixture_phase shape: torch.Size([24, 257, 1723])
target_phase shape after adjust: torch.Size([24, 1723, 257, 1, 4])
mix_phase shape after adjust: torch.Size([24, 1723, 257, 1, 1])
estimate shape: torch.Size([24, 1724, 257, 1, 4])
target shape: torch.Size([24, 1724, 257, 1, 4])
mixture_phase shape: torch.Size([24, 257, 1723])
target_phase shape after adjust: torch.Size([24, 1723, 257, 1, 4])
mix_phase shape after adjust: torch.Size([24, 1723, 257, 1, 1])
estimate shape: torch.Size([24, 1724, 257, 1, 4])
target shape: torch.Size([24, 1724, 257, 1, 4])
mixture_phase shape: torch.Size([24, 257, 1723])
target_phase shape after adjust: torch.Size([24, 1723, 257, 1, 4])
mix_phase shape after adjust: torch.Size([24, 1723, 257, 1, 1])
estimate shape: torch.Size([24, 1724, 257, 1, 4])
target shape: torch.Size([24, 1724, 257, 1, 4])
mixture_phase shape: torch.Size([24, 257, 1723])
target_phase shape after adjust: torch.Size([24, 1723, 257, 1, 4])
mix_phase shape after adjust: torch.Size([24, 1723, 257, 1, 1])
estimate shape: torch.Size([24, 1724, 257, 1, 4])
target shape: torch.Size([24, 1724, 257, 1, 4])
mixture_phase shape: torch.Size([24, 257, 1723])
target_phase shape after adjust: torch.Size([24, 1723, 257, 1, 4])
mix_phase shape after adjust: torch.Size([24, 1723, 257, 1, 1])
estimate shape: torch.Size([24, 1724, 257, 1, 4])
target shape: torch.Size([24, 1724, 257, 1, 4])
mixture_phase shape: torch.Size([24, 257, 1723])
target_phase shape after adjust: torch.Size([24, 1723, 257, 1, 4])
mix_phase shape after adjust: torch.Size([24, 1723, 257, 1, 1])
estimate shape: torch.Size([24, 1724, 257, 1, 4])
target shape: torch.Size([24, 1724, 257, 1, 4])
mixture_phase shape: torch.Size([24, 257, 1723])
target_phase shape after adjust: torch.Size([24, 1723, 257, 1, 4])
mix_phase shape after adjust: torch.Size([24, 1723, 257, 1, 1])
estimate shape: torch.Size([24, 1724, 257, 1, 4])
target shape: torch.Size([24, 1724, 257, 1, 4])
mixture_phase shape: torch.Size([24, 257, 1723])
target_phase shape after adjust: torch.Size([24, 1723, 257, 1, 4])
mix_phase shape after adjust: torch.Size([24, 1723, 257, 1, 1])
estimate shape: torch.Size([24, 1724, 257, 1, 4])
target shape: torch.Size([24, 1724, 257, 1, 4])
mixture_phase shape: torch.Size([24, 257, 1723])
target_phase shape after adjust: torch.Size([24, 1723, 257, 1, 4])
mix_phase shape after adjust: torch.Size([24, 1723, 257, 1, 1])
estimate shape: torch.Size([24, 1724, 257, 1, 4])
target shape: torch.Size([24, 1724, 257, 1, 4])
mixture_phase shape: torch.Size([24, 257, 1723])
target_phase shape after adjust: torch.Size([24, 1723, 257, 1, 4])
mix_phase shape after adjust: torch.Size([24, 1723, 257, 1, 1])
estimate shape: torch.Size([8, 1724, 257, 1, 4])
target shape: torch.Size([8, 1724, 257, 1, 4])
mixture_phase shape: torch.Size([8, 257, 1723])
target_phase shape after adjust: torch.Size([8, 1723, 257, 1, 4])
mix_phase shape after adjust: torch.Size([8, 1723, 257, 1, 1])
[Validator] Epoch 24 - val_loss: 0.000015
[BEST CHECKPOINT] Guardado/actualizado en: checkpoints\Mis_modelos\lpsa_phase checkpoints\4stems\best_checkpoint_24_val_loss=-0.0000.pt
03/31/2026 05:28:33 PM | engine.py:1037 Engine run finished. Time taken: 00:00:26.047
[Epoch 24] train_loss=0.000013 | val_loss=0.000015
03/31/2026 05:28:33 PM | engine.py:1010 Epoch[24] Complete. Time taken: 00:00:48.356
03/31/2026 05:28:54 PM | engine.py:906 Engine run starting with max_epochs=1.
03/31/2026 05:29:21 PM | engine.py:1010 Epoch[1] Complete. Time taken: 00:00:26.374
estimate shape: torch.Size([24, 1724, 257, 1, 4])
target shape: torch.Size([24, 1724, 257, 1, 4])
mixture_phase shape: torch.Size([24, 257, 1723])
target_phase shape after adjust: torch.Size([24, 1723, 257, 1, 4])
mix_phase shape after adjust: torch.Size([24, 1723, 257, 1, 1])
estimate shape: torch.Size([24, 1724, 257, 1, 4])
target shape: torch.Size([24, 1724, 257, 1, 4])
mixture_phase shape: torch.Size([24, 257, 1723])
target_phase shape after adjust: torch.Size([24, 1723, 257, 1, 4])
mix_phase shape after adjust: torch.Size([24, 1723, 257, 1, 1])
estimate shape: torch.Size([24, 1724, 257, 1, 4])
target shape: torch.Size([24, 1724, 257, 1, 4])
mixture_phase shape: torch.Size([24, 257, 1723])
target_phase shape after adjust: torch.Size([24, 1723, 257, 1, 4])
mix_phase shape after adjust: torch.Size([24, 1723, 257, 1, 1])
estimate shape: torch.Size([24, 1724, 257, 1, 4])
target shape: torch.Size([24, 1724, 257, 1, 4])
mixture_phase shape: torch.Size([24, 257, 1723])
target_phase shape after adjust: torch.Size([24, 1723, 257, 1, 4])
mix_phase shape after adjust: torch.Size([24, 1723, 257, 1, 1])
estimate shape: torch.Size([24, 1724, 257, 1, 4])
target shape: torch.Size([24, 1724, 257, 1, 4])
mixture_phase shape: torch.Size([24, 257, 1723])
target_phase shape after adjust: torch.Size([24, 1723, 257, 1, 4])
mix_phase shape after adjust: torch.Size([24, 1723, 257, 1, 1])
estimate shape: torch.Size([24, 1724, 257, 1, 4])
target shape: torch.Size([24, 1724, 257, 1, 4])
mixture_phase shape: torch.Size([24, 257, 1723])
target_phase shape after adjust: torch.Size([24, 1723, 257, 1, 4])
mix_phase shape after adjust: torch.Size([24, 1723, 257, 1, 1])
estimate shape: torch.Size([24, 1724, 257, 1, 4])
target shape: torch.Size([24, 1724, 257, 1, 4])
mixture_phase shape: torch.Size([24, 257, 1723])
target_phase shape after adjust: torch.Size([24, 1723, 257, 1, 4])
mix_phase shape after adjust: torch.Size([24, 1723, 257, 1, 1])
estimate shape: torch.Size([24, 1724, 257, 1, 4])
target shape: torch.Size([24, 1724, 257, 1, 4])
mixture_phase shape: torch.Size([24, 257, 1723])
target_phase shape after adjust: torch.Size([24, 1723, 257, 1, 4])
mix_phase shape after adjust: torch.Size([24, 1723, 257, 1, 1])
estimate shape: torch.Size([24, 1724, 257, 1, 4])
target shape: torch.Size([24, 1724, 257, 1, 4])
mixture_phase shape: torch.Size([24, 257, 1723])
target_phase shape after adjust: torch.Size([24, 1723, 257, 1, 4])
mix_phase shape after adjust: torch.Size([24, 1723, 257, 1, 1])
estimate shape: torch.Size([24, 1724, 257, 1, 4])
target shape: torch.Size([24, 1724, 257, 1, 4])
mixture_phase shape: torch.Size([24, 257, 1723])
target_phase shape after adjust: torch.Size([24, 1723, 257, 1, 4])
mix_phase shape after adjust: torch.Size([24, 1723, 257, 1, 1])
estimate shape: torch.Size([24, 1724, 257, 1, 4])
target shape: torch.Size([24, 1724, 257, 1, 4])
mixture_phase shape: torch.Size([24, 257, 1723])
target_phase shape after adjust: torch.Size([24, 1723, 257, 1, 4])
mix_phase shape after adjust: torch.Size([24, 1723, 257, 1, 1])
estimate shape: torch.Size([24, 1724, 257, 1, 4])
target shape: torch.Size([24, 1724, 257, 1, 4])
mixture_phase shape: torch.Size([24, 257, 1723])
target_phase shape after adjust: torch.Size([24, 1723, 257, 1, 4])
mix_phase shape after adjust: torch.Size([24, 1723, 257, 1, 1])
estimate shape: torch.Size([24, 1724, 257, 1, 4])
target shape: torch.Size([24, 1724, 257, 1, 4])
mixture_phase shape: torch.Size([24, 257, 1723])
target_phase shape after adjust: torch.Size([24, 1723, 257, 1, 4])
mix_phase shape after adjust: torch.Size([24, 1723, 257, 1, 1])
estimate shape: torch.Size([24, 1724, 257, 1, 4])
target shape: torch.Size([24, 1724, 257, 1, 4])
mixture_phase shape: torch.Size([24, 257, 1723])
target_phase shape after adjust: torch.Size([24, 1723, 257, 1, 4])
mix_phase shape after adjust: torch.Size([24, 1723, 257, 1, 1])
estimate shape: torch.Size([24, 1724, 257, 1, 4])
target shape: torch.Size([24, 1724, 257, 1, 4])
mixture_phase shape: torch.Size([24, 257, 1723])
target_phase shape after adjust: torch.Size([24, 1723, 257, 1, 4])
mix_phase shape after adjust: torch.Size([24, 1723, 257, 1, 1])
estimate shape: torch.Size([24, 1724, 257, 1, 4])
target shape: torch.Size([24, 1724, 257, 1, 4])
mixture_phase shape: torch.Size([24, 257, 1723])
target_phase shape after adjust: torch.Size([24, 1723, 257, 1, 4])
mix_phase shape after adjust: torch.Size([24, 1723, 257, 1, 1])
estimate shape: torch.Size([24, 1724, 257, 1, 4])
target shape: torch.Size([24, 1724, 257, 1, 4])
mixture_phase shape: torch.Size([24, 257, 1723])
target_phase shape after adjust: torch.Size([24, 1723, 257, 1, 4])
mix_phase shape after adjust: torch.Size([24, 1723, 257, 1, 1])
estimate shape: torch.Size([24, 1724, 257, 1, 4])
target shape: torch.Size([24, 1724, 257, 1, 4])
mixture_phase shape: torch.Size([24, 257, 1723])
target_phase shape after adjust: torch.Size([24, 1723, 257, 1, 4])
mix_phase shape after adjust: torch.Size([24, 1723, 257, 1, 1])
estimate shape: torch.Size([8, 1724, 257, 1, 4])
target shape: torch.Size([8, 1724, 257, 1, 4])
mixture_phase shape: torch.Size([8, 257, 1723])
target_phase shape after adjust: torch.Size([8, 1723, 257, 1, 4])
mix_phase shape after adjust: torch.Size([8, 1723, 257, 1, 1])
[Validator] Epoch 25 - val_loss: 0.000014
[BEST CHECKPOINT] Guardado/actualizado en: checkpoints\Mis_modelos\lpsa_phase checkpoints\4stems\best_checkpoint_25_val_loss=-0.0000.pt
03/31/2026 05:29:21 PM | engine.py:1037 Engine run finished. Time taken: 00:00:26.383
[Epoch 25] train_loss=0.000013 | val_loss=0.000014
03/31/2026 05:29:21 PM | engine.py:1010 Epoch[25] Complete. Time taken: 00:00:48.023
03/31/2026 05:29:42 PM | engine.py:906 Engine run starting with max_epochs=1.
03/31/2026 05:30:08 PM | engine.py:1010 Epoch[1] Complete. Time taken: 00:00:26.146
estimate shape: torch.Size([24, 1724, 257, 1, 4])
target shape: torch.Size([24, 1724, 257, 1, 4])
mixture_phase shape: torch.Size([24, 257, 1723])
target_phase shape after adjust: torch.Size([24, 1723, 257, 1, 4])
mix_phase shape after adjust: torch.Size([24, 1723, 257, 1, 1])
estimate shape: torch.Size([24, 1724, 257, 1, 4])
target shape: torch.Size([24, 1724, 257, 1, 4])
mixture_phase shape: torch.Size([24, 257, 1723])
target_phase shape after adjust: torch.Size([24, 1723, 257, 1, 4])
mix_phase shape after adjust: torch.Size([24, 1723, 257, 1, 1])
estimate shape: torch.Size([24, 1724, 257, 1, 4])
target shape: torch.Size([24, 1724, 257, 1, 4])
mixture_phase shape: torch.Size([24, 257, 1723])
target_phase shape after adjust: torch.Size([24, 1723, 257, 1, 4])
mix_phase shape after adjust: torch.Size([24, 1723, 257, 1, 1])
estimate shape: torch.Size([24, 1724, 257, 1, 4])
target shape: torch.Size([24, 1724, 257, 1, 4])
mixture_phase shape: torch.Size([24, 257, 1723])
target_phase shape after adjust: torch.Size([24, 1723, 257, 1, 4])
mix_phase shape after adjust: torch.Size([24, 1723, 257, 1, 1])
estimate shape: torch.Size([24, 1724, 257, 1, 4])
target shape: torch.Size([24, 1724, 257, 1, 4])
mixture_phase shape: torch.Size([24, 257, 1723])
target_phase shape after adjust: torch.Size([24, 1723, 257, 1, 4])
mix_phase shape after adjust: torch.Size([24, 1723, 257, 1, 1])
estimate shape: torch.Size([24, 1724, 257, 1, 4])
target shape: torch.Size([24, 1724, 257, 1, 4])
mixture_phase shape: torch.Size([24, 257, 1723])
target_phase shape after adjust: torch.Size([24, 1723, 257, 1, 4])
mix_phase shape after adjust: torch.Size([24, 1723, 257, 1, 1])
estimate shape: torch.Size([24, 1724, 257, 1, 4])
target shape: torch.Size([24, 1724, 257, 1, 4])
mixture_phase shape: torch.Size([24, 257, 1723])
target_phase shape after adjust: torch.Size([24, 1723, 257, 1, 4])
mix_phase shape after adjust: torch.Size([24, 1723, 257, 1, 1])
estimate shape: torch.Size([24, 1724, 257, 1, 4])
target shape: torch.Size([24, 1724, 257, 1, 4])
mixture_phase shape: torch.Size([24, 257, 1723])
target_phase shape after adjust: torch.Size([24, 1723, 257, 1, 4])
mix_phase shape after adjust: torch.Size([24, 1723, 257, 1, 1])
estimate shape: torch.Size([24, 1724, 257, 1, 4])
target shape: torch.Size([24, 1724, 257, 1, 4])
mixture_phase shape: torch.Size([24, 257, 1723])
target_phase shape after adjust: torch.Size([24, 1723, 257, 1, 4])
mix_phase shape after adjust: torch.Size([24, 1723, 257, 1, 1])
estimate shape: torch.Size([24, 1724, 257, 1, 4])
target shape: torch.Size([24, 1724, 257, 1, 4])
mixture_phase shape: torch.Size([24, 257, 1723])
target_phase shape after adjust: torch.Size([24, 1723, 257, 1, 4])
mix_phase shape after adjust: torch.Size([24, 1723, 257, 1, 1])
estimate shape: torch.Size([24, 1724, 257, 1, 4])
target shape: torch.Size([24, 1724, 257, 1, 4])
mixture_phase shape: torch.Size([24, 257, 1723])
target_phase shape after adjust: torch.Size([24, 1723, 257, 1, 4])
mix_phase shape after adjust: torch.Size([24, 1723, 257, 1, 1])
estimate shape: torch.Size([24, 1724, 257, 1, 4])
target shape: torch.Size([24, 1724, 257, 1, 4])
mixture_phase shape: torch.Size([24, 257, 1723])
target_phase shape after adjust: torch.Size([24, 1723, 257, 1, 4])
mix_phase shape after adjust: torch.Size([24, 1723, 257, 1, 1])
estimate shape: torch.Size([24, 1724, 257, 1, 4])
target shape: torch.Size([24, 1724, 257, 1, 4])
mixture_phase shape: torch.Size([24, 257, 1723])
target_phase shape after adjust: torch.Size([24, 1723, 257, 1, 4])
mix_phase shape after adjust: torch.Size([24, 1723, 257, 1, 1])
estimate shape: torch.Size([24, 1724, 257, 1, 4])
target shape: torch.Size([24, 1724, 257, 1, 4])
mixture_phase shape: torch.Size([24, 257, 1723])
target_phase shape after adjust: torch.Size([24, 1723, 257, 1, 4])
mix_phase shape after adjust: torch.Size([24, 1723, 257, 1, 1])
estimate shape: torch.Size([24, 1724, 257, 1, 4])
target shape: torch.Size([24, 1724, 257, 1, 4])
mixture_phase shape: torch.Size([24, 257, 1723])
target_phase shape after adjust: torch.Size([24, 1723, 257, 1, 4])
mix_phase shape after adjust: torch.Size([24, 1723, 257, 1, 1])
estimate shape: torch.Size([24, 1724, 257, 1, 4])
target shape: torch.Size([24, 1724, 257, 1, 4])
mixture_phase shape: torch.Size([24, 257, 1723])
target_phase shape after adjust: torch.Size([24, 1723, 257, 1, 4])
mix_phase shape after adjust: torch.Size([24, 1723, 257, 1, 1])
estimate shape: torch.Size([24, 1724, 257, 1, 4])
target shape: torch.Size([24, 1724, 257, 1, 4])
mixture_phase shape: torch.Size([24, 257, 1723])
target_phase shape after adjust: torch.Size([24, 1723, 257, 1, 4])
mix_phase shape after adjust: torch.Size([24, 1723, 257, 1, 1])
estimate shape: torch.Size([24, 1724, 257, 1, 4])
target shape: torch.Size([24, 1724, 257, 1, 4])
mixture_phase shape: torch.Size([24, 257, 1723])
target_phase shape after adjust: torch.Size([24, 1723, 257, 1, 4])
mix_phase shape after adjust: torch.Size([24, 1723, 257, 1, 1])
estimate shape: torch.Size([8, 1724, 257, 1, 4])
target shape: torch.Size([8, 1724, 257, 1, 4])
mixture_phase shape: torch.Size([8, 257, 1723])
target_phase shape after adjust: torch.Size([8, 1723, 257, 1, 4])
mix_phase shape after adjust: torch.Size([8, 1723, 257, 1, 1])
[Validator] Epoch 26 - val_loss: 0.000014
[BEST CHECKPOINT] Guardado/actualizado en: checkpoints\Mis_modelos\lpsa_phase checkpoints\4stems\best_checkpoint_26_val_loss=-0.0000.pt
03/31/2026 05:30:08 PM | engine.py:1037 Engine run finished. Time taken: 00:00:26.157
[Epoch 26] train_loss=0.000012 | val_loss=0.000014
03/31/2026 05:30:08 PM | engine.py:1010 Epoch[26] Complete. Time taken: 00:00:47.807
03/31/2026 05:30:31 PM | engine.py:906 Engine run starting with max_epochs=1.
03/31/2026 05:30:57 PM | engine.py:1010 Epoch[1] Complete. Time taken: 00:00:25.725
estimate shape: torch.Size([24, 1724, 257, 1, 4])
target shape: torch.Size([24, 1724, 257, 1, 4])
mixture_phase shape: torch.Size([24, 257, 1723])
target_phase shape after adjust: torch.Size([24, 1723, 257, 1, 4])
mix_phase shape after adjust: torch.Size([24, 1723, 257, 1, 1])
estimate shape: torch.Size([24, 1724, 257, 1, 4])
target shape: torch.Size([24, 1724, 257, 1, 4])
mixture_phase shape: torch.Size([24, 257, 1723])
target_phase shape after adjust: torch.Size([24, 1723, 257, 1, 4])
mix_phase shape after adjust: torch.Size([24, 1723, 257, 1, 1])
estimate shape: torch.Size([24, 1724, 257, 1, 4])
target shape: torch.Size([24, 1724, 257, 1, 4])
mixture_phase shape: torch.Size([24, 257, 1723])
target_phase shape after adjust: torch.Size([24, 1723, 257, 1, 4])
mix_phase shape after adjust: torch.Size([24, 1723, 257, 1, 1])
estimate shape: torch.Size([24, 1724, 257, 1, 4])
target shape: torch.Size([24, 1724, 257, 1, 4])
mixture_phase shape: torch.Size([24, 257, 1723])
target_phase shape after adjust: torch.Size([24, 1723, 257, 1, 4])
mix_phase shape after adjust: torch.Size([24, 1723, 257, 1, 1])
estimate shape: torch.Size([24, 1724, 257, 1, 4])
target shape: torch.Size([24, 1724, 257, 1, 4])
mixture_phase shape: torch.Size([24, 257, 1723])
target_phase shape after adjust: torch.Size([24, 1723, 257, 1, 4])
mix_phase shape after adjust: torch.Size([24, 1723, 257, 1, 1])
estimate shape: torch.Size([24, 1724, 257, 1, 4])
target shape: torch.Size([24, 1724, 257, 1, 4])
mixture_phase shape: torch.Size([24, 257, 1723])
target_phase shape after adjust: torch.Size([24, 1723, 257, 1, 4])
mix_phase shape after adjust: torch.Size([24, 1723, 257, 1, 1])
estimate shape: torch.Size([24, 1724, 257, 1, 4])
target shape: torch.Size([24, 1724, 257, 1, 4])
mixture_phase shape: torch.Size([24, 257, 1723])
target_phase shape after adjust: torch.Size([24, 1723, 257, 1, 4])
mix_phase shape after adjust: torch.Size([24, 1723, 257, 1, 1])
estimate shape: torch.Size([24, 1724, 257, 1, 4])
target shape: torch.Size([24, 1724, 257, 1, 4])
mixture_phase shape: torch.Size([24, 257, 1723])
target_phase shape after adjust: torch.Size([24, 1723, 257, 1, 4])
mix_phase shape after adjust: torch.Size([24, 1723, 257, 1, 1])
estimate shape: torch.Size([24, 1724, 257, 1, 4])
target shape: torch.Size([24, 1724, 257, 1, 4])
mixture_phase shape: torch.Size([24, 257, 1723])
target_phase shape after adjust: torch.Size([24, 1723, 257, 1, 4])
mix_phase shape after adjust: torch.Size([24, 1723, 257, 1, 1])
estimate shape: torch.Size([24, 1724, 257, 1, 4])
target shape: torch.Size([24, 1724, 257, 1, 4])
mixture_phase shape: torch.Size([24, 257, 1723])
target_phase shape after adjust: torch.Size([24, 1723, 257, 1, 4])
mix_phase shape after adjust: torch.Size([24, 1723, 257, 1, 1])
estimate shape: torch.Size([24, 1724, 257, 1, 4])
target shape: torch.Size([24, 1724, 257, 1, 4])
mixture_phase shape: torch.Size([24, 257, 1723])
target_phase shape after adjust: torch.Size([24, 1723, 257, 1, 4])
mix_phase shape after adjust: torch.Size([24, 1723, 257, 1, 1])
estimate shape: torch.Size([24, 1724, 257, 1, 4])
target shape: torch.Size([24, 1724, 257, 1, 4])
mixture_phase shape: torch.Size([24, 257, 1723])
target_phase shape after adjust: torch.Size([24, 1723, 257, 1, 4])
mix_phase shape after adjust: torch.Size([24, 1723, 257, 1, 1])
estimate shape: torch.Size([24, 1724, 257, 1, 4])
target shape: torch.Size([24, 1724, 257, 1, 4])
mixture_phase shape: torch.Size([24, 257, 1723])
target_phase shape after adjust: torch.Size([24, 1723, 257, 1, 4])
mix_phase shape after adjust: torch.Size([24, 1723, 257, 1, 1])
estimate shape: torch.Size([24, 1724, 257, 1, 4])
target shape: torch.Size([24, 1724, 257, 1, 4])
mixture_phase shape: torch.Size([24, 257, 1723])
target_phase shape after adjust: torch.Size([24, 1723, 257, 1, 4])
mix_phase shape after adjust: torch.Size([24, 1723, 257, 1, 1])
estimate shape: torch.Size([24, 1724, 257, 1, 4])
target shape: torch.Size([24, 1724, 257, 1, 4])
mixture_phase shape: torch.Size([24, 257, 1723])
target_phase shape after adjust: torch.Size([24, 1723, 257, 1, 4])
mix_phase shape after adjust: torch.Size([24, 1723, 257, 1, 1])
estimate shape: torch.Size([24, 1724, 257, 1, 4])
target shape: torch.Size([24, 1724, 257, 1, 4])
mixture_phase shape: torch.Size([24, 257, 1723])
target_phase shape after adjust: torch.Size([24, 1723, 257, 1, 4])
mix_phase shape after adjust: torch.Size([24, 1723, 257, 1, 1])
estimate shape: torch.Size([24, 1724, 257, 1, 4])
target shape: torch.Size([24, 1724, 257, 1, 4])
mixture_phase shape: torch.Size([24, 257, 1723])
target_phase shape after adjust: torch.Size([24, 1723, 257, 1, 4])
mix_phase shape after adjust: torch.Size([24, 1723, 257, 1, 1])
estimate shape: torch.Size([24, 1724, 257, 1, 4])
target shape: torch.Size([24, 1724, 257, 1, 4])
mixture_phase shape: torch.Size([24, 257, 1723])
target_phase shape after adjust: torch.Size([24, 1723, 257, 1, 4])
mix_phase shape after adjust: torch.Size([24, 1723, 257, 1, 1])
estimate shape: torch.Size([8, 1724, 257, 1, 4])
target shape: torch.Size([8, 1724, 257, 1, 4])
mixture_phase shape: torch.Size([8, 257, 1723])
target_phase shape after adjust: torch.Size([8, 1723, 257, 1, 4])
mix_phase shape after adjust: torch.Size([8, 1723, 257, 1, 1])
[Validator] Epoch 27 - val_loss: 0.000014
[BEST CHECKPOINT] Guardado/actualizado en: checkpoints\Mis_modelos\lpsa_phase checkpoints\4stems\best_checkpoint_27_val_loss=-0.0000.pt
03/31/2026 05:30:57 PM | engine.py:1037 Engine run finished. Time taken: 00:00:25.737
[Epoch 27] train_loss=0.000012 | val_loss=0.000014
03/31/2026 05:30:57 PM | engine.py:1010 Epoch[27] Complete. Time taken: 00:00:48.532
03/31/2026 05:31:20 PM | engine.py:906 Engine run starting with max_epochs=1.
03/31/2026 05:31:47 PM | engine.py:1010 Epoch[1] Complete. Time taken: 00:00:26.264
estimate shape: torch.Size([24, 1724, 257, 1, 4])
target shape: torch.Size([24, 1724, 257, 1, 4])
mixture_phase shape: torch.Size([24, 257, 1723])
target_phase shape after adjust: torch.Size([24, 1723, 257, 1, 4])
mix_phase shape after adjust: torch.Size([24, 1723, 257, 1, 1])
estimate shape: torch.Size([24, 1724, 257, 1, 4])
target shape: torch.Size([24, 1724, 257, 1, 4])
mixture_phase shape: torch.Size([24, 257, 1723])
target_phase shape after adjust: torch.Size([24, 1723, 257, 1, 4])
mix_phase shape after adjust: torch.Size([24, 1723, 257, 1, 1])
estimate shape: torch.Size([24, 1724, 257, 1, 4])
target shape: torch.Size([24, 1724, 257, 1, 4])
mixture_phase shape: torch.Size([24, 257, 1723])
target_phase shape after adjust: torch.Size([24, 1723, 257, 1, 4])
mix_phase shape after adjust: torch.Size([24, 1723, 257, 1, 1])
estimate shape: torch.Size([24, 1724, 257, 1, 4])
target shape: torch.Size([24, 1724, 257, 1, 4])
mixture_phase shape: torch.Size([24, 257, 1723])
target_phase shape after adjust: torch.Size([24, 1723, 257, 1, 4])
mix_phase shape after adjust: torch.Size([24, 1723, 257, 1, 1])
estimate shape: torch.Size([24, 1724, 257, 1, 4])
target shape: torch.Size([24, 1724, 257, 1, 4])
mixture_phase shape: torch.Size([24, 257, 1723])
target_phase shape after adjust: torch.Size([24, 1723, 257, 1, 4])
mix_phase shape after adjust: torch.Size([24, 1723, 257, 1, 1])
estimate shape: torch.Size([24, 1724, 257, 1, 4])
target shape: torch.Size([24, 1724, 257, 1, 4])
mixture_phase shape: torch.Size([24, 257, 1723])
target_phase shape after adjust: torch.Size([24, 1723, 257, 1, 4])
mix_phase shape after adjust: torch.Size([24, 1723, 257, 1, 1])
estimate shape: torch.Size([24, 1724, 257, 1, 4])
target shape: torch.Size([24, 1724, 257, 1, 4])
mixture_phase shape: torch.Size([24, 257, 1723])
target_phase shape after adjust: torch.Size([24, 1723, 257, 1, 4])
mix_phase shape after adjust: torch.Size([24, 1723, 257, 1, 1])
estimate shape: torch.Size([24, 1724, 257, 1, 4])
target shape: torch.Size([24, 1724, 257, 1, 4])
mixture_phase shape: torch.Size([24, 257, 1723])
target_phase shape after adjust: torch.Size([24, 1723, 257, 1, 4])
mix_phase shape after adjust: torch.Size([24, 1723, 257, 1, 1])
estimate shape: torch.Size([24, 1724, 257, 1, 4])
target shape: torch.Size([24, 1724, 257, 1, 4])
mixture_phase shape: torch.Size([24, 257, 1723])
target_phase shape after adjust: torch.Size([24, 1723, 257, 1, 4])
mix_phase shape after adjust: torch.Size([24, 1723, 257, 1, 1])
estimate shape: torch.Size([24, 1724, 257, 1, 4])
target shape: torch.Size([24, 1724, 257, 1, 4])
mixture_phase shape: torch.Size([24, 257, 1723])
target_phase shape after adjust: torch.Size([24, 1723, 257, 1, 4])
mix_phase shape after adjust: torch.Size([24, 1723, 257, 1, 1])
estimate shape: torch.Size([24, 1724, 257, 1, 4])
target shape: torch.Size([24, 1724, 257, 1, 4])
mixture_phase shape: torch.Size([24, 257, 1723])
target_phase shape after adjust: torch.Size([24, 1723, 257, 1, 4])
mix_phase shape after adjust: torch.Size([24, 1723, 257, 1, 1])
estimate shape: torch.Size([24, 1724, 257, 1, 4])
target shape: torch.Size([24, 1724, 257, 1, 4])
mixture_phase shape: torch.Size([24, 257, 1723])
target_phase shape after adjust: torch.Size([24, 1723, 257, 1, 4])
mix_phase shape after adjust: torch.Size([24, 1723, 257, 1, 1])
estimate shape: torch.Size([24, 1724, 257, 1, 4])
target shape: torch.Size([24, 1724, 257, 1, 4])
mixture_phase shape: torch.Size([24, 257, 1723])
target_phase shape after adjust: torch.Size([24, 1723, 257, 1, 4])
mix_phase shape after adjust: torch.Size([24, 1723, 257, 1, 1])
estimate shape: torch.Size([24, 1724, 257, 1, 4])
target shape: torch.Size([24, 1724, 257, 1, 4])
mixture_phase shape: torch.Size([24, 257, 1723])
target_phase shape after adjust: torch.Size([24, 1723, 257, 1, 4])
mix_phase shape after adjust: torch.Size([24, 1723, 257, 1, 1])
estimate shape: torch.Size([24, 1724, 257, 1, 4])
target shape: torch.Size([24, 1724, 257, 1, 4])
mixture_phase shape: torch.Size([24, 257, 1723])
target_phase shape after adjust: torch.Size([24, 1723, 257, 1, 4])
mix_phase shape after adjust: torch.Size([24, 1723, 257, 1, 1])
estimate shape: torch.Size([24, 1724, 257, 1, 4])
target shape: torch.Size([24, 1724, 257, 1, 4])
mixture_phase shape: torch.Size([24, 257, 1723])
target_phase shape after adjust: torch.Size([24, 1723, 257, 1, 4])
mix_phase shape after adjust: torch.Size([24, 1723, 257, 1, 1])
estimate shape: torch.Size([24, 1724, 257, 1, 4])
target shape: torch.Size([24, 1724, 257, 1, 4])
mixture_phase shape: torch.Size([24, 257, 1723])
target_phase shape after adjust: torch.Size([24, 1723, 257, 1, 4])
mix_phase shape after adjust: torch.Size([24, 1723, 257, 1, 1])
estimate shape: torch.Size([24, 1724, 257, 1, 4])
target shape: torch.Size([24, 1724, 257, 1, 4])
mixture_phase shape: torch.Size([24, 257, 1723])
target_phase shape after adjust: torch.Size([24, 1723, 257, 1, 4])
mix_phase shape after adjust: torch.Size([24, 1723, 257, 1, 1])
estimate shape: torch.Size([8, 1724, 257, 1, 4])
target shape: torch.Size([8, 1724, 257, 1, 4])
mixture_phase shape: torch.Size([8, 257, 1723])
target_phase shape after adjust: torch.Size([8, 1723, 257, 1, 4])
mix_phase shape after adjust: torch.Size([8, 1723, 257, 1, 1])
[Validator] Epoch 28 - val_loss: 0.000014
[BEST CHECKPOINT] Guardado/actualizado en: checkpoints\Mis_modelos\lpsa_phase checkpoints\4stems\best_checkpoint_28_val_loss=-0.0000.pt
03/31/2026 05:31:47 PM | engine.py:1037 Engine run finished. Time taken: 00:00:26.273
[Epoch 28] train_loss=0.000012 | val_loss=0.000014
03/31/2026 05:31:47 PM | engine.py:1010 Epoch[28] Complete. Time taken: 00:00:49.530
03/31/2026 05:32:09 PM | engine.py:906 Engine run starting with max_epochs=1.
03/31/2026 05:32:36 PM | engine.py:1010 Epoch[1] Complete. Time taken: 00:00:26.515
estimate shape: torch.Size([24, 1724, 257, 1, 4])
target shape: torch.Size([24, 1724, 257, 1, 4])
mixture_phase shape: torch.Size([24, 257, 1723])
target_phase shape after adjust: torch.Size([24, 1723, 257, 1, 4])
mix_phase shape after adjust: torch.Size([24, 1723, 257, 1, 1])
estimate shape: torch.Size([24, 1724, 257, 1, 4])
target shape: torch.Size([24, 1724, 257, 1, 4])
mixture_phase shape: torch.Size([24, 257, 1723])
target_phase shape after adjust: torch.Size([24, 1723, 257, 1, 4])
mix_phase shape after adjust: torch.Size([24, 1723, 257, 1, 1])
estimate shape: torch.Size([24, 1724, 257, 1, 4])
target shape: torch.Size([24, 1724, 257, 1, 4])
mixture_phase shape: torch.Size([24, 257, 1723])
target_phase shape after adjust: torch.Size([24, 1723, 257, 1, 4])
mix_phase shape after adjust: torch.Size([24, 1723, 257, 1, 1])
estimate shape: torch.Size([24, 1724, 257, 1, 4])
target shape: torch.Size([24, 1724, 257, 1, 4])
mixture_phase shape: torch.Size([24, 257, 1723])
target_phase shape after adjust: torch.Size([24, 1723, 257, 1, 4])
mix_phase shape after adjust: torch.Size([24, 1723, 257, 1, 1])
estimate shape: torch.Size([24, 1724, 257, 1, 4])
target shape: torch.Size([24, 1724, 257, 1, 4])
mixture_phase shape: torch.Size([24, 257, 1723])
target_phase shape after adjust: torch.Size([24, 1723, 257, 1, 4])
mix_phase shape after adjust: torch.Size([24, 1723, 257, 1, 1])
estimate shape: torch.Size([24, 1724, 257, 1, 4])
target shape: torch.Size([24, 1724, 257, 1, 4])
mixture_phase shape: torch.Size([24, 257, 1723])
target_phase shape after adjust: torch.Size([24, 1723, 257, 1, 4])
mix_phase shape after adjust: torch.Size([24, 1723, 257, 1, 1])
estimate shape: torch.Size([24, 1724, 257, 1, 4])
target shape: torch.Size([24, 1724, 257, 1, 4])
mixture_phase shape: torch.Size([24, 257, 1723])
target_phase shape after adjust: torch.Size([24, 1723, 257, 1, 4])
mix_phase shape after adjust: torch.Size([24, 1723, 257, 1, 1])
estimate shape: torch.Size([24, 1724, 257, 1, 4])
target shape: torch.Size([24, 1724, 257, 1, 4])
mixture_phase shape: torch.Size([24, 257, 1723])
target_phase shape after adjust: torch.Size([24, 1723, 257, 1, 4])
mix_phase shape after adjust: torch.Size([24, 1723, 257, 1, 1])
estimate shape: torch.Size([24, 1724, 257, 1, 4])
target shape: torch.Size([24, 1724, 257, 1, 4])
mixture_phase shape: torch.Size([24, 257, 1723])
target_phase shape after adjust: torch.Size([24, 1723, 257, 1, 4])
mix_phase shape after adjust: torch.Size([24, 1723, 257, 1, 1])
estimate shape: torch.Size([24, 1724, 257, 1, 4])
target shape: torch.Size([24, 1724, 257, 1, 4])
mixture_phase shape: torch.Size([24, 257, 1723])
target_phase shape after adjust: torch.Size([24, 1723, 257, 1, 4])
mix_phase shape after adjust: torch.Size([24, 1723, 257, 1, 1])
estimate shape: torch.Size([24, 1724, 257, 1, 4])
target shape: torch.Size([24, 1724, 257, 1, 4])
mixture_phase shape: torch.Size([24, 257, 1723])
target_phase shape after adjust: torch.Size([24, 1723, 257, 1, 4])
mix_phase shape after adjust: torch.Size([24, 1723, 257, 1, 1])
estimate shape: torch.Size([24, 1724, 257, 1, 4])
target shape: torch.Size([24, 1724, 257, 1, 4])
mixture_phase shape: torch.Size([24, 257, 1723])
target_phase shape after adjust: torch.Size([24, 1723, 257, 1, 4])
mix_phase shape after adjust: torch.Size([24, 1723, 257, 1, 1])
estimate shape: torch.Size([24, 1724, 257, 1, 4])
target shape: torch.Size([24, 1724, 257, 1, 4])
mixture_phase shape: torch.Size([24, 257, 1723])
target_phase shape after adjust: torch.Size([24, 1723, 257, 1, 4])
mix_phase shape after adjust: torch.Size([24, 1723, 257, 1, 1])
estimate shape: torch.Size([24, 1724, 257, 1, 4])
target shape: torch.Size([24, 1724, 257, 1, 4])
mixture_phase shape: torch.Size([24, 257, 1723])
target_phase shape after adjust: torch.Size([24, 1723, 257, 1, 4])
mix_phase shape after adjust: torch.Size([24, 1723, 257, 1, 1])
estimate shape: torch.Size([24, 1724, 257, 1, 4])
target shape: torch.Size([24, 1724, 257, 1, 4])
mixture_phase shape: torch.Size([24, 257, 1723])
target_phase shape after adjust: torch.Size([24, 1723, 257, 1, 4])
mix_phase shape after adjust: torch.Size([24, 1723, 257, 1, 1])
estimate shape: torch.Size([24, 1724, 257, 1, 4])
target shape: torch.Size([24, 1724, 257, 1, 4])
mixture_phase shape: torch.Size([24, 257, 1723])
target_phase shape after adjust: torch.Size([24, 1723, 257, 1, 4])
mix_phase shape after adjust: torch.Size([24, 1723, 257, 1, 1])
estimate shape: torch.Size([24, 1724, 257, 1, 4])
target shape: torch.Size([24, 1724, 257, 1, 4])
mixture_phase shape: torch.Size([24, 257, 1723])
target_phase shape after adjust: torch.Size([24, 1723, 257, 1, 4])
mix_phase shape after adjust: torch.Size([24, 1723, 257, 1, 1])
estimate shape: torch.Size([24, 1724, 257, 1, 4])
target shape: torch.Size([24, 1724, 257, 1, 4])
mixture_phase shape: torch.Size([24, 257, 1723])
target_phase shape after adjust: torch.Size([24, 1723, 257, 1, 4])
mix_phase shape after adjust: torch.Size([24, 1723, 257, 1, 1])
estimate shape: torch.Size([8, 1724, 257, 1, 4])
target shape: torch.Size([8, 1724, 257, 1, 4])
mixture_phase shape: torch.Size([8, 257, 1723])
target_phase shape after adjust: torch.Size([8, 1723, 257, 1, 4])
mix_phase shape after adjust: torch.Size([8, 1723, 257, 1, 1])
[Validator] Epoch 29 - val_loss: 0.000014
[BEST CHECKPOINT] Guardado/actualizado en: checkpoints\Mis_modelos\lpsa_phase checkpoints\4stems\best_checkpoint_29_val_loss=-0.0000.pt
03/31/2026 05:32:36 PM | engine.py:1037 Engine run finished. Time taken: 00:00:26.526
[Epoch 29] train_loss=0.000011 | val_loss=0.000014
03/31/2026 05:32:36 PM | engine.py:1010 Epoch[29] Complete. Time taken: 00:00:49.003
03/31/2026 05:32:58 PM | engine.py:906 Engine run starting with max_epochs=1.
03/31/2026 05:33:23 PM | engine.py:1010 Epoch[1] Complete. Time taken: 00:00:25.658
estimate shape: torch.Size([24, 1724, 257, 1, 4])
target shape: torch.Size([24, 1724, 257, 1, 4])
mixture_phase shape: torch.Size([24, 257, 1723])
target_phase shape after adjust: torch.Size([24, 1723, 257, 1, 4])
mix_phase shape after adjust: torch.Size([24, 1723, 257, 1, 1])
estimate shape: torch.Size([24, 1724, 257, 1, 4])
target shape: torch.Size([24, 1724, 257, 1, 4])
mixture_phase shape: torch.Size([24, 257, 1723])
target_phase shape after adjust: torch.Size([24, 1723, 257, 1, 4])
mix_phase shape after adjust: torch.Size([24, 1723, 257, 1, 1])
estimate shape: torch.Size([24, 1724, 257, 1, 4])
target shape: torch.Size([24, 1724, 257, 1, 4])
mixture_phase shape: torch.Size([24, 257, 1723])
target_phase shape after adjust: torch.Size([24, 1723, 257, 1, 4])
mix_phase shape after adjust: torch.Size([24, 1723, 257, 1, 1])
estimate shape: torch.Size([24, 1724, 257, 1, 4])
target shape: torch.Size([24, 1724, 257, 1, 4])
mixture_phase shape: torch.Size([24, 257, 1723])
target_phase shape after adjust: torch.Size([24, 1723, 257, 1, 4])
mix_phase shape after adjust: torch.Size([24, 1723, 257, 1, 1])
estimate shape: torch.Size([24, 1724, 257, 1, 4])
target shape: torch.Size([24, 1724, 257, 1, 4])
mixture_phase shape: torch.Size([24, 257, 1723])
target_phase shape after adjust: torch.Size([24, 1723, 257, 1, 4])
mix_phase shape after adjust: torch.Size([24, 1723, 257, 1, 1])
estimate shape: torch.Size([24, 1724, 257, 1, 4])
target shape: torch.Size([24, 1724, 257, 1, 4])
mixture_phase shape: torch.Size([24, 257, 1723])
target_phase shape after adjust: torch.Size([24, 1723, 257, 1, 4])
mix_phase shape after adjust: torch.Size([24, 1723, 257, 1, 1])
estimate shape: torch.Size([24, 1724, 257, 1, 4])
target shape: torch.Size([24, 1724, 257, 1, 4])
mixture_phase shape: torch.Size([24, 257, 1723])
target_phase shape after adjust: torch.Size([24, 1723, 257, 1, 4])
mix_phase shape after adjust: torch.Size([24, 1723, 257, 1, 1])
estimate shape: torch.Size([24, 1724, 257, 1, 4])
target shape: torch.Size([24, 1724, 257, 1, 4])
mixture_phase shape: torch.Size([24, 257, 1723])
target_phase shape after adjust: torch.Size([24, 1723, 257, 1, 4])
mix_phase shape after adjust: torch.Size([24, 1723, 257, 1, 1])
estimate shape: torch.Size([24, 1724, 257, 1, 4])
target shape: torch.Size([24, 1724, 257, 1, 4])
mixture_phase shape: torch.Size([24, 257, 1723])
target_phase shape after adjust: torch.Size([24, 1723, 257, 1, 4])
mix_phase shape after adjust: torch.Size([24, 1723, 257, 1, 1])
estimate shape: torch.Size([24, 1724, 257, 1, 4])
target shape: torch.Size([24, 1724, 257, 1, 4])
mixture_phase shape: torch.Size([24, 257, 1723])
target_phase shape after adjust: torch.Size([24, 1723, 257, 1, 4])
mix_phase shape after adjust: torch.Size([24, 1723, 257, 1, 1])
estimate shape: torch.Size([24, 1724, 257, 1, 4])
target shape: torch.Size([24, 1724, 257, 1, 4])
mixture_phase shape: torch.Size([24, 257, 1723])
target_phase shape after adjust: torch.Size([24, 1723, 257, 1, 4])
mix_phase shape after adjust: torch.Size([24, 1723, 257, 1, 1])
estimate shape: torch.Size([24, 1724, 257, 1, 4])
target shape: torch.Size([24, 1724, 257, 1, 4])
mixture_phase shape: torch.Size([24, 257, 1723])
target_phase shape after adjust: torch.Size([24, 1723, 257, 1, 4])
mix_phase shape after adjust: torch.Size([24, 1723, 257, 1, 1])
estimate shape: torch.Size([24, 1724, 257, 1, 4])
target shape: torch.Size([24, 1724, 257, 1, 4])
mixture_phase shape: torch.Size([24, 257, 1723])
target_phase shape after adjust: torch.Size([24, 1723, 257, 1, 4])
mix_phase shape after adjust: torch.Size([24, 1723, 257, 1, 1])
estimate shape: torch.Size([24, 1724, 257, 1, 4])
target shape: torch.Size([24, 1724, 257, 1, 4])
mixture_phase shape: torch.Size([24, 257, 1723])
target_phase shape after adjust: torch.Size([24, 1723, 257, 1, 4])
mix_phase shape after adjust: torch.Size([24, 1723, 257, 1, 1])
estimate shape: torch.Size([24, 1724, 257, 1, 4])
target shape: torch.Size([24, 1724, 257, 1, 4])
mixture_phase shape: torch.Size([24, 257, 1723])
target_phase shape after adjust: torch.Size([24, 1723, 257, 1, 4])
mix_phase shape after adjust: torch.Size([24, 1723, 257, 1, 1])
estimate shape: torch.Size([24, 1724, 257, 1, 4])
target shape: torch.Size([24, 1724, 257, 1, 4])
mixture_phase shape: torch.Size([24, 257, 1723])
target_phase shape after adjust: torch.Size([24, 1723, 257, 1, 4])
mix_phase shape after adjust: torch.Size([24, 1723, 257, 1, 1])
estimate shape: torch.Size([24, 1724, 257, 1, 4])
target shape: torch.Size([24, 1724, 257, 1, 4])
mixture_phase shape: torch.Size([24, 257, 1723])
target_phase shape after adjust: torch.Size([24, 1723, 257, 1, 4])
mix_phase shape after adjust: torch.Size([24, 1723, 257, 1, 1])
estimate shape: torch.Size([24, 1724, 257, 1, 4])
target shape: torch.Size([24, 1724, 257, 1, 4])
mixture_phase shape: torch.Size([24, 257, 1723])
target_phase shape after adjust: torch.Size([24, 1723, 257, 1, 4])
mix_phase shape after adjust: torch.Size([24, 1723, 257, 1, 1])
estimate shape: torch.Size([8, 1724, 257, 1, 4])
target shape: torch.Size([8, 1724, 257, 1, 4])
mixture_phase shape: torch.Size([8, 257, 1723])
target_phase shape after adjust: torch.Size([8, 1723, 257, 1, 4])
mix_phase shape after adjust: torch.Size([8, 1723, 257, 1, 1])
[Validator] Epoch 30 - val_loss: 0.000014
[BEST CHECKPOINT] Guardado/actualizado en: checkpoints\Mis_modelos\lpsa_phase checkpoints\4stems\best_checkpoint_30_val_loss=-0.0000.pt
03/31/2026 05:33:23 PM | engine.py:1037 Engine run finished. Time taken: 00:00:25.668
[Epoch 30] train_loss=0.000012 | val_loss=0.000014
03/31/2026 05:33:23 PM | engine.py:1010 Epoch[30] Complete. Time taken: 00:00:47.811
03/31/2026 05:33:45 PM | engine.py:906 Engine run starting with max_epochs=1.
03/31/2026 05:34:11 PM | engine.py:1010 Epoch[1] Complete. Time taken: 00:00:26.340
estimate shape: torch.Size([24, 1724, 257, 1, 4])
target shape: torch.Size([24, 1724, 257, 1, 4])
mixture_phase shape: torch.Size([24, 257, 1723])
target_phase shape after adjust: torch.Size([24, 1723, 257, 1, 4])
mix_phase shape after adjust: torch.Size([24, 1723, 257, 1, 1])
estimate shape: torch.Size([24, 1724, 257, 1, 4])
target shape: torch.Size([24, 1724, 257, 1, 4])
mixture_phase shape: torch.Size([24, 257, 1723])
target_phase shape after adjust: torch.Size([24, 1723, 257, 1, 4])
mix_phase shape after adjust: torch.Size([24, 1723, 257, 1, 1])
estimate shape: torch.Size([24, 1724, 257, 1, 4])
target shape: torch.Size([24, 1724, 257, 1, 4])
mixture_phase shape: torch.Size([24, 257, 1723])
target_phase shape after adjust: torch.Size([24, 1723, 257, 1, 4])
mix_phase shape after adjust: torch.Size([24, 1723, 257, 1, 1])
estimate shape: torch.Size([24, 1724, 257, 1, 4])
target shape: torch.Size([24, 1724, 257, 1, 4])
mixture_phase shape: torch.Size([24, 257, 1723])
target_phase shape after adjust: torch.Size([24, 1723, 257, 1, 4])
mix_phase shape after adjust: torch.Size([24, 1723, 257, 1, 1])
estimate shape: torch.Size([24, 1724, 257, 1, 4])
target shape: torch.Size([24, 1724, 257, 1, 4])
mixture_phase shape: torch.Size([24, 257, 1723])
target_phase shape after adjust: torch.Size([24, 1723, 257, 1, 4])
mix_phase shape after adjust: torch.Size([24, 1723, 257, 1, 1])
estimate shape: torch.Size([24, 1724, 257, 1, 4])
target shape: torch.Size([24, 1724, 257, 1, 4])
mixture_phase shape: torch.Size([24, 257, 1723])
target_phase shape after adjust: torch.Size([24, 1723, 257, 1, 4])
mix_phase shape after adjust: torch.Size([24, 1723, 257, 1, 1])
estimate shape: torch.Size([24, 1724, 257, 1, 4])
target shape: torch.Size([24, 1724, 257, 1, 4])
mixture_phase shape: torch.Size([24, 257, 1723])
target_phase shape after adjust: torch.Size([24, 1723, 257, 1, 4])
mix_phase shape after adjust: torch.Size([24, 1723, 257, 1, 1])
estimate shape: torch.Size([24, 1724, 257, 1, 4])
target shape: torch.Size([24, 1724, 257, 1, 4])
mixture_phase shape: torch.Size([24, 257, 1723])
target_phase shape after adjust: torch.Size([24, 1723, 257, 1, 4])
mix_phase shape after adjust: torch.Size([24, 1723, 257, 1, 1])
estimate shape: torch.Size([24, 1724, 257, 1, 4])
target shape: torch.Size([24, 1724, 257, 1, 4])
mixture_phase shape: torch.Size([24, 257, 1723])
target_phase shape after adjust: torch.Size([24, 1723, 257, 1, 4])
mix_phase shape after adjust: torch.Size([24, 1723, 257, 1, 1])
estimate shape: torch.Size([24, 1724, 257, 1, 4])
target shape: torch.Size([24, 1724, 257, 1, 4])
mixture_phase shape: torch.Size([24, 257, 1723])
target_phase shape after adjust: torch.Size([24, 1723, 257, 1, 4])
mix_phase shape after adjust: torch.Size([24, 1723, 257, 1, 1])
estimate shape: torch.Size([24, 1724, 257, 1, 4])
target shape: torch.Size([24, 1724, 257, 1, 4])
mixture_phase shape: torch.Size([24, 257, 1723])
target_phase shape after adjust: torch.Size([24, 1723, 257, 1, 4])
mix_phase shape after adjust: torch.Size([24, 1723, 257, 1, 1])
estimate shape: torch.Size([24, 1724, 257, 1, 4])
target shape: torch.Size([24, 1724, 257, 1, 4])
mixture_phase shape: torch.Size([24, 257, 1723])
target_phase shape after adjust: torch.Size([24, 1723, 257, 1, 4])
mix_phase shape after adjust: torch.Size([24, 1723, 257, 1, 1])
estimate shape: torch.Size([24, 1724, 257, 1, 4])
target shape: torch.Size([24, 1724, 257, 1, 4])
mixture_phase shape: torch.Size([24, 257, 1723])
target_phase shape after adjust: torch.Size([24, 1723, 257, 1, 4])
mix_phase shape after adjust: torch.Size([24, 1723, 257, 1, 1])
estimate shape: torch.Size([24, 1724, 257, 1, 4])
target shape: torch.Size([24, 1724, 257, 1, 4])
mixture_phase shape: torch.Size([24, 257, 1723])
target_phase shape after adjust: torch.Size([24, 1723, 257, 1, 4])
mix_phase shape after adjust: torch.Size([24, 1723, 257, 1, 1])
estimate shape: torch.Size([24, 1724, 257, 1, 4])
target shape: torch.Size([24, 1724, 257, 1, 4])
mixture_phase shape: torch.Size([24, 257, 1723])
target_phase shape after adjust: torch.Size([24, 1723, 257, 1, 4])
mix_phase shape after adjust: torch.Size([24, 1723, 257, 1, 1])
estimate shape: torch.Size([24, 1724, 257, 1, 4])
target shape: torch.Size([24, 1724, 257, 1, 4])
mixture_phase shape: torch.Size([24, 257, 1723])
target_phase shape after adjust: torch.Size([24, 1723, 257, 1, 4])
mix_phase shape after adjust: torch.Size([24, 1723, 257, 1, 1])
estimate shape: torch.Size([24, 1724, 257, 1, 4])
target shape: torch.Size([24, 1724, 257, 1, 4])
mixture_phase shape: torch.Size([24, 257, 1723])
target_phase shape after adjust: torch.Size([24, 1723, 257, 1, 4])
mix_phase shape after adjust: torch.Size([24, 1723, 257, 1, 1])
estimate shape: torch.Size([24, 1724, 257, 1, 4])
target shape: torch.Size([24, 1724, 257, 1, 4])
mixture_phase shape: torch.Size([24, 257, 1723])
target_phase shape after adjust: torch.Size([24, 1723, 257, 1, 4])
mix_phase shape after adjust: torch.Size([24, 1723, 257, 1, 1])
estimate shape: torch.Size([8, 1724, 257, 1, 4])
target shape: torch.Size([8, 1724, 257, 1, 4])
mixture_phase shape: torch.Size([8, 257, 1723])
target_phase shape after adjust: torch.Size([8, 1723, 257, 1, 4])
mix_phase shape after adjust: torch.Size([8, 1723, 257, 1, 1])
[Validator] Epoch 31 - val_loss: 0.000013
[BEST CHECKPOINT] Guardado/actualizado en: checkpoints\Mis_modelos\lpsa_phase checkpoints\4stems\best_checkpoint_31_val_loss=-0.0000.pt
03/31/2026 05:34:11 PM | engine.py:1037 Engine run finished. Time taken: 00:00:26.350
[Epoch 31] train_loss=0.000012 | val_loss=0.000013
03/31/2026 05:34:11 PM | engine.py:1010 Epoch[31] Complete. Time taken: 00:00:48.093
03/31/2026 05:34:34 PM | engine.py:906 Engine run starting with max_epochs=1.
03/31/2026 05:35:01 PM | engine.py:1010 Epoch[1] Complete. Time taken: 00:00:26.152
estimate shape: torch.Size([24, 1724, 257, 1, 4])
target shape: torch.Size([24, 1724, 257, 1, 4])
mixture_phase shape: torch.Size([24, 257, 1723])
target_phase shape after adjust: torch.Size([24, 1723, 257, 1, 4])
mix_phase shape after adjust: torch.Size([24, 1723, 257, 1, 1])
estimate shape: torch.Size([24, 1724, 257, 1, 4])
target shape: torch.Size([24, 1724, 257, 1, 4])
mixture_phase shape: torch.Size([24, 257, 1723])
target_phase shape after adjust: torch.Size([24, 1723, 257, 1, 4])
mix_phase shape after adjust: torch.Size([24, 1723, 257, 1, 1])
estimate shape: torch.Size([24, 1724, 257, 1, 4])
target shape: torch.Size([24, 1724, 257, 1, 4])
mixture_phase shape: torch.Size([24, 257, 1723])
target_phase shape after adjust: torch.Size([24, 1723, 257, 1, 4])
mix_phase shape after adjust: torch.Size([24, 1723, 257, 1, 1])
estimate shape: torch.Size([24, 1724, 257, 1, 4])
target shape: torch.Size([24, 1724, 257, 1, 4])
mixture_phase shape: torch.Size([24, 257, 1723])
target_phase shape after adjust: torch.Size([24, 1723, 257, 1, 4])
mix_phase shape after adjust: torch.Size([24, 1723, 257, 1, 1])
estimate shape: torch.Size([24, 1724, 257, 1, 4])
target shape: torch.Size([24, 1724, 257, 1, 4])
mixture_phase shape: torch.Size([24, 257, 1723])
target_phase shape after adjust: torch.Size([24, 1723, 257, 1, 4])
mix_phase shape after adjust: torch.Size([24, 1723, 257, 1, 1])
estimate shape: torch.Size([24, 1724, 257, 1, 4])
target shape: torch.Size([24, 1724, 257, 1, 4])
mixture_phase shape: torch.Size([24, 257, 1723])
target_phase shape after adjust: torch.Size([24, 1723, 257, 1, 4])
mix_phase shape after adjust: torch.Size([24, 1723, 257, 1, 1])
estimate shape: torch.Size([24, 1724, 257, 1, 4])
target shape: torch.Size([24, 1724, 257, 1, 4])
mixture_phase shape: torch.Size([24, 257, 1723])
target_phase shape after adjust: torch.Size([24, 1723, 257, 1, 4])
mix_phase shape after adjust: torch.Size([24, 1723, 257, 1, 1])
estimate shape: torch.Size([24, 1724, 257, 1, 4])
target shape: torch.Size([24, 1724, 257, 1, 4])
mixture_phase shape: torch.Size([24, 257, 1723])
target_phase shape after adjust: torch.Size([24, 1723, 257, 1, 4])
mix_phase shape after adjust: torch.Size([24, 1723, 257, 1, 1])
estimate shape: torch.Size([24, 1724, 257, 1, 4])
target shape: torch.Size([24, 1724, 257, 1, 4])
mixture_phase shape: torch.Size([24, 257, 1723])
target_phase shape after adjust: torch.Size([24, 1723, 257, 1, 4])
mix_phase shape after adjust: torch.Size([24, 1723, 257, 1, 1])
estimate shape: torch.Size([24, 1724, 257, 1, 4])
target shape: torch.Size([24, 1724, 257, 1, 4])
mixture_phase shape: torch.Size([24, 257, 1723])
target_phase shape after adjust: torch.Size([24, 1723, 257, 1, 4])
mix_phase shape after adjust: torch.Size([24, 1723, 257, 1, 1])
estimate shape: torch.Size([24, 1724, 257, 1, 4])
target shape: torch.Size([24, 1724, 257, 1, 4])
mixture_phase shape: torch.Size([24, 257, 1723])
target_phase shape after adjust: torch.Size([24, 1723, 257, 1, 4])
mix_phase shape after adjust: torch.Size([24, 1723, 257, 1, 1])
estimate shape: torch.Size([24, 1724, 257, 1, 4])
target shape: torch.Size([24, 1724, 257, 1, 4])
mixture_phase shape: torch.Size([24, 257, 1723])
target_phase shape after adjust: torch.Size([24, 1723, 257, 1, 4])
mix_phase shape after adjust: torch.Size([24, 1723, 257, 1, 1])
estimate shape: torch.Size([24, 1724, 257, 1, 4])
target shape: torch.Size([24, 1724, 257, 1, 4])
mixture_phase shape: torch.Size([24, 257, 1723])
target_phase shape after adjust: torch.Size([24, 1723, 257, 1, 4])
mix_phase shape after adjust: torch.Size([24, 1723, 257, 1, 1])
estimate shape: torch.Size([24, 1724, 257, 1, 4])
target shape: torch.Size([24, 1724, 257, 1, 4])
mixture_phase shape: torch.Size([24, 257, 1723])
target_phase shape after adjust: torch.Size([24, 1723, 257, 1, 4])
mix_phase shape after adjust: torch.Size([24, 1723, 257, 1, 1])
estimate shape: torch.Size([24, 1724, 257, 1, 4])
target shape: torch.Size([24, 1724, 257, 1, 4])
mixture_phase shape: torch.Size([24, 257, 1723])
target_phase shape after adjust: torch.Size([24, 1723, 257, 1, 4])
mix_phase shape after adjust: torch.Size([24, 1723, 257, 1, 1])
estimate shape: torch.Size([24, 1724, 257, 1, 4])
target shape: torch.Size([24, 1724, 257, 1, 4])
mixture_phase shape: torch.Size([24, 257, 1723])
target_phase shape after adjust: torch.Size([24, 1723, 257, 1, 4])
mix_phase shape after adjust: torch.Size([24, 1723, 257, 1, 1])
estimate shape: torch.Size([24, 1724, 257, 1, 4])
target shape: torch.Size([24, 1724, 257, 1, 4])
mixture_phase shape: torch.Size([24, 257, 1723])
target_phase shape after adjust: torch.Size([24, 1723, 257, 1, 4])
mix_phase shape after adjust: torch.Size([24, 1723, 257, 1, 1])
estimate shape: torch.Size([24, 1724, 257, 1, 4])
target shape: torch.Size([24, 1724, 257, 1, 4])
mixture_phase shape: torch.Size([24, 257, 1723])
target_phase shape after adjust: torch.Size([24, 1723, 257, 1, 4])
mix_phase shape after adjust: torch.Size([24, 1723, 257, 1, 1])
estimate shape: torch.Size([8, 1724, 257, 1, 4])
target shape: torch.Size([8, 1724, 257, 1, 4])
mixture_phase shape: torch.Size([8, 257, 1723])
target_phase shape after adjust: torch.Size([8, 1723, 257, 1, 4])
mix_phase shape after adjust: torch.Size([8, 1723, 257, 1, 1])
[Validator] Epoch 32 - val_loss: 0.000013
[BEST CHECKPOINT] Guardado/actualizado en: checkpoints\Mis_modelos\lpsa_phase checkpoints\4stems\best_checkpoint_32_val_loss=-0.0000.pt
03/31/2026 05:35:01 PM | engine.py:1037 Engine run finished. Time taken: 00:00:26.165
[Epoch 32] train_loss=0.000012 | val_loss=0.000013
03/31/2026 05:35:01 PM | engine.py:1010 Epoch[32] Complete. Time taken: 00:00:49.143
03/31/2026 05:35:23 PM | engine.py:906 Engine run starting with max_epochs=1.
03/31/2026 05:35:49 PM | engine.py:1010 Epoch[1] Complete. Time taken: 00:00:25.663
estimate shape: torch.Size([24, 1724, 257, 1, 4])
target shape: torch.Size([24, 1724, 257, 1, 4])
mixture_phase shape: torch.Size([24, 257, 1723])
target_phase shape after adjust: torch.Size([24, 1723, 257, 1, 4])
mix_phase shape after adjust: torch.Size([24, 1723, 257, 1, 1])
estimate shape: torch.Size([24, 1724, 257, 1, 4])
target shape: torch.Size([24, 1724, 257, 1, 4])
mixture_phase shape: torch.Size([24, 257, 1723])
target_phase shape after adjust: torch.Size([24, 1723, 257, 1, 4])
mix_phase shape after adjust: torch.Size([24, 1723, 257, 1, 1])
estimate shape: torch.Size([24, 1724, 257, 1, 4])
target shape: torch.Size([24, 1724, 257, 1, 4])
mixture_phase shape: torch.Size([24, 257, 1723])
target_phase shape after adjust: torch.Size([24, 1723, 257, 1, 4])
mix_phase shape after adjust: torch.Size([24, 1723, 257, 1, 1])
estimate shape: torch.Size([24, 1724, 257, 1, 4])
target shape: torch.Size([24, 1724, 257, 1, 4])
mixture_phase shape: torch.Size([24, 257, 1723])
target_phase shape after adjust: torch.Size([24, 1723, 257, 1, 4])
mix_phase shape after adjust: torch.Size([24, 1723, 257, 1, 1])
estimate shape: torch.Size([24, 1724, 257, 1, 4])
target shape: torch.Size([24, 1724, 257, 1, 4])
mixture_phase shape: torch.Size([24, 257, 1723])
target_phase shape after adjust: torch.Size([24, 1723, 257, 1, 4])
mix_phase shape after adjust: torch.Size([24, 1723, 257, 1, 1])
estimate shape: torch.Size([24, 1724, 257, 1, 4])
target shape: torch.Size([24, 1724, 257, 1, 4])
mixture_phase shape: torch.Size([24, 257, 1723])
target_phase shape after adjust: torch.Size([24, 1723, 257, 1, 4])
mix_phase shape after adjust: torch.Size([24, 1723, 257, 1, 1])
estimate shape: torch.Size([24, 1724, 257, 1, 4])
target shape: torch.Size([24, 1724, 257, 1, 4])
mixture_phase shape: torch.Size([24, 257, 1723])
target_phase shape after adjust: torch.Size([24, 1723, 257, 1, 4])
mix_phase shape after adjust: torch.Size([24, 1723, 257, 1, 1])
estimate shape: torch.Size([24, 1724, 257, 1, 4])
target shape: torch.Size([24, 1724, 257, 1, 4])
mixture_phase shape: torch.Size([24, 257, 1723])
target_phase shape after adjust: torch.Size([24, 1723, 257, 1, 4])
mix_phase shape after adjust: torch.Size([24, 1723, 257, 1, 1])
estimate shape: torch.Size([24, 1724, 257, 1, 4])
target shape: torch.Size([24, 1724, 257, 1, 4])
mixture_phase shape: torch.Size([24, 257, 1723])
target_phase shape after adjust: torch.Size([24, 1723, 257, 1, 4])
mix_phase shape after adjust: torch.Size([24, 1723, 257, 1, 1])
estimate shape: torch.Size([24, 1724, 257, 1, 4])
target shape: torch.Size([24, 1724, 257, 1, 4])
mixture_phase shape: torch.Size([24, 257, 1723])
target_phase shape after adjust: torch.Size([24, 1723, 257, 1, 4])
mix_phase shape after adjust: torch.Size([24, 1723, 257, 1, 1])
estimate shape: torch.Size([24, 1724, 257, 1, 4])
target shape: torch.Size([24, 1724, 257, 1, 4])
mixture_phase shape: torch.Size([24, 257, 1723])
target_phase shape after adjust: torch.Size([24, 1723, 257, 1, 4])
mix_phase shape after adjust: torch.Size([24, 1723, 257, 1, 1])
estimate shape: torch.Size([24, 1724, 257, 1, 4])
target shape: torch.Size([24, 1724, 257, 1, 4])
mixture_phase shape: torch.Size([24, 257, 1723])
target_phase shape after adjust: torch.Size([24, 1723, 257, 1, 4])
mix_phase shape after adjust: torch.Size([24, 1723, 257, 1, 1])
estimate shape: torch.Size([24, 1724, 257, 1, 4])
target shape: torch.Size([24, 1724, 257, 1, 4])
mixture_phase shape: torch.Size([24, 257, 1723])
target_phase shape after adjust: torch.Size([24, 1723, 257, 1, 4])
mix_phase shape after adjust: torch.Size([24, 1723, 257, 1, 1])
estimate shape: torch.Size([24, 1724, 257, 1, 4])
target shape: torch.Size([24, 1724, 257, 1, 4])
mixture_phase shape: torch.Size([24, 257, 1723])
target_phase shape after adjust: torch.Size([24, 1723, 257, 1, 4])
mix_phase shape after adjust: torch.Size([24, 1723, 257, 1, 1])
estimate shape: torch.Size([24, 1724, 257, 1, 4])
target shape: torch.Size([24, 1724, 257, 1, 4])
mixture_phase shape: torch.Size([24, 257, 1723])
target_phase shape after adjust: torch.Size([24, 1723, 257, 1, 4])
mix_phase shape after adjust: torch.Size([24, 1723, 257, 1, 1])
estimate shape: torch.Size([24, 1724, 257, 1, 4])
target shape: torch.Size([24, 1724, 257, 1, 4])
mixture_phase shape: torch.Size([24, 257, 1723])
target_phase shape after adjust: torch.Size([24, 1723, 257, 1, 4])
mix_phase shape after adjust: torch.Size([24, 1723, 257, 1, 1])
estimate shape: torch.Size([24, 1724, 257, 1, 4])
target shape: torch.Size([24, 1724, 257, 1, 4])
mixture_phase shape: torch.Size([24, 257, 1723])
target_phase shape after adjust: torch.Size([24, 1723, 257, 1, 4])
mix_phase shape after adjust: torch.Size([24, 1723, 257, 1, 1])
estimate shape: torch.Size([24, 1724, 257, 1, 4])
target shape: torch.Size([24, 1724, 257, 1, 4])
mixture_phase shape: torch.Size([24, 257, 1723])
target_phase shape after adjust: torch.Size([24, 1723, 257, 1, 4])
mix_phase shape after adjust: torch.Size([24, 1723, 257, 1, 1])
estimate shape: torch.Size([8, 1724, 257, 1, 4])
target shape: torch.Size([8, 1724, 257, 1, 4])
mixture_phase shape: torch.Size([8, 257, 1723])
target_phase shape after adjust: torch.Size([8, 1723, 257, 1, 4])
mix_phase shape after adjust: torch.Size([8, 1723, 257, 1, 1])
[Validator] Epoch 33 - val_loss: 0.000013
[BEST CHECKPOINT] Guardado/actualizado en: checkpoints\Mis_modelos\lpsa_phase checkpoints\4stems\best_checkpoint_33_val_loss=-0.0000.pt
03/31/2026 05:35:49 PM | engine.py:1037 Engine run finished. Time taken: 00:00:25.672
[Epoch 33] train_loss=0.000012 | val_loss=0.000013
03/31/2026 05:35:49 PM | engine.py:1010 Epoch[33] Complete. Time taken: 00:00:48.076
03/31/2026 05:36:11 PM | engine.py:906 Engine run starting with max_epochs=1.
03/31/2026 05:36:37 PM | engine.py:1010 Epoch[1] Complete. Time taken: 00:00:25.615
estimate shape: torch.Size([24, 1724, 257, 1, 4])
target shape: torch.Size([24, 1724, 257, 1, 4])
mixture_phase shape: torch.Size([24, 257, 1723])
target_phase shape after adjust: torch.Size([24, 1723, 257, 1, 4])
mix_phase shape after adjust: torch.Size([24, 1723, 257, 1, 1])
estimate shape: torch.Size([24, 1724, 257, 1, 4])
target shape: torch.Size([24, 1724, 257, 1, 4])
mixture_phase shape: torch.Size([24, 257, 1723])
target_phase shape after adjust: torch.Size([24, 1723, 257, 1, 4])
mix_phase shape after adjust: torch.Size([24, 1723, 257, 1, 1])
estimate shape: torch.Size([24, 1724, 257, 1, 4])
target shape: torch.Size([24, 1724, 257, 1, 4])
mixture_phase shape: torch.Size([24, 257, 1723])
target_phase shape after adjust: torch.Size([24, 1723, 257, 1, 4])
mix_phase shape after adjust: torch.Size([24, 1723, 257, 1, 1])
estimate shape: torch.Size([24, 1724, 257, 1, 4])
target shape: torch.Size([24, 1724, 257, 1, 4])
mixture_phase shape: torch.Size([24, 257, 1723])
target_phase shape after adjust: torch.Size([24, 1723, 257, 1, 4])
mix_phase shape after adjust: torch.Size([24, 1723, 257, 1, 1])
estimate shape: torch.Size([24, 1724, 257, 1, 4])
target shape: torch.Size([24, 1724, 257, 1, 4])
mixture_phase shape: torch.Size([24, 257, 1723])
target_phase shape after adjust: torch.Size([24, 1723, 257, 1, 4])
mix_phase shape after adjust: torch.Size([24, 1723, 257, 1, 1])
estimate shape: torch.Size([24, 1724, 257, 1, 4])
target shape: torch.Size([24, 1724, 257, 1, 4])
mixture_phase shape: torch.Size([24, 257, 1723])
target_phase shape after adjust: torch.Size([24, 1723, 257, 1, 4])
mix_phase shape after adjust: torch.Size([24, 1723, 257, 1, 1])
estimate shape: torch.Size([24, 1724, 257, 1, 4])
target shape: torch.Size([24, 1724, 257, 1, 4])
mixture_phase shape: torch.Size([24, 257, 1723])
target_phase shape after adjust: torch.Size([24, 1723, 257, 1, 4])
mix_phase shape after adjust: torch.Size([24, 1723, 257, 1, 1])
estimate shape: torch.Size([24, 1724, 257, 1, 4])
target shape: torch.Size([24, 1724, 257, 1, 4])
mixture_phase shape: torch.Size([24, 257, 1723])
target_phase shape after adjust: torch.Size([24, 1723, 257, 1, 4])
mix_phase shape after adjust: torch.Size([24, 1723, 257, 1, 1])
estimate shape: torch.Size([24, 1724, 257, 1, 4])
target shape: torch.Size([24, 1724, 257, 1, 4])
mixture_phase shape: torch.Size([24, 257, 1723])
target_phase shape after adjust: torch.Size([24, 1723, 257, 1, 4])
mix_phase shape after adjust: torch.Size([24, 1723, 257, 1, 1])
estimate shape: torch.Size([24, 1724, 257, 1, 4])
target shape: torch.Size([24, 1724, 257, 1, 4])
mixture_phase shape: torch.Size([24, 257, 1723])
target_phase shape after adjust: torch.Size([24, 1723, 257, 1, 4])
mix_phase shape after adjust: torch.Size([24, 1723, 257, 1, 1])
estimate shape: torch.Size([24, 1724, 257, 1, 4])
target shape: torch.Size([24, 1724, 257, 1, 4])
mixture_phase shape: torch.Size([24, 257, 1723])
target_phase shape after adjust: torch.Size([24, 1723, 257, 1, 4])
mix_phase shape after adjust: torch.Size([24, 1723, 257, 1, 1])
estimate shape: torch.Size([24, 1724, 257, 1, 4])
target shape: torch.Size([24, 1724, 257, 1, 4])
mixture_phase shape: torch.Size([24, 257, 1723])
target_phase shape after adjust: torch.Size([24, 1723, 257, 1, 4])
mix_phase shape after adjust: torch.Size([24, 1723, 257, 1, 1])
estimate shape: torch.Size([24, 1724, 257, 1, 4])
target shape: torch.Size([24, 1724, 257, 1, 4])
mixture_phase shape: torch.Size([24, 257, 1723])
target_phase shape after adjust: torch.Size([24, 1723, 257, 1, 4])
mix_phase shape after adjust: torch.Size([24, 1723, 257, 1, 1])
estimate shape: torch.Size([24, 1724, 257, 1, 4])
target shape: torch.Size([24, 1724, 257, 1, 4])
mixture_phase shape: torch.Size([24, 257, 1723])
target_phase shape after adjust: torch.Size([24, 1723, 257, 1, 4])
mix_phase shape after adjust: torch.Size([24, 1723, 257, 1, 1])
estimate shape: torch.Size([24, 1724, 257, 1, 4])
target shape: torch.Size([24, 1724, 257, 1, 4])
mixture_phase shape: torch.Size([24, 257, 1723])
target_phase shape after adjust: torch.Size([24, 1723, 257, 1, 4])
mix_phase shape after adjust: torch.Size([24, 1723, 257, 1, 1])
estimate shape: torch.Size([24, 1724, 257, 1, 4])
target shape: torch.Size([24, 1724, 257, 1, 4])
mixture_phase shape: torch.Size([24, 257, 1723])
target_phase shape after adjust: torch.Size([24, 1723, 257, 1, 4])
mix_phase shape after adjust: torch.Size([24, 1723, 257, 1, 1])
estimate shape: torch.Size([24, 1724, 257, 1, 4])
target shape: torch.Size([24, 1724, 257, 1, 4])
mixture_phase shape: torch.Size([24, 257, 1723])
target_phase shape after adjust: torch.Size([24, 1723, 257, 1, 4])
mix_phase shape after adjust: torch.Size([24, 1723, 257, 1, 1])
estimate shape: torch.Size([24, 1724, 257, 1, 4])
target shape: torch.Size([24, 1724, 257, 1, 4])
mixture_phase shape: torch.Size([24, 257, 1723])
target_phase shape after adjust: torch.Size([24, 1723, 257, 1, 4])
mix_phase shape after adjust: torch.Size([24, 1723, 257, 1, 1])
estimate shape: torch.Size([8, 1724, 257, 1, 4])
target shape: torch.Size([8, 1724, 257, 1, 4])
mixture_phase shape: torch.Size([8, 257, 1723])
target_phase shape after adjust: torch.Size([8, 1723, 257, 1, 4])
mix_phase shape after adjust: torch.Size([8, 1723, 257, 1, 1])
[Validator] Epoch 34 - val_loss: 0.000013
[BEST CHECKPOINT] Guardado/actualizado en: checkpoints\Mis_modelos\lpsa_phase checkpoints\4stems\best_checkpoint_34_val_loss=-0.0000.pt
03/31/2026 05:36:37 PM | engine.py:1037 Engine run finished. Time taken: 00:00:25.625
[Epoch 34] train_loss=0.000011 | val_loss=0.000013
03/31/2026 05:36:37 PM | engine.py:1010 Epoch[34] Complete. Time taken: 00:00:48.205
03/31/2026 05:36:59 PM | engine.py:906 Engine run starting with max_epochs=1.
03/31/2026 05:37:25 PM | engine.py:1010 Epoch[1] Complete. Time taken: 00:00:25.842
estimate shape: torch.Size([24, 1724, 257, 1, 4])
target shape: torch.Size([24, 1724, 257, 1, 4])
mixture_phase shape: torch.Size([24, 257, 1723])
target_phase shape after adjust: torch.Size([24, 1723, 257, 1, 4])
mix_phase shape after adjust: torch.Size([24, 1723, 257, 1, 1])
estimate shape: torch.Size([24, 1724, 257, 1, 4])
target shape: torch.Size([24, 1724, 257, 1, 4])
mixture_phase shape: torch.Size([24, 257, 1723])
target_phase shape after adjust: torch.Size([24, 1723, 257, 1, 4])
mix_phase shape after adjust: torch.Size([24, 1723, 257, 1, 1])
estimate shape: torch.Size([24, 1724, 257, 1, 4])
target shape: torch.Size([24, 1724, 257, 1, 4])
mixture_phase shape: torch.Size([24, 257, 1723])
target_phase shape after adjust: torch.Size([24, 1723, 257, 1, 4])
mix_phase shape after adjust: torch.Size([24, 1723, 257, 1, 1])
estimate shape: torch.Size([24, 1724, 257, 1, 4])
target shape: torch.Size([24, 1724, 257, 1, 4])
mixture_phase shape: torch.Size([24, 257, 1723])
target_phase shape after adjust: torch.Size([24, 1723, 257, 1, 4])
mix_phase shape after adjust: torch.Size([24, 1723, 257, 1, 1])
estimate shape: torch.Size([24, 1724, 257, 1, 4])
target shape: torch.Size([24, 1724, 257, 1, 4])
mixture_phase shape: torch.Size([24, 257, 1723])
target_phase shape after adjust: torch.Size([24, 1723, 257, 1, 4])
mix_phase shape after adjust: torch.Size([24, 1723, 257, 1, 1])
estimate shape: torch.Size([24, 1724, 257, 1, 4])
target shape: torch.Size([24, 1724, 257, 1, 4])
mixture_phase shape: torch.Size([24, 257, 1723])
target_phase shape after adjust: torch.Size([24, 1723, 257, 1, 4])
mix_phase shape after adjust: torch.Size([24, 1723, 257, 1, 1])
estimate shape: torch.Size([24, 1724, 257, 1, 4])
target shape: torch.Size([24, 1724, 257, 1, 4])
mixture_phase shape: torch.Size([24, 257, 1723])
target_phase shape after adjust: torch.Size([24, 1723, 257, 1, 4])
mix_phase shape after adjust: torch.Size([24, 1723, 257, 1, 1])
estimate shape: torch.Size([24, 1724, 257, 1, 4])
target shape: torch.Size([24, 1724, 257, 1, 4])
mixture_phase shape: torch.Size([24, 257, 1723])
target_phase shape after adjust: torch.Size([24, 1723, 257, 1, 4])
mix_phase shape after adjust: torch.Size([24, 1723, 257, 1, 1])
estimate shape: torch.Size([24, 1724, 257, 1, 4])
target shape: torch.Size([24, 1724, 257, 1, 4])
mixture_phase shape: torch.Size([24, 257, 1723])
target_phase shape after adjust: torch.Size([24, 1723, 257, 1, 4])
mix_phase shape after adjust: torch.Size([24, 1723, 257, 1, 1])
estimate shape: torch.Size([24, 1724, 257, 1, 4])
target shape: torch.Size([24, 1724, 257, 1, 4])
mixture_phase shape: torch.Size([24, 257, 1723])
target_phase shape after adjust: torch.Size([24, 1723, 257, 1, 4])
mix_phase shape after adjust: torch.Size([24, 1723, 257, 1, 1])
estimate shape: torch.Size([24, 1724, 257, 1, 4])
target shape: torch.Size([24, 1724, 257, 1, 4])
mixture_phase shape: torch.Size([24, 257, 1723])
target_phase shape after adjust: torch.Size([24, 1723, 257, 1, 4])
mix_phase shape after adjust: torch.Size([24, 1723, 257, 1, 1])
estimate shape: torch.Size([24, 1724, 257, 1, 4])
target shape: torch.Size([24, 1724, 257, 1, 4])
mixture_phase shape: torch.Size([24, 257, 1723])
target_phase shape after adjust: torch.Size([24, 1723, 257, 1, 4])
mix_phase shape after adjust: torch.Size([24, 1723, 257, 1, 1])
estimate shape: torch.Size([24, 1724, 257, 1, 4])
target shape: torch.Size([24, 1724, 257, 1, 4])
mixture_phase shape: torch.Size([24, 257, 1723])
target_phase shape after adjust: torch.Size([24, 1723, 257, 1, 4])
mix_phase shape after adjust: torch.Size([24, 1723, 257, 1, 1])
estimate shape: torch.Size([24, 1724, 257, 1, 4])
target shape: torch.Size([24, 1724, 257, 1, 4])
mixture_phase shape: torch.Size([24, 257, 1723])
target_phase shape after adjust: torch.Size([24, 1723, 257, 1, 4])
mix_phase shape after adjust: torch.Size([24, 1723, 257, 1, 1])
estimate shape: torch.Size([24, 1724, 257, 1, 4])
target shape: torch.Size([24, 1724, 257, 1, 4])
mixture_phase shape: torch.Size([24, 257, 1723])
target_phase shape after adjust: torch.Size([24, 1723, 257, 1, 4])
mix_phase shape after adjust: torch.Size([24, 1723, 257, 1, 1])
estimate shape: torch.Size([24, 1724, 257, 1, 4])
target shape: torch.Size([24, 1724, 257, 1, 4])
mixture_phase shape: torch.Size([24, 257, 1723])
target_phase shape after adjust: torch.Size([24, 1723, 257, 1, 4])
mix_phase shape after adjust: torch.Size([24, 1723, 257, 1, 1])
estimate shape: torch.Size([24, 1724, 257, 1, 4])
target shape: torch.Size([24, 1724, 257, 1, 4])
mixture_phase shape: torch.Size([24, 257, 1723])
target_phase shape after adjust: torch.Size([24, 1723, 257, 1, 4])
mix_phase shape after adjust: torch.Size([24, 1723, 257, 1, 1])
estimate shape: torch.Size([24, 1724, 257, 1, 4])
target shape: torch.Size([24, 1724, 257, 1, 4])
mixture_phase shape: torch.Size([24, 257, 1723])
target_phase shape after adjust: torch.Size([24, 1723, 257, 1, 4])
mix_phase shape after adjust: torch.Size([24, 1723, 257, 1, 1])
estimate shape: torch.Size([8, 1724, 257, 1, 4])
target shape: torch.Size([8, 1724, 257, 1, 4])
mixture_phase shape: torch.Size([8, 257, 1723])
target_phase shape after adjust: torch.Size([8, 1723, 257, 1, 4])
mix_phase shape after adjust: torch.Size([8, 1723, 257, 1, 1])
[Validator] Epoch 35 - val_loss: 0.000013
[BEST CHECKPOINT] Guardado/actualizado en: checkpoints\Mis_modelos\lpsa_phase checkpoints\4stems\best_checkpoint_35_val_loss=-0.0000.pt
03/31/2026 05:37:25 PM | engine.py:1037 Engine run finished. Time taken: 00:00:25.853
[Epoch 35] train_loss=0.000012 | val_loss=0.000013
03/31/2026 05:37:25 PM | engine.py:1010 Epoch[35] Complete. Time taken: 00:00:47.894
03/31/2026 05:37:47 PM | engine.py:906 Engine run starting with max_epochs=1.
03/31/2026 05:38:13 PM | engine.py:1010 Epoch[1] Complete. Time taken: 00:00:25.852
estimate shape: torch.Size([24, 1724, 257, 1, 4])
target shape: torch.Size([24, 1724, 257, 1, 4])
mixture_phase shape: torch.Size([24, 257, 1723])
target_phase shape after adjust: torch.Size([24, 1723, 257, 1, 4])
mix_phase shape after adjust: torch.Size([24, 1723, 257, 1, 1])
estimate shape: torch.Size([24, 1724, 257, 1, 4])
target shape: torch.Size([24, 1724, 257, 1, 4])
mixture_phase shape: torch.Size([24, 257, 1723])
target_phase shape after adjust: torch.Size([24, 1723, 257, 1, 4])
mix_phase shape after adjust: torch.Size([24, 1723, 257, 1, 1])
estimate shape: torch.Size([24, 1724, 257, 1, 4])
target shape: torch.Size([24, 1724, 257, 1, 4])
mixture_phase shape: torch.Size([24, 257, 1723])
target_phase shape after adjust: torch.Size([24, 1723, 257, 1, 4])
mix_phase shape after adjust: torch.Size([24, 1723, 257, 1, 1])
estimate shape: torch.Size([24, 1724, 257, 1, 4])
target shape: torch.Size([24, 1724, 257, 1, 4])
mixture_phase shape: torch.Size([24, 257, 1723])
target_phase shape after adjust: torch.Size([24, 1723, 257, 1, 4])
mix_phase shape after adjust: torch.Size([24, 1723, 257, 1, 1])
estimate shape: torch.Size([24, 1724, 257, 1, 4])
target shape: torch.Size([24, 1724, 257, 1, 4])
mixture_phase shape: torch.Size([24, 257, 1723])
target_phase shape after adjust: torch.Size([24, 1723, 257, 1, 4])
mix_phase shape after adjust: torch.Size([24, 1723, 257, 1, 1])
estimate shape: torch.Size([24, 1724, 257, 1, 4])
target shape: torch.Size([24, 1724, 257, 1, 4])
mixture_phase shape: torch.Size([24, 257, 1723])
target_phase shape after adjust: torch.Size([24, 1723, 257, 1, 4])
mix_phase shape after adjust: torch.Size([24, 1723, 257, 1, 1])
estimate shape: torch.Size([24, 1724, 257, 1, 4])
target shape: torch.Size([24, 1724, 257, 1, 4])
mixture_phase shape: torch.Size([24, 257, 1723])
target_phase shape after adjust: torch.Size([24, 1723, 257, 1, 4])
mix_phase shape after adjust: torch.Size([24, 1723, 257, 1, 1])
estimate shape: torch.Size([24, 1724, 257, 1, 4])
target shape: torch.Size([24, 1724, 257, 1, 4])
mixture_phase shape: torch.Size([24, 257, 1723])
target_phase shape after adjust: torch.Size([24, 1723, 257, 1, 4])
mix_phase shape after adjust: torch.Size([24, 1723, 257, 1, 1])
estimate shape: torch.Size([24, 1724, 257, 1, 4])
target shape: torch.Size([24, 1724, 257, 1, 4])
mixture_phase shape: torch.Size([24, 257, 1723])
target_phase shape after adjust: torch.Size([24, 1723, 257, 1, 4])
mix_phase shape after adjust: torch.Size([24, 1723, 257, 1, 1])
estimate shape: torch.Size([24, 1724, 257, 1, 4])
target shape: torch.Size([24, 1724, 257, 1, 4])
mixture_phase shape: torch.Size([24, 257, 1723])
target_phase shape after adjust: torch.Size([24, 1723, 257, 1, 4])
mix_phase shape after adjust: torch.Size([24, 1723, 257, 1, 1])
estimate shape: torch.Size([24, 1724, 257, 1, 4])
target shape: torch.Size([24, 1724, 257, 1, 4])
mixture_phase shape: torch.Size([24, 257, 1723])
target_phase shape after adjust: torch.Size([24, 1723, 257, 1, 4])
mix_phase shape after adjust: torch.Size([24, 1723, 257, 1, 1])
estimate shape: torch.Size([24, 1724, 257, 1, 4])
target shape: torch.Size([24, 1724, 257, 1, 4])
mixture_phase shape: torch.Size([24, 257, 1723])
target_phase shape after adjust: torch.Size([24, 1723, 257, 1, 4])
mix_phase shape after adjust: torch.Size([24, 1723, 257, 1, 1])
estimate shape: torch.Size([24, 1724, 257, 1, 4])
target shape: torch.Size([24, 1724, 257, 1, 4])
mixture_phase shape: torch.Size([24, 257, 1723])
target_phase shape after adjust: torch.Size([24, 1723, 257, 1, 4])
mix_phase shape after adjust: torch.Size([24, 1723, 257, 1, 1])
estimate shape: torch.Size([24, 1724, 257, 1, 4])
target shape: torch.Size([24, 1724, 257, 1, 4])
mixture_phase shape: torch.Size([24, 257, 1723])
target_phase shape after adjust: torch.Size([24, 1723, 257, 1, 4])
mix_phase shape after adjust: torch.Size([24, 1723, 257, 1, 1])
estimate shape: torch.Size([24, 1724, 257, 1, 4])
target shape: torch.Size([24, 1724, 257, 1, 4])
mixture_phase shape: torch.Size([24, 257, 1723])
target_phase shape after adjust: torch.Size([24, 1723, 257, 1, 4])
mix_phase shape after adjust: torch.Size([24, 1723, 257, 1, 1])
estimate shape: torch.Size([24, 1724, 257, 1, 4])
target shape: torch.Size([24, 1724, 257, 1, 4])
mixture_phase shape: torch.Size([24, 257, 1723])
target_phase shape after adjust: torch.Size([24, 1723, 257, 1, 4])
mix_phase shape after adjust: torch.Size([24, 1723, 257, 1, 1])
estimate shape: torch.Size([24, 1724, 257, 1, 4])
target shape: torch.Size([24, 1724, 257, 1, 4])
mixture_phase shape: torch.Size([24, 257, 1723])
target_phase shape after adjust: torch.Size([24, 1723, 257, 1, 4])
mix_phase shape after adjust: torch.Size([24, 1723, 257, 1, 1])
estimate shape: torch.Size([24, 1724, 257, 1, 4])
target shape: torch.Size([24, 1724, 257, 1, 4])
mixture_phase shape: torch.Size([24, 257, 1723])
target_phase shape after adjust: torch.Size([24, 1723, 257, 1, 4])
mix_phase shape after adjust: torch.Size([24, 1723, 257, 1, 1])
estimate shape: torch.Size([8, 1724, 257, 1, 4])
target shape: torch.Size([8, 1724, 257, 1, 4])
mixture_phase shape: torch.Size([8, 257, 1723])
target_phase shape after adjust: torch.Size([8, 1723, 257, 1, 4])
mix_phase shape after adjust: torch.Size([8, 1723, 257, 1, 1])
[Validator] Epoch 36 - val_loss: 0.000013
[BEST CHECKPOINT] Guardado/actualizado en: checkpoints\Mis_modelos\lpsa_phase checkpoints\4stems\best_checkpoint_36_val_loss=-0.0000.pt
03/31/2026 05:38:13 PM | engine.py:1037 Engine run finished. Time taken: 00:00:25.862
[Epoch 36] train_loss=0.000012 | val_loss=0.000013
03/31/2026 05:38:13 PM | engine.py:1010 Epoch[36] Complete. Time taken: 00:00:47.925
03/31/2026 05:38:35 PM | engine.py:906 Engine run starting with max_epochs=1.
03/31/2026 05:39:01 PM | engine.py:1010 Epoch[1] Complete. Time taken: 00:00:26.456
estimate shape: torch.Size([24, 1724, 257, 1, 4])
target shape: torch.Size([24, 1724, 257, 1, 4])
mixture_phase shape: torch.Size([24, 257, 1723])
target_phase shape after adjust: torch.Size([24, 1723, 257, 1, 4])
mix_phase shape after adjust: torch.Size([24, 1723, 257, 1, 1])
estimate shape: torch.Size([24, 1724, 257, 1, 4])
target shape: torch.Size([24, 1724, 257, 1, 4])
mixture_phase shape: torch.Size([24, 257, 1723])
target_phase shape after adjust: torch.Size([24, 1723, 257, 1, 4])
mix_phase shape after adjust: torch.Size([24, 1723, 257, 1, 1])
estimate shape: torch.Size([24, 1724, 257, 1, 4])
target shape: torch.Size([24, 1724, 257, 1, 4])
mixture_phase shape: torch.Size([24, 257, 1723])
target_phase shape after adjust: torch.Size([24, 1723, 257, 1, 4])
mix_phase shape after adjust: torch.Size([24, 1723, 257, 1, 1])
estimate shape: torch.Size([24, 1724, 257, 1, 4])
target shape: torch.Size([24, 1724, 257, 1, 4])
mixture_phase shape: torch.Size([24, 257, 1723])
target_phase shape after adjust: torch.Size([24, 1723, 257, 1, 4])
mix_phase shape after adjust: torch.Size([24, 1723, 257, 1, 1])
estimate shape: torch.Size([24, 1724, 257, 1, 4])
target shape: torch.Size([24, 1724, 257, 1, 4])
mixture_phase shape: torch.Size([24, 257, 1723])
target_phase shape after adjust: torch.Size([24, 1723, 257, 1, 4])
mix_phase shape after adjust: torch.Size([24, 1723, 257, 1, 1])
estimate shape: torch.Size([24, 1724, 257, 1, 4])
target shape: torch.Size([24, 1724, 257, 1, 4])
mixture_phase shape: torch.Size([24, 257, 1723])
target_phase shape after adjust: torch.Size([24, 1723, 257, 1, 4])
mix_phase shape after adjust: torch.Size([24, 1723, 257, 1, 1])
estimate shape: torch.Size([24, 1724, 257, 1, 4])
target shape: torch.Size([24, 1724, 257, 1, 4])
mixture_phase shape: torch.Size([24, 257, 1723])
target_phase shape after adjust: torch.Size([24, 1723, 257, 1, 4])
mix_phase shape after adjust: torch.Size([24, 1723, 257, 1, 1])
estimate shape: torch.Size([24, 1724, 257, 1, 4])
target shape: torch.Size([24, 1724, 257, 1, 4])
mixture_phase shape: torch.Size([24, 257, 1723])
target_phase shape after adjust: torch.Size([24, 1723, 257, 1, 4])
mix_phase shape after adjust: torch.Size([24, 1723, 257, 1, 1])
estimate shape: torch.Size([24, 1724, 257, 1, 4])
target shape: torch.Size([24, 1724, 257, 1, 4])
mixture_phase shape: torch.Size([24, 257, 1723])
target_phase shape after adjust: torch.Size([24, 1723, 257, 1, 4])
mix_phase shape after adjust: torch.Size([24, 1723, 257, 1, 1])
estimate shape: torch.Size([24, 1724, 257, 1, 4])
target shape: torch.Size([24, 1724, 257, 1, 4])
mixture_phase shape: torch.Size([24, 257, 1723])
target_phase shape after adjust: torch.Size([24, 1723, 257, 1, 4])
mix_phase shape after adjust: torch.Size([24, 1723, 257, 1, 1])
estimate shape: torch.Size([24, 1724, 257, 1, 4])
target shape: torch.Size([24, 1724, 257, 1, 4])
mixture_phase shape: torch.Size([24, 257, 1723])
target_phase shape after adjust: torch.Size([24, 1723, 257, 1, 4])
mix_phase shape after adjust: torch.Size([24, 1723, 257, 1, 1])
estimate shape: torch.Size([24, 1724, 257, 1, 4])
target shape: torch.Size([24, 1724, 257, 1, 4])
mixture_phase shape: torch.Size([24, 257, 1723])
target_phase shape after adjust: torch.Size([24, 1723, 257, 1, 4])
mix_phase shape after adjust: torch.Size([24, 1723, 257, 1, 1])
estimate shape: torch.Size([24, 1724, 257, 1, 4])
target shape: torch.Size([24, 1724, 257, 1, 4])
mixture_phase shape: torch.Size([24, 257, 1723])
target_phase shape after adjust: torch.Size([24, 1723, 257, 1, 4])
mix_phase shape after adjust: torch.Size([24, 1723, 257, 1, 1])
estimate shape: torch.Size([24, 1724, 257, 1, 4])
target shape: torch.Size([24, 1724, 257, 1, 4])
mixture_phase shape: torch.Size([24, 257, 1723])
target_phase shape after adjust: torch.Size([24, 1723, 257, 1, 4])
mix_phase shape after adjust: torch.Size([24, 1723, 257, 1, 1])
estimate shape: torch.Size([24, 1724, 257, 1, 4])
target shape: torch.Size([24, 1724, 257, 1, 4])
mixture_phase shape: torch.Size([24, 257, 1723])
target_phase shape after adjust: torch.Size([24, 1723, 257, 1, 4])
mix_phase shape after adjust: torch.Size([24, 1723, 257, 1, 1])
estimate shape: torch.Size([24, 1724, 257, 1, 4])
target shape: torch.Size([24, 1724, 257, 1, 4])
mixture_phase shape: torch.Size([24, 257, 1723])
target_phase shape after adjust: torch.Size([24, 1723, 257, 1, 4])
mix_phase shape after adjust: torch.Size([24, 1723, 257, 1, 1])
estimate shape: torch.Size([24, 1724, 257, 1, 4])
target shape: torch.Size([24, 1724, 257, 1, 4])
mixture_phase shape: torch.Size([24, 257, 1723])
target_phase shape after adjust: torch.Size([24, 1723, 257, 1, 4])
mix_phase shape after adjust: torch.Size([24, 1723, 257, 1, 1])
estimate shape: torch.Size([24, 1724, 257, 1, 4])
target shape: torch.Size([24, 1724, 257, 1, 4])
mixture_phase shape: torch.Size([24, 257, 1723])
target_phase shape after adjust: torch.Size([24, 1723, 257, 1, 4])
mix_phase shape after adjust: torch.Size([24, 1723, 257, 1, 1])
estimate shape: torch.Size([8, 1724, 257, 1, 4])
target shape: torch.Size([8, 1724, 257, 1, 4])
mixture_phase shape: torch.Size([8, 257, 1723])
target_phase shape after adjust: torch.Size([8, 1723, 257, 1, 4])
mix_phase shape after adjust: torch.Size([8, 1723, 257, 1, 1])
[Validator] Epoch 37 - val_loss: 0.000013
[BEST CHECKPOINT] Guardado/actualizado en: checkpoints\Mis_modelos\lpsa_phase checkpoints\4stems\best_checkpoint_37_val_loss=-0.0000.pt
03/31/2026 05:39:01 PM | engine.py:1037 Engine run finished. Time taken: 00:00:26.468
[Epoch 37] train_loss=0.000012 | val_loss=0.000013
03/31/2026 05:39:01 PM | engine.py:1010 Epoch[37] Complete. Time taken: 00:00:48.433
03/31/2026 05:39:24 PM | engine.py:906 Engine run starting with max_epochs=1.
03/31/2026 05:39:49 PM | engine.py:1010 Epoch[1] Complete. Time taken: 00:00:25.797
estimate shape: torch.Size([24, 1724, 257, 1, 4])
target shape: torch.Size([24, 1724, 257, 1, 4])
mixture_phase shape: torch.Size([24, 257, 1723])
target_phase shape after adjust: torch.Size([24, 1723, 257, 1, 4])
mix_phase shape after adjust: torch.Size([24, 1723, 257, 1, 1])
estimate shape: torch.Size([24, 1724, 257, 1, 4])
target shape: torch.Size([24, 1724, 257, 1, 4])
mixture_phase shape: torch.Size([24, 257, 1723])
target_phase shape after adjust: torch.Size([24, 1723, 257, 1, 4])
mix_phase shape after adjust: torch.Size([24, 1723, 257, 1, 1])
estimate shape: torch.Size([24, 1724, 257, 1, 4])
target shape: torch.Size([24, 1724, 257, 1, 4])
mixture_phase shape: torch.Size([24, 257, 1723])
target_phase shape after adjust: torch.Size([24, 1723, 257, 1, 4])
mix_phase shape after adjust: torch.Size([24, 1723, 257, 1, 1])
estimate shape: torch.Size([24, 1724, 257, 1, 4])
target shape: torch.Size([24, 1724, 257, 1, 4])
mixture_phase shape: torch.Size([24, 257, 1723])
target_phase shape after adjust: torch.Size([24, 1723, 257, 1, 4])
mix_phase shape after adjust: torch.Size([24, 1723, 257, 1, 1])
estimate shape: torch.Size([24, 1724, 257, 1, 4])
target shape: torch.Size([24, 1724, 257, 1, 4])
mixture_phase shape: torch.Size([24, 257, 1723])
target_phase shape after adjust: torch.Size([24, 1723, 257, 1, 4])
mix_phase shape after adjust: torch.Size([24, 1723, 257, 1, 1])
estimate shape: torch.Size([24, 1724, 257, 1, 4])
target shape: torch.Size([24, 1724, 257, 1, 4])
mixture_phase shape: torch.Size([24, 257, 1723])
target_phase shape after adjust: torch.Size([24, 1723, 257, 1, 4])
mix_phase shape after adjust: torch.Size([24, 1723, 257, 1, 1])
estimate shape: torch.Size([24, 1724, 257, 1, 4])
target shape: torch.Size([24, 1724, 257, 1, 4])
mixture_phase shape: torch.Size([24, 257, 1723])
target_phase shape after adjust: torch.Size([24, 1723, 257, 1, 4])
mix_phase shape after adjust: torch.Size([24, 1723, 257, 1, 1])
estimate shape: torch.Size([24, 1724, 257, 1, 4])
target shape: torch.Size([24, 1724, 257, 1, 4])
mixture_phase shape: torch.Size([24, 257, 1723])
target_phase shape after adjust: torch.Size([24, 1723, 257, 1, 4])
mix_phase shape after adjust: torch.Size([24, 1723, 257, 1, 1])
estimate shape: torch.Size([24, 1724, 257, 1, 4])
target shape: torch.Size([24, 1724, 257, 1, 4])
mixture_phase shape: torch.Size([24, 257, 1723])
target_phase shape after adjust: torch.Size([24, 1723, 257, 1, 4])
mix_phase shape after adjust: torch.Size([24, 1723, 257, 1, 1])
estimate shape: torch.Size([24, 1724, 257, 1, 4])
target shape: torch.Size([24, 1724, 257, 1, 4])
mixture_phase shape: torch.Size([24, 257, 1723])
target_phase shape after adjust: torch.Size([24, 1723, 257, 1, 4])
mix_phase shape after adjust: torch.Size([24, 1723, 257, 1, 1])
estimate shape: torch.Size([24, 1724, 257, 1, 4])
target shape: torch.Size([24, 1724, 257, 1, 4])
mixture_phase shape: torch.Size([24, 257, 1723])
target_phase shape after adjust: torch.Size([24, 1723, 257, 1, 4])
mix_phase shape after adjust: torch.Size([24, 1723, 257, 1, 1])
estimate shape: torch.Size([24, 1724, 257, 1, 4])
target shape: torch.Size([24, 1724, 257, 1, 4])
mixture_phase shape: torch.Size([24, 257, 1723])
target_phase shape after adjust: torch.Size([24, 1723, 257, 1, 4])
mix_phase shape after adjust: torch.Size([24, 1723, 257, 1, 1])
estimate shape: torch.Size([24, 1724, 257, 1, 4])
target shape: torch.Size([24, 1724, 257, 1, 4])
mixture_phase shape: torch.Size([24, 257, 1723])
target_phase shape after adjust: torch.Size([24, 1723, 257, 1, 4])
mix_phase shape after adjust: torch.Size([24, 1723, 257, 1, 1])
estimate shape: torch.Size([24, 1724, 257, 1, 4])
target shape: torch.Size([24, 1724, 257, 1, 4])
mixture_phase shape: torch.Size([24, 257, 1723])
target_phase shape after adjust: torch.Size([24, 1723, 257, 1, 4])
mix_phase shape after adjust: torch.Size([24, 1723, 257, 1, 1])
estimate shape: torch.Size([24, 1724, 257, 1, 4])
target shape: torch.Size([24, 1724, 257, 1, 4])
mixture_phase shape: torch.Size([24, 257, 1723])
target_phase shape after adjust: torch.Size([24, 1723, 257, 1, 4])
mix_phase shape after adjust: torch.Size([24, 1723, 257, 1, 1])
estimate shape: torch.Size([24, 1724, 257, 1, 4])
target shape: torch.Size([24, 1724, 257, 1, 4])
mixture_phase shape: torch.Size([24, 257, 1723])
target_phase shape after adjust: torch.Size([24, 1723, 257, 1, 4])
mix_phase shape after adjust: torch.Size([24, 1723, 257, 1, 1])
estimate shape: torch.Size([24, 1724, 257, 1, 4])
target shape: torch.Size([24, 1724, 257, 1, 4])
mixture_phase shape: torch.Size([24, 257, 1723])
target_phase shape after adjust: torch.Size([24, 1723, 257, 1, 4])
mix_phase shape after adjust: torch.Size([24, 1723, 257, 1, 1])
estimate shape: torch.Size([24, 1724, 257, 1, 4])
target shape: torch.Size([24, 1724, 257, 1, 4])
mixture_phase shape: torch.Size([24, 257, 1723])
target_phase shape after adjust: torch.Size([24, 1723, 257, 1, 4])
mix_phase shape after adjust: torch.Size([24, 1723, 257, 1, 1])
estimate shape: torch.Size([8, 1724, 257, 1, 4])
target shape: torch.Size([8, 1724, 257, 1, 4])
mixture_phase shape: torch.Size([8, 257, 1723])
target_phase shape after adjust: torch.Size([8, 1723, 257, 1, 4])
mix_phase shape after adjust: torch.Size([8, 1723, 257, 1, 1])
[Validator] Epoch 38 - val_loss: 0.000013
[BEST CHECKPOINT] Guardado/actualizado en: checkpoints\Mis_modelos\lpsa_phase checkpoints\4stems\best_checkpoint_38_val_loss=-0.0000.pt
03/31/2026 05:39:49 PM | engine.py:1037 Engine run finished. Time taken: 00:00:25.810
[Epoch 38] train_loss=0.000011 | val_loss=0.000013
03/31/2026 05:39:49 PM | engine.py:1010 Epoch[38] Complete. Time taken: 00:00:48.315
03/31/2026 05:40:11 PM | engine.py:906 Engine run starting with max_epochs=1.
03/31/2026 05:40:38 PM | engine.py:1010 Epoch[1] Complete. Time taken: 00:00:26.572
estimate shape: torch.Size([24, 1724, 257, 1, 4])
target shape: torch.Size([24, 1724, 257, 1, 4])
mixture_phase shape: torch.Size([24, 257, 1723])
target_phase shape after adjust: torch.Size([24, 1723, 257, 1, 4])
mix_phase shape after adjust: torch.Size([24, 1723, 257, 1, 1])
estimate shape: torch.Size([24, 1724, 257, 1, 4])
target shape: torch.Size([24, 1724, 257, 1, 4])
mixture_phase shape: torch.Size([24, 257, 1723])
target_phase shape after adjust: torch.Size([24, 1723, 257, 1, 4])
mix_phase shape after adjust: torch.Size([24, 1723, 257, 1, 1])
estimate shape: torch.Size([24, 1724, 257, 1, 4])
target shape: torch.Size([24, 1724, 257, 1, 4])
mixture_phase shape: torch.Size([24, 257, 1723])
target_phase shape after adjust: torch.Size([24, 1723, 257, 1, 4])
mix_phase shape after adjust: torch.Size([24, 1723, 257, 1, 1])
estimate shape: torch.Size([24, 1724, 257, 1, 4])
target shape: torch.Size([24, 1724, 257, 1, 4])
mixture_phase shape: torch.Size([24, 257, 1723])
target_phase shape after adjust: torch.Size([24, 1723, 257, 1, 4])
mix_phase shape after adjust: torch.Size([24, 1723, 257, 1, 1])
estimate shape: torch.Size([24, 1724, 257, 1, 4])
target shape: torch.Size([24, 1724, 257, 1, 4])
mixture_phase shape: torch.Size([24, 257, 1723])
target_phase shape after adjust: torch.Size([24, 1723, 257, 1, 4])
mix_phase shape after adjust: torch.Size([24, 1723, 257, 1, 1])
estimate shape: torch.Size([24, 1724, 257, 1, 4])
target shape: torch.Size([24, 1724, 257, 1, 4])
mixture_phase shape: torch.Size([24, 257, 1723])
target_phase shape after adjust: torch.Size([24, 1723, 257, 1, 4])
mix_phase shape after adjust: torch.Size([24, 1723, 257, 1, 1])
estimate shape: torch.Size([24, 1724, 257, 1, 4])
target shape: torch.Size([24, 1724, 257, 1, 4])
mixture_phase shape: torch.Size([24, 257, 1723])
target_phase shape after adjust: torch.Size([24, 1723, 257, 1, 4])
mix_phase shape after adjust: torch.Size([24, 1723, 257, 1, 1])
estimate shape: torch.Size([24, 1724, 257, 1, 4])
target shape: torch.Size([24, 1724, 257, 1, 4])
mixture_phase shape: torch.Size([24, 257, 1723])
target_phase shape after adjust: torch.Size([24, 1723, 257, 1, 4])
mix_phase shape after adjust: torch.Size([24, 1723, 257, 1, 1])
estimate shape: torch.Size([24, 1724, 257, 1, 4])
target shape: torch.Size([24, 1724, 257, 1, 4])
mixture_phase shape: torch.Size([24, 257, 1723])
target_phase shape after adjust: torch.Size([24, 1723, 257, 1, 4])
mix_phase shape after adjust: torch.Size([24, 1723, 257, 1, 1])
estimate shape: torch.Size([24, 1724, 257, 1, 4])
target shape: torch.Size([24, 1724, 257, 1, 4])
mixture_phase shape: torch.Size([24, 257, 1723])
target_phase shape after adjust: torch.Size([24, 1723, 257, 1, 4])
mix_phase shape after adjust: torch.Size([24, 1723, 257, 1, 1])
estimate shape: torch.Size([24, 1724, 257, 1, 4])
target shape: torch.Size([24, 1724, 257, 1, 4])
mixture_phase shape: torch.Size([24, 257, 1723])
target_phase shape after adjust: torch.Size([24, 1723, 257, 1, 4])
mix_phase shape after adjust: torch.Size([24, 1723, 257, 1, 1])
estimate shape: torch.Size([24, 1724, 257, 1, 4])
target shape: torch.Size([24, 1724, 257, 1, 4])
mixture_phase shape: torch.Size([24, 257, 1723])
target_phase shape after adjust: torch.Size([24, 1723, 257, 1, 4])
mix_phase shape after adjust: torch.Size([24, 1723, 257, 1, 1])
estimate shape: torch.Size([24, 1724, 257, 1, 4])
target shape: torch.Size([24, 1724, 257, 1, 4])
mixture_phase shape: torch.Size([24, 257, 1723])
target_phase shape after adjust: torch.Size([24, 1723, 257, 1, 4])
mix_phase shape after adjust: torch.Size([24, 1723, 257, 1, 1])
estimate shape: torch.Size([24, 1724, 257, 1, 4])
target shape: torch.Size([24, 1724, 257, 1, 4])
mixture_phase shape: torch.Size([24, 257, 1723])
target_phase shape after adjust: torch.Size([24, 1723, 257, 1, 4])
mix_phase shape after adjust: torch.Size([24, 1723, 257, 1, 1])
estimate shape: torch.Size([24, 1724, 257, 1, 4])
target shape: torch.Size([24, 1724, 257, 1, 4])
mixture_phase shape: torch.Size([24, 257, 1723])
target_phase shape after adjust: torch.Size([24, 1723, 257, 1, 4])
mix_phase shape after adjust: torch.Size([24, 1723, 257, 1, 1])
estimate shape: torch.Size([24, 1724, 257, 1, 4])
target shape: torch.Size([24, 1724, 257, 1, 4])
mixture_phase shape: torch.Size([24, 257, 1723])
target_phase shape after adjust: torch.Size([24, 1723, 257, 1, 4])
mix_phase shape after adjust: torch.Size([24, 1723, 257, 1, 1])
estimate shape: torch.Size([24, 1724, 257, 1, 4])
target shape: torch.Size([24, 1724, 257, 1, 4])
mixture_phase shape: torch.Size([24, 257, 1723])
target_phase shape after adjust: torch.Size([24, 1723, 257, 1, 4])
mix_phase shape after adjust: torch.Size([24, 1723, 257, 1, 1])
estimate shape: torch.Size([24, 1724, 257, 1, 4])
target shape: torch.Size([24, 1724, 257, 1, 4])
mixture_phase shape: torch.Size([24, 257, 1723])
target_phase shape after adjust: torch.Size([24, 1723, 257, 1, 4])
mix_phase shape after adjust: torch.Size([24, 1723, 257, 1, 1])
estimate shape: torch.Size([8, 1724, 257, 1, 4])
target shape: torch.Size([8, 1724, 257, 1, 4])
mixture_phase shape: torch.Size([8, 257, 1723])
target_phase shape after adjust: torch.Size([8, 1723, 257, 1, 4])
mix_phase shape after adjust: torch.Size([8, 1723, 257, 1, 1])
[Validator] Epoch 39 - val_loss: 0.000013
[BEST CHECKPOINT] Guardado/actualizado en: checkpoints\Mis_modelos\lpsa_phase checkpoints\4stems\best_checkpoint_39_val_loss=-0.0000.pt
03/31/2026 05:40:38 PM | engine.py:1037 Engine run finished. Time taken: 00:00:26.583
[Epoch 39] train_loss=0.000012 | val_loss=0.000013
03/31/2026 05:40:38 PM | engine.py:1010 Epoch[39] Complete. Time taken: 00:00:48.584
03/31/2026 05:41:01 PM | engine.py:906 Engine run starting with max_epochs=1.
03/31/2026 05:41:27 PM | engine.py:1010 Epoch[1] Complete. Time taken: 00:00:26.252
estimate shape: torch.Size([24, 1724, 257, 1, 4])
target shape: torch.Size([24, 1724, 257, 1, 4])
mixture_phase shape: torch.Size([24, 257, 1723])
target_phase shape after adjust: torch.Size([24, 1723, 257, 1, 4])
mix_phase shape after adjust: torch.Size([24, 1723, 257, 1, 1])
estimate shape: torch.Size([24, 1724, 257, 1, 4])
target shape: torch.Size([24, 1724, 257, 1, 4])
mixture_phase shape: torch.Size([24, 257, 1723])
target_phase shape after adjust: torch.Size([24, 1723, 257, 1, 4])
mix_phase shape after adjust: torch.Size([24, 1723, 257, 1, 1])
estimate shape: torch.Size([24, 1724, 257, 1, 4])
target shape: torch.Size([24, 1724, 257, 1, 4])
mixture_phase shape: torch.Size([24, 257, 1723])
target_phase shape after adjust: torch.Size([24, 1723, 257, 1, 4])
mix_phase shape after adjust: torch.Size([24, 1723, 257, 1, 1])
estimate shape: torch.Size([24, 1724, 257, 1, 4])
target shape: torch.Size([24, 1724, 257, 1, 4])
mixture_phase shape: torch.Size([24, 257, 1723])
target_phase shape after adjust: torch.Size([24, 1723, 257, 1, 4])
mix_phase shape after adjust: torch.Size([24, 1723, 257, 1, 1])
estimate shape: torch.Size([24, 1724, 257, 1, 4])
target shape: torch.Size([24, 1724, 257, 1, 4])
mixture_phase shape: torch.Size([24, 257, 1723])
target_phase shape after adjust: torch.Size([24, 1723, 257, 1, 4])
mix_phase shape after adjust: torch.Size([24, 1723, 257, 1, 1])
estimate shape: torch.Size([24, 1724, 257, 1, 4])
target shape: torch.Size([24, 1724, 257, 1, 4])
mixture_phase shape: torch.Size([24, 257, 1723])
target_phase shape after adjust: torch.Size([24, 1723, 257, 1, 4])
mix_phase shape after adjust: torch.Size([24, 1723, 257, 1, 1])
estimate shape: torch.Size([24, 1724, 257, 1, 4])
target shape: torch.Size([24, 1724, 257, 1, 4])
mixture_phase shape: torch.Size([24, 257, 1723])
target_phase shape after adjust: torch.Size([24, 1723, 257, 1, 4])
mix_phase shape after adjust: torch.Size([24, 1723, 257, 1, 1])
estimate shape: torch.Size([24, 1724, 257, 1, 4])
target shape: torch.Size([24, 1724, 257, 1, 4])
mixture_phase shape: torch.Size([24, 257, 1723])
target_phase shape after adjust: torch.Size([24, 1723, 257, 1, 4])
mix_phase shape after adjust: torch.Size([24, 1723, 257, 1, 1])
estimate shape: torch.Size([24, 1724, 257, 1, 4])
target shape: torch.Size([24, 1724, 257, 1, 4])
mixture_phase shape: torch.Size([24, 257, 1723])
target_phase shape after adjust: torch.Size([24, 1723, 257, 1, 4])
mix_phase shape after adjust: torch.Size([24, 1723, 257, 1, 1])
estimate shape: torch.Size([24, 1724, 257, 1, 4])
target shape: torch.Size([24, 1724, 257, 1, 4])
mixture_phase shape: torch.Size([24, 257, 1723])
target_phase shape after adjust: torch.Size([24, 1723, 257, 1, 4])
mix_phase shape after adjust: torch.Size([24, 1723, 257, 1, 1])
estimate shape: torch.Size([24, 1724, 257, 1, 4])
target shape: torch.Size([24, 1724, 257, 1, 4])
mixture_phase shape: torch.Size([24, 257, 1723])
target_phase shape after adjust: torch.Size([24, 1723, 257, 1, 4])
mix_phase shape after adjust: torch.Size([24, 1723, 257, 1, 1])
estimate shape: torch.Size([24, 1724, 257, 1, 4])
target shape: torch.Size([24, 1724, 257, 1, 4])
mixture_phase shape: torch.Size([24, 257, 1723])
target_phase shape after adjust: torch.Size([24, 1723, 257, 1, 4])
mix_phase shape after adjust: torch.Size([24, 1723, 257, 1, 1])
estimate shape: torch.Size([24, 1724, 257, 1, 4])
target shape: torch.Size([24, 1724, 257, 1, 4])
mixture_phase shape: torch.Size([24, 257, 1723])
target_phase shape after adjust: torch.Size([24, 1723, 257, 1, 4])
mix_phase shape after adjust: torch.Size([24, 1723, 257, 1, 1])
estimate shape: torch.Size([24, 1724, 257, 1, 4])
target shape: torch.Size([24, 1724, 257, 1, 4])
mixture_phase shape: torch.Size([24, 257, 1723])
target_phase shape after adjust: torch.Size([24, 1723, 257, 1, 4])
mix_phase shape after adjust: torch.Size([24, 1723, 257, 1, 1])
estimate shape: torch.Size([24, 1724, 257, 1, 4])
target shape: torch.Size([24, 1724, 257, 1, 4])
mixture_phase shape: torch.Size([24, 257, 1723])
target_phase shape after adjust: torch.Size([24, 1723, 257, 1, 4])
mix_phase shape after adjust: torch.Size([24, 1723, 257, 1, 1])
estimate shape: torch.Size([24, 1724, 257, 1, 4])
target shape: torch.Size([24, 1724, 257, 1, 4])
mixture_phase shape: torch.Size([24, 257, 1723])
target_phase shape after adjust: torch.Size([24, 1723, 257, 1, 4])
mix_phase shape after adjust: torch.Size([24, 1723, 257, 1, 1])
estimate shape: torch.Size([24, 1724, 257, 1, 4])
target shape: torch.Size([24, 1724, 257, 1, 4])
mixture_phase shape: torch.Size([24, 257, 1723])
target_phase shape after adjust: torch.Size([24, 1723, 257, 1, 4])
mix_phase shape after adjust: torch.Size([24, 1723, 257, 1, 1])
estimate shape: torch.Size([24, 1724, 257, 1, 4])
target shape: torch.Size([24, 1724, 257, 1, 4])
mixture_phase shape: torch.Size([24, 257, 1723])
target_phase shape after adjust: torch.Size([24, 1723, 257, 1, 4])
mix_phase shape after adjust: torch.Size([24, 1723, 257, 1, 1])
estimate shape: torch.Size([8, 1724, 257, 1, 4])
target shape: torch.Size([8, 1724, 257, 1, 4])
mixture_phase shape: torch.Size([8, 257, 1723])
target_phase shape after adjust: torch.Size([8, 1723, 257, 1, 4])
mix_phase shape after adjust: torch.Size([8, 1723, 257, 1, 1])
[Validator] Epoch 40 - val_loss: 0.000013
[BEST CHECKPOINT] Guardado/actualizado en: checkpoints\Mis_modelos\lpsa_phase checkpoints\4stems\best_checkpoint_40_val_loss=-0.0000.pt
03/31/2026 05:41:27 PM | engine.py:1037 Engine run finished. Time taken: 00:00:26.263
[Epoch 40] train_loss=0.000012 | val_loss=0.000013
03/31/2026 05:41:27 PM | engine.py:1010 Epoch[40] Complete. Time taken: 00:00:48.814
03/31/2026 05:41:49 PM | engine.py:906 Engine run starting with max_epochs=1.
03/31/2026 05:42:15 PM | engine.py:1010 Epoch[1] Complete. Time taken: 00:00:25.780
estimate shape: torch.Size([24, 1724, 257, 1, 4])
target shape: torch.Size([24, 1724, 257, 1, 4])
mixture_phase shape: torch.Size([24, 257, 1723])
target_phase shape after adjust: torch.Size([24, 1723, 257, 1, 4])
mix_phase shape after adjust: torch.Size([24, 1723, 257, 1, 1])
estimate shape: torch.Size([24, 1724, 257, 1, 4])
target shape: torch.Size([24, 1724, 257, 1, 4])
mixture_phase shape: torch.Size([24, 257, 1723])
target_phase shape after adjust: torch.Size([24, 1723, 257, 1, 4])
mix_phase shape after adjust: torch.Size([24, 1723, 257, 1, 1])
estimate shape: torch.Size([24, 1724, 257, 1, 4])
target shape: torch.Size([24, 1724, 257, 1, 4])
mixture_phase shape: torch.Size([24, 257, 1723])
target_phase shape after adjust: torch.Size([24, 1723, 257, 1, 4])
mix_phase shape after adjust: torch.Size([24, 1723, 257, 1, 1])
estimate shape: torch.Size([24, 1724, 257, 1, 4])
target shape: torch.Size([24, 1724, 257, 1, 4])
mixture_phase shape: torch.Size([24, 257, 1723])
target_phase shape after adjust: torch.Size([24, 1723, 257, 1, 4])
mix_phase shape after adjust: torch.Size([24, 1723, 257, 1, 1])
estimate shape: torch.Size([24, 1724, 257, 1, 4])
target shape: torch.Size([24, 1724, 257, 1, 4])
mixture_phase shape: torch.Size([24, 257, 1723])
target_phase shape after adjust: torch.Size([24, 1723, 257, 1, 4])
mix_phase shape after adjust: torch.Size([24, 1723, 257, 1, 1])
estimate shape: torch.Size([24, 1724, 257, 1, 4])
target shape: torch.Size([24, 1724, 257, 1, 4])
mixture_phase shape: torch.Size([24, 257, 1723])
target_phase shape after adjust: torch.Size([24, 1723, 257, 1, 4])
mix_phase shape after adjust: torch.Size([24, 1723, 257, 1, 1])
estimate shape: torch.Size([24, 1724, 257, 1, 4])
target shape: torch.Size([24, 1724, 257, 1, 4])
mixture_phase shape: torch.Size([24, 257, 1723])
target_phase shape after adjust: torch.Size([24, 1723, 257, 1, 4])
mix_phase shape after adjust: torch.Size([24, 1723, 257, 1, 1])
estimate shape: torch.Size([24, 1724, 257, 1, 4])
target shape: torch.Size([24, 1724, 257, 1, 4])
mixture_phase shape: torch.Size([24, 257, 1723])
target_phase shape after adjust: torch.Size([24, 1723, 257, 1, 4])
mix_phase shape after adjust: torch.Size([24, 1723, 257, 1, 1])
estimate shape: torch.Size([24, 1724, 257, 1, 4])
target shape: torch.Size([24, 1724, 257, 1, 4])
mixture_phase shape: torch.Size([24, 257, 1723])
target_phase shape after adjust: torch.Size([24, 1723, 257, 1, 4])
mix_phase shape after adjust: torch.Size([24, 1723, 257, 1, 1])
estimate shape: torch.Size([24, 1724, 257, 1, 4])
target shape: torch.Size([24, 1724, 257, 1, 4])
mixture_phase shape: torch.Size([24, 257, 1723])
target_phase shape after adjust: torch.Size([24, 1723, 257, 1, 4])
mix_phase shape after adjust: torch.Size([24, 1723, 257, 1, 1])
estimate shape: torch.Size([24, 1724, 257, 1, 4])
target shape: torch.Size([24, 1724, 257, 1, 4])
mixture_phase shape: torch.Size([24, 257, 1723])
target_phase shape after adjust: torch.Size([24, 1723, 257, 1, 4])
mix_phase shape after adjust: torch.Size([24, 1723, 257, 1, 1])
estimate shape: torch.Size([24, 1724, 257, 1, 4])
target shape: torch.Size([24, 1724, 257, 1, 4])
mixture_phase shape: torch.Size([24, 257, 1723])
target_phase shape after adjust: torch.Size([24, 1723, 257, 1, 4])
mix_phase shape after adjust: torch.Size([24, 1723, 257, 1, 1])
estimate shape: torch.Size([24, 1724, 257, 1, 4])
target shape: torch.Size([24, 1724, 257, 1, 4])
mixture_phase shape: torch.Size([24, 257, 1723])
target_phase shape after adjust: torch.Size([24, 1723, 257, 1, 4])
mix_phase shape after adjust: torch.Size([24, 1723, 257, 1, 1])
estimate shape: torch.Size([24, 1724, 257, 1, 4])
target shape: torch.Size([24, 1724, 257, 1, 4])
mixture_phase shape: torch.Size([24, 257, 1723])
target_phase shape after adjust: torch.Size([24, 1723, 257, 1, 4])
mix_phase shape after adjust: torch.Size([24, 1723, 257, 1, 1])
estimate shape: torch.Size([24, 1724, 257, 1, 4])
target shape: torch.Size([24, 1724, 257, 1, 4])
mixture_phase shape: torch.Size([24, 257, 1723])
target_phase shape after adjust: torch.Size([24, 1723, 257, 1, 4])
mix_phase shape after adjust: torch.Size([24, 1723, 257, 1, 1])
estimate shape: torch.Size([24, 1724, 257, 1, 4])
target shape: torch.Size([24, 1724, 257, 1, 4])
mixture_phase shape: torch.Size([24, 257, 1723])
target_phase shape after adjust: torch.Size([24, 1723, 257, 1, 4])
mix_phase shape after adjust: torch.Size([24, 1723, 257, 1, 1])
estimate shape: torch.Size([24, 1724, 257, 1, 4])
target shape: torch.Size([24, 1724, 257, 1, 4])
mixture_phase shape: torch.Size([24, 257, 1723])
target_phase shape after adjust: torch.Size([24, 1723, 257, 1, 4])
mix_phase shape after adjust: torch.Size([24, 1723, 257, 1, 1])
estimate shape: torch.Size([24, 1724, 257, 1, 4])
target shape: torch.Size([24, 1724, 257, 1, 4])
mixture_phase shape: torch.Size([24, 257, 1723])
target_phase shape after adjust: torch.Size([24, 1723, 257, 1, 4])
mix_phase shape after adjust: torch.Size([24, 1723, 257, 1, 1])
estimate shape: torch.Size([8, 1724, 257, 1, 4])
target shape: torch.Size([8, 1724, 257, 1, 4])
mixture_phase shape: torch.Size([8, 257, 1723])
target_phase shape after adjust: torch.Size([8, 1723, 257, 1, 4])
mix_phase shape after adjust: torch.Size([8, 1723, 257, 1, 1])
[Validator] Epoch 41 - val_loss: 0.000013
[BEST CHECKPOINT] Guardado/actualizado en: checkpoints\Mis_modelos\lpsa_phase checkpoints\4stems\best_checkpoint_41_val_loss=-0.0000.pt
03/31/2026 05:42:15 PM | engine.py:1037 Engine run finished. Time taken: 00:00:25.792
[Epoch 41] train_loss=0.000011 | val_loss=0.000013
03/31/2026 05:42:15 PM | engine.py:1010 Epoch[41] Complete. Time taken: 00:00:48.341
03/31/2026 05:42:37 PM | engine.py:906 Engine run starting with max_epochs=1.
03/31/2026 05:43:03 PM | engine.py:1010 Epoch[1] Complete. Time taken: 00:00:26.226
estimate shape: torch.Size([24, 1724, 257, 1, 4])
target shape: torch.Size([24, 1724, 257, 1, 4])
mixture_phase shape: torch.Size([24, 257, 1723])
target_phase shape after adjust: torch.Size([24, 1723, 257, 1, 4])
mix_phase shape after adjust: torch.Size([24, 1723, 257, 1, 1])
estimate shape: torch.Size([24, 1724, 257, 1, 4])
target shape: torch.Size([24, 1724, 257, 1, 4])
mixture_phase shape: torch.Size([24, 257, 1723])
target_phase shape after adjust: torch.Size([24, 1723, 257, 1, 4])
mix_phase shape after adjust: torch.Size([24, 1723, 257, 1, 1])
estimate shape: torch.Size([24, 1724, 257, 1, 4])
target shape: torch.Size([24, 1724, 257, 1, 4])
mixture_phase shape: torch.Size([24, 257, 1723])
target_phase shape after adjust: torch.Size([24, 1723, 257, 1, 4])
mix_phase shape after adjust: torch.Size([24, 1723, 257, 1, 1])
estimate shape: torch.Size([24, 1724, 257, 1, 4])
target shape: torch.Size([24, 1724, 257, 1, 4])
mixture_phase shape: torch.Size([24, 257, 1723])
target_phase shape after adjust: torch.Size([24, 1723, 257, 1, 4])
mix_phase shape after adjust: torch.Size([24, 1723, 257, 1, 1])
estimate shape: torch.Size([24, 1724, 257, 1, 4])
target shape: torch.Size([24, 1724, 257, 1, 4])
mixture_phase shape: torch.Size([24, 257, 1723])
target_phase shape after adjust: torch.Size([24, 1723, 257, 1, 4])
mix_phase shape after adjust: torch.Size([24, 1723, 257, 1, 1])
estimate shape: torch.Size([24, 1724, 257, 1, 4])
target shape: torch.Size([24, 1724, 257, 1, 4])
mixture_phase shape: torch.Size([24, 257, 1723])
target_phase shape after adjust: torch.Size([24, 1723, 257, 1, 4])
mix_phase shape after adjust: torch.Size([24, 1723, 257, 1, 1])
estimate shape: torch.Size([24, 1724, 257, 1, 4])
target shape: torch.Size([24, 1724, 257, 1, 4])
mixture_phase shape: torch.Size([24, 257, 1723])
target_phase shape after adjust: torch.Size([24, 1723, 257, 1, 4])
mix_phase shape after adjust: torch.Size([24, 1723, 257, 1, 1])
estimate shape: torch.Size([24, 1724, 257, 1, 4])
target shape: torch.Size([24, 1724, 257, 1, 4])
mixture_phase shape: torch.Size([24, 257, 1723])
target_phase shape after adjust: torch.Size([24, 1723, 257, 1, 4])
mix_phase shape after adjust: torch.Size([24, 1723, 257, 1, 1])
estimate shape: torch.Size([24, 1724, 257, 1, 4])
target shape: torch.Size([24, 1724, 257, 1, 4])
mixture_phase shape: torch.Size([24, 257, 1723])
target_phase shape after adjust: torch.Size([24, 1723, 257, 1, 4])
mix_phase shape after adjust: torch.Size([24, 1723, 257, 1, 1])
estimate shape: torch.Size([24, 1724, 257, 1, 4])
target shape: torch.Size([24, 1724, 257, 1, 4])
mixture_phase shape: torch.Size([24, 257, 1723])
target_phase shape after adjust: torch.Size([24, 1723, 257, 1, 4])
mix_phase shape after adjust: torch.Size([24, 1723, 257, 1, 1])
estimate shape: torch.Size([24, 1724, 257, 1, 4])
target shape: torch.Size([24, 1724, 257, 1, 4])
mixture_phase shape: torch.Size([24, 257, 1723])
target_phase shape after adjust: torch.Size([24, 1723, 257, 1, 4])
mix_phase shape after adjust: torch.Size([24, 1723, 257, 1, 1])
estimate shape: torch.Size([24, 1724, 257, 1, 4])
target shape: torch.Size([24, 1724, 257, 1, 4])
mixture_phase shape: torch.Size([24, 257, 1723])
target_phase shape after adjust: torch.Size([24, 1723, 257, 1, 4])
mix_phase shape after adjust: torch.Size([24, 1723, 257, 1, 1])
estimate shape: torch.Size([24, 1724, 257, 1, 4])
target shape: torch.Size([24, 1724, 257, 1, 4])
mixture_phase shape: torch.Size([24, 257, 1723])
target_phase shape after adjust: torch.Size([24, 1723, 257, 1, 4])
mix_phase shape after adjust: torch.Size([24, 1723, 257, 1, 1])
estimate shape: torch.Size([24, 1724, 257, 1, 4])
target shape: torch.Size([24, 1724, 257, 1, 4])
mixture_phase shape: torch.Size([24, 257, 1723])
target_phase shape after adjust: torch.Size([24, 1723, 257, 1, 4])
mix_phase shape after adjust: torch.Size([24, 1723, 257, 1, 1])
estimate shape: torch.Size([24, 1724, 257, 1, 4])
target shape: torch.Size([24, 1724, 257, 1, 4])
mixture_phase shape: torch.Size([24, 257, 1723])
target_phase shape after adjust: torch.Size([24, 1723, 257, 1, 4])
mix_phase shape after adjust: torch.Size([24, 1723, 257, 1, 1])
estimate shape: torch.Size([24, 1724, 257, 1, 4])
target shape: torch.Size([24, 1724, 257, 1, 4])
mixture_phase shape: torch.Size([24, 257, 1723])
target_phase shape after adjust: torch.Size([24, 1723, 257, 1, 4])
mix_phase shape after adjust: torch.Size([24, 1723, 257, 1, 1])
estimate shape: torch.Size([24, 1724, 257, 1, 4])
target shape: torch.Size([24, 1724, 257, 1, 4])
mixture_phase shape: torch.Size([24, 257, 1723])
target_phase shape after adjust: torch.Size([24, 1723, 257, 1, 4])
mix_phase shape after adjust: torch.Size([24, 1723, 257, 1, 1])
estimate shape: torch.Size([24, 1724, 257, 1, 4])
target shape: torch.Size([24, 1724, 257, 1, 4])
mixture_phase shape: torch.Size([24, 257, 1723])
target_phase shape after adjust: torch.Size([24, 1723, 257, 1, 4])
mix_phase shape after adjust: torch.Size([24, 1723, 257, 1, 1])
estimate shape: torch.Size([8, 1724, 257, 1, 4])
target shape: torch.Size([8, 1724, 257, 1, 4])
mixture_phase shape: torch.Size([8, 257, 1723])
target_phase shape after adjust: torch.Size([8, 1723, 257, 1, 4])
mix_phase shape after adjust: torch.Size([8, 1723, 257, 1, 1])
[Validator] Epoch 42 - val_loss: 0.000013
[BEST CHECKPOINT] Guardado/actualizado en: checkpoints\Mis_modelos\lpsa_phase checkpoints\4stems\best_checkpoint_41_val_loss=-0.0000.pt
03/31/2026 05:43:03 PM | engine.py:1037 Engine run finished. Time taken: 00:00:26.228
[Epoch 42] train_loss=0.000012 | val_loss=0.000013
03/31/2026 05:43:03 PM | engine.py:1010 Epoch[42] Complete. Time taken: 00:00:47.810
03/31/2026 05:43:25 PM | engine.py:906 Engine run starting with max_epochs=1.
03/31/2026 05:43:52 PM | engine.py:1010 Epoch[1] Complete. Time taken: 00:00:26.018
estimate shape: torch.Size([24, 1724, 257, 1, 4])
target shape: torch.Size([24, 1724, 257, 1, 4])
mixture_phase shape: torch.Size([24, 257, 1723])
target_phase shape after adjust: torch.Size([24, 1723, 257, 1, 4])
mix_phase shape after adjust: torch.Size([24, 1723, 257, 1, 1])
estimate shape: torch.Size([24, 1724, 257, 1, 4])
target shape: torch.Size([24, 1724, 257, 1, 4])
mixture_phase shape: torch.Size([24, 257, 1723])
target_phase shape after adjust: torch.Size([24, 1723, 257, 1, 4])
mix_phase shape after adjust: torch.Size([24, 1723, 257, 1, 1])
estimate shape: torch.Size([24, 1724, 257, 1, 4])
target shape: torch.Size([24, 1724, 257, 1, 4])
mixture_phase shape: torch.Size([24, 257, 1723])
target_phase shape after adjust: torch.Size([24, 1723, 257, 1, 4])
mix_phase shape after adjust: torch.Size([24, 1723, 257, 1, 1])
estimate shape: torch.Size([24, 1724, 257, 1, 4])
target shape: torch.Size([24, 1724, 257, 1, 4])
mixture_phase shape: torch.Size([24, 257, 1723])
target_phase shape after adjust: torch.Size([24, 1723, 257, 1, 4])
mix_phase shape after adjust: torch.Size([24, 1723, 257, 1, 1])
estimate shape: torch.Size([24, 1724, 257, 1, 4])
target shape: torch.Size([24, 1724, 257, 1, 4])
mixture_phase shape: torch.Size([24, 257, 1723])
target_phase shape after adjust: torch.Size([24, 1723, 257, 1, 4])
mix_phase shape after adjust: torch.Size([24, 1723, 257, 1, 1])
estimate shape: torch.Size([24, 1724, 257, 1, 4])
target shape: torch.Size([24, 1724, 257, 1, 4])
mixture_phase shape: torch.Size([24, 257, 1723])
target_phase shape after adjust: torch.Size([24, 1723, 257, 1, 4])
mix_phase shape after adjust: torch.Size([24, 1723, 257, 1, 1])
estimate shape: torch.Size([24, 1724, 257, 1, 4])
target shape: torch.Size([24, 1724, 257, 1, 4])
mixture_phase shape: torch.Size([24, 257, 1723])
target_phase shape after adjust: torch.Size([24, 1723, 257, 1, 4])
mix_phase shape after adjust: torch.Size([24, 1723, 257, 1, 1])
estimate shape: torch.Size([24, 1724, 257, 1, 4])
target shape: torch.Size([24, 1724, 257, 1, 4])
mixture_phase shape: torch.Size([24, 257, 1723])
target_phase shape after adjust: torch.Size([24, 1723, 257, 1, 4])
mix_phase shape after adjust: torch.Size([24, 1723, 257, 1, 1])
estimate shape: torch.Size([24, 1724, 257, 1, 4])
target shape: torch.Size([24, 1724, 257, 1, 4])
mixture_phase shape: torch.Size([24, 257, 1723])
target_phase shape after adjust: torch.Size([24, 1723, 257, 1, 4])
mix_phase shape after adjust: torch.Size([24, 1723, 257, 1, 1])
estimate shape: torch.Size([24, 1724, 257, 1, 4])
target shape: torch.Size([24, 1724, 257, 1, 4])
mixture_phase shape: torch.Size([24, 257, 1723])
target_phase shape after adjust: torch.Size([24, 1723, 257, 1, 4])
mix_phase shape after adjust: torch.Size([24, 1723, 257, 1, 1])
estimate shape: torch.Size([24, 1724, 257, 1, 4])
target shape: torch.Size([24, 1724, 257, 1, 4])
mixture_phase shape: torch.Size([24, 257, 1723])
target_phase shape after adjust: torch.Size([24, 1723, 257, 1, 4])
mix_phase shape after adjust: torch.Size([24, 1723, 257, 1, 1])
estimate shape: torch.Size([24, 1724, 257, 1, 4])
target shape: torch.Size([24, 1724, 257, 1, 4])
mixture_phase shape: torch.Size([24, 257, 1723])
target_phase shape after adjust: torch.Size([24, 1723, 257, 1, 4])
mix_phase shape after adjust: torch.Size([24, 1723, 257, 1, 1])
estimate shape: torch.Size([24, 1724, 257, 1, 4])
target shape: torch.Size([24, 1724, 257, 1, 4])
mixture_phase shape: torch.Size([24, 257, 1723])
target_phase shape after adjust: torch.Size([24, 1723, 257, 1, 4])
mix_phase shape after adjust: torch.Size([24, 1723, 257, 1, 1])
estimate shape: torch.Size([24, 1724, 257, 1, 4])
target shape: torch.Size([24, 1724, 257, 1, 4])
mixture_phase shape: torch.Size([24, 257, 1723])
target_phase shape after adjust: torch.Size([24, 1723, 257, 1, 4])
mix_phase shape after adjust: torch.Size([24, 1723, 257, 1, 1])
estimate shape: torch.Size([24, 1724, 257, 1, 4])
target shape: torch.Size([24, 1724, 257, 1, 4])
mixture_phase shape: torch.Size([24, 257, 1723])
target_phase shape after adjust: torch.Size([24, 1723, 257, 1, 4])
mix_phase shape after adjust: torch.Size([24, 1723, 257, 1, 1])
estimate shape: torch.Size([24, 1724, 257, 1, 4])
target shape: torch.Size([24, 1724, 257, 1, 4])
mixture_phase shape: torch.Size([24, 257, 1723])
target_phase shape after adjust: torch.Size([24, 1723, 257, 1, 4])
mix_phase shape after adjust: torch.Size([24, 1723, 257, 1, 1])
estimate shape: torch.Size([24, 1724, 257, 1, 4])
target shape: torch.Size([24, 1724, 257, 1, 4])
mixture_phase shape: torch.Size([24, 257, 1723])
target_phase shape after adjust: torch.Size([24, 1723, 257, 1, 4])
mix_phase shape after adjust: torch.Size([24, 1723, 257, 1, 1])
estimate shape: torch.Size([24, 1724, 257, 1, 4])
target shape: torch.Size([24, 1724, 257, 1, 4])
mixture_phase shape: torch.Size([24, 257, 1723])
target_phase shape after adjust: torch.Size([24, 1723, 257, 1, 4])
mix_phase shape after adjust: torch.Size([24, 1723, 257, 1, 1])
estimate shape: torch.Size([8, 1724, 257, 1, 4])
target shape: torch.Size([8, 1724, 257, 1, 4])
mixture_phase shape: torch.Size([8, 257, 1723])
target_phase shape after adjust: torch.Size([8, 1723, 257, 1, 4])
mix_phase shape after adjust: torch.Size([8, 1723, 257, 1, 1])
[Validator] Epoch 43 - val_loss: 0.000013
[BEST CHECKPOINT] Guardado/actualizado en: checkpoints\Mis_modelos\lpsa_phase checkpoints\4stems\best_checkpoint_43_val_loss=-0.0000.pt
03/31/2026 05:43:52 PM | engine.py:1037 Engine run finished. Time taken: 00:00:26.030
[Epoch 43] train_loss=0.000011 | val_loss=0.000013
03/31/2026 05:43:52 PM | engine.py:1010 Epoch[43] Complete. Time taken: 00:00:48.539
03/31/2026 05:44:14 PM | engine.py:906 Engine run starting with max_epochs=1.
03/31/2026 05:44:40 PM | engine.py:1010 Epoch[1] Complete. Time taken: 00:00:25.963
estimate shape: torch.Size([24, 1724, 257, 1, 4])
target shape: torch.Size([24, 1724, 257, 1, 4])
mixture_phase shape: torch.Size([24, 257, 1723])
target_phase shape after adjust: torch.Size([24, 1723, 257, 1, 4])
mix_phase shape after adjust: torch.Size([24, 1723, 257, 1, 1])
estimate shape: torch.Size([24, 1724, 257, 1, 4])
target shape: torch.Size([24, 1724, 257, 1, 4])
mixture_phase shape: torch.Size([24, 257, 1723])
target_phase shape after adjust: torch.Size([24, 1723, 257, 1, 4])
mix_phase shape after adjust: torch.Size([24, 1723, 257, 1, 1])
estimate shape: torch.Size([24, 1724, 257, 1, 4])
target shape: torch.Size([24, 1724, 257, 1, 4])
mixture_phase shape: torch.Size([24, 257, 1723])
target_phase shape after adjust: torch.Size([24, 1723, 257, 1, 4])
mix_phase shape after adjust: torch.Size([24, 1723, 257, 1, 1])
estimate shape: torch.Size([24, 1724, 257, 1, 4])
target shape: torch.Size([24, 1724, 257, 1, 4])
mixture_phase shape: torch.Size([24, 257, 1723])
target_phase shape after adjust: torch.Size([24, 1723, 257, 1, 4])
mix_phase shape after adjust: torch.Size([24, 1723, 257, 1, 1])
estimate shape: torch.Size([24, 1724, 257, 1, 4])
target shape: torch.Size([24, 1724, 257, 1, 4])
mixture_phase shape: torch.Size([24, 257, 1723])
target_phase shape after adjust: torch.Size([24, 1723, 257, 1, 4])
mix_phase shape after adjust: torch.Size([24, 1723, 257, 1, 1])
estimate shape: torch.Size([24, 1724, 257, 1, 4])
target shape: torch.Size([24, 1724, 257, 1, 4])
mixture_phase shape: torch.Size([24, 257, 1723])
target_phase shape after adjust: torch.Size([24, 1723, 257, 1, 4])
mix_phase shape after adjust: torch.Size([24, 1723, 257, 1, 1])
estimate shape: torch.Size([24, 1724, 257, 1, 4])
target shape: torch.Size([24, 1724, 257, 1, 4])
mixture_phase shape: torch.Size([24, 257, 1723])
target_phase shape after adjust: torch.Size([24, 1723, 257, 1, 4])
mix_phase shape after adjust: torch.Size([24, 1723, 257, 1, 1])
estimate shape: torch.Size([24, 1724, 257, 1, 4])
target shape: torch.Size([24, 1724, 257, 1, 4])
mixture_phase shape: torch.Size([24, 257, 1723])
target_phase shape after adjust: torch.Size([24, 1723, 257, 1, 4])
mix_phase shape after adjust: torch.Size([24, 1723, 257, 1, 1])
estimate shape: torch.Size([24, 1724, 257, 1, 4])
target shape: torch.Size([24, 1724, 257, 1, 4])
mixture_phase shape: torch.Size([24, 257, 1723])
target_phase shape after adjust: torch.Size([24, 1723, 257, 1, 4])
mix_phase shape after adjust: torch.Size([24, 1723, 257, 1, 1])
estimate shape: torch.Size([24, 1724, 257, 1, 4])
target shape: torch.Size([24, 1724, 257, 1, 4])
mixture_phase shape: torch.Size([24, 257, 1723])
target_phase shape after adjust: torch.Size([24, 1723, 257, 1, 4])
mix_phase shape after adjust: torch.Size([24, 1723, 257, 1, 1])
estimate shape: torch.Size([24, 1724, 257, 1, 4])
target shape: torch.Size([24, 1724, 257, 1, 4])
mixture_phase shape: torch.Size([24, 257, 1723])
target_phase shape after adjust: torch.Size([24, 1723, 257, 1, 4])
mix_phase shape after adjust: torch.Size([24, 1723, 257, 1, 1])
estimate shape: torch.Size([24, 1724, 257, 1, 4])
target shape: torch.Size([24, 1724, 257, 1, 4])
mixture_phase shape: torch.Size([24, 257, 1723])
target_phase shape after adjust: torch.Size([24, 1723, 257, 1, 4])
mix_phase shape after adjust: torch.Size([24, 1723, 257, 1, 1])
estimate shape: torch.Size([24, 1724, 257, 1, 4])
target shape: torch.Size([24, 1724, 257, 1, 4])
mixture_phase shape: torch.Size([24, 257, 1723])
target_phase shape after adjust: torch.Size([24, 1723, 257, 1, 4])
mix_phase shape after adjust: torch.Size([24, 1723, 257, 1, 1])
estimate shape: torch.Size([24, 1724, 257, 1, 4])
target shape: torch.Size([24, 1724, 257, 1, 4])
mixture_phase shape: torch.Size([24, 257, 1723])
target_phase shape after adjust: torch.Size([24, 1723, 257, 1, 4])
mix_phase shape after adjust: torch.Size([24, 1723, 257, 1, 1])
estimate shape: torch.Size([24, 1724, 257, 1, 4])
target shape: torch.Size([24, 1724, 257, 1, 4])
mixture_phase shape: torch.Size([24, 257, 1723])
target_phase shape after adjust: torch.Size([24, 1723, 257, 1, 4])
mix_phase shape after adjust: torch.Size([24, 1723, 257, 1, 1])
estimate shape: torch.Size([24, 1724, 257, 1, 4])
target shape: torch.Size([24, 1724, 257, 1, 4])
mixture_phase shape: torch.Size([24, 257, 1723])
target_phase shape after adjust: torch.Size([24, 1723, 257, 1, 4])
mix_phase shape after adjust: torch.Size([24, 1723, 257, 1, 1])
estimate shape: torch.Size([24, 1724, 257, 1, 4])
target shape: torch.Size([24, 1724, 257, 1, 4])
mixture_phase shape: torch.Size([24, 257, 1723])
target_phase shape after adjust: torch.Size([24, 1723, 257, 1, 4])
mix_phase shape after adjust: torch.Size([24, 1723, 257, 1, 1])
estimate shape: torch.Size([24, 1724, 257, 1, 4])
target shape: torch.Size([24, 1724, 257, 1, 4])
mixture_phase shape: torch.Size([24, 257, 1723])
target_phase shape after adjust: torch.Size([24, 1723, 257, 1, 4])
mix_phase shape after adjust: torch.Size([24, 1723, 257, 1, 1])
estimate shape: torch.Size([8, 1724, 257, 1, 4])
target shape: torch.Size([8, 1724, 257, 1, 4])
mixture_phase shape: torch.Size([8, 257, 1723])
target_phase shape after adjust: torch.Size([8, 1723, 257, 1, 4])
mix_phase shape after adjust: torch.Size([8, 1723, 257, 1, 1])
[Validator] Epoch 44 - val_loss: 0.000013
[BEST CHECKPOINT] Guardado/actualizado en: checkpoints\Mis_modelos\lpsa_phase checkpoints\4stems\best_checkpoint_44_val_loss=-0.0000.pt
03/31/2026 05:44:40 PM | engine.py:1037 Engine run finished. Time taken: 00:00:25.974
[Epoch 44] train_loss=0.000012 | val_loss=0.000013
03/31/2026 05:44:40 PM | engine.py:1010 Epoch[44] Complete. Time taken: 00:00:48.176
03/31/2026 05:45:02 PM | engine.py:906 Engine run starting with max_epochs=1.
03/31/2026 05:45:28 PM | engine.py:1010 Epoch[1] Complete. Time taken: 00:00:26.354
estimate shape: torch.Size([24, 1724, 257, 1, 4])
target shape: torch.Size([24, 1724, 257, 1, 4])
mixture_phase shape: torch.Size([24, 257, 1723])
target_phase shape after adjust: torch.Size([24, 1723, 257, 1, 4])
mix_phase shape after adjust: torch.Size([24, 1723, 257, 1, 1])
estimate shape: torch.Size([24, 1724, 257, 1, 4])
target shape: torch.Size([24, 1724, 257, 1, 4])
mixture_phase shape: torch.Size([24, 257, 1723])
target_phase shape after adjust: torch.Size([24, 1723, 257, 1, 4])
mix_phase shape after adjust: torch.Size([24, 1723, 257, 1, 1])
estimate shape: torch.Size([24, 1724, 257, 1, 4])
target shape: torch.Size([24, 1724, 257, 1, 4])
mixture_phase shape: torch.Size([24, 257, 1723])
target_phase shape after adjust: torch.Size([24, 1723, 257, 1, 4])
mix_phase shape after adjust: torch.Size([24, 1723, 257, 1, 1])
estimate shape: torch.Size([24, 1724, 257, 1, 4])
target shape: torch.Size([24, 1724, 257, 1, 4])
mixture_phase shape: torch.Size([24, 257, 1723])
target_phase shape after adjust: torch.Size([24, 1723, 257, 1, 4])
mix_phase shape after adjust: torch.Size([24, 1723, 257, 1, 1])
estimate shape: torch.Size([24, 1724, 257, 1, 4])
target shape: torch.Size([24, 1724, 257, 1, 4])
mixture_phase shape: torch.Size([24, 257, 1723])
target_phase shape after adjust: torch.Size([24, 1723, 257, 1, 4])
mix_phase shape after adjust: torch.Size([24, 1723, 257, 1, 1])
estimate shape: torch.Size([24, 1724, 257, 1, 4])
target shape: torch.Size([24, 1724, 257, 1, 4])
mixture_phase shape: torch.Size([24, 257, 1723])
target_phase shape after adjust: torch.Size([24, 1723, 257, 1, 4])
mix_phase shape after adjust: torch.Size([24, 1723, 257, 1, 1])
estimate shape: torch.Size([24, 1724, 257, 1, 4])
target shape: torch.Size([24, 1724, 257, 1, 4])
mixture_phase shape: torch.Size([24, 257, 1723])
target_phase shape after adjust: torch.Size([24, 1723, 257, 1, 4])
mix_phase shape after adjust: torch.Size([24, 1723, 257, 1, 1])
estimate shape: torch.Size([24, 1724, 257, 1, 4])
target shape: torch.Size([24, 1724, 257, 1, 4])
mixture_phase shape: torch.Size([24, 257, 1723])
target_phase shape after adjust: torch.Size([24, 1723, 257, 1, 4])
mix_phase shape after adjust: torch.Size([24, 1723, 257, 1, 1])
estimate shape: torch.Size([24, 1724, 257, 1, 4])
target shape: torch.Size([24, 1724, 257, 1, 4])
mixture_phase shape: torch.Size([24, 257, 1723])
target_phase shape after adjust: torch.Size([24, 1723, 257, 1, 4])
mix_phase shape after adjust: torch.Size([24, 1723, 257, 1, 1])
estimate shape: torch.Size([24, 1724, 257, 1, 4])
target shape: torch.Size([24, 1724, 257, 1, 4])
mixture_phase shape: torch.Size([24, 257, 1723])
target_phase shape after adjust: torch.Size([24, 1723, 257, 1, 4])
mix_phase shape after adjust: torch.Size([24, 1723, 257, 1, 1])
estimate shape: torch.Size([24, 1724, 257, 1, 4])
target shape: torch.Size([24, 1724, 257, 1, 4])
mixture_phase shape: torch.Size([24, 257, 1723])
target_phase shape after adjust: torch.Size([24, 1723, 257, 1, 4])
mix_phase shape after adjust: torch.Size([24, 1723, 257, 1, 1])
estimate shape: torch.Size([24, 1724, 257, 1, 4])
target shape: torch.Size([24, 1724, 257, 1, 4])
mixture_phase shape: torch.Size([24, 257, 1723])
target_phase shape after adjust: torch.Size([24, 1723, 257, 1, 4])
mix_phase shape after adjust: torch.Size([24, 1723, 257, 1, 1])
estimate shape: torch.Size([24, 1724, 257, 1, 4])
target shape: torch.Size([24, 1724, 257, 1, 4])
mixture_phase shape: torch.Size([24, 257, 1723])
target_phase shape after adjust: torch.Size([24, 1723, 257, 1, 4])
mix_phase shape after adjust: torch.Size([24, 1723, 257, 1, 1])
estimate shape: torch.Size([24, 1724, 257, 1, 4])
target shape: torch.Size([24, 1724, 257, 1, 4])
mixture_phase shape: torch.Size([24, 257, 1723])
target_phase shape after adjust: torch.Size([24, 1723, 257, 1, 4])
mix_phase shape after adjust: torch.Size([24, 1723, 257, 1, 1])
estimate shape: torch.Size([24, 1724, 257, 1, 4])
target shape: torch.Size([24, 1724, 257, 1, 4])
mixture_phase shape: torch.Size([24, 257, 1723])
target_phase shape after adjust: torch.Size([24, 1723, 257, 1, 4])
mix_phase shape after adjust: torch.Size([24, 1723, 257, 1, 1])
estimate shape: torch.Size([24, 1724, 257, 1, 4])
target shape: torch.Size([24, 1724, 257, 1, 4])
mixture_phase shape: torch.Size([24, 257, 1723])
target_phase shape after adjust: torch.Size([24, 1723, 257, 1, 4])
mix_phase shape after adjust: torch.Size([24, 1723, 257, 1, 1])
estimate shape: torch.Size([24, 1724, 257, 1, 4])
target shape: torch.Size([24, 1724, 257, 1, 4])
mixture_phase shape: torch.Size([24, 257, 1723])
target_phase shape after adjust: torch.Size([24, 1723, 257, 1, 4])
mix_phase shape after adjust: torch.Size([24, 1723, 257, 1, 1])
estimate shape: torch.Size([24, 1724, 257, 1, 4])
target shape: torch.Size([24, 1724, 257, 1, 4])
mixture_phase shape: torch.Size([24, 257, 1723])
target_phase shape after adjust: torch.Size([24, 1723, 257, 1, 4])
mix_phase shape after adjust: torch.Size([24, 1723, 257, 1, 1])
estimate shape: torch.Size([8, 1724, 257, 1, 4])
target shape: torch.Size([8, 1724, 257, 1, 4])
mixture_phase shape: torch.Size([8, 257, 1723])
target_phase shape after adjust: torch.Size([8, 1723, 257, 1, 4])
mix_phase shape after adjust: torch.Size([8, 1723, 257, 1, 1])
[Validator] Epoch 45 - val_loss: 0.000013
[BEST CHECKPOINT] Guardado/actualizado en: checkpoints\Mis_modelos\lpsa_phase checkpoints\4stems\best_checkpoint_45_val_loss=-0.0000.pt
03/31/2026 05:45:28 PM | engine.py:1037 Engine run finished. Time taken: 00:00:26.366
[Epoch 45] train_loss=0.000011 | val_loss=0.000013
03/31/2026 05:45:28 PM | engine.py:1010 Epoch[45] Complete. Time taken: 00:00:48.792
03/31/2026 05:45:51 PM | engine.py:906 Engine run starting with max_epochs=1.
03/31/2026 05:46:17 PM | engine.py:1010 Epoch[1] Complete. Time taken: 00:00:26.024
estimate shape: torch.Size([24, 1724, 257, 1, 4])
target shape: torch.Size([24, 1724, 257, 1, 4])
mixture_phase shape: torch.Size([24, 257, 1723])
target_phase shape after adjust: torch.Size([24, 1723, 257, 1, 4])
mix_phase shape after adjust: torch.Size([24, 1723, 257, 1, 1])
estimate shape: torch.Size([24, 1724, 257, 1, 4])
target shape: torch.Size([24, 1724, 257, 1, 4])
mixture_phase shape: torch.Size([24, 257, 1723])
target_phase shape after adjust: torch.Size([24, 1723, 257, 1, 4])
mix_phase shape after adjust: torch.Size([24, 1723, 257, 1, 1])
estimate shape: torch.Size([24, 1724, 257, 1, 4])
target shape: torch.Size([24, 1724, 257, 1, 4])
mixture_phase shape: torch.Size([24, 257, 1723])
target_phase shape after adjust: torch.Size([24, 1723, 257, 1, 4])
mix_phase shape after adjust: torch.Size([24, 1723, 257, 1, 1])
estimate shape: torch.Size([24, 1724, 257, 1, 4])
target shape: torch.Size([24, 1724, 257, 1, 4])
mixture_phase shape: torch.Size([24, 257, 1723])
target_phase shape after adjust: torch.Size([24, 1723, 257, 1, 4])
mix_phase shape after adjust: torch.Size([24, 1723, 257, 1, 1])
estimate shape: torch.Size([24, 1724, 257, 1, 4])
target shape: torch.Size([24, 1724, 257, 1, 4])
mixture_phase shape: torch.Size([24, 257, 1723])
target_phase shape after adjust: torch.Size([24, 1723, 257, 1, 4])
mix_phase shape after adjust: torch.Size([24, 1723, 257, 1, 1])
estimate shape: torch.Size([24, 1724, 257, 1, 4])
target shape: torch.Size([24, 1724, 257, 1, 4])
mixture_phase shape: torch.Size([24, 257, 1723])
target_phase shape after adjust: torch.Size([24, 1723, 257, 1, 4])
mix_phase shape after adjust: torch.Size([24, 1723, 257, 1, 1])
estimate shape: torch.Size([24, 1724, 257, 1, 4])
target shape: torch.Size([24, 1724, 257, 1, 4])
mixture_phase shape: torch.Size([24, 257, 1723])
target_phase shape after adjust: torch.Size([24, 1723, 257, 1, 4])
mix_phase shape after adjust: torch.Size([24, 1723, 257, 1, 1])
estimate shape: torch.Size([24, 1724, 257, 1, 4])
target shape: torch.Size([24, 1724, 257, 1, 4])
mixture_phase shape: torch.Size([24, 257, 1723])
target_phase shape after adjust: torch.Size([24, 1723, 257, 1, 4])
mix_phase shape after adjust: torch.Size([24, 1723, 257, 1, 1])
estimate shape: torch.Size([24, 1724, 257, 1, 4])
target shape: torch.Size([24, 1724, 257, 1, 4])
mixture_phase shape: torch.Size([24, 257, 1723])
target_phase shape after adjust: torch.Size([24, 1723, 257, 1, 4])
mix_phase shape after adjust: torch.Size([24, 1723, 257, 1, 1])
estimate shape: torch.Size([24, 1724, 257, 1, 4])
target shape: torch.Size([24, 1724, 257, 1, 4])
mixture_phase shape: torch.Size([24, 257, 1723])
target_phase shape after adjust: torch.Size([24, 1723, 257, 1, 4])
mix_phase shape after adjust: torch.Size([24, 1723, 257, 1, 1])
estimate shape: torch.Size([24, 1724, 257, 1, 4])
target shape: torch.Size([24, 1724, 257, 1, 4])
mixture_phase shape: torch.Size([24, 257, 1723])
target_phase shape after adjust: torch.Size([24, 1723, 257, 1, 4])
mix_phase shape after adjust: torch.Size([24, 1723, 257, 1, 1])
estimate shape: torch.Size([24, 1724, 257, 1, 4])
target shape: torch.Size([24, 1724, 257, 1, 4])
mixture_phase shape: torch.Size([24, 257, 1723])
target_phase shape after adjust: torch.Size([24, 1723, 257, 1, 4])
mix_phase shape after adjust: torch.Size([24, 1723, 257, 1, 1])
estimate shape: torch.Size([24, 1724, 257, 1, 4])
target shape: torch.Size([24, 1724, 257, 1, 4])
mixture_phase shape: torch.Size([24, 257, 1723])
target_phase shape after adjust: torch.Size([24, 1723, 257, 1, 4])
mix_phase shape after adjust: torch.Size([24, 1723, 257, 1, 1])
estimate shape: torch.Size([24, 1724, 257, 1, 4])
target shape: torch.Size([24, 1724, 257, 1, 4])
mixture_phase shape: torch.Size([24, 257, 1723])
target_phase shape after adjust: torch.Size([24, 1723, 257, 1, 4])
mix_phase shape after adjust: torch.Size([24, 1723, 257, 1, 1])
estimate shape: torch.Size([24, 1724, 257, 1, 4])
target shape: torch.Size([24, 1724, 257, 1, 4])
mixture_phase shape: torch.Size([24, 257, 1723])
target_phase shape after adjust: torch.Size([24, 1723, 257, 1, 4])
mix_phase shape after adjust: torch.Size([24, 1723, 257, 1, 1])
estimate shape: torch.Size([24, 1724, 257, 1, 4])
target shape: torch.Size([24, 1724, 257, 1, 4])
mixture_phase shape: torch.Size([24, 257, 1723])
target_phase shape after adjust: torch.Size([24, 1723, 257, 1, 4])
mix_phase shape after adjust: torch.Size([24, 1723, 257, 1, 1])
estimate shape: torch.Size([24, 1724, 257, 1, 4])
target shape: torch.Size([24, 1724, 257, 1, 4])
mixture_phase shape: torch.Size([24, 257, 1723])
target_phase shape after adjust: torch.Size([24, 1723, 257, 1, 4])
mix_phase shape after adjust: torch.Size([24, 1723, 257, 1, 1])
estimate shape: torch.Size([24, 1724, 257, 1, 4])
target shape: torch.Size([24, 1724, 257, 1, 4])
mixture_phase shape: torch.Size([24, 257, 1723])
target_phase shape after adjust: torch.Size([24, 1723, 257, 1, 4])
mix_phase shape after adjust: torch.Size([24, 1723, 257, 1, 1])
estimate shape: torch.Size([8, 1724, 257, 1, 4])
target shape: torch.Size([8, 1724, 257, 1, 4])
mixture_phase shape: torch.Size([8, 257, 1723])
target_phase shape after adjust: torch.Size([8, 1723, 257, 1, 4])
mix_phase shape after adjust: torch.Size([8, 1723, 257, 1, 1])
[Validator] Epoch 46 - val_loss: 0.000013
[BEST CHECKPOINT] Guardado/actualizado en: checkpoints\Mis_modelos\lpsa_phase checkpoints\4stems\best_checkpoint_46_val_loss=-0.0000.pt
03/31/2026 05:46:17 PM | engine.py:1037 Engine run finished. Time taken: 00:00:26.039
[Epoch 46] train_loss=0.000011 | val_loss=0.000013
03/31/2026 05:46:17 PM | engine.py:1010 Epoch[46] Complete. Time taken: 00:00:48.071
03/31/2026 05:46:38 PM | engine.py:906 Engine run starting with max_epochs=1.
03/31/2026 05:47:05 PM | engine.py:1010 Epoch[1] Complete. Time taken: 00:00:26.100
estimate shape: torch.Size([24, 1724, 257, 1, 4])
target shape: torch.Size([24, 1724, 257, 1, 4])
mixture_phase shape: torch.Size([24, 257, 1723])
target_phase shape after adjust: torch.Size([24, 1723, 257, 1, 4])
mix_phase shape after adjust: torch.Size([24, 1723, 257, 1, 1])
estimate shape: torch.Size([24, 1724, 257, 1, 4])
target shape: torch.Size([24, 1724, 257, 1, 4])
mixture_phase shape: torch.Size([24, 257, 1723])
target_phase shape after adjust: torch.Size([24, 1723, 257, 1, 4])
mix_phase shape after adjust: torch.Size([24, 1723, 257, 1, 1])
estimate shape: torch.Size([24, 1724, 257, 1, 4])
target shape: torch.Size([24, 1724, 257, 1, 4])
mixture_phase shape: torch.Size([24, 257, 1723])
target_phase shape after adjust: torch.Size([24, 1723, 257, 1, 4])
mix_phase shape after adjust: torch.Size([24, 1723, 257, 1, 1])
estimate shape: torch.Size([24, 1724, 257, 1, 4])
target shape: torch.Size([24, 1724, 257, 1, 4])
mixture_phase shape: torch.Size([24, 257, 1723])
target_phase shape after adjust: torch.Size([24, 1723, 257, 1, 4])
mix_phase shape after adjust: torch.Size([24, 1723, 257, 1, 1])
estimate shape: torch.Size([24, 1724, 257, 1, 4])
target shape: torch.Size([24, 1724, 257, 1, 4])
mixture_phase shape: torch.Size([24, 257, 1723])
target_phase shape after adjust: torch.Size([24, 1723, 257, 1, 4])
mix_phase shape after adjust: torch.Size([24, 1723, 257, 1, 1])
estimate shape: torch.Size([24, 1724, 257, 1, 4])
target shape: torch.Size([24, 1724, 257, 1, 4])
mixture_phase shape: torch.Size([24, 257, 1723])
target_phase shape after adjust: torch.Size([24, 1723, 257, 1, 4])
mix_phase shape after adjust: torch.Size([24, 1723, 257, 1, 1])
estimate shape: torch.Size([24, 1724, 257, 1, 4])
target shape: torch.Size([24, 1724, 257, 1, 4])
mixture_phase shape: torch.Size([24, 257, 1723])
target_phase shape after adjust: torch.Size([24, 1723, 257, 1, 4])
mix_phase shape after adjust: torch.Size([24, 1723, 257, 1, 1])
estimate shape: torch.Size([24, 1724, 257, 1, 4])
target shape: torch.Size([24, 1724, 257, 1, 4])
mixture_phase shape: torch.Size([24, 257, 1723])
target_phase shape after adjust: torch.Size([24, 1723, 257, 1, 4])
mix_phase shape after adjust: torch.Size([24, 1723, 257, 1, 1])
estimate shape: torch.Size([24, 1724, 257, 1, 4])
target shape: torch.Size([24, 1724, 257, 1, 4])
mixture_phase shape: torch.Size([24, 257, 1723])
target_phase shape after adjust: torch.Size([24, 1723, 257, 1, 4])
mix_phase shape after adjust: torch.Size([24, 1723, 257, 1, 1])
estimate shape: torch.Size([24, 1724, 257, 1, 4])
target shape: torch.Size([24, 1724, 257, 1, 4])
mixture_phase shape: torch.Size([24, 257, 1723])
target_phase shape after adjust: torch.Size([24, 1723, 257, 1, 4])
mix_phase shape after adjust: torch.Size([24, 1723, 257, 1, 1])
estimate shape: torch.Size([24, 1724, 257, 1, 4])
target shape: torch.Size([24, 1724, 257, 1, 4])
mixture_phase shape: torch.Size([24, 257, 1723])
target_phase shape after adjust: torch.Size([24, 1723, 257, 1, 4])
mix_phase shape after adjust: torch.Size([24, 1723, 257, 1, 1])
estimate shape: torch.Size([24, 1724, 257, 1, 4])
target shape: torch.Size([24, 1724, 257, 1, 4])
mixture_phase shape: torch.Size([24, 257, 1723])
target_phase shape after adjust: torch.Size([24, 1723, 257, 1, 4])
mix_phase shape after adjust: torch.Size([24, 1723, 257, 1, 1])
estimate shape: torch.Size([24, 1724, 257, 1, 4])
target shape: torch.Size([24, 1724, 257, 1, 4])
mixture_phase shape: torch.Size([24, 257, 1723])
target_phase shape after adjust: torch.Size([24, 1723, 257, 1, 4])
mix_phase shape after adjust: torch.Size([24, 1723, 257, 1, 1])
estimate shape: torch.Size([24, 1724, 257, 1, 4])
target shape: torch.Size([24, 1724, 257, 1, 4])
mixture_phase shape: torch.Size([24, 257, 1723])
target_phase shape after adjust: torch.Size([24, 1723, 257, 1, 4])
mix_phase shape after adjust: torch.Size([24, 1723, 257, 1, 1])
estimate shape: torch.Size([24, 1724, 257, 1, 4])
target shape: torch.Size([24, 1724, 257, 1, 4])
mixture_phase shape: torch.Size([24, 257, 1723])
target_phase shape after adjust: torch.Size([24, 1723, 257, 1, 4])
mix_phase shape after adjust: torch.Size([24, 1723, 257, 1, 1])
estimate shape: torch.Size([24, 1724, 257, 1, 4])
target shape: torch.Size([24, 1724, 257, 1, 4])
mixture_phase shape: torch.Size([24, 257, 1723])
target_phase shape after adjust: torch.Size([24, 1723, 257, 1, 4])
mix_phase shape after adjust: torch.Size([24, 1723, 257, 1, 1])
estimate shape: torch.Size([24, 1724, 257, 1, 4])
target shape: torch.Size([24, 1724, 257, 1, 4])
mixture_phase shape: torch.Size([24, 257, 1723])
target_phase shape after adjust: torch.Size([24, 1723, 257, 1, 4])
mix_phase shape after adjust: torch.Size([24, 1723, 257, 1, 1])
estimate shape: torch.Size([24, 1724, 257, 1, 4])
target shape: torch.Size([24, 1724, 257, 1, 4])
mixture_phase shape: torch.Size([24, 257, 1723])
target_phase shape after adjust: torch.Size([24, 1723, 257, 1, 4])
mix_phase shape after adjust: torch.Size([24, 1723, 257, 1, 1])
estimate shape: torch.Size([8, 1724, 257, 1, 4])
target shape: torch.Size([8, 1724, 257, 1, 4])
mixture_phase shape: torch.Size([8, 257, 1723])
target_phase shape after adjust: torch.Size([8, 1723, 257, 1, 4])
mix_phase shape after adjust: torch.Size([8, 1723, 257, 1, 1])
[Validator] Epoch 47 - val_loss: 0.000013
[BEST CHECKPOINT] Guardado/actualizado en: checkpoints\Mis_modelos\lpsa_phase checkpoints\4stems\best_checkpoint_47_val_loss=-0.0000.pt
03/31/2026 05:47:05 PM | engine.py:1037 Engine run finished. Time taken: 00:00:26.110
[Epoch 47] train_loss=0.000011 | val_loss=0.000013
03/31/2026 05:47:05 PM | engine.py:1010 Epoch[47] Complete. Time taken: 00:00:47.957
03/31/2026 05:47:27 PM | engine.py:906 Engine run starting with max_epochs=1.
03/31/2026 05:47:52 PM | engine.py:1010 Epoch[1] Complete. Time taken: 00:00:25.525
estimate shape: torch.Size([24, 1724, 257, 1, 4])
target shape: torch.Size([24, 1724, 257, 1, 4])
mixture_phase shape: torch.Size([24, 257, 1723])
target_phase shape after adjust: torch.Size([24, 1723, 257, 1, 4])
mix_phase shape after adjust: torch.Size([24, 1723, 257, 1, 1])
estimate shape: torch.Size([24, 1724, 257, 1, 4])
target shape: torch.Size([24, 1724, 257, 1, 4])
mixture_phase shape: torch.Size([24, 257, 1723])
target_phase shape after adjust: torch.Size([24, 1723, 257, 1, 4])
mix_phase shape after adjust: torch.Size([24, 1723, 257, 1, 1])
estimate shape: torch.Size([24, 1724, 257, 1, 4])
target shape: torch.Size([24, 1724, 257, 1, 4])
mixture_phase shape: torch.Size([24, 257, 1723])
target_phase shape after adjust: torch.Size([24, 1723, 257, 1, 4])
mix_phase shape after adjust: torch.Size([24, 1723, 257, 1, 1])
estimate shape: torch.Size([24, 1724, 257, 1, 4])
target shape: torch.Size([24, 1724, 257, 1, 4])
mixture_phase shape: torch.Size([24, 257, 1723])
target_phase shape after adjust: torch.Size([24, 1723, 257, 1, 4])
mix_phase shape after adjust: torch.Size([24, 1723, 257, 1, 1])
estimate shape: torch.Size([24, 1724, 257, 1, 4])
target shape: torch.Size([24, 1724, 257, 1, 4])
mixture_phase shape: torch.Size([24, 257, 1723])
target_phase shape after adjust: torch.Size([24, 1723, 257, 1, 4])
mix_phase shape after adjust: torch.Size([24, 1723, 257, 1, 1])
estimate shape: torch.Size([24, 1724, 257, 1, 4])
target shape: torch.Size([24, 1724, 257, 1, 4])
mixture_phase shape: torch.Size([24, 257, 1723])
target_phase shape after adjust: torch.Size([24, 1723, 257, 1, 4])
mix_phase shape after adjust: torch.Size([24, 1723, 257, 1, 1])
estimate shape: torch.Size([24, 1724, 257, 1, 4])
target shape: torch.Size([24, 1724, 257, 1, 4])
mixture_phase shape: torch.Size([24, 257, 1723])
target_phase shape after adjust: torch.Size([24, 1723, 257, 1, 4])
mix_phase shape after adjust: torch.Size([24, 1723, 257, 1, 1])
estimate shape: torch.Size([24, 1724, 257, 1, 4])
target shape: torch.Size([24, 1724, 257, 1, 4])
mixture_phase shape: torch.Size([24, 257, 1723])
target_phase shape after adjust: torch.Size([24, 1723, 257, 1, 4])
mix_phase shape after adjust: torch.Size([24, 1723, 257, 1, 1])
estimate shape: torch.Size([24, 1724, 257, 1, 4])
target shape: torch.Size([24, 1724, 257, 1, 4])
mixture_phase shape: torch.Size([24, 257, 1723])
target_phase shape after adjust: torch.Size([24, 1723, 257, 1, 4])
mix_phase shape after adjust: torch.Size([24, 1723, 257, 1, 1])
estimate shape: torch.Size([24, 1724, 257, 1, 4])
target shape: torch.Size([24, 1724, 257, 1, 4])
mixture_phase shape: torch.Size([24, 257, 1723])
target_phase shape after adjust: torch.Size([24, 1723, 257, 1, 4])
mix_phase shape after adjust: torch.Size([24, 1723, 257, 1, 1])
estimate shape: torch.Size([24, 1724, 257, 1, 4])
target shape: torch.Size([24, 1724, 257, 1, 4])
mixture_phase shape: torch.Size([24, 257, 1723])
target_phase shape after adjust: torch.Size([24, 1723, 257, 1, 4])
mix_phase shape after adjust: torch.Size([24, 1723, 257, 1, 1])
estimate shape: torch.Size([24, 1724, 257, 1, 4])
target shape: torch.Size([24, 1724, 257, 1, 4])
mixture_phase shape: torch.Size([24, 257, 1723])
target_phase shape after adjust: torch.Size([24, 1723, 257, 1, 4])
mix_phase shape after adjust: torch.Size([24, 1723, 257, 1, 1])
estimate shape: torch.Size([24, 1724, 257, 1, 4])
target shape: torch.Size([24, 1724, 257, 1, 4])
mixture_phase shape: torch.Size([24, 257, 1723])
target_phase shape after adjust: torch.Size([24, 1723, 257, 1, 4])
mix_phase shape after adjust: torch.Size([24, 1723, 257, 1, 1])
estimate shape: torch.Size([24, 1724, 257, 1, 4])
target shape: torch.Size([24, 1724, 257, 1, 4])
mixture_phase shape: torch.Size([24, 257, 1723])
target_phase shape after adjust: torch.Size([24, 1723, 257, 1, 4])
mix_phase shape after adjust: torch.Size([24, 1723, 257, 1, 1])
estimate shape: torch.Size([24, 1724, 257, 1, 4])
target shape: torch.Size([24, 1724, 257, 1, 4])
mixture_phase shape: torch.Size([24, 257, 1723])
target_phase shape after adjust: torch.Size([24, 1723, 257, 1, 4])
mix_phase shape after adjust: torch.Size([24, 1723, 257, 1, 1])
estimate shape: torch.Size([24, 1724, 257, 1, 4])
target shape: torch.Size([24, 1724, 257, 1, 4])
mixture_phase shape: torch.Size([24, 257, 1723])
target_phase shape after adjust: torch.Size([24, 1723, 257, 1, 4])
mix_phase shape after adjust: torch.Size([24, 1723, 257, 1, 1])
estimate shape: torch.Size([24, 1724, 257, 1, 4])
target shape: torch.Size([24, 1724, 257, 1, 4])
mixture_phase shape: torch.Size([24, 257, 1723])
target_phase shape after adjust: torch.Size([24, 1723, 257, 1, 4])
mix_phase shape after adjust: torch.Size([24, 1723, 257, 1, 1])
estimate shape: torch.Size([24, 1724, 257, 1, 4])
target shape: torch.Size([24, 1724, 257, 1, 4])
mixture_phase shape: torch.Size([24, 257, 1723])
target_phase shape after adjust: torch.Size([24, 1723, 257, 1, 4])
mix_phase shape after adjust: torch.Size([24, 1723, 257, 1, 1])
estimate shape: torch.Size([8, 1724, 257, 1, 4])
target shape: torch.Size([8, 1724, 257, 1, 4])
mixture_phase shape: torch.Size([8, 257, 1723])
target_phase shape after adjust: torch.Size([8, 1723, 257, 1, 4])
mix_phase shape after adjust: torch.Size([8, 1723, 257, 1, 1])
[Validator] Epoch 48 - val_loss: 0.000013
[BEST CHECKPOINT] Guardado/actualizado en: checkpoints\Mis_modelos\lpsa_phase checkpoints\4stems\best_checkpoint_48_val_loss=-0.0000.pt
03/31/2026 05:47:52 PM | engine.py:1037 Engine run finished. Time taken: 00:00:25.535
[Epoch 48] train_loss=0.000011 | val_loss=0.000013
03/31/2026 05:47:52 PM | engine.py:1010 Epoch[48] Complete. Time taken: 00:00:47.907
03/31/2026 05:48:14 PM | engine.py:906 Engine run starting with max_epochs=1.
03/31/2026 05:48:40 PM | engine.py:1010 Epoch[1] Complete. Time taken: 00:00:25.960
estimate shape: torch.Size([24, 1724, 257, 1, 4])
target shape: torch.Size([24, 1724, 257, 1, 4])
mixture_phase shape: torch.Size([24, 257, 1723])
target_phase shape after adjust: torch.Size([24, 1723, 257, 1, 4])
mix_phase shape after adjust: torch.Size([24, 1723, 257, 1, 1])
estimate shape: torch.Size([24, 1724, 257, 1, 4])
target shape: torch.Size([24, 1724, 257, 1, 4])
mixture_phase shape: torch.Size([24, 257, 1723])
target_phase shape after adjust: torch.Size([24, 1723, 257, 1, 4])
mix_phase shape after adjust: torch.Size([24, 1723, 257, 1, 1])
estimate shape: torch.Size([24, 1724, 257, 1, 4])
target shape: torch.Size([24, 1724, 257, 1, 4])
mixture_phase shape: torch.Size([24, 257, 1723])
target_phase shape after adjust: torch.Size([24, 1723, 257, 1, 4])
mix_phase shape after adjust: torch.Size([24, 1723, 257, 1, 1])
estimate shape: torch.Size([24, 1724, 257, 1, 4])
target shape: torch.Size([24, 1724, 257, 1, 4])
mixture_phase shape: torch.Size([24, 257, 1723])
target_phase shape after adjust: torch.Size([24, 1723, 257, 1, 4])
mix_phase shape after adjust: torch.Size([24, 1723, 257, 1, 1])
estimate shape: torch.Size([24, 1724, 257, 1, 4])
target shape: torch.Size([24, 1724, 257, 1, 4])
mixture_phase shape: torch.Size([24, 257, 1723])
target_phase shape after adjust: torch.Size([24, 1723, 257, 1, 4])
mix_phase shape after adjust: torch.Size([24, 1723, 257, 1, 1])
estimate shape: torch.Size([24, 1724, 257, 1, 4])
target shape: torch.Size([24, 1724, 257, 1, 4])
mixture_phase shape: torch.Size([24, 257, 1723])
target_phase shape after adjust: torch.Size([24, 1723, 257, 1, 4])
mix_phase shape after adjust: torch.Size([24, 1723, 257, 1, 1])
estimate shape: torch.Size([24, 1724, 257, 1, 4])
target shape: torch.Size([24, 1724, 257, 1, 4])
mixture_phase shape: torch.Size([24, 257, 1723])
target_phase shape after adjust: torch.Size([24, 1723, 257, 1, 4])
mix_phase shape after adjust: torch.Size([24, 1723, 257, 1, 1])
estimate shape: torch.Size([24, 1724, 257, 1, 4])
target shape: torch.Size([24, 1724, 257, 1, 4])
mixture_phase shape: torch.Size([24, 257, 1723])
target_phase shape after adjust: torch.Size([24, 1723, 257, 1, 4])
mix_phase shape after adjust: torch.Size([24, 1723, 257, 1, 1])
estimate shape: torch.Size([24, 1724, 257, 1, 4])
target shape: torch.Size([24, 1724, 257, 1, 4])
mixture_phase shape: torch.Size([24, 257, 1723])
target_phase shape after adjust: torch.Size([24, 1723, 257, 1, 4])
mix_phase shape after adjust: torch.Size([24, 1723, 257, 1, 1])
estimate shape: torch.Size([24, 1724, 257, 1, 4])
target shape: torch.Size([24, 1724, 257, 1, 4])
mixture_phase shape: torch.Size([24, 257, 1723])
target_phase shape after adjust: torch.Size([24, 1723, 257, 1, 4])
mix_phase shape after adjust: torch.Size([24, 1723, 257, 1, 1])
estimate shape: torch.Size([24, 1724, 257, 1, 4])
target shape: torch.Size([24, 1724, 257, 1, 4])
mixture_phase shape: torch.Size([24, 257, 1723])
target_phase shape after adjust: torch.Size([24, 1723, 257, 1, 4])
mix_phase shape after adjust: torch.Size([24, 1723, 257, 1, 1])
estimate shape: torch.Size([24, 1724, 257, 1, 4])
target shape: torch.Size([24, 1724, 257, 1, 4])
mixture_phase shape: torch.Size([24, 257, 1723])
target_phase shape after adjust: torch.Size([24, 1723, 257, 1, 4])
mix_phase shape after adjust: torch.Size([24, 1723, 257, 1, 1])
estimate shape: torch.Size([24, 1724, 257, 1, 4])
target shape: torch.Size([24, 1724, 257, 1, 4])
mixture_phase shape: torch.Size([24, 257, 1723])
target_phase shape after adjust: torch.Size([24, 1723, 257, 1, 4])
mix_phase shape after adjust: torch.Size([24, 1723, 257, 1, 1])
estimate shape: torch.Size([24, 1724, 257, 1, 4])
target shape: torch.Size([24, 1724, 257, 1, 4])
mixture_phase shape: torch.Size([24, 257, 1723])
target_phase shape after adjust: torch.Size([24, 1723, 257, 1, 4])
mix_phase shape after adjust: torch.Size([24, 1723, 257, 1, 1])
estimate shape: torch.Size([24, 1724, 257, 1, 4])
target shape: torch.Size([24, 1724, 257, 1, 4])
mixture_phase shape: torch.Size([24, 257, 1723])
target_phase shape after adjust: torch.Size([24, 1723, 257, 1, 4])
mix_phase shape after adjust: torch.Size([24, 1723, 257, 1, 1])
estimate shape: torch.Size([24, 1724, 257, 1, 4])
target shape: torch.Size([24, 1724, 257, 1, 4])
mixture_phase shape: torch.Size([24, 257, 1723])
target_phase shape after adjust: torch.Size([24, 1723, 257, 1, 4])
mix_phase shape after adjust: torch.Size([24, 1723, 257, 1, 1])
estimate shape: torch.Size([24, 1724, 257, 1, 4])
target shape: torch.Size([24, 1724, 257, 1, 4])
mixture_phase shape: torch.Size([24, 257, 1723])
target_phase shape after adjust: torch.Size([24, 1723, 257, 1, 4])
mix_phase shape after adjust: torch.Size([24, 1723, 257, 1, 1])
estimate shape: torch.Size([24, 1724, 257, 1, 4])
target shape: torch.Size([24, 1724, 257, 1, 4])
mixture_phase shape: torch.Size([24, 257, 1723])
target_phase shape after adjust: torch.Size([24, 1723, 257, 1, 4])
mix_phase shape after adjust: torch.Size([24, 1723, 257, 1, 1])
estimate shape: torch.Size([8, 1724, 257, 1, 4])
target shape: torch.Size([8, 1724, 257, 1, 4])
mixture_phase shape: torch.Size([8, 257, 1723])
target_phase shape after adjust: torch.Size([8, 1723, 257, 1, 4])
mix_phase shape after adjust: torch.Size([8, 1723, 257, 1, 1])
[Validator] Epoch 49 - val_loss: 0.000013
[BEST CHECKPOINT] Guardado/actualizado en: checkpoints\Mis_modelos\lpsa_phase checkpoints\4stems\best_checkpoint_49_val_loss=-0.0000.pt
03/31/2026 05:48:40 PM | engine.py:1037 Engine run finished. Time taken: 00:00:25.969
[Epoch 49] train_loss=0.000011 | val_loss=0.000013
03/31/2026 05:48:40 PM | engine.py:1010 Epoch[49] Complete. Time taken: 00:00:47.945
03/31/2026 05:49:03 PM | engine.py:906 Engine run starting with max_epochs=1.
03/31/2026 05:49:29 PM | engine.py:1010 Epoch[1] Complete. Time taken: 00:00:26.229
estimate shape: torch.Size([24, 1724, 257, 1, 4])
target shape: torch.Size([24, 1724, 257, 1, 4])
mixture_phase shape: torch.Size([24, 257, 1723])
target_phase shape after adjust: torch.Size([24, 1723, 257, 1, 4])
mix_phase shape after adjust: torch.Size([24, 1723, 257, 1, 1])
estimate shape: torch.Size([24, 1724, 257, 1, 4])
target shape: torch.Size([24, 1724, 257, 1, 4])
mixture_phase shape: torch.Size([24, 257, 1723])
target_phase shape after adjust: torch.Size([24, 1723, 257, 1, 4])
mix_phase shape after adjust: torch.Size([24, 1723, 257, 1, 1])
estimate shape: torch.Size([24, 1724, 257, 1, 4])
target shape: torch.Size([24, 1724, 257, 1, 4])
mixture_phase shape: torch.Size([24, 257, 1723])
target_phase shape after adjust: torch.Size([24, 1723, 257, 1, 4])
mix_phase shape after adjust: torch.Size([24, 1723, 257, 1, 1])
estimate shape: torch.Size([24, 1724, 257, 1, 4])
target shape: torch.Size([24, 1724, 257, 1, 4])
mixture_phase shape: torch.Size([24, 257, 1723])
target_phase shape after adjust: torch.Size([24, 1723, 257, 1, 4])
mix_phase shape after adjust: torch.Size([24, 1723, 257, 1, 1])
estimate shape: torch.Size([24, 1724, 257, 1, 4])
target shape: torch.Size([24, 1724, 257, 1, 4])
mixture_phase shape: torch.Size([24, 257, 1723])
target_phase shape after adjust: torch.Size([24, 1723, 257, 1, 4])
mix_phase shape after adjust: torch.Size([24, 1723, 257, 1, 1])
estimate shape: torch.Size([24, 1724, 257, 1, 4])
target shape: torch.Size([24, 1724, 257, 1, 4])
mixture_phase shape: torch.Size([24, 257, 1723])
target_phase shape after adjust: torch.Size([24, 1723, 257, 1, 4])
mix_phase shape after adjust: torch.Size([24, 1723, 257, 1, 1])
estimate shape: torch.Size([24, 1724, 257, 1, 4])
target shape: torch.Size([24, 1724, 257, 1, 4])
mixture_phase shape: torch.Size([24, 257, 1723])
target_phase shape after adjust: torch.Size([24, 1723, 257, 1, 4])
mix_phase shape after adjust: torch.Size([24, 1723, 257, 1, 1])
estimate shape: torch.Size([24, 1724, 257, 1, 4])
target shape: torch.Size([24, 1724, 257, 1, 4])
mixture_phase shape: torch.Size([24, 257, 1723])
target_phase shape after adjust: torch.Size([24, 1723, 257, 1, 4])
mix_phase shape after adjust: torch.Size([24, 1723, 257, 1, 1])
estimate shape: torch.Size([24, 1724, 257, 1, 4])
target shape: torch.Size([24, 1724, 257, 1, 4])
mixture_phase shape: torch.Size([24, 257, 1723])
target_phase shape after adjust: torch.Size([24, 1723, 257, 1, 4])
mix_phase shape after adjust: torch.Size([24, 1723, 257, 1, 1])
estimate shape: torch.Size([24, 1724, 257, 1, 4])
target shape: torch.Size([24, 1724, 257, 1, 4])
mixture_phase shape: torch.Size([24, 257, 1723])
target_phase shape after adjust: torch.Size([24, 1723, 257, 1, 4])
mix_phase shape after adjust: torch.Size([24, 1723, 257, 1, 1])
estimate shape: torch.Size([24, 1724, 257, 1, 4])
target shape: torch.Size([24, 1724, 257, 1, 4])
mixture_phase shape: torch.Size([24, 257, 1723])
target_phase shape after adjust: torch.Size([24, 1723, 257, 1, 4])
mix_phase shape after adjust: torch.Size([24, 1723, 257, 1, 1])
estimate shape: torch.Size([24, 1724, 257, 1, 4])
target shape: torch.Size([24, 1724, 257, 1, 4])
mixture_phase shape: torch.Size([24, 257, 1723])
target_phase shape after adjust: torch.Size([24, 1723, 257, 1, 4])
mix_phase shape after adjust: torch.Size([24, 1723, 257, 1, 1])
estimate shape: torch.Size([24, 1724, 257, 1, 4])
target shape: torch.Size([24, 1724, 257, 1, 4])
mixture_phase shape: torch.Size([24, 257, 1723])
target_phase shape after adjust: torch.Size([24, 1723, 257, 1, 4])
mix_phase shape after adjust: torch.Size([24, 1723, 257, 1, 1])
estimate shape: torch.Size([24, 1724, 257, 1, 4])
target shape: torch.Size([24, 1724, 257, 1, 4])
mixture_phase shape: torch.Size([24, 257, 1723])
target_phase shape after adjust: torch.Size([24, 1723, 257, 1, 4])
mix_phase shape after adjust: torch.Size([24, 1723, 257, 1, 1])
estimate shape: torch.Size([24, 1724, 257, 1, 4])
target shape: torch.Size([24, 1724, 257, 1, 4])
mixture_phase shape: torch.Size([24, 257, 1723])
target_phase shape after adjust: torch.Size([24, 1723, 257, 1, 4])
mix_phase shape after adjust: torch.Size([24, 1723, 257, 1, 1])
estimate shape: torch.Size([24, 1724, 257, 1, 4])
target shape: torch.Size([24, 1724, 257, 1, 4])
mixture_phase shape: torch.Size([24, 257, 1723])
target_phase shape after adjust: torch.Size([24, 1723, 257, 1, 4])
mix_phase shape after adjust: torch.Size([24, 1723, 257, 1, 1])
estimate shape: torch.Size([24, 1724, 257, 1, 4])
target shape: torch.Size([24, 1724, 257, 1, 4])
mixture_phase shape: torch.Size([24, 257, 1723])
target_phase shape after adjust: torch.Size([24, 1723, 257, 1, 4])
mix_phase shape after adjust: torch.Size([24, 1723, 257, 1, 1])
estimate shape: torch.Size([24, 1724, 257, 1, 4])
target shape: torch.Size([24, 1724, 257, 1, 4])
mixture_phase shape: torch.Size([24, 257, 1723])
target_phase shape after adjust: torch.Size([24, 1723, 257, 1, 4])
mix_phase shape after adjust: torch.Size([24, 1723, 257, 1, 1])
estimate shape: torch.Size([8, 1724, 257, 1, 4])
target shape: torch.Size([8, 1724, 257, 1, 4])
mixture_phase shape: torch.Size([8, 257, 1723])
target_phase shape after adjust: torch.Size([8, 1723, 257, 1, 4])
mix_phase shape after adjust: torch.Size([8, 1723, 257, 1, 1])
[Validator] Epoch 50 - val_loss: 0.000013
[BEST CHECKPOINT] Guardado/actualizado en: checkpoints\Mis_modelos\lpsa_phase checkpoints\4stems\best_checkpoint_50_val_loss=-0.0000.pt
03/31/2026 05:49:29 PM | engine.py:1037 Engine run finished. Time taken: 00:00:26.239
[Epoch 50] train_loss=0.000011 | val_loss=0.000013
03/31/2026 05:49:29 PM | engine.py:1010 Epoch[50] Complete. Time taken: 00:00:48.960
03/31/2026 05:49:52 PM | engine.py:906 Engine run starting with max_epochs=1.
03/31/2026 05:50:18 PM | engine.py:1010 Epoch[1] Complete. Time taken: 00:00:26.100
estimate shape: torch.Size([24, 1724, 257, 1, 4])
target shape: torch.Size([24, 1724, 257, 1, 4])
mixture_phase shape: torch.Size([24, 257, 1723])
target_phase shape after adjust: torch.Size([24, 1723, 257, 1, 4])
mix_phase shape after adjust: torch.Size([24, 1723, 257, 1, 1])
estimate shape: torch.Size([24, 1724, 257, 1, 4])
target shape: torch.Size([24, 1724, 257, 1, 4])
mixture_phase shape: torch.Size([24, 257, 1723])
target_phase shape after adjust: torch.Size([24, 1723, 257, 1, 4])
mix_phase shape after adjust: torch.Size([24, 1723, 257, 1, 1])
estimate shape: torch.Size([24, 1724, 257, 1, 4])
target shape: torch.Size([24, 1724, 257, 1, 4])
mixture_phase shape: torch.Size([24, 257, 1723])
target_phase shape after adjust: torch.Size([24, 1723, 257, 1, 4])
mix_phase shape after adjust: torch.Size([24, 1723, 257, 1, 1])
estimate shape: torch.Size([24, 1724, 257, 1, 4])
target shape: torch.Size([24, 1724, 257, 1, 4])
mixture_phase shape: torch.Size([24, 257, 1723])
target_phase shape after adjust: torch.Size([24, 1723, 257, 1, 4])
mix_phase shape after adjust: torch.Size([24, 1723, 257, 1, 1])
estimate shape: torch.Size([24, 1724, 257, 1, 4])
target shape: torch.Size([24, 1724, 257, 1, 4])
mixture_phase shape: torch.Size([24, 257, 1723])
target_phase shape after adjust: torch.Size([24, 1723, 257, 1, 4])
mix_phase shape after adjust: torch.Size([24, 1723, 257, 1, 1])
estimate shape: torch.Size([24, 1724, 257, 1, 4])
target shape: torch.Size([24, 1724, 257, 1, 4])
mixture_phase shape: torch.Size([24, 257, 1723])
target_phase shape after adjust: torch.Size([24, 1723, 257, 1, 4])
mix_phase shape after adjust: torch.Size([24, 1723, 257, 1, 1])
estimate shape: torch.Size([24, 1724, 257, 1, 4])
target shape: torch.Size([24, 1724, 257, 1, 4])
mixture_phase shape: torch.Size([24, 257, 1723])
target_phase shape after adjust: torch.Size([24, 1723, 257, 1, 4])
mix_phase shape after adjust: torch.Size([24, 1723, 257, 1, 1])
estimate shape: torch.Size([24, 1724, 257, 1, 4])
target shape: torch.Size([24, 1724, 257, 1, 4])
mixture_phase shape: torch.Size([24, 257, 1723])
target_phase shape after adjust: torch.Size([24, 1723, 257, 1, 4])
mix_phase shape after adjust: torch.Size([24, 1723, 257, 1, 1])
estimate shape: torch.Size([24, 1724, 257, 1, 4])
target shape: torch.Size([24, 1724, 257, 1, 4])
mixture_phase shape: torch.Size([24, 257, 1723])
target_phase shape after adjust: torch.Size([24, 1723, 257, 1, 4])
mix_phase shape after adjust: torch.Size([24, 1723, 257, 1, 1])
estimate shape: torch.Size([24, 1724, 257, 1, 4])
target shape: torch.Size([24, 1724, 257, 1, 4])
mixture_phase shape: torch.Size([24, 257, 1723])
target_phase shape after adjust: torch.Size([24, 1723, 257, 1, 4])
mix_phase shape after adjust: torch.Size([24, 1723, 257, 1, 1])
estimate shape: torch.Size([24, 1724, 257, 1, 4])
target shape: torch.Size([24, 1724, 257, 1, 4])
mixture_phase shape: torch.Size([24, 257, 1723])
target_phase shape after adjust: torch.Size([24, 1723, 257, 1, 4])
mix_phase shape after adjust: torch.Size([24, 1723, 257, 1, 1])
estimate shape: torch.Size([24, 1724, 257, 1, 4])
target shape: torch.Size([24, 1724, 257, 1, 4])
mixture_phase shape: torch.Size([24, 257, 1723])
target_phase shape after adjust: torch.Size([24, 1723, 257, 1, 4])
mix_phase shape after adjust: torch.Size([24, 1723, 257, 1, 1])
estimate shape: torch.Size([24, 1724, 257, 1, 4])
target shape: torch.Size([24, 1724, 257, 1, 4])
mixture_phase shape: torch.Size([24, 257, 1723])
target_phase shape after adjust: torch.Size([24, 1723, 257, 1, 4])
mix_phase shape after adjust: torch.Size([24, 1723, 257, 1, 1])
estimate shape: torch.Size([24, 1724, 257, 1, 4])
target shape: torch.Size([24, 1724, 257, 1, 4])
mixture_phase shape: torch.Size([24, 257, 1723])
target_phase shape after adjust: torch.Size([24, 1723, 257, 1, 4])
mix_phase shape after adjust: torch.Size([24, 1723, 257, 1, 1])
estimate shape: torch.Size([24, 1724, 257, 1, 4])
target shape: torch.Size([24, 1724, 257, 1, 4])
mixture_phase shape: torch.Size([24, 257, 1723])
target_phase shape after adjust: torch.Size([24, 1723, 257, 1, 4])
mix_phase shape after adjust: torch.Size([24, 1723, 257, 1, 1])
estimate shape: torch.Size([24, 1724, 257, 1, 4])
target shape: torch.Size([24, 1724, 257, 1, 4])
mixture_phase shape: torch.Size([24, 257, 1723])
target_phase shape after adjust: torch.Size([24, 1723, 257, 1, 4])
mix_phase shape after adjust: torch.Size([24, 1723, 257, 1, 1])
estimate shape: torch.Size([24, 1724, 257, 1, 4])
target shape: torch.Size([24, 1724, 257, 1, 4])
mixture_phase shape: torch.Size([24, 257, 1723])
target_phase shape after adjust: torch.Size([24, 1723, 257, 1, 4])
mix_phase shape after adjust: torch.Size([24, 1723, 257, 1, 1])
estimate shape: torch.Size([24, 1724, 257, 1, 4])
target shape: torch.Size([24, 1724, 257, 1, 4])
mixture_phase shape: torch.Size([24, 257, 1723])
target_phase shape after adjust: torch.Size([24, 1723, 257, 1, 4])
mix_phase shape after adjust: torch.Size([24, 1723, 257, 1, 1])
estimate shape: torch.Size([8, 1724, 257, 1, 4])
target shape: torch.Size([8, 1724, 257, 1, 4])
mixture_phase shape: torch.Size([8, 257, 1723])
target_phase shape after adjust: torch.Size([8, 1723, 257, 1, 4])
mix_phase shape after adjust: torch.Size([8, 1723, 257, 1, 1])
[Validator] Epoch 51 - val_loss: 0.000013
[BEST CHECKPOINT] Guardado/actualizado en: checkpoints\Mis_modelos\lpsa_phase checkpoints\4stems\best_checkpoint_51_val_loss=-0.0000.pt
03/31/2026 05:50:18 PM | engine.py:1037 Engine run finished. Time taken: 00:00:26.111
[Epoch 51] train_loss=0.000011 | val_loss=0.000013
03/31/2026 05:50:18 PM | engine.py:1010 Epoch[51] Complete. Time taken: 00:00:48.350
03/31/2026 05:50:40 PM | engine.py:906 Engine run starting with max_epochs=1.
03/31/2026 05:51:06 PM | engine.py:1010 Epoch[1] Complete. Time taken: 00:00:25.975
estimate shape: torch.Size([24, 1724, 257, 1, 4])
target shape: torch.Size([24, 1724, 257, 1, 4])
mixture_phase shape: torch.Size([24, 257, 1723])
target_phase shape after adjust: torch.Size([24, 1723, 257, 1, 4])
mix_phase shape after adjust: torch.Size([24, 1723, 257, 1, 1])
estimate shape: torch.Size([24, 1724, 257, 1, 4])
target shape: torch.Size([24, 1724, 257, 1, 4])
mixture_phase shape: torch.Size([24, 257, 1723])
target_phase shape after adjust: torch.Size([24, 1723, 257, 1, 4])
mix_phase shape after adjust: torch.Size([24, 1723, 257, 1, 1])
estimate shape: torch.Size([24, 1724, 257, 1, 4])
target shape: torch.Size([24, 1724, 257, 1, 4])
mixture_phase shape: torch.Size([24, 257, 1723])
target_phase shape after adjust: torch.Size([24, 1723, 257, 1, 4])
mix_phase shape after adjust: torch.Size([24, 1723, 257, 1, 1])
estimate shape: torch.Size([24, 1724, 257, 1, 4])
target shape: torch.Size([24, 1724, 257, 1, 4])
mixture_phase shape: torch.Size([24, 257, 1723])
target_phase shape after adjust: torch.Size([24, 1723, 257, 1, 4])
mix_phase shape after adjust: torch.Size([24, 1723, 257, 1, 1])
estimate shape: torch.Size([24, 1724, 257, 1, 4])
target shape: torch.Size([24, 1724, 257, 1, 4])
mixture_phase shape: torch.Size([24, 257, 1723])
target_phase shape after adjust: torch.Size([24, 1723, 257, 1, 4])
mix_phase shape after adjust: torch.Size([24, 1723, 257, 1, 1])
estimate shape: torch.Size([24, 1724, 257, 1, 4])
target shape: torch.Size([24, 1724, 257, 1, 4])
mixture_phase shape: torch.Size([24, 257, 1723])
target_phase shape after adjust: torch.Size([24, 1723, 257, 1, 4])
mix_phase shape after adjust: torch.Size([24, 1723, 257, 1, 1])
estimate shape: torch.Size([24, 1724, 257, 1, 4])
target shape: torch.Size([24, 1724, 257, 1, 4])
mixture_phase shape: torch.Size([24, 257, 1723])
target_phase shape after adjust: torch.Size([24, 1723, 257, 1, 4])
mix_phase shape after adjust: torch.Size([24, 1723, 257, 1, 1])
estimate shape: torch.Size([24, 1724, 257, 1, 4])
target shape: torch.Size([24, 1724, 257, 1, 4])
mixture_phase shape: torch.Size([24, 257, 1723])
target_phase shape after adjust: torch.Size([24, 1723, 257, 1, 4])
mix_phase shape after adjust: torch.Size([24, 1723, 257, 1, 1])
estimate shape: torch.Size([24, 1724, 257, 1, 4])
target shape: torch.Size([24, 1724, 257, 1, 4])
mixture_phase shape: torch.Size([24, 257, 1723])
target_phase shape after adjust: torch.Size([24, 1723, 257, 1, 4])
mix_phase shape after adjust: torch.Size([24, 1723, 257, 1, 1])
estimate shape: torch.Size([24, 1724, 257, 1, 4])
target shape: torch.Size([24, 1724, 257, 1, 4])
mixture_phase shape: torch.Size([24, 257, 1723])
target_phase shape after adjust: torch.Size([24, 1723, 257, 1, 4])
mix_phase shape after adjust: torch.Size([24, 1723, 257, 1, 1])
estimate shape: torch.Size([24, 1724, 257, 1, 4])
target shape: torch.Size([24, 1724, 257, 1, 4])
mixture_phase shape: torch.Size([24, 257, 1723])
target_phase shape after adjust: torch.Size([24, 1723, 257, 1, 4])
mix_phase shape after adjust: torch.Size([24, 1723, 257, 1, 1])
estimate shape: torch.Size([24, 1724, 257, 1, 4])
target shape: torch.Size([24, 1724, 257, 1, 4])
mixture_phase shape: torch.Size([24, 257, 1723])
target_phase shape after adjust: torch.Size([24, 1723, 257, 1, 4])
mix_phase shape after adjust: torch.Size([24, 1723, 257, 1, 1])
estimate shape: torch.Size([24, 1724, 257, 1, 4])
target shape: torch.Size([24, 1724, 257, 1, 4])
mixture_phase shape: torch.Size([24, 257, 1723])
target_phase shape after adjust: torch.Size([24, 1723, 257, 1, 4])
mix_phase shape after adjust: torch.Size([24, 1723, 257, 1, 1])
estimate shape: torch.Size([24, 1724, 257, 1, 4])
target shape: torch.Size([24, 1724, 257, 1, 4])
mixture_phase shape: torch.Size([24, 257, 1723])
target_phase shape after adjust: torch.Size([24, 1723, 257, 1, 4])
mix_phase shape after adjust: torch.Size([24, 1723, 257, 1, 1])
estimate shape: torch.Size([24, 1724, 257, 1, 4])
target shape: torch.Size([24, 1724, 257, 1, 4])
mixture_phase shape: torch.Size([24, 257, 1723])
target_phase shape after adjust: torch.Size([24, 1723, 257, 1, 4])
mix_phase shape after adjust: torch.Size([24, 1723, 257, 1, 1])
estimate shape: torch.Size([24, 1724, 257, 1, 4])
target shape: torch.Size([24, 1724, 257, 1, 4])
mixture_phase shape: torch.Size([24, 257, 1723])
target_phase shape after adjust: torch.Size([24, 1723, 257, 1, 4])
mix_phase shape after adjust: torch.Size([24, 1723, 257, 1, 1])
estimate shape: torch.Size([24, 1724, 257, 1, 4])
target shape: torch.Size([24, 1724, 257, 1, 4])
mixture_phase shape: torch.Size([24, 257, 1723])
target_phase shape after adjust: torch.Size([24, 1723, 257, 1, 4])
mix_phase shape after adjust: torch.Size([24, 1723, 257, 1, 1])
estimate shape: torch.Size([24, 1724, 257, 1, 4])
target shape: torch.Size([24, 1724, 257, 1, 4])
mixture_phase shape: torch.Size([24, 257, 1723])
target_phase shape after adjust: torch.Size([24, 1723, 257, 1, 4])
mix_phase shape after adjust: torch.Size([24, 1723, 257, 1, 1])
estimate shape: torch.Size([8, 1724, 257, 1, 4])
target shape: torch.Size([8, 1724, 257, 1, 4])
mixture_phase shape: torch.Size([8, 257, 1723])
target_phase shape after adjust: torch.Size([8, 1723, 257, 1, 4])
mix_phase shape after adjust: torch.Size([8, 1723, 257, 1, 1])
[Validator] Epoch 52 - val_loss: 0.000013
[BEST CHECKPOINT] Guardado/actualizado en: checkpoints\Mis_modelos\lpsa_phase checkpoints\4stems\best_checkpoint_52_val_loss=-0.0000.pt
03/31/2026 05:51:06 PM | engine.py:1037 Engine run finished. Time taken: 00:00:25.987
[Epoch 52] train_loss=0.000011 | val_loss=0.000013
03/31/2026 05:51:06 PM | engine.py:1010 Epoch[52] Complete. Time taken: 00:00:48.099
03/31/2026 05:51:28 PM | engine.py:906 Engine run starting with max_epochs=1.
03/31/2026 05:51:55 PM | engine.py:1010 Epoch[1] Complete. Time taken: 00:00:26.364
estimate shape: torch.Size([24, 1724, 257, 1, 4])
target shape: torch.Size([24, 1724, 257, 1, 4])
mixture_phase shape: torch.Size([24, 257, 1723])
target_phase shape after adjust: torch.Size([24, 1723, 257, 1, 4])
mix_phase shape after adjust: torch.Size([24, 1723, 257, 1, 1])
estimate shape: torch.Size([24, 1724, 257, 1, 4])
target shape: torch.Size([24, 1724, 257, 1, 4])
mixture_phase shape: torch.Size([24, 257, 1723])
target_phase shape after adjust: torch.Size([24, 1723, 257, 1, 4])
mix_phase shape after adjust: torch.Size([24, 1723, 257, 1, 1])
estimate shape: torch.Size([24, 1724, 257, 1, 4])
target shape: torch.Size([24, 1724, 257, 1, 4])
mixture_phase shape: torch.Size([24, 257, 1723])
target_phase shape after adjust: torch.Size([24, 1723, 257, 1, 4])
mix_phase shape after adjust: torch.Size([24, 1723, 257, 1, 1])
estimate shape: torch.Size([24, 1724, 257, 1, 4])
target shape: torch.Size([24, 1724, 257, 1, 4])
mixture_phase shape: torch.Size([24, 257, 1723])
target_phase shape after adjust: torch.Size([24, 1723, 257, 1, 4])
mix_phase shape after adjust: torch.Size([24, 1723, 257, 1, 1])
estimate shape: torch.Size([24, 1724, 257, 1, 4])
target shape: torch.Size([24, 1724, 257, 1, 4])
mixture_phase shape: torch.Size([24, 257, 1723])
target_phase shape after adjust: torch.Size([24, 1723, 257, 1, 4])
mix_phase shape after adjust: torch.Size([24, 1723, 257, 1, 1])
estimate shape: torch.Size([24, 1724, 257, 1, 4])
target shape: torch.Size([24, 1724, 257, 1, 4])
mixture_phase shape: torch.Size([24, 257, 1723])
target_phase shape after adjust: torch.Size([24, 1723, 257, 1, 4])
mix_phase shape after adjust: torch.Size([24, 1723, 257, 1, 1])
estimate shape: torch.Size([24, 1724, 257, 1, 4])
target shape: torch.Size([24, 1724, 257, 1, 4])
mixture_phase shape: torch.Size([24, 257, 1723])
target_phase shape after adjust: torch.Size([24, 1723, 257, 1, 4])
mix_phase shape after adjust: torch.Size([24, 1723, 257, 1, 1])
estimate shape: torch.Size([24, 1724, 257, 1, 4])
target shape: torch.Size([24, 1724, 257, 1, 4])
mixture_phase shape: torch.Size([24, 257, 1723])
target_phase shape after adjust: torch.Size([24, 1723, 257, 1, 4])
mix_phase shape after adjust: torch.Size([24, 1723, 257, 1, 1])
estimate shape: torch.Size([24, 1724, 257, 1, 4])
target shape: torch.Size([24, 1724, 257, 1, 4])
mixture_phase shape: torch.Size([24, 257, 1723])
target_phase shape after adjust: torch.Size([24, 1723, 257, 1, 4])
mix_phase shape after adjust: torch.Size([24, 1723, 257, 1, 1])
estimate shape: torch.Size([24, 1724, 257, 1, 4])
target shape: torch.Size([24, 1724, 257, 1, 4])
mixture_phase shape: torch.Size([24, 257, 1723])
target_phase shape after adjust: torch.Size([24, 1723, 257, 1, 4])
mix_phase shape after adjust: torch.Size([24, 1723, 257, 1, 1])
estimate shape: torch.Size([24, 1724, 257, 1, 4])
target shape: torch.Size([24, 1724, 257, 1, 4])
mixture_phase shape: torch.Size([24, 257, 1723])
target_phase shape after adjust: torch.Size([24, 1723, 257, 1, 4])
mix_phase shape after adjust: torch.Size([24, 1723, 257, 1, 1])
estimate shape: torch.Size([24, 1724, 257, 1, 4])
target shape: torch.Size([24, 1724, 257, 1, 4])
mixture_phase shape: torch.Size([24, 257, 1723])
target_phase shape after adjust: torch.Size([24, 1723, 257, 1, 4])
mix_phase shape after adjust: torch.Size([24, 1723, 257, 1, 1])
estimate shape: torch.Size([24, 1724, 257, 1, 4])
target shape: torch.Size([24, 1724, 257, 1, 4])
mixture_phase shape: torch.Size([24, 257, 1723])
target_phase shape after adjust: torch.Size([24, 1723, 257, 1, 4])
mix_phase shape after adjust: torch.Size([24, 1723, 257, 1, 1])
estimate shape: torch.Size([24, 1724, 257, 1, 4])
target shape: torch.Size([24, 1724, 257, 1, 4])
mixture_phase shape: torch.Size([24, 257, 1723])
target_phase shape after adjust: torch.Size([24, 1723, 257, 1, 4])
mix_phase shape after adjust: torch.Size([24, 1723, 257, 1, 1])
estimate shape: torch.Size([24, 1724, 257, 1, 4])
target shape: torch.Size([24, 1724, 257, 1, 4])
mixture_phase shape: torch.Size([24, 257, 1723])
target_phase shape after adjust: torch.Size([24, 1723, 257, 1, 4])
mix_phase shape after adjust: torch.Size([24, 1723, 257, 1, 1])
estimate shape: torch.Size([24, 1724, 257, 1, 4])
target shape: torch.Size([24, 1724, 257, 1, 4])
mixture_phase shape: torch.Size([24, 257, 1723])
target_phase shape after adjust: torch.Size([24, 1723, 257, 1, 4])
mix_phase shape after adjust: torch.Size([24, 1723, 257, 1, 1])
estimate shape: torch.Size([24, 1724, 257, 1, 4])
target shape: torch.Size([24, 1724, 257, 1, 4])
mixture_phase shape: torch.Size([24, 257, 1723])
target_phase shape after adjust: torch.Size([24, 1723, 257, 1, 4])
mix_phase shape after adjust: torch.Size([24, 1723, 257, 1, 1])
estimate shape: torch.Size([24, 1724, 257, 1, 4])
target shape: torch.Size([24, 1724, 257, 1, 4])
mixture_phase shape: torch.Size([24, 257, 1723])
target_phase shape after adjust: torch.Size([24, 1723, 257, 1, 4])
mix_phase shape after adjust: torch.Size([24, 1723, 257, 1, 1])
estimate shape: torch.Size([8, 1724, 257, 1, 4])
target shape: torch.Size([8, 1724, 257, 1, 4])
mixture_phase shape: torch.Size([8, 257, 1723])
target_phase shape after adjust: torch.Size([8, 1723, 257, 1, 4])
mix_phase shape after adjust: torch.Size([8, 1723, 257, 1, 1])
[Validator] Epoch 53 - val_loss: 0.000013
[BEST CHECKPOINT] Guardado/actualizado en: checkpoints\Mis_modelos\lpsa_phase checkpoints\4stems\best_checkpoint_53_val_loss=-0.0000.pt
03/31/2026 05:51:55 PM | engine.py:1037 Engine run finished. Time taken: 00:00:26.373
[Epoch 53] train_loss=0.000010 | val_loss=0.000013
03/31/2026 05:51:55 PM | engine.py:1010 Epoch[53] Complete. Time taken: 00:00:49.035
03/31/2026 05:52:17 PM | engine.py:906 Engine run starting with max_epochs=1.
03/31/2026 05:52:44 PM | engine.py:1010 Epoch[1] Complete. Time taken: 00:00:26.517
estimate shape: torch.Size([24, 1724, 257, 1, 4])
target shape: torch.Size([24, 1724, 257, 1, 4])
mixture_phase shape: torch.Size([24, 257, 1723])
target_phase shape after adjust: torch.Size([24, 1723, 257, 1, 4])
mix_phase shape after adjust: torch.Size([24, 1723, 257, 1, 1])
estimate shape: torch.Size([24, 1724, 257, 1, 4])
target shape: torch.Size([24, 1724, 257, 1, 4])
mixture_phase shape: torch.Size([24, 257, 1723])
target_phase shape after adjust: torch.Size([24, 1723, 257, 1, 4])
mix_phase shape after adjust: torch.Size([24, 1723, 257, 1, 1])
estimate shape: torch.Size([24, 1724, 257, 1, 4])
target shape: torch.Size([24, 1724, 257, 1, 4])
mixture_phase shape: torch.Size([24, 257, 1723])
target_phase shape after adjust: torch.Size([24, 1723, 257, 1, 4])
mix_phase shape after adjust: torch.Size([24, 1723, 257, 1, 1])
estimate shape: torch.Size([24, 1724, 257, 1, 4])
target shape: torch.Size([24, 1724, 257, 1, 4])
mixture_phase shape: torch.Size([24, 257, 1723])
target_phase shape after adjust: torch.Size([24, 1723, 257, 1, 4])
mix_phase shape after adjust: torch.Size([24, 1723, 257, 1, 1])
estimate shape: torch.Size([24, 1724, 257, 1, 4])
target shape: torch.Size([24, 1724, 257, 1, 4])
mixture_phase shape: torch.Size([24, 257, 1723])
target_phase shape after adjust: torch.Size([24, 1723, 257, 1, 4])
mix_phase shape after adjust: torch.Size([24, 1723, 257, 1, 1])
estimate shape: torch.Size([24, 1724, 257, 1, 4])
target shape: torch.Size([24, 1724, 257, 1, 4])
mixture_phase shape: torch.Size([24, 257, 1723])
target_phase shape after adjust: torch.Size([24, 1723, 257, 1, 4])
mix_phase shape after adjust: torch.Size([24, 1723, 257, 1, 1])
estimate shape: torch.Size([24, 1724, 257, 1, 4])
target shape: torch.Size([24, 1724, 257, 1, 4])
mixture_phase shape: torch.Size([24, 257, 1723])
target_phase shape after adjust: torch.Size([24, 1723, 257, 1, 4])
mix_phase shape after adjust: torch.Size([24, 1723, 257, 1, 1])
estimate shape: torch.Size([24, 1724, 257, 1, 4])
target shape: torch.Size([24, 1724, 257, 1, 4])
mixture_phase shape: torch.Size([24, 257, 1723])
target_phase shape after adjust: torch.Size([24, 1723, 257, 1, 4])
mix_phase shape after adjust: torch.Size([24, 1723, 257, 1, 1])
estimate shape: torch.Size([24, 1724, 257, 1, 4])
target shape: torch.Size([24, 1724, 257, 1, 4])
mixture_phase shape: torch.Size([24, 257, 1723])
target_phase shape after adjust: torch.Size([24, 1723, 257, 1, 4])
mix_phase shape after adjust: torch.Size([24, 1723, 257, 1, 1])
estimate shape: torch.Size([24, 1724, 257, 1, 4])
target shape: torch.Size([24, 1724, 257, 1, 4])
mixture_phase shape: torch.Size([24, 257, 1723])
target_phase shape after adjust: torch.Size([24, 1723, 257, 1, 4])
mix_phase shape after adjust: torch.Size([24, 1723, 257, 1, 1])
estimate shape: torch.Size([24, 1724, 257, 1, 4])
target shape: torch.Size([24, 1724, 257, 1, 4])
mixture_phase shape: torch.Size([24, 257, 1723])
target_phase shape after adjust: torch.Size([24, 1723, 257, 1, 4])
mix_phase shape after adjust: torch.Size([24, 1723, 257, 1, 1])
estimate shape: torch.Size([24, 1724, 257, 1, 4])
target shape: torch.Size([24, 1724, 257, 1, 4])
mixture_phase shape: torch.Size([24, 257, 1723])
target_phase shape after adjust: torch.Size([24, 1723, 257, 1, 4])
mix_phase shape after adjust: torch.Size([24, 1723, 257, 1, 1])
estimate shape: torch.Size([24, 1724, 257, 1, 4])
target shape: torch.Size([24, 1724, 257, 1, 4])
mixture_phase shape: torch.Size([24, 257, 1723])
target_phase shape after adjust: torch.Size([24, 1723, 257, 1, 4])
mix_phase shape after adjust: torch.Size([24, 1723, 257, 1, 1])
estimate shape: torch.Size([24, 1724, 257, 1, 4])
target shape: torch.Size([24, 1724, 257, 1, 4])
mixture_phase shape: torch.Size([24, 257, 1723])
target_phase shape after adjust: torch.Size([24, 1723, 257, 1, 4])
mix_phase shape after adjust: torch.Size([24, 1723, 257, 1, 1])
estimate shape: torch.Size([24, 1724, 257, 1, 4])
target shape: torch.Size([24, 1724, 257, 1, 4])
mixture_phase shape: torch.Size([24, 257, 1723])
target_phase shape after adjust: torch.Size([24, 1723, 257, 1, 4])
mix_phase shape after adjust: torch.Size([24, 1723, 257, 1, 1])
estimate shape: torch.Size([24, 1724, 257, 1, 4])
target shape: torch.Size([24, 1724, 257, 1, 4])
mixture_phase shape: torch.Size([24, 257, 1723])
target_phase shape after adjust: torch.Size([24, 1723, 257, 1, 4])
mix_phase shape after adjust: torch.Size([24, 1723, 257, 1, 1])
estimate shape: torch.Size([24, 1724, 257, 1, 4])
target shape: torch.Size([24, 1724, 257, 1, 4])
mixture_phase shape: torch.Size([24, 257, 1723])
target_phase shape after adjust: torch.Size([24, 1723, 257, 1, 4])
mix_phase shape after adjust: torch.Size([24, 1723, 257, 1, 1])
estimate shape: torch.Size([24, 1724, 257, 1, 4])
target shape: torch.Size([24, 1724, 257, 1, 4])
mixture_phase shape: torch.Size([24, 257, 1723])
target_phase shape after adjust: torch.Size([24, 1723, 257, 1, 4])
mix_phase shape after adjust: torch.Size([24, 1723, 257, 1, 1])
estimate shape: torch.Size([8, 1724, 257, 1, 4])
target shape: torch.Size([8, 1724, 257, 1, 4])
mixture_phase shape: torch.Size([8, 257, 1723])
target_phase shape after adjust: torch.Size([8, 1723, 257, 1, 4])
mix_phase shape after adjust: torch.Size([8, 1723, 257, 1, 1])
[Validator] Epoch 54 - val_loss: 0.000013
[BEST CHECKPOINT] Guardado/actualizado en: checkpoints\Mis_modelos\lpsa_phase checkpoints\4stems\best_checkpoint_54_val_loss=-0.0000.pt
03/31/2026 05:52:44 PM | engine.py:1037 Engine run finished. Time taken: 00:00:26.527
[Epoch 54] train_loss=0.000011 | val_loss=0.000013
03/31/2026 05:52:44 PM | engine.py:1010 Epoch[54] Complete. Time taken: 00:00:48.982
03/31/2026 05:53:06 PM | engine.py:906 Engine run starting with max_epochs=1.
03/31/2026 05:53:32 PM | engine.py:1010 Epoch[1] Complete. Time taken: 00:00:25.933
estimate shape: torch.Size([24, 1724, 257, 1, 4])
target shape: torch.Size([24, 1724, 257, 1, 4])
mixture_phase shape: torch.Size([24, 257, 1723])
target_phase shape after adjust: torch.Size([24, 1723, 257, 1, 4])
mix_phase shape after adjust: torch.Size([24, 1723, 257, 1, 1])
estimate shape: torch.Size([24, 1724, 257, 1, 4])
target shape: torch.Size([24, 1724, 257, 1, 4])
mixture_phase shape: torch.Size([24, 257, 1723])
target_phase shape after adjust: torch.Size([24, 1723, 257, 1, 4])
mix_phase shape after adjust: torch.Size([24, 1723, 257, 1, 1])
estimate shape: torch.Size([24, 1724, 257, 1, 4])
target shape: torch.Size([24, 1724, 257, 1, 4])
mixture_phase shape: torch.Size([24, 257, 1723])
target_phase shape after adjust: torch.Size([24, 1723, 257, 1, 4])
mix_phase shape after adjust: torch.Size([24, 1723, 257, 1, 1])
estimate shape: torch.Size([24, 1724, 257, 1, 4])
target shape: torch.Size([24, 1724, 257, 1, 4])
mixture_phase shape: torch.Size([24, 257, 1723])
target_phase shape after adjust: torch.Size([24, 1723, 257, 1, 4])
mix_phase shape after adjust: torch.Size([24, 1723, 257, 1, 1])
estimate shape: torch.Size([24, 1724, 257, 1, 4])
target shape: torch.Size([24, 1724, 257, 1, 4])
mixture_phase shape: torch.Size([24, 257, 1723])
target_phase shape after adjust: torch.Size([24, 1723, 257, 1, 4])
mix_phase shape after adjust: torch.Size([24, 1723, 257, 1, 1])
estimate shape: torch.Size([24, 1724, 257, 1, 4])
target shape: torch.Size([24, 1724, 257, 1, 4])
mixture_phase shape: torch.Size([24, 257, 1723])
target_phase shape after adjust: torch.Size([24, 1723, 257, 1, 4])
mix_phase shape after adjust: torch.Size([24, 1723, 257, 1, 1])
estimate shape: torch.Size([24, 1724, 257, 1, 4])
target shape: torch.Size([24, 1724, 257, 1, 4])
mixture_phase shape: torch.Size([24, 257, 1723])
target_phase shape after adjust: torch.Size([24, 1723, 257, 1, 4])
mix_phase shape after adjust: torch.Size([24, 1723, 257, 1, 1])
estimate shape: torch.Size([24, 1724, 257, 1, 4])
target shape: torch.Size([24, 1724, 257, 1, 4])
mixture_phase shape: torch.Size([24, 257, 1723])
target_phase shape after adjust: torch.Size([24, 1723, 257, 1, 4])
mix_phase shape after adjust: torch.Size([24, 1723, 257, 1, 1])
estimate shape: torch.Size([24, 1724, 257, 1, 4])
target shape: torch.Size([24, 1724, 257, 1, 4])
mixture_phase shape: torch.Size([24, 257, 1723])
target_phase shape after adjust: torch.Size([24, 1723, 257, 1, 4])
mix_phase shape after adjust: torch.Size([24, 1723, 257, 1, 1])
estimate shape: torch.Size([24, 1724, 257, 1, 4])
target shape: torch.Size([24, 1724, 257, 1, 4])
mixture_phase shape: torch.Size([24, 257, 1723])
target_phase shape after adjust: torch.Size([24, 1723, 257, 1, 4])
mix_phase shape after adjust: torch.Size([24, 1723, 257, 1, 1])
estimate shape: torch.Size([24, 1724, 257, 1, 4])
target shape: torch.Size([24, 1724, 257, 1, 4])
mixture_phase shape: torch.Size([24, 257, 1723])
target_phase shape after adjust: torch.Size([24, 1723, 257, 1, 4])
mix_phase shape after adjust: torch.Size([24, 1723, 257, 1, 1])
estimate shape: torch.Size([24, 1724, 257, 1, 4])
target shape: torch.Size([24, 1724, 257, 1, 4])
mixture_phase shape: torch.Size([24, 257, 1723])
target_phase shape after adjust: torch.Size([24, 1723, 257, 1, 4])
mix_phase shape after adjust: torch.Size([24, 1723, 257, 1, 1])
estimate shape: torch.Size([24, 1724, 257, 1, 4])
target shape: torch.Size([24, 1724, 257, 1, 4])
mixture_phase shape: torch.Size([24, 257, 1723])
target_phase shape after adjust: torch.Size([24, 1723, 257, 1, 4])
mix_phase shape after adjust: torch.Size([24, 1723, 257, 1, 1])
estimate shape: torch.Size([24, 1724, 257, 1, 4])
target shape: torch.Size([24, 1724, 257, 1, 4])
mixture_phase shape: torch.Size([24, 257, 1723])
target_phase shape after adjust: torch.Size([24, 1723, 257, 1, 4])
mix_phase shape after adjust: torch.Size([24, 1723, 257, 1, 1])
estimate shape: torch.Size([24, 1724, 257, 1, 4])
target shape: torch.Size([24, 1724, 257, 1, 4])
mixture_phase shape: torch.Size([24, 257, 1723])
target_phase shape after adjust: torch.Size([24, 1723, 257, 1, 4])
mix_phase shape after adjust: torch.Size([24, 1723, 257, 1, 1])
estimate shape: torch.Size([24, 1724, 257, 1, 4])
target shape: torch.Size([24, 1724, 257, 1, 4])
mixture_phase shape: torch.Size([24, 257, 1723])
target_phase shape after adjust: torch.Size([24, 1723, 257, 1, 4])
mix_phase shape after adjust: torch.Size([24, 1723, 257, 1, 1])
estimate shape: torch.Size([24, 1724, 257, 1, 4])
target shape: torch.Size([24, 1724, 257, 1, 4])
mixture_phase shape: torch.Size([24, 257, 1723])
target_phase shape after adjust: torch.Size([24, 1723, 257, 1, 4])
mix_phase shape after adjust: torch.Size([24, 1723, 257, 1, 1])
estimate shape: torch.Size([24, 1724, 257, 1, 4])
target shape: torch.Size([24, 1724, 257, 1, 4])
mixture_phase shape: torch.Size([24, 257, 1723])
target_phase shape after adjust: torch.Size([24, 1723, 257, 1, 4])
mix_phase shape after adjust: torch.Size([24, 1723, 257, 1, 1])
estimate shape: torch.Size([8, 1724, 257, 1, 4])
target shape: torch.Size([8, 1724, 257, 1, 4])
mixture_phase shape: torch.Size([8, 257, 1723])
target_phase shape after adjust: torch.Size([8, 1723, 257, 1, 4])
mix_phase shape after adjust: torch.Size([8, 1723, 257, 1, 1])
[Validator] Epoch 55 - val_loss: 0.000013
[BEST CHECKPOINT] Guardado/actualizado en: checkpoints\Mis_modelos\lpsa_phase checkpoints\4stems\best_checkpoint_55_val_loss=-0.0000.pt
03/31/2026 05:53:32 PM | engine.py:1037 Engine run finished. Time taken: 00:00:25.942
[Epoch 55] train_loss=0.000011 | val_loss=0.000013
03/31/2026 05:53:32 PM | engine.py:1010 Epoch[55] Complete. Time taken: 00:00:48.155
03/31/2026 05:53:54 PM | engine.py:906 Engine run starting with max_epochs=1.
03/31/2026 05:54:20 PM | engine.py:1010 Epoch[1] Complete. Time taken: 00:00:26.042
estimate shape: torch.Size([24, 1724, 257, 1, 4])
target shape: torch.Size([24, 1724, 257, 1, 4])
mixture_phase shape: torch.Size([24, 257, 1723])
target_phase shape after adjust: torch.Size([24, 1723, 257, 1, 4])
mix_phase shape after adjust: torch.Size([24, 1723, 257, 1, 1])
estimate shape: torch.Size([24, 1724, 257, 1, 4])
target shape: torch.Size([24, 1724, 257, 1, 4])
mixture_phase shape: torch.Size([24, 257, 1723])
target_phase shape after adjust: torch.Size([24, 1723, 257, 1, 4])
mix_phase shape after adjust: torch.Size([24, 1723, 257, 1, 1])
estimate shape: torch.Size([24, 1724, 257, 1, 4])
target shape: torch.Size([24, 1724, 257, 1, 4])
mixture_phase shape: torch.Size([24, 257, 1723])
target_phase shape after adjust: torch.Size([24, 1723, 257, 1, 4])
mix_phase shape after adjust: torch.Size([24, 1723, 257, 1, 1])
estimate shape: torch.Size([24, 1724, 257, 1, 4])
target shape: torch.Size([24, 1724, 257, 1, 4])
mixture_phase shape: torch.Size([24, 257, 1723])
target_phase shape after adjust: torch.Size([24, 1723, 257, 1, 4])
mix_phase shape after adjust: torch.Size([24, 1723, 257, 1, 1])
estimate shape: torch.Size([24, 1724, 257, 1, 4])
target shape: torch.Size([24, 1724, 257, 1, 4])
mixture_phase shape: torch.Size([24, 257, 1723])
target_phase shape after adjust: torch.Size([24, 1723, 257, 1, 4])
mix_phase shape after adjust: torch.Size([24, 1723, 257, 1, 1])
estimate shape: torch.Size([24, 1724, 257, 1, 4])
target shape: torch.Size([24, 1724, 257, 1, 4])
mixture_phase shape: torch.Size([24, 257, 1723])
target_phase shape after adjust: torch.Size([24, 1723, 257, 1, 4])
mix_phase shape after adjust: torch.Size([24, 1723, 257, 1, 1])
estimate shape: torch.Size([24, 1724, 257, 1, 4])
target shape: torch.Size([24, 1724, 257, 1, 4])
mixture_phase shape: torch.Size([24, 257, 1723])
target_phase shape after adjust: torch.Size([24, 1723, 257, 1, 4])
mix_phase shape after adjust: torch.Size([24, 1723, 257, 1, 1])
estimate shape: torch.Size([24, 1724, 257, 1, 4])
target shape: torch.Size([24, 1724, 257, 1, 4])
mixture_phase shape: torch.Size([24, 257, 1723])
target_phase shape after adjust: torch.Size([24, 1723, 257, 1, 4])
mix_phase shape after adjust: torch.Size([24, 1723, 257, 1, 1])
estimate shape: torch.Size([24, 1724, 257, 1, 4])
target shape: torch.Size([24, 1724, 257, 1, 4])
mixture_phase shape: torch.Size([24, 257, 1723])
target_phase shape after adjust: torch.Size([24, 1723, 257, 1, 4])
mix_phase shape after adjust: torch.Size([24, 1723, 257, 1, 1])
estimate shape: torch.Size([24, 1724, 257, 1, 4])
target shape: torch.Size([24, 1724, 257, 1, 4])
mixture_phase shape: torch.Size([24, 257, 1723])
target_phase shape after adjust: torch.Size([24, 1723, 257, 1, 4])
mix_phase shape after adjust: torch.Size([24, 1723, 257, 1, 1])
estimate shape: torch.Size([24, 1724, 257, 1, 4])
target shape: torch.Size([24, 1724, 257, 1, 4])
mixture_phase shape: torch.Size([24, 257, 1723])
target_phase shape after adjust: torch.Size([24, 1723, 257, 1, 4])
mix_phase shape after adjust: torch.Size([24, 1723, 257, 1, 1])
estimate shape: torch.Size([24, 1724, 257, 1, 4])
target shape: torch.Size([24, 1724, 257, 1, 4])
mixture_phase shape: torch.Size([24, 257, 1723])
target_phase shape after adjust: torch.Size([24, 1723, 257, 1, 4])
mix_phase shape after adjust: torch.Size([24, 1723, 257, 1, 1])
estimate shape: torch.Size([24, 1724, 257, 1, 4])
target shape: torch.Size([24, 1724, 257, 1, 4])
mixture_phase shape: torch.Size([24, 257, 1723])
target_phase shape after adjust: torch.Size([24, 1723, 257, 1, 4])
mix_phase shape after adjust: torch.Size([24, 1723, 257, 1, 1])
estimate shape: torch.Size([24, 1724, 257, 1, 4])
target shape: torch.Size([24, 1724, 257, 1, 4])
mixture_phase shape: torch.Size([24, 257, 1723])
target_phase shape after adjust: torch.Size([24, 1723, 257, 1, 4])
mix_phase shape after adjust: torch.Size([24, 1723, 257, 1, 1])
estimate shape: torch.Size([24, 1724, 257, 1, 4])
target shape: torch.Size([24, 1724, 257, 1, 4])
mixture_phase shape: torch.Size([24, 257, 1723])
target_phase shape after adjust: torch.Size([24, 1723, 257, 1, 4])
mix_phase shape after adjust: torch.Size([24, 1723, 257, 1, 1])
estimate shape: torch.Size([24, 1724, 257, 1, 4])
target shape: torch.Size([24, 1724, 257, 1, 4])
mixture_phase shape: torch.Size([24, 257, 1723])
target_phase shape after adjust: torch.Size([24, 1723, 257, 1, 4])
mix_phase shape after adjust: torch.Size([24, 1723, 257, 1, 1])
estimate shape: torch.Size([24, 1724, 257, 1, 4])
target shape: torch.Size([24, 1724, 257, 1, 4])
mixture_phase shape: torch.Size([24, 257, 1723])
target_phase shape after adjust: torch.Size([24, 1723, 257, 1, 4])
mix_phase shape after adjust: torch.Size([24, 1723, 257, 1, 1])
estimate shape: torch.Size([24, 1724, 257, 1, 4])
target shape: torch.Size([24, 1724, 257, 1, 4])
mixture_phase shape: torch.Size([24, 257, 1723])
target_phase shape after adjust: torch.Size([24, 1723, 257, 1, 4])
mix_phase shape after adjust: torch.Size([24, 1723, 257, 1, 1])
estimate shape: torch.Size([8, 1724, 257, 1, 4])
target shape: torch.Size([8, 1724, 257, 1, 4])
mixture_phase shape: torch.Size([8, 257, 1723])
target_phase shape after adjust: torch.Size([8, 1723, 257, 1, 4])
mix_phase shape after adjust: torch.Size([8, 1723, 257, 1, 1])
[Validator] Epoch 56 - val_loss: 0.000013
[BEST CHECKPOINT] Guardado/actualizado en: checkpoints\Mis_modelos\lpsa_phase checkpoints\4stems\best_checkpoint_56_val_loss=-0.0000.pt
03/31/2026 05:54:20 PM | engine.py:1037 Engine run finished. Time taken: 00:00:26.052
[Epoch 56] train_loss=0.000011 | val_loss=0.000013
03/31/2026 05:54:20 PM | engine.py:1010 Epoch[56] Complete. Time taken: 00:00:48.438
03/31/2026 05:54:43 PM | engine.py:906 Engine run starting with max_epochs=1.
03/31/2026 05:55:09 PM | engine.py:1010 Epoch[1] Complete. Time taken: 00:00:26.008
estimate shape: torch.Size([24, 1724, 257, 1, 4])
target shape: torch.Size([24, 1724, 257, 1, 4])
mixture_phase shape: torch.Size([24, 257, 1723])
target_phase shape after adjust: torch.Size([24, 1723, 257, 1, 4])
mix_phase shape after adjust: torch.Size([24, 1723, 257, 1, 1])
estimate shape: torch.Size([24, 1724, 257, 1, 4])
target shape: torch.Size([24, 1724, 257, 1, 4])
mixture_phase shape: torch.Size([24, 257, 1723])
target_phase shape after adjust: torch.Size([24, 1723, 257, 1, 4])
mix_phase shape after adjust: torch.Size([24, 1723, 257, 1, 1])
estimate shape: torch.Size([24, 1724, 257, 1, 4])
target shape: torch.Size([24, 1724, 257, 1, 4])
mixture_phase shape: torch.Size([24, 257, 1723])
target_phase shape after adjust: torch.Size([24, 1723, 257, 1, 4])
mix_phase shape after adjust: torch.Size([24, 1723, 257, 1, 1])
estimate shape: torch.Size([24, 1724, 257, 1, 4])
target shape: torch.Size([24, 1724, 257, 1, 4])
mixture_phase shape: torch.Size([24, 257, 1723])
target_phase shape after adjust: torch.Size([24, 1723, 257, 1, 4])
mix_phase shape after adjust: torch.Size([24, 1723, 257, 1, 1])
estimate shape: torch.Size([24, 1724, 257, 1, 4])
target shape: torch.Size([24, 1724, 257, 1, 4])
mixture_phase shape: torch.Size([24, 257, 1723])
target_phase shape after adjust: torch.Size([24, 1723, 257, 1, 4])
mix_phase shape after adjust: torch.Size([24, 1723, 257, 1, 1])
estimate shape: torch.Size([24, 1724, 257, 1, 4])
target shape: torch.Size([24, 1724, 257, 1, 4])
mixture_phase shape: torch.Size([24, 257, 1723])
target_phase shape after adjust: torch.Size([24, 1723, 257, 1, 4])
mix_phase shape after adjust: torch.Size([24, 1723, 257, 1, 1])
estimate shape: torch.Size([24, 1724, 257, 1, 4])
target shape: torch.Size([24, 1724, 257, 1, 4])
mixture_phase shape: torch.Size([24, 257, 1723])
target_phase shape after adjust: torch.Size([24, 1723, 257, 1, 4])
mix_phase shape after adjust: torch.Size([24, 1723, 257, 1, 1])
estimate shape: torch.Size([24, 1724, 257, 1, 4])
target shape: torch.Size([24, 1724, 257, 1, 4])
mixture_phase shape: torch.Size([24, 257, 1723])
target_phase shape after adjust: torch.Size([24, 1723, 257, 1, 4])
mix_phase shape after adjust: torch.Size([24, 1723, 257, 1, 1])
estimate shape: torch.Size([24, 1724, 257, 1, 4])
target shape: torch.Size([24, 1724, 257, 1, 4])
mixture_phase shape: torch.Size([24, 257, 1723])
target_phase shape after adjust: torch.Size([24, 1723, 257, 1, 4])
mix_phase shape after adjust: torch.Size([24, 1723, 257, 1, 1])
estimate shape: torch.Size([24, 1724, 257, 1, 4])
target shape: torch.Size([24, 1724, 257, 1, 4])
mixture_phase shape: torch.Size([24, 257, 1723])
target_phase shape after adjust: torch.Size([24, 1723, 257, 1, 4])
mix_phase shape after adjust: torch.Size([24, 1723, 257, 1, 1])
estimate shape: torch.Size([24, 1724, 257, 1, 4])
target shape: torch.Size([24, 1724, 257, 1, 4])
mixture_phase shape: torch.Size([24, 257, 1723])
target_phase shape after adjust: torch.Size([24, 1723, 257, 1, 4])
mix_phase shape after adjust: torch.Size([24, 1723, 257, 1, 1])
estimate shape: torch.Size([24, 1724, 257, 1, 4])
target shape: torch.Size([24, 1724, 257, 1, 4])
mixture_phase shape: torch.Size([24, 257, 1723])
target_phase shape after adjust: torch.Size([24, 1723, 257, 1, 4])
mix_phase shape after adjust: torch.Size([24, 1723, 257, 1, 1])
estimate shape: torch.Size([24, 1724, 257, 1, 4])
target shape: torch.Size([24, 1724, 257, 1, 4])
mixture_phase shape: torch.Size([24, 257, 1723])
target_phase shape after adjust: torch.Size([24, 1723, 257, 1, 4])
mix_phase shape after adjust: torch.Size([24, 1723, 257, 1, 1])
estimate shape: torch.Size([24, 1724, 257, 1, 4])
target shape: torch.Size([24, 1724, 257, 1, 4])
mixture_phase shape: torch.Size([24, 257, 1723])
target_phase shape after adjust: torch.Size([24, 1723, 257, 1, 4])
mix_phase shape after adjust: torch.Size([24, 1723, 257, 1, 1])
estimate shape: torch.Size([24, 1724, 257, 1, 4])
target shape: torch.Size([24, 1724, 257, 1, 4])
mixture_phase shape: torch.Size([24, 257, 1723])
target_phase shape after adjust: torch.Size([24, 1723, 257, 1, 4])
mix_phase shape after adjust: torch.Size([24, 1723, 257, 1, 1])
estimate shape: torch.Size([24, 1724, 257, 1, 4])
target shape: torch.Size([24, 1724, 257, 1, 4])
mixture_phase shape: torch.Size([24, 257, 1723])
target_phase shape after adjust: torch.Size([24, 1723, 257, 1, 4])
mix_phase shape after adjust: torch.Size([24, 1723, 257, 1, 1])
estimate shape: torch.Size([24, 1724, 257, 1, 4])
target shape: torch.Size([24, 1724, 257, 1, 4])
mixture_phase shape: torch.Size([24, 257, 1723])
target_phase shape after adjust: torch.Size([24, 1723, 257, 1, 4])
mix_phase shape after adjust: torch.Size([24, 1723, 257, 1, 1])
estimate shape: torch.Size([24, 1724, 257, 1, 4])
target shape: torch.Size([24, 1724, 257, 1, 4])
mixture_phase shape: torch.Size([24, 257, 1723])
target_phase shape after adjust: torch.Size([24, 1723, 257, 1, 4])
mix_phase shape after adjust: torch.Size([24, 1723, 257, 1, 1])
estimate shape: torch.Size([8, 1724, 257, 1, 4])
target shape: torch.Size([8, 1724, 257, 1, 4])
mixture_phase shape: torch.Size([8, 257, 1723])
target_phase shape after adjust: torch.Size([8, 1723, 257, 1, 4])
mix_phase shape after adjust: torch.Size([8, 1723, 257, 1, 1])
[Validator] Epoch 57 - val_loss: 0.000013
[BEST CHECKPOINT] Guardado/actualizado en: checkpoints\Mis_modelos\lpsa_phase checkpoints\4stems\best_checkpoint_57_val_loss=-0.0000.pt
03/31/2026 05:55:09 PM | engine.py:1037 Engine run finished. Time taken: 00:00:26.018
[Epoch 57] train_loss=0.000011 | val_loss=0.000013
03/31/2026 05:55:09 PM | engine.py:1010 Epoch[57] Complete. Time taken: 00:00:48.376
03/31/2026 05:55:32 PM | engine.py:906 Engine run starting with max_epochs=1.
03/31/2026 05:55:58 PM | engine.py:1010 Epoch[1] Complete. Time taken: 00:00:25.932
estimate shape: torch.Size([24, 1724, 257, 1, 4])
target shape: torch.Size([24, 1724, 257, 1, 4])
mixture_phase shape: torch.Size([24, 257, 1723])
target_phase shape after adjust: torch.Size([24, 1723, 257, 1, 4])
mix_phase shape after adjust: torch.Size([24, 1723, 257, 1, 1])
estimate shape: torch.Size([24, 1724, 257, 1, 4])
target shape: torch.Size([24, 1724, 257, 1, 4])
mixture_phase shape: torch.Size([24, 257, 1723])
target_phase shape after adjust: torch.Size([24, 1723, 257, 1, 4])
mix_phase shape after adjust: torch.Size([24, 1723, 257, 1, 1])
estimate shape: torch.Size([24, 1724, 257, 1, 4])
target shape: torch.Size([24, 1724, 257, 1, 4])
mixture_phase shape: torch.Size([24, 257, 1723])
target_phase shape after adjust: torch.Size([24, 1723, 257, 1, 4])
mix_phase shape after adjust: torch.Size([24, 1723, 257, 1, 1])
estimate shape: torch.Size([24, 1724, 257, 1, 4])
target shape: torch.Size([24, 1724, 257, 1, 4])
mixture_phase shape: torch.Size([24, 257, 1723])
target_phase shape after adjust: torch.Size([24, 1723, 257, 1, 4])
mix_phase shape after adjust: torch.Size([24, 1723, 257, 1, 1])
estimate shape: torch.Size([24, 1724, 257, 1, 4])
target shape: torch.Size([24, 1724, 257, 1, 4])
mixture_phase shape: torch.Size([24, 257, 1723])
target_phase shape after adjust: torch.Size([24, 1723, 257, 1, 4])
mix_phase shape after adjust: torch.Size([24, 1723, 257, 1, 1])
estimate shape: torch.Size([24, 1724, 257, 1, 4])
target shape: torch.Size([24, 1724, 257, 1, 4])
mixture_phase shape: torch.Size([24, 257, 1723])
target_phase shape after adjust: torch.Size([24, 1723, 257, 1, 4])
mix_phase shape after adjust: torch.Size([24, 1723, 257, 1, 1])
estimate shape: torch.Size([24, 1724, 257, 1, 4])
target shape: torch.Size([24, 1724, 257, 1, 4])
mixture_phase shape: torch.Size([24, 257, 1723])
target_phase shape after adjust: torch.Size([24, 1723, 257, 1, 4])
mix_phase shape after adjust: torch.Size([24, 1723, 257, 1, 1])
estimate shape: torch.Size([24, 1724, 257, 1, 4])
target shape: torch.Size([24, 1724, 257, 1, 4])
mixture_phase shape: torch.Size([24, 257, 1723])
target_phase shape after adjust: torch.Size([24, 1723, 257, 1, 4])
mix_phase shape after adjust: torch.Size([24, 1723, 257, 1, 1])
estimate shape: torch.Size([24, 1724, 257, 1, 4])
target shape: torch.Size([24, 1724, 257, 1, 4])
mixture_phase shape: torch.Size([24, 257, 1723])
target_phase shape after adjust: torch.Size([24, 1723, 257, 1, 4])
mix_phase shape after adjust: torch.Size([24, 1723, 257, 1, 1])
estimate shape: torch.Size([24, 1724, 257, 1, 4])
target shape: torch.Size([24, 1724, 257, 1, 4])
mixture_phase shape: torch.Size([24, 257, 1723])
target_phase shape after adjust: torch.Size([24, 1723, 257, 1, 4])
mix_phase shape after adjust: torch.Size([24, 1723, 257, 1, 1])
estimate shape: torch.Size([24, 1724, 257, 1, 4])
target shape: torch.Size([24, 1724, 257, 1, 4])
mixture_phase shape: torch.Size([24, 257, 1723])
target_phase shape after adjust: torch.Size([24, 1723, 257, 1, 4])
mix_phase shape after adjust: torch.Size([24, 1723, 257, 1, 1])
estimate shape: torch.Size([24, 1724, 257, 1, 4])
target shape: torch.Size([24, 1724, 257, 1, 4])
mixture_phase shape: torch.Size([24, 257, 1723])
target_phase shape after adjust: torch.Size([24, 1723, 257, 1, 4])
mix_phase shape after adjust: torch.Size([24, 1723, 257, 1, 1])
estimate shape: torch.Size([24, 1724, 257, 1, 4])
target shape: torch.Size([24, 1724, 257, 1, 4])
mixture_phase shape: torch.Size([24, 257, 1723])
target_phase shape after adjust: torch.Size([24, 1723, 257, 1, 4])
mix_phase shape after adjust: torch.Size([24, 1723, 257, 1, 1])
estimate shape: torch.Size([24, 1724, 257, 1, 4])
target shape: torch.Size([24, 1724, 257, 1, 4])
mixture_phase shape: torch.Size([24, 257, 1723])
target_phase shape after adjust: torch.Size([24, 1723, 257, 1, 4])
mix_phase shape after adjust: torch.Size([24, 1723, 257, 1, 1])
estimate shape: torch.Size([24, 1724, 257, 1, 4])
target shape: torch.Size([24, 1724, 257, 1, 4])
mixture_phase shape: torch.Size([24, 257, 1723])
target_phase shape after adjust: torch.Size([24, 1723, 257, 1, 4])
mix_phase shape after adjust: torch.Size([24, 1723, 257, 1, 1])
estimate shape: torch.Size([24, 1724, 257, 1, 4])
target shape: torch.Size([24, 1724, 257, 1, 4])
mixture_phase shape: torch.Size([24, 257, 1723])
target_phase shape after adjust: torch.Size([24, 1723, 257, 1, 4])
mix_phase shape after adjust: torch.Size([24, 1723, 257, 1, 1])
estimate shape: torch.Size([24, 1724, 257, 1, 4])
target shape: torch.Size([24, 1724, 257, 1, 4])
mixture_phase shape: torch.Size([24, 257, 1723])
target_phase shape after adjust: torch.Size([24, 1723, 257, 1, 4])
mix_phase shape after adjust: torch.Size([24, 1723, 257, 1, 1])
estimate shape: torch.Size([24, 1724, 257, 1, 4])
target shape: torch.Size([24, 1724, 257, 1, 4])
mixture_phase shape: torch.Size([24, 257, 1723])
target_phase shape after adjust: torch.Size([24, 1723, 257, 1, 4])
mix_phase shape after adjust: torch.Size([24, 1723, 257, 1, 1])
estimate shape: torch.Size([8, 1724, 257, 1, 4])
target shape: torch.Size([8, 1724, 257, 1, 4])
mixture_phase shape: torch.Size([8, 257, 1723])
target_phase shape after adjust: torch.Size([8, 1723, 257, 1, 4])
mix_phase shape after adjust: torch.Size([8, 1723, 257, 1, 1])
[Validator] Epoch 58 - val_loss: 0.000013
[BEST CHECKPOINT] Guardado/actualizado en: checkpoints\Mis_modelos\lpsa_phase checkpoints\4stems\best_checkpoint_58_val_loss=-0.0000.pt
03/31/2026 05:55:58 PM | engine.py:1037 Engine run finished. Time taken: 00:00:25.944
[Epoch 58] train_loss=0.000011 | val_loss=0.000013
03/31/2026 05:55:58 PM | engine.py:1010 Epoch[58] Complete. Time taken: 00:00:48.916
03/31/2026 05:56:20 PM | engine.py:906 Engine run starting with max_epochs=1.
03/31/2026 05:56:46 PM | engine.py:1010 Epoch[1] Complete. Time taken: 00:00:25.427
estimate shape: torch.Size([24, 1724, 257, 1, 4])
target shape: torch.Size([24, 1724, 257, 1, 4])
mixture_phase shape: torch.Size([24, 257, 1723])
target_phase shape after adjust: torch.Size([24, 1723, 257, 1, 4])
mix_phase shape after adjust: torch.Size([24, 1723, 257, 1, 1])
estimate shape: torch.Size([24, 1724, 257, 1, 4])
target shape: torch.Size([24, 1724, 257, 1, 4])
mixture_phase shape: torch.Size([24, 257, 1723])
target_phase shape after adjust: torch.Size([24, 1723, 257, 1, 4])
mix_phase shape after adjust: torch.Size([24, 1723, 257, 1, 1])
estimate shape: torch.Size([24, 1724, 257, 1, 4])
target shape: torch.Size([24, 1724, 257, 1, 4])
mixture_phase shape: torch.Size([24, 257, 1723])
target_phase shape after adjust: torch.Size([24, 1723, 257, 1, 4])
mix_phase shape after adjust: torch.Size([24, 1723, 257, 1, 1])
estimate shape: torch.Size([24, 1724, 257, 1, 4])
target shape: torch.Size([24, 1724, 257, 1, 4])
mixture_phase shape: torch.Size([24, 257, 1723])
target_phase shape after adjust: torch.Size([24, 1723, 257, 1, 4])
mix_phase shape after adjust: torch.Size([24, 1723, 257, 1, 1])
estimate shape: torch.Size([24, 1724, 257, 1, 4])
target shape: torch.Size([24, 1724, 257, 1, 4])
mixture_phase shape: torch.Size([24, 257, 1723])
target_phase shape after adjust: torch.Size([24, 1723, 257, 1, 4])
mix_phase shape after adjust: torch.Size([24, 1723, 257, 1, 1])
estimate shape: torch.Size([24, 1724, 257, 1, 4])
target shape: torch.Size([24, 1724, 257, 1, 4])
mixture_phase shape: torch.Size([24, 257, 1723])
target_phase shape after adjust: torch.Size([24, 1723, 257, 1, 4])
mix_phase shape after adjust: torch.Size([24, 1723, 257, 1, 1])
estimate shape: torch.Size([24, 1724, 257, 1, 4])
target shape: torch.Size([24, 1724, 257, 1, 4])
mixture_phase shape: torch.Size([24, 257, 1723])
target_phase shape after adjust: torch.Size([24, 1723, 257, 1, 4])
mix_phase shape after adjust: torch.Size([24, 1723, 257, 1, 1])
estimate shape: torch.Size([24, 1724, 257, 1, 4])
target shape: torch.Size([24, 1724, 257, 1, 4])
mixture_phase shape: torch.Size([24, 257, 1723])
target_phase shape after adjust: torch.Size([24, 1723, 257, 1, 4])
mix_phase shape after adjust: torch.Size([24, 1723, 257, 1, 1])
estimate shape: torch.Size([24, 1724, 257, 1, 4])
target shape: torch.Size([24, 1724, 257, 1, 4])
mixture_phase shape: torch.Size([24, 257, 1723])
target_phase shape after adjust: torch.Size([24, 1723, 257, 1, 4])
mix_phase shape after adjust: torch.Size([24, 1723, 257, 1, 1])
estimate shape: torch.Size([24, 1724, 257, 1, 4])
target shape: torch.Size([24, 1724, 257, 1, 4])
mixture_phase shape: torch.Size([24, 257, 1723])
target_phase shape after adjust: torch.Size([24, 1723, 257, 1, 4])
mix_phase shape after adjust: torch.Size([24, 1723, 257, 1, 1])
estimate shape: torch.Size([24, 1724, 257, 1, 4])
target shape: torch.Size([24, 1724, 257, 1, 4])
mixture_phase shape: torch.Size([24, 257, 1723])
target_phase shape after adjust: torch.Size([24, 1723, 257, 1, 4])
mix_phase shape after adjust: torch.Size([24, 1723, 257, 1, 1])
estimate shape: torch.Size([24, 1724, 257, 1, 4])
target shape: torch.Size([24, 1724, 257, 1, 4])
mixture_phase shape: torch.Size([24, 257, 1723])
target_phase shape after adjust: torch.Size([24, 1723, 257, 1, 4])
mix_phase shape after adjust: torch.Size([24, 1723, 257, 1, 1])
estimate shape: torch.Size([24, 1724, 257, 1, 4])
target shape: torch.Size([24, 1724, 257, 1, 4])
mixture_phase shape: torch.Size([24, 257, 1723])
target_phase shape after adjust: torch.Size([24, 1723, 257, 1, 4])
mix_phase shape after adjust: torch.Size([24, 1723, 257, 1, 1])
estimate shape: torch.Size([24, 1724, 257, 1, 4])
target shape: torch.Size([24, 1724, 257, 1, 4])
mixture_phase shape: torch.Size([24, 257, 1723])
target_phase shape after adjust: torch.Size([24, 1723, 257, 1, 4])
mix_phase shape after adjust: torch.Size([24, 1723, 257, 1, 1])
estimate shape: torch.Size([24, 1724, 257, 1, 4])
target shape: torch.Size([24, 1724, 257, 1, 4])
mixture_phase shape: torch.Size([24, 257, 1723])
target_phase shape after adjust: torch.Size([24, 1723, 257, 1, 4])
mix_phase shape after adjust: torch.Size([24, 1723, 257, 1, 1])
estimate shape: torch.Size([24, 1724, 257, 1, 4])
target shape: torch.Size([24, 1724, 257, 1, 4])
mixture_phase shape: torch.Size([24, 257, 1723])
target_phase shape after adjust: torch.Size([24, 1723, 257, 1, 4])
mix_phase shape after adjust: torch.Size([24, 1723, 257, 1, 1])
estimate shape: torch.Size([24, 1724, 257, 1, 4])
target shape: torch.Size([24, 1724, 257, 1, 4])
mixture_phase shape: torch.Size([24, 257, 1723])
target_phase shape after adjust: torch.Size([24, 1723, 257, 1, 4])
mix_phase shape after adjust: torch.Size([24, 1723, 257, 1, 1])
estimate shape: torch.Size([24, 1724, 257, 1, 4])
target shape: torch.Size([24, 1724, 257, 1, 4])
mixture_phase shape: torch.Size([24, 257, 1723])
target_phase shape after adjust: torch.Size([24, 1723, 257, 1, 4])
mix_phase shape after adjust: torch.Size([24, 1723, 257, 1, 1])
estimate shape: torch.Size([8, 1724, 257, 1, 4])
target shape: torch.Size([8, 1724, 257, 1, 4])
mixture_phase shape: torch.Size([8, 257, 1723])
target_phase shape after adjust: torch.Size([8, 1723, 257, 1, 4])
mix_phase shape after adjust: torch.Size([8, 1723, 257, 1, 1])
[Validator] Epoch 59 - val_loss: 0.000013
[BEST CHECKPOINT] Guardado/actualizado en: checkpoints\Mis_modelos\lpsa_phase checkpoints\4stems\best_checkpoint_59_val_loss=-0.0000.pt
03/31/2026 05:56:46 PM | engine.py:1037 Engine run finished. Time taken: 00:00:25.438
[Epoch 59] train_loss=0.000011 | val_loss=0.000013
03/31/2026 05:56:46 PM | engine.py:1010 Epoch[59] Complete. Time taken: 00:00:47.869
03/31/2026 05:57:08 PM | engine.py:906 Engine run starting with max_epochs=1.
03/31/2026 05:57:33 PM | engine.py:1010 Epoch[1] Complete. Time taken: 00:00:25.684
estimate shape: torch.Size([24, 1724, 257, 1, 4])
target shape: torch.Size([24, 1724, 257, 1, 4])
mixture_phase shape: torch.Size([24, 257, 1723])
target_phase shape after adjust: torch.Size([24, 1723, 257, 1, 4])
mix_phase shape after adjust: torch.Size([24, 1723, 257, 1, 1])
estimate shape: torch.Size([24, 1724, 257, 1, 4])
target shape: torch.Size([24, 1724, 257, 1, 4])
mixture_phase shape: torch.Size([24, 257, 1723])
target_phase shape after adjust: torch.Size([24, 1723, 257, 1, 4])
mix_phase shape after adjust: torch.Size([24, 1723, 257, 1, 1])
estimate shape: torch.Size([24, 1724, 257, 1, 4])
target shape: torch.Size([24, 1724, 257, 1, 4])
mixture_phase shape: torch.Size([24, 257, 1723])
target_phase shape after adjust: torch.Size([24, 1723, 257, 1, 4])
mix_phase shape after adjust: torch.Size([24, 1723, 257, 1, 1])
estimate shape: torch.Size([24, 1724, 257, 1, 4])
target shape: torch.Size([24, 1724, 257, 1, 4])
mixture_phase shape: torch.Size([24, 257, 1723])
target_phase shape after adjust: torch.Size([24, 1723, 257, 1, 4])
mix_phase shape after adjust: torch.Size([24, 1723, 257, 1, 1])
estimate shape: torch.Size([24, 1724, 257, 1, 4])
target shape: torch.Size([24, 1724, 257, 1, 4])
mixture_phase shape: torch.Size([24, 257, 1723])
target_phase shape after adjust: torch.Size([24, 1723, 257, 1, 4])
mix_phase shape after adjust: torch.Size([24, 1723, 257, 1, 1])
estimate shape: torch.Size([24, 1724, 257, 1, 4])
target shape: torch.Size([24, 1724, 257, 1, 4])
mixture_phase shape: torch.Size([24, 257, 1723])
target_phase shape after adjust: torch.Size([24, 1723, 257, 1, 4])
mix_phase shape after adjust: torch.Size([24, 1723, 257, 1, 1])
estimate shape: torch.Size([24, 1724, 257, 1, 4])
target shape: torch.Size([24, 1724, 257, 1, 4])
mixture_phase shape: torch.Size([24, 257, 1723])
target_phase shape after adjust: torch.Size([24, 1723, 257, 1, 4])
mix_phase shape after adjust: torch.Size([24, 1723, 257, 1, 1])
estimate shape: torch.Size([24, 1724, 257, 1, 4])
target shape: torch.Size([24, 1724, 257, 1, 4])
mixture_phase shape: torch.Size([24, 257, 1723])
target_phase shape after adjust: torch.Size([24, 1723, 257, 1, 4])
mix_phase shape after adjust: torch.Size([24, 1723, 257, 1, 1])
estimate shape: torch.Size([24, 1724, 257, 1, 4])
target shape: torch.Size([24, 1724, 257, 1, 4])
mixture_phase shape: torch.Size([24, 257, 1723])
target_phase shape after adjust: torch.Size([24, 1723, 257, 1, 4])
mix_phase shape after adjust: torch.Size([24, 1723, 257, 1, 1])
estimate shape: torch.Size([24, 1724, 257, 1, 4])
target shape: torch.Size([24, 1724, 257, 1, 4])
mixture_phase shape: torch.Size([24, 257, 1723])
target_phase shape after adjust: torch.Size([24, 1723, 257, 1, 4])
mix_phase shape after adjust: torch.Size([24, 1723, 257, 1, 1])
estimate shape: torch.Size([24, 1724, 257, 1, 4])
target shape: torch.Size([24, 1724, 257, 1, 4])
mixture_phase shape: torch.Size([24, 257, 1723])
target_phase shape after adjust: torch.Size([24, 1723, 257, 1, 4])
mix_phase shape after adjust: torch.Size([24, 1723, 257, 1, 1])
estimate shape: torch.Size([24, 1724, 257, 1, 4])
target shape: torch.Size([24, 1724, 257, 1, 4])
mixture_phase shape: torch.Size([24, 257, 1723])
target_phase shape after adjust: torch.Size([24, 1723, 257, 1, 4])
mix_phase shape after adjust: torch.Size([24, 1723, 257, 1, 1])
estimate shape: torch.Size([24, 1724, 257, 1, 4])
target shape: torch.Size([24, 1724, 257, 1, 4])
mixture_phase shape: torch.Size([24, 257, 1723])
target_phase shape after adjust: torch.Size([24, 1723, 257, 1, 4])
mix_phase shape after adjust: torch.Size([24, 1723, 257, 1, 1])
estimate shape: torch.Size([24, 1724, 257, 1, 4])
target shape: torch.Size([24, 1724, 257, 1, 4])
mixture_phase shape: torch.Size([24, 257, 1723])
target_phase shape after adjust: torch.Size([24, 1723, 257, 1, 4])
mix_phase shape after adjust: torch.Size([24, 1723, 257, 1, 1])
estimate shape: torch.Size([24, 1724, 257, 1, 4])
target shape: torch.Size([24, 1724, 257, 1, 4])
mixture_phase shape: torch.Size([24, 257, 1723])
target_phase shape after adjust: torch.Size([24, 1723, 257, 1, 4])
mix_phase shape after adjust: torch.Size([24, 1723, 257, 1, 1])
estimate shape: torch.Size([24, 1724, 257, 1, 4])
target shape: torch.Size([24, 1724, 257, 1, 4])
mixture_phase shape: torch.Size([24, 257, 1723])
target_phase shape after adjust: torch.Size([24, 1723, 257, 1, 4])
mix_phase shape after adjust: torch.Size([24, 1723, 257, 1, 1])
estimate shape: torch.Size([24, 1724, 257, 1, 4])
target shape: torch.Size([24, 1724, 257, 1, 4])
mixture_phase shape: torch.Size([24, 257, 1723])
target_phase shape after adjust: torch.Size([24, 1723, 257, 1, 4])
mix_phase shape after adjust: torch.Size([24, 1723, 257, 1, 1])
estimate shape: torch.Size([24, 1724, 257, 1, 4])
target shape: torch.Size([24, 1724, 257, 1, 4])
mixture_phase shape: torch.Size([24, 257, 1723])
target_phase shape after adjust: torch.Size([24, 1723, 257, 1, 4])
mix_phase shape after adjust: torch.Size([24, 1723, 257, 1, 1])
estimate shape: torch.Size([8, 1724, 257, 1, 4])
target shape: torch.Size([8, 1724, 257, 1, 4])
mixture_phase shape: torch.Size([8, 257, 1723])
target_phase shape after adjust: torch.Size([8, 1723, 257, 1, 4])
mix_phase shape after adjust: torch.Size([8, 1723, 257, 1, 1])
[Validator] Epoch 60 - val_loss: 0.000013
[BEST CHECKPOINT] Guardado/actualizado en: checkpoints\Mis_modelos\lpsa_phase checkpoints\4stems\best_checkpoint_60_val_loss=-0.0000.pt
03/31/2026 05:57:33 PM | engine.py:1037 Engine run finished. Time taken: 00:00:25.695
[Epoch 60] train_loss=0.000011 | val_loss=0.000013
03/31/2026 05:57:33 PM | engine.py:1010 Epoch[60] Complete. Time taken: 00:00:47.838
03/31/2026 05:57:56 PM | engine.py:906 Engine run starting with max_epochs=1.
03/31/2026 05:58:22 PM | engine.py:1010 Epoch[1] Complete. Time taken: 00:00:25.783
estimate shape: torch.Size([24, 1724, 257, 1, 4])
target shape: torch.Size([24, 1724, 257, 1, 4])
mixture_phase shape: torch.Size([24, 257, 1723])
target_phase shape after adjust: torch.Size([24, 1723, 257, 1, 4])
mix_phase shape after adjust: torch.Size([24, 1723, 257, 1, 1])
estimate shape: torch.Size([24, 1724, 257, 1, 4])
target shape: torch.Size([24, 1724, 257, 1, 4])
mixture_phase shape: torch.Size([24, 257, 1723])
target_phase shape after adjust: torch.Size([24, 1723, 257, 1, 4])
mix_phase shape after adjust: torch.Size([24, 1723, 257, 1, 1])
estimate shape: torch.Size([24, 1724, 257, 1, 4])
target shape: torch.Size([24, 1724, 257, 1, 4])
mixture_phase shape: torch.Size([24, 257, 1723])
target_phase shape after adjust: torch.Size([24, 1723, 257, 1, 4])
mix_phase shape after adjust: torch.Size([24, 1723, 257, 1, 1])
estimate shape: torch.Size([24, 1724, 257, 1, 4])
target shape: torch.Size([24, 1724, 257, 1, 4])
mixture_phase shape: torch.Size([24, 257, 1723])
target_phase shape after adjust: torch.Size([24, 1723, 257, 1, 4])
mix_phase shape after adjust: torch.Size([24, 1723, 257, 1, 1])
estimate shape: torch.Size([24, 1724, 257, 1, 4])
target shape: torch.Size([24, 1724, 257, 1, 4])
mixture_phase shape: torch.Size([24, 257, 1723])
target_phase shape after adjust: torch.Size([24, 1723, 257, 1, 4])
mix_phase shape after adjust: torch.Size([24, 1723, 257, 1, 1])
estimate shape: torch.Size([24, 1724, 257, 1, 4])
target shape: torch.Size([24, 1724, 257, 1, 4])
mixture_phase shape: torch.Size([24, 257, 1723])
target_phase shape after adjust: torch.Size([24, 1723, 257, 1, 4])
mix_phase shape after adjust: torch.Size([24, 1723, 257, 1, 1])
estimate shape: torch.Size([24, 1724, 257, 1, 4])
target shape: torch.Size([24, 1724, 257, 1, 4])
mixture_phase shape: torch.Size([24, 257, 1723])
target_phase shape after adjust: torch.Size([24, 1723, 257, 1, 4])
mix_phase shape after adjust: torch.Size([24, 1723, 257, 1, 1])
estimate shape: torch.Size([24, 1724, 257, 1, 4])
target shape: torch.Size([24, 1724, 257, 1, 4])
mixture_phase shape: torch.Size([24, 257, 1723])
target_phase shape after adjust: torch.Size([24, 1723, 257, 1, 4])
mix_phase shape after adjust: torch.Size([24, 1723, 257, 1, 1])
estimate shape: torch.Size([24, 1724, 257, 1, 4])
target shape: torch.Size([24, 1724, 257, 1, 4])
mixture_phase shape: torch.Size([24, 257, 1723])
target_phase shape after adjust: torch.Size([24, 1723, 257, 1, 4])
mix_phase shape after adjust: torch.Size([24, 1723, 257, 1, 1])
estimate shape: torch.Size([24, 1724, 257, 1, 4])
target shape: torch.Size([24, 1724, 257, 1, 4])
mixture_phase shape: torch.Size([24, 257, 1723])
target_phase shape after adjust: torch.Size([24, 1723, 257, 1, 4])
mix_phase shape after adjust: torch.Size([24, 1723, 257, 1, 1])
estimate shape: torch.Size([24, 1724, 257, 1, 4])
target shape: torch.Size([24, 1724, 257, 1, 4])
mixture_phase shape: torch.Size([24, 257, 1723])
target_phase shape after adjust: torch.Size([24, 1723, 257, 1, 4])
mix_phase shape after adjust: torch.Size([24, 1723, 257, 1, 1])
estimate shape: torch.Size([24, 1724, 257, 1, 4])
target shape: torch.Size([24, 1724, 257, 1, 4])
mixture_phase shape: torch.Size([24, 257, 1723])
target_phase shape after adjust: torch.Size([24, 1723, 257, 1, 4])
mix_phase shape after adjust: torch.Size([24, 1723, 257, 1, 1])
estimate shape: torch.Size([24, 1724, 257, 1, 4])
target shape: torch.Size([24, 1724, 257, 1, 4])
mixture_phase shape: torch.Size([24, 257, 1723])
target_phase shape after adjust: torch.Size([24, 1723, 257, 1, 4])
mix_phase shape after adjust: torch.Size([24, 1723, 257, 1, 1])
estimate shape: torch.Size([24, 1724, 257, 1, 4])
target shape: torch.Size([24, 1724, 257, 1, 4])
mixture_phase shape: torch.Size([24, 257, 1723])
target_phase shape after adjust: torch.Size([24, 1723, 257, 1, 4])
mix_phase shape after adjust: torch.Size([24, 1723, 257, 1, 1])
estimate shape: torch.Size([24, 1724, 257, 1, 4])
target shape: torch.Size([24, 1724, 257, 1, 4])
mixture_phase shape: torch.Size([24, 257, 1723])
target_phase shape after adjust: torch.Size([24, 1723, 257, 1, 4])
mix_phase shape after adjust: torch.Size([24, 1723, 257, 1, 1])
estimate shape: torch.Size([24, 1724, 257, 1, 4])
target shape: torch.Size([24, 1724, 257, 1, 4])
mixture_phase shape: torch.Size([24, 257, 1723])
target_phase shape after adjust: torch.Size([24, 1723, 257, 1, 4])
mix_phase shape after adjust: torch.Size([24, 1723, 257, 1, 1])
estimate shape: torch.Size([24, 1724, 257, 1, 4])
target shape: torch.Size([24, 1724, 257, 1, 4])
mixture_phase shape: torch.Size([24, 257, 1723])
target_phase shape after adjust: torch.Size([24, 1723, 257, 1, 4])
mix_phase shape after adjust: torch.Size([24, 1723, 257, 1, 1])
estimate shape: torch.Size([24, 1724, 257, 1, 4])
target shape: torch.Size([24, 1724, 257, 1, 4])
mixture_phase shape: torch.Size([24, 257, 1723])
target_phase shape after adjust: torch.Size([24, 1723, 257, 1, 4])
mix_phase shape after adjust: torch.Size([24, 1723, 257, 1, 1])
estimate shape: torch.Size([8, 1724, 257, 1, 4])
target shape: torch.Size([8, 1724, 257, 1, 4])
mixture_phase shape: torch.Size([8, 257, 1723])
target_phase shape after adjust: torch.Size([8, 1723, 257, 1, 4])
mix_phase shape after adjust: torch.Size([8, 1723, 257, 1, 1])
[Validator] Epoch 61 - val_loss: 0.000012
[BEST CHECKPOINT] Guardado/actualizado en: checkpoints\Mis_modelos\lpsa_phase checkpoints\4stems\best_checkpoint_61_val_loss=-0.0000.pt
03/31/2026 05:58:22 PM | engine.py:1037 Engine run finished. Time taken: 00:00:25.796
[Epoch 61] train_loss=0.000011 | val_loss=0.000012
03/31/2026 05:58:22 PM | engine.py:1010 Epoch[61] Complete. Time taken: 00:00:48.618
03/31/2026 05:58:45 PM | engine.py:906 Engine run starting with max_epochs=1.
03/31/2026 05:59:11 PM | engine.py:1010 Epoch[1] Complete. Time taken: 00:00:26.198
estimate shape: torch.Size([24, 1724, 257, 1, 4])
target shape: torch.Size([24, 1724, 257, 1, 4])
mixture_phase shape: torch.Size([24, 257, 1723])
target_phase shape after adjust: torch.Size([24, 1723, 257, 1, 4])
mix_phase shape after adjust: torch.Size([24, 1723, 257, 1, 1])
estimate shape: torch.Size([24, 1724, 257, 1, 4])
target shape: torch.Size([24, 1724, 257, 1, 4])
mixture_phase shape: torch.Size([24, 257, 1723])
target_phase shape after adjust: torch.Size([24, 1723, 257, 1, 4])
mix_phase shape after adjust: torch.Size([24, 1723, 257, 1, 1])
estimate shape: torch.Size([24, 1724, 257, 1, 4])
target shape: torch.Size([24, 1724, 257, 1, 4])
mixture_phase shape: torch.Size([24, 257, 1723])
target_phase shape after adjust: torch.Size([24, 1723, 257, 1, 4])
mix_phase shape after adjust: torch.Size([24, 1723, 257, 1, 1])
estimate shape: torch.Size([24, 1724, 257, 1, 4])
target shape: torch.Size([24, 1724, 257, 1, 4])
mixture_phase shape: torch.Size([24, 257, 1723])
target_phase shape after adjust: torch.Size([24, 1723, 257, 1, 4])
mix_phase shape after adjust: torch.Size([24, 1723, 257, 1, 1])
estimate shape: torch.Size([24, 1724, 257, 1, 4])
target shape: torch.Size([24, 1724, 257, 1, 4])
mixture_phase shape: torch.Size([24, 257, 1723])
target_phase shape after adjust: torch.Size([24, 1723, 257, 1, 4])
mix_phase shape after adjust: torch.Size([24, 1723, 257, 1, 1])
estimate shape: torch.Size([24, 1724, 257, 1, 4])
target shape: torch.Size([24, 1724, 257, 1, 4])
mixture_phase shape: torch.Size([24, 257, 1723])
target_phase shape after adjust: torch.Size([24, 1723, 257, 1, 4])
mix_phase shape after adjust: torch.Size([24, 1723, 257, 1, 1])
estimate shape: torch.Size([24, 1724, 257, 1, 4])
target shape: torch.Size([24, 1724, 257, 1, 4])
mixture_phase shape: torch.Size([24, 257, 1723])
target_phase shape after adjust: torch.Size([24, 1723, 257, 1, 4])
mix_phase shape after adjust: torch.Size([24, 1723, 257, 1, 1])
estimate shape: torch.Size([24, 1724, 257, 1, 4])
target shape: torch.Size([24, 1724, 257, 1, 4])
mixture_phase shape: torch.Size([24, 257, 1723])
target_phase shape after adjust: torch.Size([24, 1723, 257, 1, 4])
mix_phase shape after adjust: torch.Size([24, 1723, 257, 1, 1])
estimate shape: torch.Size([24, 1724, 257, 1, 4])
target shape: torch.Size([24, 1724, 257, 1, 4])
mixture_phase shape: torch.Size([24, 257, 1723])
target_phase shape after adjust: torch.Size([24, 1723, 257, 1, 4])
mix_phase shape after adjust: torch.Size([24, 1723, 257, 1, 1])
estimate shape: torch.Size([24, 1724, 257, 1, 4])
target shape: torch.Size([24, 1724, 257, 1, 4])
mixture_phase shape: torch.Size([24, 257, 1723])
target_phase shape after adjust: torch.Size([24, 1723, 257, 1, 4])
mix_phase shape after adjust: torch.Size([24, 1723, 257, 1, 1])
estimate shape: torch.Size([24, 1724, 257, 1, 4])
target shape: torch.Size([24, 1724, 257, 1, 4])
mixture_phase shape: torch.Size([24, 257, 1723])
target_phase shape after adjust: torch.Size([24, 1723, 257, 1, 4])
mix_phase shape after adjust: torch.Size([24, 1723, 257, 1, 1])
estimate shape: torch.Size([24, 1724, 257, 1, 4])
target shape: torch.Size([24, 1724, 257, 1, 4])
mixture_phase shape: torch.Size([24, 257, 1723])
target_phase shape after adjust: torch.Size([24, 1723, 257, 1, 4])
mix_phase shape after adjust: torch.Size([24, 1723, 257, 1, 1])
estimate shape: torch.Size([24, 1724, 257, 1, 4])
target shape: torch.Size([24, 1724, 257, 1, 4])
mixture_phase shape: torch.Size([24, 257, 1723])
target_phase shape after adjust: torch.Size([24, 1723, 257, 1, 4])
mix_phase shape after adjust: torch.Size([24, 1723, 257, 1, 1])
estimate shape: torch.Size([24, 1724, 257, 1, 4])
target shape: torch.Size([24, 1724, 257, 1, 4])
mixture_phase shape: torch.Size([24, 257, 1723])
target_phase shape after adjust: torch.Size([24, 1723, 257, 1, 4])
mix_phase shape after adjust: torch.Size([24, 1723, 257, 1, 1])
estimate shape: torch.Size([24, 1724, 257, 1, 4])
target shape: torch.Size([24, 1724, 257, 1, 4])
mixture_phase shape: torch.Size([24, 257, 1723])
target_phase shape after adjust: torch.Size([24, 1723, 257, 1, 4])
mix_phase shape after adjust: torch.Size([24, 1723, 257, 1, 1])
estimate shape: torch.Size([24, 1724, 257, 1, 4])
target shape: torch.Size([24, 1724, 257, 1, 4])
mixture_phase shape: torch.Size([24, 257, 1723])
target_phase shape after adjust: torch.Size([24, 1723, 257, 1, 4])
mix_phase shape after adjust: torch.Size([24, 1723, 257, 1, 1])
estimate shape: torch.Size([24, 1724, 257, 1, 4])
target shape: torch.Size([24, 1724, 257, 1, 4])
mixture_phase shape: torch.Size([24, 257, 1723])
target_phase shape after adjust: torch.Size([24, 1723, 257, 1, 4])
mix_phase shape after adjust: torch.Size([24, 1723, 257, 1, 1])
estimate shape: torch.Size([24, 1724, 257, 1, 4])
target shape: torch.Size([24, 1724, 257, 1, 4])
mixture_phase shape: torch.Size([24, 257, 1723])
target_phase shape after adjust: torch.Size([24, 1723, 257, 1, 4])
mix_phase shape after adjust: torch.Size([24, 1723, 257, 1, 1])
estimate shape: torch.Size([8, 1724, 257, 1, 4])
target shape: torch.Size([8, 1724, 257, 1, 4])
mixture_phase shape: torch.Size([8, 257, 1723])
target_phase shape after adjust: torch.Size([8, 1723, 257, 1, 4])
mix_phase shape after adjust: torch.Size([8, 1723, 257, 1, 1])
[Validator] Epoch 62 - val_loss: 0.000012
[BEST CHECKPOINT] Guardado/actualizado en: checkpoints\Mis_modelos\lpsa_phase checkpoints\4stems\best_checkpoint_62_val_loss=-0.0000.pt
03/31/2026 05:59:11 PM | engine.py:1037 Engine run finished. Time taken: 00:00:26.209
[Epoch 62] train_loss=0.000012 | val_loss=0.000012
03/31/2026 05:59:11 PM | engine.py:1010 Epoch[62] Complete. Time taken: 00:00:48.698
03/31/2026 05:59:33 PM | engine.py:906 Engine run starting with max_epochs=1.
03/31/2026 05:59:59 PM | engine.py:1010 Epoch[1] Complete. Time taken: 00:00:26.230
estimate shape: torch.Size([24, 1724, 257, 1, 4])
target shape: torch.Size([24, 1724, 257, 1, 4])
mixture_phase shape: torch.Size([24, 257, 1723])
target_phase shape after adjust: torch.Size([24, 1723, 257, 1, 4])
mix_phase shape after adjust: torch.Size([24, 1723, 257, 1, 1])
estimate shape: torch.Size([24, 1724, 257, 1, 4])
target shape: torch.Size([24, 1724, 257, 1, 4])
mixture_phase shape: torch.Size([24, 257, 1723])
target_phase shape after adjust: torch.Size([24, 1723, 257, 1, 4])
mix_phase shape after adjust: torch.Size([24, 1723, 257, 1, 1])
estimate shape: torch.Size([24, 1724, 257, 1, 4])
target shape: torch.Size([24, 1724, 257, 1, 4])
mixture_phase shape: torch.Size([24, 257, 1723])
target_phase shape after adjust: torch.Size([24, 1723, 257, 1, 4])
mix_phase shape after adjust: torch.Size([24, 1723, 257, 1, 1])
estimate shape: torch.Size([24, 1724, 257, 1, 4])
target shape: torch.Size([24, 1724, 257, 1, 4])
mixture_phase shape: torch.Size([24, 257, 1723])
target_phase shape after adjust: torch.Size([24, 1723, 257, 1, 4])
mix_phase shape after adjust: torch.Size([24, 1723, 257, 1, 1])
estimate shape: torch.Size([24, 1724, 257, 1, 4])
target shape: torch.Size([24, 1724, 257, 1, 4])
mixture_phase shape: torch.Size([24, 257, 1723])
target_phase shape after adjust: torch.Size([24, 1723, 257, 1, 4])
mix_phase shape after adjust: torch.Size([24, 1723, 257, 1, 1])
estimate shape: torch.Size([24, 1724, 257, 1, 4])
target shape: torch.Size([24, 1724, 257, 1, 4])
mixture_phase shape: torch.Size([24, 257, 1723])
target_phase shape after adjust: torch.Size([24, 1723, 257, 1, 4])
mix_phase shape after adjust: torch.Size([24, 1723, 257, 1, 1])
estimate shape: torch.Size([24, 1724, 257, 1, 4])
target shape: torch.Size([24, 1724, 257, 1, 4])
mixture_phase shape: torch.Size([24, 257, 1723])
target_phase shape after adjust: torch.Size([24, 1723, 257, 1, 4])
mix_phase shape after adjust: torch.Size([24, 1723, 257, 1, 1])
estimate shape: torch.Size([24, 1724, 257, 1, 4])
target shape: torch.Size([24, 1724, 257, 1, 4])
mixture_phase shape: torch.Size([24, 257, 1723])
target_phase shape after adjust: torch.Size([24, 1723, 257, 1, 4])
mix_phase shape after adjust: torch.Size([24, 1723, 257, 1, 1])
estimate shape: torch.Size([24, 1724, 257, 1, 4])
target shape: torch.Size([24, 1724, 257, 1, 4])
mixture_phase shape: torch.Size([24, 257, 1723])
target_phase shape after adjust: torch.Size([24, 1723, 257, 1, 4])
mix_phase shape after adjust: torch.Size([24, 1723, 257, 1, 1])
estimate shape: torch.Size([24, 1724, 257, 1, 4])
target shape: torch.Size([24, 1724, 257, 1, 4])
mixture_phase shape: torch.Size([24, 257, 1723])
target_phase shape after adjust: torch.Size([24, 1723, 257, 1, 4])
mix_phase shape after adjust: torch.Size([24, 1723, 257, 1, 1])
estimate shape: torch.Size([24, 1724, 257, 1, 4])
target shape: torch.Size([24, 1724, 257, 1, 4])
mixture_phase shape: torch.Size([24, 257, 1723])
target_phase shape after adjust: torch.Size([24, 1723, 257, 1, 4])
mix_phase shape after adjust: torch.Size([24, 1723, 257, 1, 1])
estimate shape: torch.Size([24, 1724, 257, 1, 4])
target shape: torch.Size([24, 1724, 257, 1, 4])
mixture_phase shape: torch.Size([24, 257, 1723])
target_phase shape after adjust: torch.Size([24, 1723, 257, 1, 4])
mix_phase shape after adjust: torch.Size([24, 1723, 257, 1, 1])
estimate shape: torch.Size([24, 1724, 257, 1, 4])
target shape: torch.Size([24, 1724, 257, 1, 4])
mixture_phase shape: torch.Size([24, 257, 1723])
target_phase shape after adjust: torch.Size([24, 1723, 257, 1, 4])
mix_phase shape after adjust: torch.Size([24, 1723, 257, 1, 1])
estimate shape: torch.Size([24, 1724, 257, 1, 4])
target shape: torch.Size([24, 1724, 257, 1, 4])
mixture_phase shape: torch.Size([24, 257, 1723])
target_phase shape after adjust: torch.Size([24, 1723, 257, 1, 4])
mix_phase shape after adjust: torch.Size([24, 1723, 257, 1, 1])
estimate shape: torch.Size([24, 1724, 257, 1, 4])
target shape: torch.Size([24, 1724, 257, 1, 4])
mixture_phase shape: torch.Size([24, 257, 1723])
target_phase shape after adjust: torch.Size([24, 1723, 257, 1, 4])
mix_phase shape after adjust: torch.Size([24, 1723, 257, 1, 1])
estimate shape: torch.Size([24, 1724, 257, 1, 4])
target shape: torch.Size([24, 1724, 257, 1, 4])
mixture_phase shape: torch.Size([24, 257, 1723])
target_phase shape after adjust: torch.Size([24, 1723, 257, 1, 4])
mix_phase shape after adjust: torch.Size([24, 1723, 257, 1, 1])
estimate shape: torch.Size([24, 1724, 257, 1, 4])
target shape: torch.Size([24, 1724, 257, 1, 4])
mixture_phase shape: torch.Size([24, 257, 1723])
target_phase shape after adjust: torch.Size([24, 1723, 257, 1, 4])
mix_phase shape after adjust: torch.Size([24, 1723, 257, 1, 1])
estimate shape: torch.Size([24, 1724, 257, 1, 4])
target shape: torch.Size([24, 1724, 257, 1, 4])
mixture_phase shape: torch.Size([24, 257, 1723])
target_phase shape after adjust: torch.Size([24, 1723, 257, 1, 4])
mix_phase shape after adjust: torch.Size([24, 1723, 257, 1, 1])
estimate shape: torch.Size([8, 1724, 257, 1, 4])
target shape: torch.Size([8, 1724, 257, 1, 4])
mixture_phase shape: torch.Size([8, 257, 1723])
target_phase shape after adjust: torch.Size([8, 1723, 257, 1, 4])
mix_phase shape after adjust: torch.Size([8, 1723, 257, 1, 1])
[Validator] Epoch 63 - val_loss: 0.000012
[BEST CHECKPOINT] Guardado/actualizado en: checkpoints\Mis_modelos\lpsa_phase checkpoints\4stems\best_checkpoint_63_val_loss=-0.0000.pt
03/31/2026 05:59:59 PM | engine.py:1037 Engine run finished. Time taken: 00:00:26.240
[Epoch 63] train_loss=0.000011 | val_loss=0.000012
03/31/2026 05:59:59 PM | engine.py:1010 Epoch[63] Complete. Time taken: 00:00:48.192
03/31/2026 06:00:21 PM | engine.py:906 Engine run starting with max_epochs=1.
03/31/2026 06:00:48 PM | engine.py:1010 Epoch[1] Complete. Time taken: 00:00:26.390
estimate shape: torch.Size([24, 1724, 257, 1, 4])
target shape: torch.Size([24, 1724, 257, 1, 4])
mixture_phase shape: torch.Size([24, 257, 1723])
target_phase shape after adjust: torch.Size([24, 1723, 257, 1, 4])
mix_phase shape after adjust: torch.Size([24, 1723, 257, 1, 1])
estimate shape: torch.Size([24, 1724, 257, 1, 4])
target shape: torch.Size([24, 1724, 257, 1, 4])
mixture_phase shape: torch.Size([24, 257, 1723])
target_phase shape after adjust: torch.Size([24, 1723, 257, 1, 4])
mix_phase shape after adjust: torch.Size([24, 1723, 257, 1, 1])
estimate shape: torch.Size([24, 1724, 257, 1, 4])
target shape: torch.Size([24, 1724, 257, 1, 4])
mixture_phase shape: torch.Size([24, 257, 1723])
target_phase shape after adjust: torch.Size([24, 1723, 257, 1, 4])
mix_phase shape after adjust: torch.Size([24, 1723, 257, 1, 1])
estimate shape: torch.Size([24, 1724, 257, 1, 4])
target shape: torch.Size([24, 1724, 257, 1, 4])
mixture_phase shape: torch.Size([24, 257, 1723])
target_phase shape after adjust: torch.Size([24, 1723, 257, 1, 4])
mix_phase shape after adjust: torch.Size([24, 1723, 257, 1, 1])
estimate shape: torch.Size([24, 1724, 257, 1, 4])
target shape: torch.Size([24, 1724, 257, 1, 4])
mixture_phase shape: torch.Size([24, 257, 1723])
target_phase shape after adjust: torch.Size([24, 1723, 257, 1, 4])
mix_phase shape after adjust: torch.Size([24, 1723, 257, 1, 1])
estimate shape: torch.Size([24, 1724, 257, 1, 4])
target shape: torch.Size([24, 1724, 257, 1, 4])
mixture_phase shape: torch.Size([24, 257, 1723])
target_phase shape after adjust: torch.Size([24, 1723, 257, 1, 4])
mix_phase shape after adjust: torch.Size([24, 1723, 257, 1, 1])
estimate shape: torch.Size([24, 1724, 257, 1, 4])
target shape: torch.Size([24, 1724, 257, 1, 4])
mixture_phase shape: torch.Size([24, 257, 1723])
target_phase shape after adjust: torch.Size([24, 1723, 257, 1, 4])
mix_phase shape after adjust: torch.Size([24, 1723, 257, 1, 1])
estimate shape: torch.Size([24, 1724, 257, 1, 4])
target shape: torch.Size([24, 1724, 257, 1, 4])
mixture_phase shape: torch.Size([24, 257, 1723])
target_phase shape after adjust: torch.Size([24, 1723, 257, 1, 4])
mix_phase shape after adjust: torch.Size([24, 1723, 257, 1, 1])
estimate shape: torch.Size([24, 1724, 257, 1, 4])
target shape: torch.Size([24, 1724, 257, 1, 4])
mixture_phase shape: torch.Size([24, 257, 1723])
target_phase shape after adjust: torch.Size([24, 1723, 257, 1, 4])
mix_phase shape after adjust: torch.Size([24, 1723, 257, 1, 1])
estimate shape: torch.Size([24, 1724, 257, 1, 4])
target shape: torch.Size([24, 1724, 257, 1, 4])
mixture_phase shape: torch.Size([24, 257, 1723])
target_phase shape after adjust: torch.Size([24, 1723, 257, 1, 4])
mix_phase shape after adjust: torch.Size([24, 1723, 257, 1, 1])
estimate shape: torch.Size([24, 1724, 257, 1, 4])
target shape: torch.Size([24, 1724, 257, 1, 4])
mixture_phase shape: torch.Size([24, 257, 1723])
target_phase shape after adjust: torch.Size([24, 1723, 257, 1, 4])
mix_phase shape after adjust: torch.Size([24, 1723, 257, 1, 1])
estimate shape: torch.Size([24, 1724, 257, 1, 4])
target shape: torch.Size([24, 1724, 257, 1, 4])
mixture_phase shape: torch.Size([24, 257, 1723])
target_phase shape after adjust: torch.Size([24, 1723, 257, 1, 4])
mix_phase shape after adjust: torch.Size([24, 1723, 257, 1, 1])
estimate shape: torch.Size([24, 1724, 257, 1, 4])
target shape: torch.Size([24, 1724, 257, 1, 4])
mixture_phase shape: torch.Size([24, 257, 1723])
target_phase shape after adjust: torch.Size([24, 1723, 257, 1, 4])
mix_phase shape after adjust: torch.Size([24, 1723, 257, 1, 1])
estimate shape: torch.Size([24, 1724, 257, 1, 4])
target shape: torch.Size([24, 1724, 257, 1, 4])
mixture_phase shape: torch.Size([24, 257, 1723])
target_phase shape after adjust: torch.Size([24, 1723, 257, 1, 4])
mix_phase shape after adjust: torch.Size([24, 1723, 257, 1, 1])
estimate shape: torch.Size([24, 1724, 257, 1, 4])
target shape: torch.Size([24, 1724, 257, 1, 4])
mixture_phase shape: torch.Size([24, 257, 1723])
target_phase shape after adjust: torch.Size([24, 1723, 257, 1, 4])
mix_phase shape after adjust: torch.Size([24, 1723, 257, 1, 1])
estimate shape: torch.Size([24, 1724, 257, 1, 4])
target shape: torch.Size([24, 1724, 257, 1, 4])
mixture_phase shape: torch.Size([24, 257, 1723])
target_phase shape after adjust: torch.Size([24, 1723, 257, 1, 4])
mix_phase shape after adjust: torch.Size([24, 1723, 257, 1, 1])
estimate shape: torch.Size([24, 1724, 257, 1, 4])
target shape: torch.Size([24, 1724, 257, 1, 4])
mixture_phase shape: torch.Size([24, 257, 1723])
target_phase shape after adjust: torch.Size([24, 1723, 257, 1, 4])
mix_phase shape after adjust: torch.Size([24, 1723, 257, 1, 1])
estimate shape: torch.Size([24, 1724, 257, 1, 4])
target shape: torch.Size([24, 1724, 257, 1, 4])
mixture_phase shape: torch.Size([24, 257, 1723])
target_phase shape after adjust: torch.Size([24, 1723, 257, 1, 4])
mix_phase shape after adjust: torch.Size([24, 1723, 257, 1, 1])
estimate shape: torch.Size([8, 1724, 257, 1, 4])
target shape: torch.Size([8, 1724, 257, 1, 4])
mixture_phase shape: torch.Size([8, 257, 1723])
target_phase shape after adjust: torch.Size([8, 1723, 257, 1, 4])
mix_phase shape after adjust: torch.Size([8, 1723, 257, 1, 1])
[Validator] Epoch 64 - val_loss: 0.000012
[BEST CHECKPOINT] Guardado/actualizado en: checkpoints\Mis_modelos\lpsa_phase checkpoints\4stems\best_checkpoint_64_val_loss=-0.0000.pt
03/31/2026 06:00:48 PM | engine.py:1037 Engine run finished. Time taken: 00:00:26.401
[Epoch 64] train_loss=0.000011 | val_loss=0.000012
03/31/2026 06:00:48 PM | engine.py:1010 Epoch[64] Complete. Time taken: 00:00:48.854
03/31/2026 06:01:10 PM | engine.py:906 Engine run starting with max_epochs=1.
03/31/2026 06:01:37 PM | engine.py:1010 Epoch[1] Complete. Time taken: 00:00:26.961
estimate shape: torch.Size([24, 1724, 257, 1, 4])
target shape: torch.Size([24, 1724, 257, 1, 4])
mixture_phase shape: torch.Size([24, 257, 1723])
target_phase shape after adjust: torch.Size([24, 1723, 257, 1, 4])
mix_phase shape after adjust: torch.Size([24, 1723, 257, 1, 1])
estimate shape: torch.Size([24, 1724, 257, 1, 4])
target shape: torch.Size([24, 1724, 257, 1, 4])
mixture_phase shape: torch.Size([24, 257, 1723])
target_phase shape after adjust: torch.Size([24, 1723, 257, 1, 4])
mix_phase shape after adjust: torch.Size([24, 1723, 257, 1, 1])
estimate shape: torch.Size([24, 1724, 257, 1, 4])
target shape: torch.Size([24, 1724, 257, 1, 4])
mixture_phase shape: torch.Size([24, 257, 1723])
target_phase shape after adjust: torch.Size([24, 1723, 257, 1, 4])
mix_phase shape after adjust: torch.Size([24, 1723, 257, 1, 1])
estimate shape: torch.Size([24, 1724, 257, 1, 4])
target shape: torch.Size([24, 1724, 257, 1, 4])
mixture_phase shape: torch.Size([24, 257, 1723])
target_phase shape after adjust: torch.Size([24, 1723, 257, 1, 4])
mix_phase shape after adjust: torch.Size([24, 1723, 257, 1, 1])
estimate shape: torch.Size([24, 1724, 257, 1, 4])
target shape: torch.Size([24, 1724, 257, 1, 4])
mixture_phase shape: torch.Size([24, 257, 1723])
target_phase shape after adjust: torch.Size([24, 1723, 257, 1, 4])
mix_phase shape after adjust: torch.Size([24, 1723, 257, 1, 1])
estimate shape: torch.Size([24, 1724, 257, 1, 4])
target shape: torch.Size([24, 1724, 257, 1, 4])
mixture_phase shape: torch.Size([24, 257, 1723])
target_phase shape after adjust: torch.Size([24, 1723, 257, 1, 4])
mix_phase shape after adjust: torch.Size([24, 1723, 257, 1, 1])
estimate shape: torch.Size([24, 1724, 257, 1, 4])
target shape: torch.Size([24, 1724, 257, 1, 4])
mixture_phase shape: torch.Size([24, 257, 1723])
target_phase shape after adjust: torch.Size([24, 1723, 257, 1, 4])
mix_phase shape after adjust: torch.Size([24, 1723, 257, 1, 1])
estimate shape: torch.Size([24, 1724, 257, 1, 4])
target shape: torch.Size([24, 1724, 257, 1, 4])
mixture_phase shape: torch.Size([24, 257, 1723])
target_phase shape after adjust: torch.Size([24, 1723, 257, 1, 4])
mix_phase shape after adjust: torch.Size([24, 1723, 257, 1, 1])
estimate shape: torch.Size([24, 1724, 257, 1, 4])
target shape: torch.Size([24, 1724, 257, 1, 4])
mixture_phase shape: torch.Size([24, 257, 1723])
target_phase shape after adjust: torch.Size([24, 1723, 257, 1, 4])
mix_phase shape after adjust: torch.Size([24, 1723, 257, 1, 1])
estimate shape: torch.Size([24, 1724, 257, 1, 4])
target shape: torch.Size([24, 1724, 257, 1, 4])
mixture_phase shape: torch.Size([24, 257, 1723])
target_phase shape after adjust: torch.Size([24, 1723, 257, 1, 4])
mix_phase shape after adjust: torch.Size([24, 1723, 257, 1, 1])
estimate shape: torch.Size([24, 1724, 257, 1, 4])
target shape: torch.Size([24, 1724, 257, 1, 4])
mixture_phase shape: torch.Size([24, 257, 1723])
target_phase shape after adjust: torch.Size([24, 1723, 257, 1, 4])
mix_phase shape after adjust: torch.Size([24, 1723, 257, 1, 1])
estimate shape: torch.Size([24, 1724, 257, 1, 4])
target shape: torch.Size([24, 1724, 257, 1, 4])
mixture_phase shape: torch.Size([24, 257, 1723])
target_phase shape after adjust: torch.Size([24, 1723, 257, 1, 4])
mix_phase shape after adjust: torch.Size([24, 1723, 257, 1, 1])
estimate shape: torch.Size([24, 1724, 257, 1, 4])
target shape: torch.Size([24, 1724, 257, 1, 4])
mixture_phase shape: torch.Size([24, 257, 1723])
target_phase shape after adjust: torch.Size([24, 1723, 257, 1, 4])
mix_phase shape after adjust: torch.Size([24, 1723, 257, 1, 1])
estimate shape: torch.Size([24, 1724, 257, 1, 4])
target shape: torch.Size([24, 1724, 257, 1, 4])
mixture_phase shape: torch.Size([24, 257, 1723])
target_phase shape after adjust: torch.Size([24, 1723, 257, 1, 4])
mix_phase shape after adjust: torch.Size([24, 1723, 257, 1, 1])
estimate shape: torch.Size([24, 1724, 257, 1, 4])
target shape: torch.Size([24, 1724, 257, 1, 4])
mixture_phase shape: torch.Size([24, 257, 1723])
target_phase shape after adjust: torch.Size([24, 1723, 257, 1, 4])
mix_phase shape after adjust: torch.Size([24, 1723, 257, 1, 1])
estimate shape: torch.Size([24, 1724, 257, 1, 4])
target shape: torch.Size([24, 1724, 257, 1, 4])
mixture_phase shape: torch.Size([24, 257, 1723])
target_phase shape after adjust: torch.Size([24, 1723, 257, 1, 4])
mix_phase shape after adjust: torch.Size([24, 1723, 257, 1, 1])
estimate shape: torch.Size([24, 1724, 257, 1, 4])
target shape: torch.Size([24, 1724, 257, 1, 4])
mixture_phase shape: torch.Size([24, 257, 1723])
target_phase shape after adjust: torch.Size([24, 1723, 257, 1, 4])
mix_phase shape after adjust: torch.Size([24, 1723, 257, 1, 1])
estimate shape: torch.Size([24, 1724, 257, 1, 4])
target shape: torch.Size([24, 1724, 257, 1, 4])
mixture_phase shape: torch.Size([24, 257, 1723])
target_phase shape after adjust: torch.Size([24, 1723, 257, 1, 4])
mix_phase shape after adjust: torch.Size([24, 1723, 257, 1, 1])
estimate shape: torch.Size([8, 1724, 257, 1, 4])
target shape: torch.Size([8, 1724, 257, 1, 4])
mixture_phase shape: torch.Size([8, 257, 1723])
target_phase shape after adjust: torch.Size([8, 1723, 257, 1, 4])
mix_phase shape after adjust: torch.Size([8, 1723, 257, 1, 1])
[Validator] Epoch 65 - val_loss: 0.000012
[BEST CHECKPOINT] Guardado/actualizado en: checkpoints\Mis_modelos\lpsa_phase checkpoints\4stems\best_checkpoint_65_val_loss=-0.0000.pt
03/31/2026 06:01:37 PM | engine.py:1037 Engine run finished. Time taken: 00:00:26.971
[Epoch 65] train_loss=0.000010 | val_loss=0.000012
03/31/2026 06:01:37 PM | engine.py:1010 Epoch[65] Complete. Time taken: 00:00:49.443
03/31/2026 06:02:00 PM | engine.py:906 Engine run starting with max_epochs=1.
03/31/2026 06:02:26 PM | engine.py:1010 Epoch[1] Complete. Time taken: 00:00:26.555
estimate shape: torch.Size([24, 1724, 257, 1, 4])
target shape: torch.Size([24, 1724, 257, 1, 4])
mixture_phase shape: torch.Size([24, 257, 1723])
target_phase shape after adjust: torch.Size([24, 1723, 257, 1, 4])
mix_phase shape after adjust: torch.Size([24, 1723, 257, 1, 1])
estimate shape: torch.Size([24, 1724, 257, 1, 4])
target shape: torch.Size([24, 1724, 257, 1, 4])
mixture_phase shape: torch.Size([24, 257, 1723])
target_phase shape after adjust: torch.Size([24, 1723, 257, 1, 4])
mix_phase shape after adjust: torch.Size([24, 1723, 257, 1, 1])
estimate shape: torch.Size([24, 1724, 257, 1, 4])
target shape: torch.Size([24, 1724, 257, 1, 4])
mixture_phase shape: torch.Size([24, 257, 1723])
target_phase shape after adjust: torch.Size([24, 1723, 257, 1, 4])
mix_phase shape after adjust: torch.Size([24, 1723, 257, 1, 1])
estimate shape: torch.Size([24, 1724, 257, 1, 4])
target shape: torch.Size([24, 1724, 257, 1, 4])
mixture_phase shape: torch.Size([24, 257, 1723])
target_phase shape after adjust: torch.Size([24, 1723, 257, 1, 4])
mix_phase shape after adjust: torch.Size([24, 1723, 257, 1, 1])
estimate shape: torch.Size([24, 1724, 257, 1, 4])
target shape: torch.Size([24, 1724, 257, 1, 4])
mixture_phase shape: torch.Size([24, 257, 1723])
target_phase shape after adjust: torch.Size([24, 1723, 257, 1, 4])
mix_phase shape after adjust: torch.Size([24, 1723, 257, 1, 1])
estimate shape: torch.Size([24, 1724, 257, 1, 4])
target shape: torch.Size([24, 1724, 257, 1, 4])
mixture_phase shape: torch.Size([24, 257, 1723])
target_phase shape after adjust: torch.Size([24, 1723, 257, 1, 4])
mix_phase shape after adjust: torch.Size([24, 1723, 257, 1, 1])
estimate shape: torch.Size([24, 1724, 257, 1, 4])
target shape: torch.Size([24, 1724, 257, 1, 4])
mixture_phase shape: torch.Size([24, 257, 1723])
target_phase shape after adjust: torch.Size([24, 1723, 257, 1, 4])
mix_phase shape after adjust: torch.Size([24, 1723, 257, 1, 1])
estimate shape: torch.Size([24, 1724, 257, 1, 4])
target shape: torch.Size([24, 1724, 257, 1, 4])
mixture_phase shape: torch.Size([24, 257, 1723])
target_phase shape after adjust: torch.Size([24, 1723, 257, 1, 4])
mix_phase shape after adjust: torch.Size([24, 1723, 257, 1, 1])
estimate shape: torch.Size([24, 1724, 257, 1, 4])
target shape: torch.Size([24, 1724, 257, 1, 4])
mixture_phase shape: torch.Size([24, 257, 1723])
target_phase shape after adjust: torch.Size([24, 1723, 257, 1, 4])
mix_phase shape after adjust: torch.Size([24, 1723, 257, 1, 1])
estimate shape: torch.Size([24, 1724, 257, 1, 4])
target shape: torch.Size([24, 1724, 257, 1, 4])
mixture_phase shape: torch.Size([24, 257, 1723])
target_phase shape after adjust: torch.Size([24, 1723, 257, 1, 4])
mix_phase shape after adjust: torch.Size([24, 1723, 257, 1, 1])
estimate shape: torch.Size([24, 1724, 257, 1, 4])
target shape: torch.Size([24, 1724, 257, 1, 4])
mixture_phase shape: torch.Size([24, 257, 1723])
target_phase shape after adjust: torch.Size([24, 1723, 257, 1, 4])
mix_phase shape after adjust: torch.Size([24, 1723, 257, 1, 1])
estimate shape: torch.Size([24, 1724, 257, 1, 4])
target shape: torch.Size([24, 1724, 257, 1, 4])
mixture_phase shape: torch.Size([24, 257, 1723])
target_phase shape after adjust: torch.Size([24, 1723, 257, 1, 4])
mix_phase shape after adjust: torch.Size([24, 1723, 257, 1, 1])
estimate shape: torch.Size([24, 1724, 257, 1, 4])
target shape: torch.Size([24, 1724, 257, 1, 4])
mixture_phase shape: torch.Size([24, 257, 1723])
target_phase shape after adjust: torch.Size([24, 1723, 257, 1, 4])
mix_phase shape after adjust: torch.Size([24, 1723, 257, 1, 1])
estimate shape: torch.Size([24, 1724, 257, 1, 4])
target shape: torch.Size([24, 1724, 257, 1, 4])
mixture_phase shape: torch.Size([24, 257, 1723])
target_phase shape after adjust: torch.Size([24, 1723, 257, 1, 4])
mix_phase shape after adjust: torch.Size([24, 1723, 257, 1, 1])
estimate shape: torch.Size([24, 1724, 257, 1, 4])
target shape: torch.Size([24, 1724, 257, 1, 4])
mixture_phase shape: torch.Size([24, 257, 1723])
target_phase shape after adjust: torch.Size([24, 1723, 257, 1, 4])
mix_phase shape after adjust: torch.Size([24, 1723, 257, 1, 1])
estimate shape: torch.Size([24, 1724, 257, 1, 4])
target shape: torch.Size([24, 1724, 257, 1, 4])
mixture_phase shape: torch.Size([24, 257, 1723])
target_phase shape after adjust: torch.Size([24, 1723, 257, 1, 4])
mix_phase shape after adjust: torch.Size([24, 1723, 257, 1, 1])
estimate shape: torch.Size([24, 1724, 257, 1, 4])
target shape: torch.Size([24, 1724, 257, 1, 4])
mixture_phase shape: torch.Size([24, 257, 1723])
target_phase shape after adjust: torch.Size([24, 1723, 257, 1, 4])
mix_phase shape after adjust: torch.Size([24, 1723, 257, 1, 1])
estimate shape: torch.Size([24, 1724, 257, 1, 4])
target shape: torch.Size([24, 1724, 257, 1, 4])
mixture_phase shape: torch.Size([24, 257, 1723])
target_phase shape after adjust: torch.Size([24, 1723, 257, 1, 4])
mix_phase shape after adjust: torch.Size([24, 1723, 257, 1, 1])
estimate shape: torch.Size([8, 1724, 257, 1, 4])
target shape: torch.Size([8, 1724, 257, 1, 4])
mixture_phase shape: torch.Size([8, 257, 1723])
target_phase shape after adjust: torch.Size([8, 1723, 257, 1, 4])
mix_phase shape after adjust: torch.Size([8, 1723, 257, 1, 1])
[Validator] Epoch 66 - val_loss: 0.000012
[BEST CHECKPOINT] Guardado/actualizado en: checkpoints\Mis_modelos\lpsa_phase checkpoints\4stems\best_checkpoint_65_val_loss=-0.0000.pt
03/31/2026 06:02:26 PM | engine.py:1037 Engine run finished. Time taken: 00:00:26.558
[Epoch 66] train_loss=0.000011 | val_loss=0.000012
03/31/2026 06:02:26 PM | engine.py:1010 Epoch[66] Complete. Time taken: 00:00:48.949
03/31/2026 06:02:49 PM | engine.py:906 Engine run starting with max_epochs=1.
03/31/2026 06:03:15 PM | engine.py:1010 Epoch[1] Complete. Time taken: 00:00:26.010
estimate shape: torch.Size([24, 1724, 257, 1, 4])
target shape: torch.Size([24, 1724, 257, 1, 4])
mixture_phase shape: torch.Size([24, 257, 1723])
target_phase shape after adjust: torch.Size([24, 1723, 257, 1, 4])
mix_phase shape after adjust: torch.Size([24, 1723, 257, 1, 1])
estimate shape: torch.Size([24, 1724, 257, 1, 4])
target shape: torch.Size([24, 1724, 257, 1, 4])
mixture_phase shape: torch.Size([24, 257, 1723])
target_phase shape after adjust: torch.Size([24, 1723, 257, 1, 4])
mix_phase shape after adjust: torch.Size([24, 1723, 257, 1, 1])
estimate shape: torch.Size([24, 1724, 257, 1, 4])
target shape: torch.Size([24, 1724, 257, 1, 4])
mixture_phase shape: torch.Size([24, 257, 1723])
target_phase shape after adjust: torch.Size([24, 1723, 257, 1, 4])
mix_phase shape after adjust: torch.Size([24, 1723, 257, 1, 1])
estimate shape: torch.Size([24, 1724, 257, 1, 4])
target shape: torch.Size([24, 1724, 257, 1, 4])
mixture_phase shape: torch.Size([24, 257, 1723])
target_phase shape after adjust: torch.Size([24, 1723, 257, 1, 4])
mix_phase shape after adjust: torch.Size([24, 1723, 257, 1, 1])
estimate shape: torch.Size([24, 1724, 257, 1, 4])
target shape: torch.Size([24, 1724, 257, 1, 4])
mixture_phase shape: torch.Size([24, 257, 1723])
target_phase shape after adjust: torch.Size([24, 1723, 257, 1, 4])
mix_phase shape after adjust: torch.Size([24, 1723, 257, 1, 1])
estimate shape: torch.Size([24, 1724, 257, 1, 4])
target shape: torch.Size([24, 1724, 257, 1, 4])
mixture_phase shape: torch.Size([24, 257, 1723])
target_phase shape after adjust: torch.Size([24, 1723, 257, 1, 4])
mix_phase shape after adjust: torch.Size([24, 1723, 257, 1, 1])
estimate shape: torch.Size([24, 1724, 257, 1, 4])
target shape: torch.Size([24, 1724, 257, 1, 4])
mixture_phase shape: torch.Size([24, 257, 1723])
target_phase shape after adjust: torch.Size([24, 1723, 257, 1, 4])
mix_phase shape after adjust: torch.Size([24, 1723, 257, 1, 1])
estimate shape: torch.Size([24, 1724, 257, 1, 4])
target shape: torch.Size([24, 1724, 257, 1, 4])
mixture_phase shape: torch.Size([24, 257, 1723])
target_phase shape after adjust: torch.Size([24, 1723, 257, 1, 4])
mix_phase shape after adjust: torch.Size([24, 1723, 257, 1, 1])
estimate shape: torch.Size([24, 1724, 257, 1, 4])
target shape: torch.Size([24, 1724, 257, 1, 4])
mixture_phase shape: torch.Size([24, 257, 1723])
target_phase shape after adjust: torch.Size([24, 1723, 257, 1, 4])
mix_phase shape after adjust: torch.Size([24, 1723, 257, 1, 1])
estimate shape: torch.Size([24, 1724, 257, 1, 4])
target shape: torch.Size([24, 1724, 257, 1, 4])
mixture_phase shape: torch.Size([24, 257, 1723])
target_phase shape after adjust: torch.Size([24, 1723, 257, 1, 4])
mix_phase shape after adjust: torch.Size([24, 1723, 257, 1, 1])
estimate shape: torch.Size([24, 1724, 257, 1, 4])
target shape: torch.Size([24, 1724, 257, 1, 4])
mixture_phase shape: torch.Size([24, 257, 1723])
target_phase shape after adjust: torch.Size([24, 1723, 257, 1, 4])
mix_phase shape after adjust: torch.Size([24, 1723, 257, 1, 1])
estimate shape: torch.Size([24, 1724, 257, 1, 4])
target shape: torch.Size([24, 1724, 257, 1, 4])
mixture_phase shape: torch.Size([24, 257, 1723])
target_phase shape after adjust: torch.Size([24, 1723, 257, 1, 4])
mix_phase shape after adjust: torch.Size([24, 1723, 257, 1, 1])
estimate shape: torch.Size([24, 1724, 257, 1, 4])
target shape: torch.Size([24, 1724, 257, 1, 4])
mixture_phase shape: torch.Size([24, 257, 1723])
target_phase shape after adjust: torch.Size([24, 1723, 257, 1, 4])
mix_phase shape after adjust: torch.Size([24, 1723, 257, 1, 1])
estimate shape: torch.Size([24, 1724, 257, 1, 4])
target shape: torch.Size([24, 1724, 257, 1, 4])
mixture_phase shape: torch.Size([24, 257, 1723])
target_phase shape after adjust: torch.Size([24, 1723, 257, 1, 4])
mix_phase shape after adjust: torch.Size([24, 1723, 257, 1, 1])
estimate shape: torch.Size([24, 1724, 257, 1, 4])
target shape: torch.Size([24, 1724, 257, 1, 4])
mixture_phase shape: torch.Size([24, 257, 1723])
target_phase shape after adjust: torch.Size([24, 1723, 257, 1, 4])
mix_phase shape after adjust: torch.Size([24, 1723, 257, 1, 1])
estimate shape: torch.Size([24, 1724, 257, 1, 4])
target shape: torch.Size([24, 1724, 257, 1, 4])
mixture_phase shape: torch.Size([24, 257, 1723])
target_phase shape after adjust: torch.Size([24, 1723, 257, 1, 4])
mix_phase shape after adjust: torch.Size([24, 1723, 257, 1, 1])
estimate shape: torch.Size([24, 1724, 257, 1, 4])
target shape: torch.Size([24, 1724, 257, 1, 4])
mixture_phase shape: torch.Size([24, 257, 1723])
target_phase shape after adjust: torch.Size([24, 1723, 257, 1, 4])
mix_phase shape after adjust: torch.Size([24, 1723, 257, 1, 1])
estimate shape: torch.Size([24, 1724, 257, 1, 4])
target shape: torch.Size([24, 1724, 257, 1, 4])
mixture_phase shape: torch.Size([24, 257, 1723])
target_phase shape after adjust: torch.Size([24, 1723, 257, 1, 4])
mix_phase shape after adjust: torch.Size([24, 1723, 257, 1, 1])
estimate shape: torch.Size([8, 1724, 257, 1, 4])
target shape: torch.Size([8, 1724, 257, 1, 4])
mixture_phase shape: torch.Size([8, 257, 1723])
target_phase shape after adjust: torch.Size([8, 1723, 257, 1, 4])
mix_phase shape after adjust: torch.Size([8, 1723, 257, 1, 1])
[Validator] Epoch 67 - val_loss: 0.000012
[BEST CHECKPOINT] Guardado/actualizado en: checkpoints\Mis_modelos\lpsa_phase checkpoints\4stems\best_checkpoint_67_val_loss=-0.0000.pt
03/31/2026 06:03:15 PM | engine.py:1037 Engine run finished. Time taken: 00:00:26.020
[Epoch 67] train_loss=0.000011 | val_loss=0.000012
03/31/2026 06:03:15 PM | engine.py:1010 Epoch[67] Complete. Time taken: 00:00:48.736
03/31/2026 06:03:37 PM | engine.py:906 Engine run starting with max_epochs=1.
03/31/2026 06:04:03 PM | engine.py:1010 Epoch[1] Complete. Time taken: 00:00:26.173
estimate shape: torch.Size([24, 1724, 257, 1, 4])
target shape: torch.Size([24, 1724, 257, 1, 4])
mixture_phase shape: torch.Size([24, 257, 1723])
target_phase shape after adjust: torch.Size([24, 1723, 257, 1, 4])
mix_phase shape after adjust: torch.Size([24, 1723, 257, 1, 1])
estimate shape: torch.Size([24, 1724, 257, 1, 4])
target shape: torch.Size([24, 1724, 257, 1, 4])
mixture_phase shape: torch.Size([24, 257, 1723])
target_phase shape after adjust: torch.Size([24, 1723, 257, 1, 4])
mix_phase shape after adjust: torch.Size([24, 1723, 257, 1, 1])
estimate shape: torch.Size([24, 1724, 257, 1, 4])
target shape: torch.Size([24, 1724, 257, 1, 4])
mixture_phase shape: torch.Size([24, 257, 1723])
target_phase shape after adjust: torch.Size([24, 1723, 257, 1, 4])
mix_phase shape after adjust: torch.Size([24, 1723, 257, 1, 1])
estimate shape: torch.Size([24, 1724, 257, 1, 4])
target shape: torch.Size([24, 1724, 257, 1, 4])
mixture_phase shape: torch.Size([24, 257, 1723])
target_phase shape after adjust: torch.Size([24, 1723, 257, 1, 4])
mix_phase shape after adjust: torch.Size([24, 1723, 257, 1, 1])
estimate shape: torch.Size([24, 1724, 257, 1, 4])
target shape: torch.Size([24, 1724, 257, 1, 4])
mixture_phase shape: torch.Size([24, 257, 1723])
target_phase shape after adjust: torch.Size([24, 1723, 257, 1, 4])
mix_phase shape after adjust: torch.Size([24, 1723, 257, 1, 1])
estimate shape: torch.Size([24, 1724, 257, 1, 4])
target shape: torch.Size([24, 1724, 257, 1, 4])
mixture_phase shape: torch.Size([24, 257, 1723])
target_phase shape after adjust: torch.Size([24, 1723, 257, 1, 4])
mix_phase shape after adjust: torch.Size([24, 1723, 257, 1, 1])
estimate shape: torch.Size([24, 1724, 257, 1, 4])
target shape: torch.Size([24, 1724, 257, 1, 4])
mixture_phase shape: torch.Size([24, 257, 1723])
target_phase shape after adjust: torch.Size([24, 1723, 257, 1, 4])
mix_phase shape after adjust: torch.Size([24, 1723, 257, 1, 1])
estimate shape: torch.Size([24, 1724, 257, 1, 4])
target shape: torch.Size([24, 1724, 257, 1, 4])
mixture_phase shape: torch.Size([24, 257, 1723])
target_phase shape after adjust: torch.Size([24, 1723, 257, 1, 4])
mix_phase shape after adjust: torch.Size([24, 1723, 257, 1, 1])
estimate shape: torch.Size([24, 1724, 257, 1, 4])
target shape: torch.Size([24, 1724, 257, 1, 4])
mixture_phase shape: torch.Size([24, 257, 1723])
target_phase shape after adjust: torch.Size([24, 1723, 257, 1, 4])
mix_phase shape after adjust: torch.Size([24, 1723, 257, 1, 1])
estimate shape: torch.Size([24, 1724, 257, 1, 4])
target shape: torch.Size([24, 1724, 257, 1, 4])
mixture_phase shape: torch.Size([24, 257, 1723])
target_phase shape after adjust: torch.Size([24, 1723, 257, 1, 4])
mix_phase shape after adjust: torch.Size([24, 1723, 257, 1, 1])
estimate shape: torch.Size([24, 1724, 257, 1, 4])
target shape: torch.Size([24, 1724, 257, 1, 4])
mixture_phase shape: torch.Size([24, 257, 1723])
target_phase shape after adjust: torch.Size([24, 1723, 257, 1, 4])
mix_phase shape after adjust: torch.Size([24, 1723, 257, 1, 1])
estimate shape: torch.Size([24, 1724, 257, 1, 4])
target shape: torch.Size([24, 1724, 257, 1, 4])
mixture_phase shape: torch.Size([24, 257, 1723])
target_phase shape after adjust: torch.Size([24, 1723, 257, 1, 4])
mix_phase shape after adjust: torch.Size([24, 1723, 257, 1, 1])
estimate shape: torch.Size([24, 1724, 257, 1, 4])
target shape: torch.Size([24, 1724, 257, 1, 4])
mixture_phase shape: torch.Size([24, 257, 1723])
target_phase shape after adjust: torch.Size([24, 1723, 257, 1, 4])
mix_phase shape after adjust: torch.Size([24, 1723, 257, 1, 1])
estimate shape: torch.Size([24, 1724, 257, 1, 4])
target shape: torch.Size([24, 1724, 257, 1, 4])
mixture_phase shape: torch.Size([24, 257, 1723])
target_phase shape after adjust: torch.Size([24, 1723, 257, 1, 4])
mix_phase shape after adjust: torch.Size([24, 1723, 257, 1, 1])
estimate shape: torch.Size([24, 1724, 257, 1, 4])
target shape: torch.Size([24, 1724, 257, 1, 4])
mixture_phase shape: torch.Size([24, 257, 1723])
target_phase shape after adjust: torch.Size([24, 1723, 257, 1, 4])
mix_phase shape after adjust: torch.Size([24, 1723, 257, 1, 1])
estimate shape: torch.Size([24, 1724, 257, 1, 4])
target shape: torch.Size([24, 1724, 257, 1, 4])
mixture_phase shape: torch.Size([24, 257, 1723])
target_phase shape after adjust: torch.Size([24, 1723, 257, 1, 4])
mix_phase shape after adjust: torch.Size([24, 1723, 257, 1, 1])
estimate shape: torch.Size([24, 1724, 257, 1, 4])
target shape: torch.Size([24, 1724, 257, 1, 4])
mixture_phase shape: torch.Size([24, 257, 1723])
target_phase shape after adjust: torch.Size([24, 1723, 257, 1, 4])
mix_phase shape after adjust: torch.Size([24, 1723, 257, 1, 1])
estimate shape: torch.Size([24, 1724, 257, 1, 4])
target shape: torch.Size([24, 1724, 257, 1, 4])
mixture_phase shape: torch.Size([24, 257, 1723])
target_phase shape after adjust: torch.Size([24, 1723, 257, 1, 4])
mix_phase shape after adjust: torch.Size([24, 1723, 257, 1, 1])
estimate shape: torch.Size([8, 1724, 257, 1, 4])
target shape: torch.Size([8, 1724, 257, 1, 4])
mixture_phase shape: torch.Size([8, 257, 1723])
target_phase shape after adjust: torch.Size([8, 1723, 257, 1, 4])
mix_phase shape after adjust: torch.Size([8, 1723, 257, 1, 1])
[Validator] Epoch 68 - val_loss: 0.000012
[BEST CHECKPOINT] Guardado/actualizado en: checkpoints\Mis_modelos\lpsa_phase checkpoints\4stems\best_checkpoint_67_val_loss=-0.0000.pt
03/31/2026 06:04:03 PM | engine.py:1037 Engine run finished. Time taken: 00:00:26.174
[Epoch 68] train_loss=0.000011 | val_loss=0.000012
03/31/2026 06:04:03 PM | engine.py:1010 Epoch[68] Complete. Time taken: 00:00:48.231
03/31/2026 06:04:26 PM | engine.py:906 Engine run starting with max_epochs=1.
03/31/2026 06:04:51 PM | engine.py:1010 Epoch[1] Complete. Time taken: 00:00:25.704
estimate shape: torch.Size([24, 1724, 257, 1, 4])
target shape: torch.Size([24, 1724, 257, 1, 4])
mixture_phase shape: torch.Size([24, 257, 1723])
target_phase shape after adjust: torch.Size([24, 1723, 257, 1, 4])
mix_phase shape after adjust: torch.Size([24, 1723, 257, 1, 1])
estimate shape: torch.Size([24, 1724, 257, 1, 4])
target shape: torch.Size([24, 1724, 257, 1, 4])
mixture_phase shape: torch.Size([24, 257, 1723])
target_phase shape after adjust: torch.Size([24, 1723, 257, 1, 4])
mix_phase shape after adjust: torch.Size([24, 1723, 257, 1, 1])
estimate shape: torch.Size([24, 1724, 257, 1, 4])
target shape: torch.Size([24, 1724, 257, 1, 4])
mixture_phase shape: torch.Size([24, 257, 1723])
target_phase shape after adjust: torch.Size([24, 1723, 257, 1, 4])
mix_phase shape after adjust: torch.Size([24, 1723, 257, 1, 1])
estimate shape: torch.Size([24, 1724, 257, 1, 4])
target shape: torch.Size([24, 1724, 257, 1, 4])
mixture_phase shape: torch.Size([24, 257, 1723])
target_phase shape after adjust: torch.Size([24, 1723, 257, 1, 4])
mix_phase shape after adjust: torch.Size([24, 1723, 257, 1, 1])
estimate shape: torch.Size([24, 1724, 257, 1, 4])
target shape: torch.Size([24, 1724, 257, 1, 4])
mixture_phase shape: torch.Size([24, 257, 1723])
target_phase shape after adjust: torch.Size([24, 1723, 257, 1, 4])
mix_phase shape after adjust: torch.Size([24, 1723, 257, 1, 1])
estimate shape: torch.Size([24, 1724, 257, 1, 4])
target shape: torch.Size([24, 1724, 257, 1, 4])
mixture_phase shape: torch.Size([24, 257, 1723])
target_phase shape after adjust: torch.Size([24, 1723, 257, 1, 4])
mix_phase shape after adjust: torch.Size([24, 1723, 257, 1, 1])
estimate shape: torch.Size([24, 1724, 257, 1, 4])
target shape: torch.Size([24, 1724, 257, 1, 4])
mixture_phase shape: torch.Size([24, 257, 1723])
target_phase shape after adjust: torch.Size([24, 1723, 257, 1, 4])
mix_phase shape after adjust: torch.Size([24, 1723, 257, 1, 1])
estimate shape: torch.Size([24, 1724, 257, 1, 4])
target shape: torch.Size([24, 1724, 257, 1, 4])
mixture_phase shape: torch.Size([24, 257, 1723])
target_phase shape after adjust: torch.Size([24, 1723, 257, 1, 4])
mix_phase shape after adjust: torch.Size([24, 1723, 257, 1, 1])
estimate shape: torch.Size([24, 1724, 257, 1, 4])
target shape: torch.Size([24, 1724, 257, 1, 4])
mixture_phase shape: torch.Size([24, 257, 1723])
target_phase shape after adjust: torch.Size([24, 1723, 257, 1, 4])
mix_phase shape after adjust: torch.Size([24, 1723, 257, 1, 1])
estimate shape: torch.Size([24, 1724, 257, 1, 4])
target shape: torch.Size([24, 1724, 257, 1, 4])
mixture_phase shape: torch.Size([24, 257, 1723])
target_phase shape after adjust: torch.Size([24, 1723, 257, 1, 4])
mix_phase shape after adjust: torch.Size([24, 1723, 257, 1, 1])
estimate shape: torch.Size([24, 1724, 257, 1, 4])
target shape: torch.Size([24, 1724, 257, 1, 4])
mixture_phase shape: torch.Size([24, 257, 1723])
target_phase shape after adjust: torch.Size([24, 1723, 257, 1, 4])
mix_phase shape after adjust: torch.Size([24, 1723, 257, 1, 1])
estimate shape: torch.Size([24, 1724, 257, 1, 4])
target shape: torch.Size([24, 1724, 257, 1, 4])
mixture_phase shape: torch.Size([24, 257, 1723])
target_phase shape after adjust: torch.Size([24, 1723, 257, 1, 4])
mix_phase shape after adjust: torch.Size([24, 1723, 257, 1, 1])
estimate shape: torch.Size([24, 1724, 257, 1, 4])
target shape: torch.Size([24, 1724, 257, 1, 4])
mixture_phase shape: torch.Size([24, 257, 1723])
target_phase shape after adjust: torch.Size([24, 1723, 257, 1, 4])
mix_phase shape after adjust: torch.Size([24, 1723, 257, 1, 1])
estimate shape: torch.Size([24, 1724, 257, 1, 4])
target shape: torch.Size([24, 1724, 257, 1, 4])
mixture_phase shape: torch.Size([24, 257, 1723])
target_phase shape after adjust: torch.Size([24, 1723, 257, 1, 4])
mix_phase shape after adjust: torch.Size([24, 1723, 257, 1, 1])
estimate shape: torch.Size([24, 1724, 257, 1, 4])
target shape: torch.Size([24, 1724, 257, 1, 4])
mixture_phase shape: torch.Size([24, 257, 1723])
target_phase shape after adjust: torch.Size([24, 1723, 257, 1, 4])
mix_phase shape after adjust: torch.Size([24, 1723, 257, 1, 1])
estimate shape: torch.Size([24, 1724, 257, 1, 4])
target shape: torch.Size([24, 1724, 257, 1, 4])
mixture_phase shape: torch.Size([24, 257, 1723])
target_phase shape after adjust: torch.Size([24, 1723, 257, 1, 4])
mix_phase shape after adjust: torch.Size([24, 1723, 257, 1, 1])
estimate shape: torch.Size([24, 1724, 257, 1, 4])
target shape: torch.Size([24, 1724, 257, 1, 4])
mixture_phase shape: torch.Size([24, 257, 1723])
target_phase shape after adjust: torch.Size([24, 1723, 257, 1, 4])
mix_phase shape after adjust: torch.Size([24, 1723, 257, 1, 1])
estimate shape: torch.Size([24, 1724, 257, 1, 4])
target shape: torch.Size([24, 1724, 257, 1, 4])
mixture_phase shape: torch.Size([24, 257, 1723])
target_phase shape after adjust: torch.Size([24, 1723, 257, 1, 4])
mix_phase shape after adjust: torch.Size([24, 1723, 257, 1, 1])
estimate shape: torch.Size([8, 1724, 257, 1, 4])
target shape: torch.Size([8, 1724, 257, 1, 4])
mixture_phase shape: torch.Size([8, 257, 1723])
target_phase shape after adjust: torch.Size([8, 1723, 257, 1, 4])
mix_phase shape after adjust: torch.Size([8, 1723, 257, 1, 1])
[Validator] Epoch 69 - val_loss: 0.000012
[BEST CHECKPOINT] Guardado/actualizado en: checkpoints\Mis_modelos\lpsa_phase checkpoints\4stems\best_checkpoint_69_val_loss=-0.0000.pt
03/31/2026 06:04:51 PM | engine.py:1037 Engine run finished. Time taken: 00:00:25.714
[Epoch 69] train_loss=0.000011 | val_loss=0.000012
03/31/2026 06:04:51 PM | engine.py:1010 Epoch[69] Complete. Time taken: 00:00:48.183
03/31/2026 06:05:14 PM | engine.py:906 Engine run starting with max_epochs=1.
03/31/2026 06:05:40 PM | engine.py:1010 Epoch[1] Complete. Time taken: 00:00:25.913
estimate shape: torch.Size([24, 1724, 257, 1, 4])
target shape: torch.Size([24, 1724, 257, 1, 4])
mixture_phase shape: torch.Size([24, 257, 1723])
target_phase shape after adjust: torch.Size([24, 1723, 257, 1, 4])
mix_phase shape after adjust: torch.Size([24, 1723, 257, 1, 1])
estimate shape: torch.Size([24, 1724, 257, 1, 4])
target shape: torch.Size([24, 1724, 257, 1, 4])
mixture_phase shape: torch.Size([24, 257, 1723])
target_phase shape after adjust: torch.Size([24, 1723, 257, 1, 4])
mix_phase shape after adjust: torch.Size([24, 1723, 257, 1, 1])
estimate shape: torch.Size([24, 1724, 257, 1, 4])
target shape: torch.Size([24, 1724, 257, 1, 4])
mixture_phase shape: torch.Size([24, 257, 1723])
target_phase shape after adjust: torch.Size([24, 1723, 257, 1, 4])
mix_phase shape after adjust: torch.Size([24, 1723, 257, 1, 1])
estimate shape: torch.Size([24, 1724, 257, 1, 4])
target shape: torch.Size([24, 1724, 257, 1, 4])
mixture_phase shape: torch.Size([24, 257, 1723])
target_phase shape after adjust: torch.Size([24, 1723, 257, 1, 4])
mix_phase shape after adjust: torch.Size([24, 1723, 257, 1, 1])
estimate shape: torch.Size([24, 1724, 257, 1, 4])
target shape: torch.Size([24, 1724, 257, 1, 4])
mixture_phase shape: torch.Size([24, 257, 1723])
target_phase shape after adjust: torch.Size([24, 1723, 257, 1, 4])
mix_phase shape after adjust: torch.Size([24, 1723, 257, 1, 1])
estimate shape: torch.Size([24, 1724, 257, 1, 4])
target shape: torch.Size([24, 1724, 257, 1, 4])
mixture_phase shape: torch.Size([24, 257, 1723])
target_phase shape after adjust: torch.Size([24, 1723, 257, 1, 4])
mix_phase shape after adjust: torch.Size([24, 1723, 257, 1, 1])
estimate shape: torch.Size([24, 1724, 257, 1, 4])
target shape: torch.Size([24, 1724, 257, 1, 4])
mixture_phase shape: torch.Size([24, 257, 1723])
target_phase shape after adjust: torch.Size([24, 1723, 257, 1, 4])
mix_phase shape after adjust: torch.Size([24, 1723, 257, 1, 1])
estimate shape: torch.Size([24, 1724, 257, 1, 4])
target shape: torch.Size([24, 1724, 257, 1, 4])
mixture_phase shape: torch.Size([24, 257, 1723])
target_phase shape after adjust: torch.Size([24, 1723, 257, 1, 4])
mix_phase shape after adjust: torch.Size([24, 1723, 257, 1, 1])
estimate shape: torch.Size([24, 1724, 257, 1, 4])
target shape: torch.Size([24, 1724, 257, 1, 4])
mixture_phase shape: torch.Size([24, 257, 1723])
target_phase shape after adjust: torch.Size([24, 1723, 257, 1, 4])
mix_phase shape after adjust: torch.Size([24, 1723, 257, 1, 1])
estimate shape: torch.Size([24, 1724, 257, 1, 4])
target shape: torch.Size([24, 1724, 257, 1, 4])
mixture_phase shape: torch.Size([24, 257, 1723])
target_phase shape after adjust: torch.Size([24, 1723, 257, 1, 4])
mix_phase shape after adjust: torch.Size([24, 1723, 257, 1, 1])
estimate shape: torch.Size([24, 1724, 257, 1, 4])
target shape: torch.Size([24, 1724, 257, 1, 4])
mixture_phase shape: torch.Size([24, 257, 1723])
target_phase shape after adjust: torch.Size([24, 1723, 257, 1, 4])
mix_phase shape after adjust: torch.Size([24, 1723, 257, 1, 1])
estimate shape: torch.Size([24, 1724, 257, 1, 4])
target shape: torch.Size([24, 1724, 257, 1, 4])
mixture_phase shape: torch.Size([24, 257, 1723])
target_phase shape after adjust: torch.Size([24, 1723, 257, 1, 4])
mix_phase shape after adjust: torch.Size([24, 1723, 257, 1, 1])
estimate shape: torch.Size([24, 1724, 257, 1, 4])
target shape: torch.Size([24, 1724, 257, 1, 4])
mixture_phase shape: torch.Size([24, 257, 1723])
target_phase shape after adjust: torch.Size([24, 1723, 257, 1, 4])
mix_phase shape after adjust: torch.Size([24, 1723, 257, 1, 1])
estimate shape: torch.Size([24, 1724, 257, 1, 4])
target shape: torch.Size([24, 1724, 257, 1, 4])
mixture_phase shape: torch.Size([24, 257, 1723])
target_phase shape after adjust: torch.Size([24, 1723, 257, 1, 4])
mix_phase shape after adjust: torch.Size([24, 1723, 257, 1, 1])
estimate shape: torch.Size([24, 1724, 257, 1, 4])
target shape: torch.Size([24, 1724, 257, 1, 4])
mixture_phase shape: torch.Size([24, 257, 1723])
target_phase shape after adjust: torch.Size([24, 1723, 257, 1, 4])
mix_phase shape after adjust: torch.Size([24, 1723, 257, 1, 1])
estimate shape: torch.Size([24, 1724, 257, 1, 4])
target shape: torch.Size([24, 1724, 257, 1, 4])
mixture_phase shape: torch.Size([24, 257, 1723])
target_phase shape after adjust: torch.Size([24, 1723, 257, 1, 4])
mix_phase shape after adjust: torch.Size([24, 1723, 257, 1, 1])
estimate shape: torch.Size([24, 1724, 257, 1, 4])
target shape: torch.Size([24, 1724, 257, 1, 4])
mixture_phase shape: torch.Size([24, 257, 1723])
target_phase shape after adjust: torch.Size([24, 1723, 257, 1, 4])
mix_phase shape after adjust: torch.Size([24, 1723, 257, 1, 1])
estimate shape: torch.Size([24, 1724, 257, 1, 4])
target shape: torch.Size([24, 1724, 257, 1, 4])
mixture_phase shape: torch.Size([24, 257, 1723])
target_phase shape after adjust: torch.Size([24, 1723, 257, 1, 4])
mix_phase shape after adjust: torch.Size([24, 1723, 257, 1, 1])
estimate shape: torch.Size([8, 1724, 257, 1, 4])
target shape: torch.Size([8, 1724, 257, 1, 4])
mixture_phase shape: torch.Size([8, 257, 1723])
target_phase shape after adjust: torch.Size([8, 1723, 257, 1, 4])
mix_phase shape after adjust: torch.Size([8, 1723, 257, 1, 1])
[Validator] Epoch 70 - val_loss: 0.000012
[BEST CHECKPOINT] Guardado/actualizado en: checkpoints\Mis_modelos\lpsa_phase checkpoints\4stems\best_checkpoint_70_val_loss=-0.0000.pt
03/31/2026 06:05:40 PM | engine.py:1037 Engine run finished. Time taken: 00:00:25.922
[Epoch 70] train_loss=0.000011 | val_loss=0.000012
03/31/2026 06:05:40 PM | engine.py:1010 Epoch[70] Complete. Time taken: 00:00:48.264
03/31/2026 06:06:02 PM | engine.py:906 Engine run starting with max_epochs=1.
03/31/2026 06:06:27 PM | engine.py:1010 Epoch[1] Complete. Time taken: 00:00:25.554
estimate shape: torch.Size([24, 1724, 257, 1, 4])
target shape: torch.Size([24, 1724, 257, 1, 4])
mixture_phase shape: torch.Size([24, 257, 1723])
target_phase shape after adjust: torch.Size([24, 1723, 257, 1, 4])
mix_phase shape after adjust: torch.Size([24, 1723, 257, 1, 1])
estimate shape: torch.Size([24, 1724, 257, 1, 4])
target shape: torch.Size([24, 1724, 257, 1, 4])
mixture_phase shape: torch.Size([24, 257, 1723])
target_phase shape after adjust: torch.Size([24, 1723, 257, 1, 4])
mix_phase shape after adjust: torch.Size([24, 1723, 257, 1, 1])
estimate shape: torch.Size([24, 1724, 257, 1, 4])
target shape: torch.Size([24, 1724, 257, 1, 4])
mixture_phase shape: torch.Size([24, 257, 1723])
target_phase shape after adjust: torch.Size([24, 1723, 257, 1, 4])
mix_phase shape after adjust: torch.Size([24, 1723, 257, 1, 1])
estimate shape: torch.Size([24, 1724, 257, 1, 4])
target shape: torch.Size([24, 1724, 257, 1, 4])
mixture_phase shape: torch.Size([24, 257, 1723])
target_phase shape after adjust: torch.Size([24, 1723, 257, 1, 4])
mix_phase shape after adjust: torch.Size([24, 1723, 257, 1, 1])
estimate shape: torch.Size([24, 1724, 257, 1, 4])
target shape: torch.Size([24, 1724, 257, 1, 4])
mixture_phase shape: torch.Size([24, 257, 1723])
target_phase shape after adjust: torch.Size([24, 1723, 257, 1, 4])
mix_phase shape after adjust: torch.Size([24, 1723, 257, 1, 1])
estimate shape: torch.Size([24, 1724, 257, 1, 4])
target shape: torch.Size([24, 1724, 257, 1, 4])
mixture_phase shape: torch.Size([24, 257, 1723])
target_phase shape after adjust: torch.Size([24, 1723, 257, 1, 4])
mix_phase shape after adjust: torch.Size([24, 1723, 257, 1, 1])
estimate shape: torch.Size([24, 1724, 257, 1, 4])
target shape: torch.Size([24, 1724, 257, 1, 4])
mixture_phase shape: torch.Size([24, 257, 1723])
target_phase shape after adjust: torch.Size([24, 1723, 257, 1, 4])
mix_phase shape after adjust: torch.Size([24, 1723, 257, 1, 1])
estimate shape: torch.Size([24, 1724, 257, 1, 4])
target shape: torch.Size([24, 1724, 257, 1, 4])
mixture_phase shape: torch.Size([24, 257, 1723])
target_phase shape after adjust: torch.Size([24, 1723, 257, 1, 4])
mix_phase shape after adjust: torch.Size([24, 1723, 257, 1, 1])
estimate shape: torch.Size([24, 1724, 257, 1, 4])
target shape: torch.Size([24, 1724, 257, 1, 4])
mixture_phase shape: torch.Size([24, 257, 1723])
target_phase shape after adjust: torch.Size([24, 1723, 257, 1, 4])
mix_phase shape after adjust: torch.Size([24, 1723, 257, 1, 1])
estimate shape: torch.Size([24, 1724, 257, 1, 4])
target shape: torch.Size([24, 1724, 257, 1, 4])
mixture_phase shape: torch.Size([24, 257, 1723])
target_phase shape after adjust: torch.Size([24, 1723, 257, 1, 4])
mix_phase shape after adjust: torch.Size([24, 1723, 257, 1, 1])
estimate shape: torch.Size([24, 1724, 257, 1, 4])
target shape: torch.Size([24, 1724, 257, 1, 4])
mixture_phase shape: torch.Size([24, 257, 1723])
target_phase shape after adjust: torch.Size([24, 1723, 257, 1, 4])
mix_phase shape after adjust: torch.Size([24, 1723, 257, 1, 1])
estimate shape: torch.Size([24, 1724, 257, 1, 4])
target shape: torch.Size([24, 1724, 257, 1, 4])
mixture_phase shape: torch.Size([24, 257, 1723])
target_phase shape after adjust: torch.Size([24, 1723, 257, 1, 4])
mix_phase shape after adjust: torch.Size([24, 1723, 257, 1, 1])
estimate shape: torch.Size([24, 1724, 257, 1, 4])
target shape: torch.Size([24, 1724, 257, 1, 4])
mixture_phase shape: torch.Size([24, 257, 1723])
target_phase shape after adjust: torch.Size([24, 1723, 257, 1, 4])
mix_phase shape after adjust: torch.Size([24, 1723, 257, 1, 1])
estimate shape: torch.Size([24, 1724, 257, 1, 4])
target shape: torch.Size([24, 1724, 257, 1, 4])
mixture_phase shape: torch.Size([24, 257, 1723])
target_phase shape after adjust: torch.Size([24, 1723, 257, 1, 4])
mix_phase shape after adjust: torch.Size([24, 1723, 257, 1, 1])
estimate shape: torch.Size([24, 1724, 257, 1, 4])
target shape: torch.Size([24, 1724, 257, 1, 4])
mixture_phase shape: torch.Size([24, 257, 1723])
target_phase shape after adjust: torch.Size([24, 1723, 257, 1, 4])
mix_phase shape after adjust: torch.Size([24, 1723, 257, 1, 1])
estimate shape: torch.Size([24, 1724, 257, 1, 4])
target shape: torch.Size([24, 1724, 257, 1, 4])
mixture_phase shape: torch.Size([24, 257, 1723])
target_phase shape after adjust: torch.Size([24, 1723, 257, 1, 4])
mix_phase shape after adjust: torch.Size([24, 1723, 257, 1, 1])
estimate shape: torch.Size([24, 1724, 257, 1, 4])
target shape: torch.Size([24, 1724, 257, 1, 4])
mixture_phase shape: torch.Size([24, 257, 1723])
target_phase shape after adjust: torch.Size([24, 1723, 257, 1, 4])
mix_phase shape after adjust: torch.Size([24, 1723, 257, 1, 1])
estimate shape: torch.Size([24, 1724, 257, 1, 4])
target shape: torch.Size([24, 1724, 257, 1, 4])
mixture_phase shape: torch.Size([24, 257, 1723])
target_phase shape after adjust: torch.Size([24, 1723, 257, 1, 4])
mix_phase shape after adjust: torch.Size([24, 1723, 257, 1, 1])
estimate shape: torch.Size([8, 1724, 257, 1, 4])
target shape: torch.Size([8, 1724, 257, 1, 4])
mixture_phase shape: torch.Size([8, 257, 1723])
target_phase shape after adjust: torch.Size([8, 1723, 257, 1, 4])
mix_phase shape after adjust: torch.Size([8, 1723, 257, 1, 1])
[Validator] Epoch 71 - val_loss: 0.000012
[BEST CHECKPOINT] Guardado/actualizado en: checkpoints\Mis_modelos\lpsa_phase checkpoints\4stems\best_checkpoint_71_val_loss=-0.0000.pt
03/31/2026 06:06:27 PM | engine.py:1037 Engine run finished. Time taken: 00:00:25.565
[Epoch 71] train_loss=0.000010 | val_loss=0.000012
03/31/2026 06:06:27 PM | engine.py:1010 Epoch[71] Complete. Time taken: 00:00:47.719
03/31/2026 06:06:50 PM | engine.py:906 Engine run starting with max_epochs=1.
03/31/2026 06:07:16 PM | engine.py:1010 Epoch[1] Complete. Time taken: 00:00:25.759
estimate shape: torch.Size([24, 1724, 257, 1, 4])
target shape: torch.Size([24, 1724, 257, 1, 4])
mixture_phase shape: torch.Size([24, 257, 1723])
target_phase shape after adjust: torch.Size([24, 1723, 257, 1, 4])
mix_phase shape after adjust: torch.Size([24, 1723, 257, 1, 1])
estimate shape: torch.Size([24, 1724, 257, 1, 4])
target shape: torch.Size([24, 1724, 257, 1, 4])
mixture_phase shape: torch.Size([24, 257, 1723])
target_phase shape after adjust: torch.Size([24, 1723, 257, 1, 4])
mix_phase shape after adjust: torch.Size([24, 1723, 257, 1, 1])
estimate shape: torch.Size([24, 1724, 257, 1, 4])
target shape: torch.Size([24, 1724, 257, 1, 4])
mixture_phase shape: torch.Size([24, 257, 1723])
target_phase shape after adjust: torch.Size([24, 1723, 257, 1, 4])
mix_phase shape after adjust: torch.Size([24, 1723, 257, 1, 1])
estimate shape: torch.Size([24, 1724, 257, 1, 4])
target shape: torch.Size([24, 1724, 257, 1, 4])
mixture_phase shape: torch.Size([24, 257, 1723])
target_phase shape after adjust: torch.Size([24, 1723, 257, 1, 4])
mix_phase shape after adjust: torch.Size([24, 1723, 257, 1, 1])
estimate shape: torch.Size([24, 1724, 257, 1, 4])
target shape: torch.Size([24, 1724, 257, 1, 4])
mixture_phase shape: torch.Size([24, 257, 1723])
target_phase shape after adjust: torch.Size([24, 1723, 257, 1, 4])
mix_phase shape after adjust: torch.Size([24, 1723, 257, 1, 1])
estimate shape: torch.Size([24, 1724, 257, 1, 4])
target shape: torch.Size([24, 1724, 257, 1, 4])
mixture_phase shape: torch.Size([24, 257, 1723])
target_phase shape after adjust: torch.Size([24, 1723, 257, 1, 4])
mix_phase shape after adjust: torch.Size([24, 1723, 257, 1, 1])
estimate shape: torch.Size([24, 1724, 257, 1, 4])
target shape: torch.Size([24, 1724, 257, 1, 4])
mixture_phase shape: torch.Size([24, 257, 1723])
target_phase shape after adjust: torch.Size([24, 1723, 257, 1, 4])
mix_phase shape after adjust: torch.Size([24, 1723, 257, 1, 1])
estimate shape: torch.Size([24, 1724, 257, 1, 4])
target shape: torch.Size([24, 1724, 257, 1, 4])
mixture_phase shape: torch.Size([24, 257, 1723])
target_phase shape after adjust: torch.Size([24, 1723, 257, 1, 4])
mix_phase shape after adjust: torch.Size([24, 1723, 257, 1, 1])
estimate shape: torch.Size([24, 1724, 257, 1, 4])
target shape: torch.Size([24, 1724, 257, 1, 4])
mixture_phase shape: torch.Size([24, 257, 1723])
target_phase shape after adjust: torch.Size([24, 1723, 257, 1, 4])
mix_phase shape after adjust: torch.Size([24, 1723, 257, 1, 1])
estimate shape: torch.Size([24, 1724, 257, 1, 4])
target shape: torch.Size([24, 1724, 257, 1, 4])
mixture_phase shape: torch.Size([24, 257, 1723])
target_phase shape after adjust: torch.Size([24, 1723, 257, 1, 4])
mix_phase shape after adjust: torch.Size([24, 1723, 257, 1, 1])
estimate shape: torch.Size([24, 1724, 257, 1, 4])
target shape: torch.Size([24, 1724, 257, 1, 4])
mixture_phase shape: torch.Size([24, 257, 1723])
target_phase shape after adjust: torch.Size([24, 1723, 257, 1, 4])
mix_phase shape after adjust: torch.Size([24, 1723, 257, 1, 1])
estimate shape: torch.Size([24, 1724, 257, 1, 4])
target shape: torch.Size([24, 1724, 257, 1, 4])
mixture_phase shape: torch.Size([24, 257, 1723])
target_phase shape after adjust: torch.Size([24, 1723, 257, 1, 4])
mix_phase shape after adjust: torch.Size([24, 1723, 257, 1, 1])
estimate shape: torch.Size([24, 1724, 257, 1, 4])
target shape: torch.Size([24, 1724, 257, 1, 4])
mixture_phase shape: torch.Size([24, 257, 1723])
target_phase shape after adjust: torch.Size([24, 1723, 257, 1, 4])
mix_phase shape after adjust: torch.Size([24, 1723, 257, 1, 1])
estimate shape: torch.Size([24, 1724, 257, 1, 4])
target shape: torch.Size([24, 1724, 257, 1, 4])
mixture_phase shape: torch.Size([24, 257, 1723])
target_phase shape after adjust: torch.Size([24, 1723, 257, 1, 4])
mix_phase shape after adjust: torch.Size([24, 1723, 257, 1, 1])
estimate shape: torch.Size([24, 1724, 257, 1, 4])
target shape: torch.Size([24, 1724, 257, 1, 4])
mixture_phase shape: torch.Size([24, 257, 1723])
target_phase shape after adjust: torch.Size([24, 1723, 257, 1, 4])
mix_phase shape after adjust: torch.Size([24, 1723, 257, 1, 1])
estimate shape: torch.Size([24, 1724, 257, 1, 4])
target shape: torch.Size([24, 1724, 257, 1, 4])
mixture_phase shape: torch.Size([24, 257, 1723])
target_phase shape after adjust: torch.Size([24, 1723, 257, 1, 4])
mix_phase shape after adjust: torch.Size([24, 1723, 257, 1, 1])
estimate shape: torch.Size([24, 1724, 257, 1, 4])
target shape: torch.Size([24, 1724, 257, 1, 4])
mixture_phase shape: torch.Size([24, 257, 1723])
target_phase shape after adjust: torch.Size([24, 1723, 257, 1, 4])
mix_phase shape after adjust: torch.Size([24, 1723, 257, 1, 1])
estimate shape: torch.Size([24, 1724, 257, 1, 4])
target shape: torch.Size([24, 1724, 257, 1, 4])
mixture_phase shape: torch.Size([24, 257, 1723])
target_phase shape after adjust: torch.Size([24, 1723, 257, 1, 4])
mix_phase shape after adjust: torch.Size([24, 1723, 257, 1, 1])
estimate shape: torch.Size([8, 1724, 257, 1, 4])
target shape: torch.Size([8, 1724, 257, 1, 4])
mixture_phase shape: torch.Size([8, 257, 1723])
target_phase shape after adjust: torch.Size([8, 1723, 257, 1, 4])
mix_phase shape after adjust: torch.Size([8, 1723, 257, 1, 1])
[Validator] Epoch 72 - val_loss: 0.000012
[BEST CHECKPOINT] Guardado/actualizado en: checkpoints\Mis_modelos\lpsa_phase checkpoints\4stems\best_checkpoint_72_val_loss=-0.0000.pt
03/31/2026 06:07:16 PM | engine.py:1037 Engine run finished. Time taken: 00:00:25.766
[Epoch 72] train_loss=0.000010 | val_loss=0.000012
03/31/2026 06:07:16 PM | engine.py:1010 Epoch[72] Complete. Time taken: 00:00:48.549
03/31/2026 06:07:38 PM | engine.py:906 Engine run starting with max_epochs=1.
03/31/2026 06:08:04 PM | engine.py:1010 Epoch[1] Complete. Time taken: 00:00:26.090
estimate shape: torch.Size([24, 1724, 257, 1, 4])
target shape: torch.Size([24, 1724, 257, 1, 4])
mixture_phase shape: torch.Size([24, 257, 1723])
target_phase shape after adjust: torch.Size([24, 1723, 257, 1, 4])
mix_phase shape after adjust: torch.Size([24, 1723, 257, 1, 1])
estimate shape: torch.Size([24, 1724, 257, 1, 4])
target shape: torch.Size([24, 1724, 257, 1, 4])
mixture_phase shape: torch.Size([24, 257, 1723])
target_phase shape after adjust: torch.Size([24, 1723, 257, 1, 4])
mix_phase shape after adjust: torch.Size([24, 1723, 257, 1, 1])
estimate shape: torch.Size([24, 1724, 257, 1, 4])
target shape: torch.Size([24, 1724, 257, 1, 4])
mixture_phase shape: torch.Size([24, 257, 1723])
target_phase shape after adjust: torch.Size([24, 1723, 257, 1, 4])
mix_phase shape after adjust: torch.Size([24, 1723, 257, 1, 1])
estimate shape: torch.Size([24, 1724, 257, 1, 4])
target shape: torch.Size([24, 1724, 257, 1, 4])
mixture_phase shape: torch.Size([24, 257, 1723])
target_phase shape after adjust: torch.Size([24, 1723, 257, 1, 4])
mix_phase shape after adjust: torch.Size([24, 1723, 257, 1, 1])
estimate shape: torch.Size([24, 1724, 257, 1, 4])
target shape: torch.Size([24, 1724, 257, 1, 4])
mixture_phase shape: torch.Size([24, 257, 1723])
target_phase shape after adjust: torch.Size([24, 1723, 257, 1, 4])
mix_phase shape after adjust: torch.Size([24, 1723, 257, 1, 1])
estimate shape: torch.Size([24, 1724, 257, 1, 4])
target shape: torch.Size([24, 1724, 257, 1, 4])
mixture_phase shape: torch.Size([24, 257, 1723])
target_phase shape after adjust: torch.Size([24, 1723, 257, 1, 4])
mix_phase shape after adjust: torch.Size([24, 1723, 257, 1, 1])
estimate shape: torch.Size([24, 1724, 257, 1, 4])
target shape: torch.Size([24, 1724, 257, 1, 4])
mixture_phase shape: torch.Size([24, 257, 1723])
target_phase shape after adjust: torch.Size([24, 1723, 257, 1, 4])
mix_phase shape after adjust: torch.Size([24, 1723, 257, 1, 1])
estimate shape: torch.Size([24, 1724, 257, 1, 4])
target shape: torch.Size([24, 1724, 257, 1, 4])
mixture_phase shape: torch.Size([24, 257, 1723])
target_phase shape after adjust: torch.Size([24, 1723, 257, 1, 4])
mix_phase shape after adjust: torch.Size([24, 1723, 257, 1, 1])
estimate shape: torch.Size([24, 1724, 257, 1, 4])
target shape: torch.Size([24, 1724, 257, 1, 4])
mixture_phase shape: torch.Size([24, 257, 1723])
target_phase shape after adjust: torch.Size([24, 1723, 257, 1, 4])
mix_phase shape after adjust: torch.Size([24, 1723, 257, 1, 1])
estimate shape: torch.Size([24, 1724, 257, 1, 4])
target shape: torch.Size([24, 1724, 257, 1, 4])
mixture_phase shape: torch.Size([24, 257, 1723])
target_phase shape after adjust: torch.Size([24, 1723, 257, 1, 4])
mix_phase shape after adjust: torch.Size([24, 1723, 257, 1, 1])
estimate shape: torch.Size([24, 1724, 257, 1, 4])
target shape: torch.Size([24, 1724, 257, 1, 4])
mixture_phase shape: torch.Size([24, 257, 1723])
target_phase shape after adjust: torch.Size([24, 1723, 257, 1, 4])
mix_phase shape after adjust: torch.Size([24, 1723, 257, 1, 1])
estimate shape: torch.Size([24, 1724, 257, 1, 4])
target shape: torch.Size([24, 1724, 257, 1, 4])
mixture_phase shape: torch.Size([24, 257, 1723])
target_phase shape after adjust: torch.Size([24, 1723, 257, 1, 4])
mix_phase shape after adjust: torch.Size([24, 1723, 257, 1, 1])
estimate shape: torch.Size([24, 1724, 257, 1, 4])
target shape: torch.Size([24, 1724, 257, 1, 4])
mixture_phase shape: torch.Size([24, 257, 1723])
target_phase shape after adjust: torch.Size([24, 1723, 257, 1, 4])
mix_phase shape after adjust: torch.Size([24, 1723, 257, 1, 1])
estimate shape: torch.Size([24, 1724, 257, 1, 4])
target shape: torch.Size([24, 1724, 257, 1, 4])
mixture_phase shape: torch.Size([24, 257, 1723])
target_phase shape after adjust: torch.Size([24, 1723, 257, 1, 4])
mix_phase shape after adjust: torch.Size([24, 1723, 257, 1, 1])
estimate shape: torch.Size([24, 1724, 257, 1, 4])
target shape: torch.Size([24, 1724, 257, 1, 4])
mixture_phase shape: torch.Size([24, 257, 1723])
target_phase shape after adjust: torch.Size([24, 1723, 257, 1, 4])
mix_phase shape after adjust: torch.Size([24, 1723, 257, 1, 1])
estimate shape: torch.Size([24, 1724, 257, 1, 4])
target shape: torch.Size([24, 1724, 257, 1, 4])
mixture_phase shape: torch.Size([24, 257, 1723])
target_phase shape after adjust: torch.Size([24, 1723, 257, 1, 4])
mix_phase shape after adjust: torch.Size([24, 1723, 257, 1, 1])
estimate shape: torch.Size([24, 1724, 257, 1, 4])
target shape: torch.Size([24, 1724, 257, 1, 4])
mixture_phase shape: torch.Size([24, 257, 1723])
target_phase shape after adjust: torch.Size([24, 1723, 257, 1, 4])
mix_phase shape after adjust: torch.Size([24, 1723, 257, 1, 1])
estimate shape: torch.Size([24, 1724, 257, 1, 4])
target shape: torch.Size([24, 1724, 257, 1, 4])
mixture_phase shape: torch.Size([24, 257, 1723])
target_phase shape after adjust: torch.Size([24, 1723, 257, 1, 4])
mix_phase shape after adjust: torch.Size([24, 1723, 257, 1, 1])
estimate shape: torch.Size([8, 1724, 257, 1, 4])
target shape: torch.Size([8, 1724, 257, 1, 4])
mixture_phase shape: torch.Size([8, 257, 1723])
target_phase shape after adjust: torch.Size([8, 1723, 257, 1, 4])
mix_phase shape after adjust: torch.Size([8, 1723, 257, 1, 1])
[Validator] Epoch 73 - val_loss: 0.000012
[BEST CHECKPOINT] Guardado/actualizado en: checkpoints\Mis_modelos\lpsa_phase checkpoints\4stems\best_checkpoint_72_val_loss=-0.0000.pt
03/31/2026 06:08:04 PM | engine.py:1037 Engine run finished. Time taken: 00:00:26.092
[Epoch 73] train_loss=0.000011 | val_loss=0.000012
03/31/2026 06:08:04 PM | engine.py:1010 Epoch[73] Complete. Time taken: 00:00:48.537
03/31/2026 06:08:26 PM | engine.py:906 Engine run starting with max_epochs=1.
03/31/2026 06:08:52 PM | engine.py:1010 Epoch[1] Complete. Time taken: 00:00:25.895
estimate shape: torch.Size([24, 1724, 257, 1, 4])
target shape: torch.Size([24, 1724, 257, 1, 4])
mixture_phase shape: torch.Size([24, 257, 1723])
target_phase shape after adjust: torch.Size([24, 1723, 257, 1, 4])
mix_phase shape after adjust: torch.Size([24, 1723, 257, 1, 1])
estimate shape: torch.Size([24, 1724, 257, 1, 4])
target shape: torch.Size([24, 1724, 257, 1, 4])
mixture_phase shape: torch.Size([24, 257, 1723])
target_phase shape after adjust: torch.Size([24, 1723, 257, 1, 4])
mix_phase shape after adjust: torch.Size([24, 1723, 257, 1, 1])
estimate shape: torch.Size([24, 1724, 257, 1, 4])
target shape: torch.Size([24, 1724, 257, 1, 4])
mixture_phase shape: torch.Size([24, 257, 1723])
target_phase shape after adjust: torch.Size([24, 1723, 257, 1, 4])
mix_phase shape after adjust: torch.Size([24, 1723, 257, 1, 1])
estimate shape: torch.Size([24, 1724, 257, 1, 4])
target shape: torch.Size([24, 1724, 257, 1, 4])
mixture_phase shape: torch.Size([24, 257, 1723])
target_phase shape after adjust: torch.Size([24, 1723, 257, 1, 4])
mix_phase shape after adjust: torch.Size([24, 1723, 257, 1, 1])
estimate shape: torch.Size([24, 1724, 257, 1, 4])
target shape: torch.Size([24, 1724, 257, 1, 4])
mixture_phase shape: torch.Size([24, 257, 1723])
target_phase shape after adjust: torch.Size([24, 1723, 257, 1, 4])
mix_phase shape after adjust: torch.Size([24, 1723, 257, 1, 1])
estimate shape: torch.Size([24, 1724, 257, 1, 4])
target shape: torch.Size([24, 1724, 257, 1, 4])
mixture_phase shape: torch.Size([24, 257, 1723])
target_phase shape after adjust: torch.Size([24, 1723, 257, 1, 4])
mix_phase shape after adjust: torch.Size([24, 1723, 257, 1, 1])
estimate shape: torch.Size([24, 1724, 257, 1, 4])
target shape: torch.Size([24, 1724, 257, 1, 4])
mixture_phase shape: torch.Size([24, 257, 1723])
target_phase shape after adjust: torch.Size([24, 1723, 257, 1, 4])
mix_phase shape after adjust: torch.Size([24, 1723, 257, 1, 1])
estimate shape: torch.Size([24, 1724, 257, 1, 4])
target shape: torch.Size([24, 1724, 257, 1, 4])
mixture_phase shape: torch.Size([24, 257, 1723])
target_phase shape after adjust: torch.Size([24, 1723, 257, 1, 4])
mix_phase shape after adjust: torch.Size([24, 1723, 257, 1, 1])
estimate shape: torch.Size([24, 1724, 257, 1, 4])
target shape: torch.Size([24, 1724, 257, 1, 4])
mixture_phase shape: torch.Size([24, 257, 1723])
target_phase shape after adjust: torch.Size([24, 1723, 257, 1, 4])
mix_phase shape after adjust: torch.Size([24, 1723, 257, 1, 1])
estimate shape: torch.Size([24, 1724, 257, 1, 4])
target shape: torch.Size([24, 1724, 257, 1, 4])
mixture_phase shape: torch.Size([24, 257, 1723])
target_phase shape after adjust: torch.Size([24, 1723, 257, 1, 4])
mix_phase shape after adjust: torch.Size([24, 1723, 257, 1, 1])
estimate shape: torch.Size([24, 1724, 257, 1, 4])
target shape: torch.Size([24, 1724, 257, 1, 4])
mixture_phase shape: torch.Size([24, 257, 1723])
target_phase shape after adjust: torch.Size([24, 1723, 257, 1, 4])
mix_phase shape after adjust: torch.Size([24, 1723, 257, 1, 1])
estimate shape: torch.Size([24, 1724, 257, 1, 4])
target shape: torch.Size([24, 1724, 257, 1, 4])
mixture_phase shape: torch.Size([24, 257, 1723])
target_phase shape after adjust: torch.Size([24, 1723, 257, 1, 4])
mix_phase shape after adjust: torch.Size([24, 1723, 257, 1, 1])
estimate shape: torch.Size([24, 1724, 257, 1, 4])
target shape: torch.Size([24, 1724, 257, 1, 4])
mixture_phase shape: torch.Size([24, 257, 1723])
target_phase shape after adjust: torch.Size([24, 1723, 257, 1, 4])
mix_phase shape after adjust: torch.Size([24, 1723, 257, 1, 1])
estimate shape: torch.Size([24, 1724, 257, 1, 4])
target shape: torch.Size([24, 1724, 257, 1, 4])
mixture_phase shape: torch.Size([24, 257, 1723])
target_phase shape after adjust: torch.Size([24, 1723, 257, 1, 4])
mix_phase shape after adjust: torch.Size([24, 1723, 257, 1, 1])
estimate shape: torch.Size([24, 1724, 257, 1, 4])
target shape: torch.Size([24, 1724, 257, 1, 4])
mixture_phase shape: torch.Size([24, 257, 1723])
target_phase shape after adjust: torch.Size([24, 1723, 257, 1, 4])
mix_phase shape after adjust: torch.Size([24, 1723, 257, 1, 1])
estimate shape: torch.Size([24, 1724, 257, 1, 4])
target shape: torch.Size([24, 1724, 257, 1, 4])
mixture_phase shape: torch.Size([24, 257, 1723])
target_phase shape after adjust: torch.Size([24, 1723, 257, 1, 4])
mix_phase shape after adjust: torch.Size([24, 1723, 257, 1, 1])
estimate shape: torch.Size([24, 1724, 257, 1, 4])
target shape: torch.Size([24, 1724, 257, 1, 4])
mixture_phase shape: torch.Size([24, 257, 1723])
target_phase shape after adjust: torch.Size([24, 1723, 257, 1, 4])
mix_phase shape after adjust: torch.Size([24, 1723, 257, 1, 1])
estimate shape: torch.Size([24, 1724, 257, 1, 4])
target shape: torch.Size([24, 1724, 257, 1, 4])
mixture_phase shape: torch.Size([24, 257, 1723])
target_phase shape after adjust: torch.Size([24, 1723, 257, 1, 4])
mix_phase shape after adjust: torch.Size([24, 1723, 257, 1, 1])
estimate shape: torch.Size([8, 1724, 257, 1, 4])
target shape: torch.Size([8, 1724, 257, 1, 4])
mixture_phase shape: torch.Size([8, 257, 1723])
target_phase shape after adjust: torch.Size([8, 1723, 257, 1, 4])
mix_phase shape after adjust: torch.Size([8, 1723, 257, 1, 1])
[Validator] Epoch 74 - val_loss: 0.000012
[BEST CHECKPOINT] Guardado/actualizado en: checkpoints\Mis_modelos\lpsa_phase checkpoints\4stems\best_checkpoint_74_val_loss=-0.0000.pt
03/31/2026 06:08:52 PM | engine.py:1037 Engine run finished. Time taken: 00:00:25.906
[Epoch 74] train_loss=0.000010 | val_loss=0.000012
03/31/2026 06:08:52 PM | engine.py:1010 Epoch[74] Complete. Time taken: 00:00:48.014
03/31/2026 06:09:15 PM | engine.py:906 Engine run starting with max_epochs=1.
03/31/2026 06:09:41 PM | engine.py:1010 Epoch[1] Complete. Time taken: 00:00:25.867
estimate shape: torch.Size([24, 1724, 257, 1, 4])
target shape: torch.Size([24, 1724, 257, 1, 4])
mixture_phase shape: torch.Size([24, 257, 1723])
target_phase shape after adjust: torch.Size([24, 1723, 257, 1, 4])
mix_phase shape after adjust: torch.Size([24, 1723, 257, 1, 1])
estimate shape: torch.Size([24, 1724, 257, 1, 4])
target shape: torch.Size([24, 1724, 257, 1, 4])
mixture_phase shape: torch.Size([24, 257, 1723])
target_phase shape after adjust: torch.Size([24, 1723, 257, 1, 4])
mix_phase shape after adjust: torch.Size([24, 1723, 257, 1, 1])
estimate shape: torch.Size([24, 1724, 257, 1, 4])
target shape: torch.Size([24, 1724, 257, 1, 4])
mixture_phase shape: torch.Size([24, 257, 1723])
target_phase shape after adjust: torch.Size([24, 1723, 257, 1, 4])
mix_phase shape after adjust: torch.Size([24, 1723, 257, 1, 1])
estimate shape: torch.Size([24, 1724, 257, 1, 4])
target shape: torch.Size([24, 1724, 257, 1, 4])
mixture_phase shape: torch.Size([24, 257, 1723])
target_phase shape after adjust: torch.Size([24, 1723, 257, 1, 4])
mix_phase shape after adjust: torch.Size([24, 1723, 257, 1, 1])
estimate shape: torch.Size([24, 1724, 257, 1, 4])
target shape: torch.Size([24, 1724, 257, 1, 4])
mixture_phase shape: torch.Size([24, 257, 1723])
target_phase shape after adjust: torch.Size([24, 1723, 257, 1, 4])
mix_phase shape after adjust: torch.Size([24, 1723, 257, 1, 1])
estimate shape: torch.Size([24, 1724, 257, 1, 4])
target shape: torch.Size([24, 1724, 257, 1, 4])
mixture_phase shape: torch.Size([24, 257, 1723])
target_phase shape after adjust: torch.Size([24, 1723, 257, 1, 4])
mix_phase shape after adjust: torch.Size([24, 1723, 257, 1, 1])
estimate shape: torch.Size([24, 1724, 257, 1, 4])
target shape: torch.Size([24, 1724, 257, 1, 4])
mixture_phase shape: torch.Size([24, 257, 1723])
target_phase shape after adjust: torch.Size([24, 1723, 257, 1, 4])
mix_phase shape after adjust: torch.Size([24, 1723, 257, 1, 1])
estimate shape: torch.Size([24, 1724, 257, 1, 4])
target shape: torch.Size([24, 1724, 257, 1, 4])
mixture_phase shape: torch.Size([24, 257, 1723])
target_phase shape after adjust: torch.Size([24, 1723, 257, 1, 4])
mix_phase shape after adjust: torch.Size([24, 1723, 257, 1, 1])
estimate shape: torch.Size([24, 1724, 257, 1, 4])
target shape: torch.Size([24, 1724, 257, 1, 4])
mixture_phase shape: torch.Size([24, 257, 1723])
target_phase shape after adjust: torch.Size([24, 1723, 257, 1, 4])
mix_phase shape after adjust: torch.Size([24, 1723, 257, 1, 1])
estimate shape: torch.Size([24, 1724, 257, 1, 4])
target shape: torch.Size([24, 1724, 257, 1, 4])
mixture_phase shape: torch.Size([24, 257, 1723])
target_phase shape after adjust: torch.Size([24, 1723, 257, 1, 4])
mix_phase shape after adjust: torch.Size([24, 1723, 257, 1, 1])
estimate shape: torch.Size([24, 1724, 257, 1, 4])
target shape: torch.Size([24, 1724, 257, 1, 4])
mixture_phase shape: torch.Size([24, 257, 1723])
target_phase shape after adjust: torch.Size([24, 1723, 257, 1, 4])
mix_phase shape after adjust: torch.Size([24, 1723, 257, 1, 1])
estimate shape: torch.Size([24, 1724, 257, 1, 4])
target shape: torch.Size([24, 1724, 257, 1, 4])
mixture_phase shape: torch.Size([24, 257, 1723])
target_phase shape after adjust: torch.Size([24, 1723, 257, 1, 4])
mix_phase shape after adjust: torch.Size([24, 1723, 257, 1, 1])
estimate shape: torch.Size([24, 1724, 257, 1, 4])
target shape: torch.Size([24, 1724, 257, 1, 4])
mixture_phase shape: torch.Size([24, 257, 1723])
target_phase shape after adjust: torch.Size([24, 1723, 257, 1, 4])
mix_phase shape after adjust: torch.Size([24, 1723, 257, 1, 1])
estimate shape: torch.Size([24, 1724, 257, 1, 4])
target shape: torch.Size([24, 1724, 257, 1, 4])
mixture_phase shape: torch.Size([24, 257, 1723])
target_phase shape after adjust: torch.Size([24, 1723, 257, 1, 4])
mix_phase shape after adjust: torch.Size([24, 1723, 257, 1, 1])
estimate shape: torch.Size([24, 1724, 257, 1, 4])
target shape: torch.Size([24, 1724, 257, 1, 4])
mixture_phase shape: torch.Size([24, 257, 1723])
target_phase shape after adjust: torch.Size([24, 1723, 257, 1, 4])
mix_phase shape after adjust: torch.Size([24, 1723, 257, 1, 1])
estimate shape: torch.Size([24, 1724, 257, 1, 4])
target shape: torch.Size([24, 1724, 257, 1, 4])
mixture_phase shape: torch.Size([24, 257, 1723])
target_phase shape after adjust: torch.Size([24, 1723, 257, 1, 4])
mix_phase shape after adjust: torch.Size([24, 1723, 257, 1, 1])
estimate shape: torch.Size([24, 1724, 257, 1, 4])
target shape: torch.Size([24, 1724, 257, 1, 4])
mixture_phase shape: torch.Size([24, 257, 1723])
target_phase shape after adjust: torch.Size([24, 1723, 257, 1, 4])
mix_phase shape after adjust: torch.Size([24, 1723, 257, 1, 1])
estimate shape: torch.Size([24, 1724, 257, 1, 4])
target shape: torch.Size([24, 1724, 257, 1, 4])
mixture_phase shape: torch.Size([24, 257, 1723])
target_phase shape after adjust: torch.Size([24, 1723, 257, 1, 4])
mix_phase shape after adjust: torch.Size([24, 1723, 257, 1, 1])
estimate shape: torch.Size([8, 1724, 257, 1, 4])
target shape: torch.Size([8, 1724, 257, 1, 4])
mixture_phase shape: torch.Size([8, 257, 1723])
target_phase shape after adjust: torch.Size([8, 1723, 257, 1, 4])
mix_phase shape after adjust: torch.Size([8, 1723, 257, 1, 1])
[Validator] Epoch 75 - val_loss: 0.000012
[BEST CHECKPOINT] Guardado/actualizado en: checkpoints\Mis_modelos\lpsa_phase checkpoints\4stems\best_checkpoint_74_val_loss=-0.0000.pt
03/31/2026 06:09:41 PM | engine.py:1037 Engine run finished. Time taken: 00:00:25.868
[Epoch 75] train_loss=0.000011 | val_loss=0.000012
03/31/2026 06:09:41 PM | engine.py:1010 Epoch[75] Complete. Time taken: 00:00:48.264
03/31/2026 06:10:04 PM | engine.py:906 Engine run starting with max_epochs=1.
03/31/2026 06:10:29 PM | engine.py:1010 Epoch[1] Complete. Time taken: 00:00:25.800
estimate shape: torch.Size([24, 1724, 257, 1, 4])
target shape: torch.Size([24, 1724, 257, 1, 4])
mixture_phase shape: torch.Size([24, 257, 1723])
target_phase shape after adjust: torch.Size([24, 1723, 257, 1, 4])
mix_phase shape after adjust: torch.Size([24, 1723, 257, 1, 1])
estimate shape: torch.Size([24, 1724, 257, 1, 4])
target shape: torch.Size([24, 1724, 257, 1, 4])
mixture_phase shape: torch.Size([24, 257, 1723])
target_phase shape after adjust: torch.Size([24, 1723, 257, 1, 4])
mix_phase shape after adjust: torch.Size([24, 1723, 257, 1, 1])
estimate shape: torch.Size([24, 1724, 257, 1, 4])
target shape: torch.Size([24, 1724, 257, 1, 4])
mixture_phase shape: torch.Size([24, 257, 1723])
target_phase shape after adjust: torch.Size([24, 1723, 257, 1, 4])
mix_phase shape after adjust: torch.Size([24, 1723, 257, 1, 1])
estimate shape: torch.Size([24, 1724, 257, 1, 4])
target shape: torch.Size([24, 1724, 257, 1, 4])
mixture_phase shape: torch.Size([24, 257, 1723])
target_phase shape after adjust: torch.Size([24, 1723, 257, 1, 4])
mix_phase shape after adjust: torch.Size([24, 1723, 257, 1, 1])
estimate shape: torch.Size([24, 1724, 257, 1, 4])
target shape: torch.Size([24, 1724, 257, 1, 4])
mixture_phase shape: torch.Size([24, 257, 1723])
target_phase shape after adjust: torch.Size([24, 1723, 257, 1, 4])
mix_phase shape after adjust: torch.Size([24, 1723, 257, 1, 1])
estimate shape: torch.Size([24, 1724, 257, 1, 4])
target shape: torch.Size([24, 1724, 257, 1, 4])
mixture_phase shape: torch.Size([24, 257, 1723])
target_phase shape after adjust: torch.Size([24, 1723, 257, 1, 4])
mix_phase shape after adjust: torch.Size([24, 1723, 257, 1, 1])
estimate shape: torch.Size([24, 1724, 257, 1, 4])
target shape: torch.Size([24, 1724, 257, 1, 4])
mixture_phase shape: torch.Size([24, 257, 1723])
target_phase shape after adjust: torch.Size([24, 1723, 257, 1, 4])
mix_phase shape after adjust: torch.Size([24, 1723, 257, 1, 1])
estimate shape: torch.Size([24, 1724, 257, 1, 4])
target shape: torch.Size([24, 1724, 257, 1, 4])
mixture_phase shape: torch.Size([24, 257, 1723])
target_phase shape after adjust: torch.Size([24, 1723, 257, 1, 4])
mix_phase shape after adjust: torch.Size([24, 1723, 257, 1, 1])
estimate shape: torch.Size([24, 1724, 257, 1, 4])
target shape: torch.Size([24, 1724, 257, 1, 4])
mixture_phase shape: torch.Size([24, 257, 1723])
target_phase shape after adjust: torch.Size([24, 1723, 257, 1, 4])
mix_phase shape after adjust: torch.Size([24, 1723, 257, 1, 1])
estimate shape: torch.Size([24, 1724, 257, 1, 4])
target shape: torch.Size([24, 1724, 257, 1, 4])
mixture_phase shape: torch.Size([24, 257, 1723])
target_phase shape after adjust: torch.Size([24, 1723, 257, 1, 4])
mix_phase shape after adjust: torch.Size([24, 1723, 257, 1, 1])
estimate shape: torch.Size([24, 1724, 257, 1, 4])
target shape: torch.Size([24, 1724, 257, 1, 4])
mixture_phase shape: torch.Size([24, 257, 1723])
target_phase shape after adjust: torch.Size([24, 1723, 257, 1, 4])
mix_phase shape after adjust: torch.Size([24, 1723, 257, 1, 1])
estimate shape: torch.Size([24, 1724, 257, 1, 4])
target shape: torch.Size([24, 1724, 257, 1, 4])
mixture_phase shape: torch.Size([24, 257, 1723])
target_phase shape after adjust: torch.Size([24, 1723, 257, 1, 4])
mix_phase shape after adjust: torch.Size([24, 1723, 257, 1, 1])
estimate shape: torch.Size([24, 1724, 257, 1, 4])
target shape: torch.Size([24, 1724, 257, 1, 4])
mixture_phase shape: torch.Size([24, 257, 1723])
target_phase shape after adjust: torch.Size([24, 1723, 257, 1, 4])
mix_phase shape after adjust: torch.Size([24, 1723, 257, 1, 1])
estimate shape: torch.Size([24, 1724, 257, 1, 4])
target shape: torch.Size([24, 1724, 257, 1, 4])
mixture_phase shape: torch.Size([24, 257, 1723])
target_phase shape after adjust: torch.Size([24, 1723, 257, 1, 4])
mix_phase shape after adjust: torch.Size([24, 1723, 257, 1, 1])
estimate shape: torch.Size([24, 1724, 257, 1, 4])
target shape: torch.Size([24, 1724, 257, 1, 4])
mixture_phase shape: torch.Size([24, 257, 1723])
target_phase shape after adjust: torch.Size([24, 1723, 257, 1, 4])
mix_phase shape after adjust: torch.Size([24, 1723, 257, 1, 1])
estimate shape: torch.Size([24, 1724, 257, 1, 4])
target shape: torch.Size([24, 1724, 257, 1, 4])
mixture_phase shape: torch.Size([24, 257, 1723])
target_phase shape after adjust: torch.Size([24, 1723, 257, 1, 4])
mix_phase shape after adjust: torch.Size([24, 1723, 257, 1, 1])
estimate shape: torch.Size([24, 1724, 257, 1, 4])
target shape: torch.Size([24, 1724, 257, 1, 4])
mixture_phase shape: torch.Size([24, 257, 1723])
target_phase shape after adjust: torch.Size([24, 1723, 257, 1, 4])
mix_phase shape after adjust: torch.Size([24, 1723, 257, 1, 1])
estimate shape: torch.Size([24, 1724, 257, 1, 4])
target shape: torch.Size([24, 1724, 257, 1, 4])
mixture_phase shape: torch.Size([24, 257, 1723])
target_phase shape after adjust: torch.Size([24, 1723, 257, 1, 4])
mix_phase shape after adjust: torch.Size([24, 1723, 257, 1, 1])
estimate shape: torch.Size([8, 1724, 257, 1, 4])
target shape: torch.Size([8, 1724, 257, 1, 4])
mixture_phase shape: torch.Size([8, 257, 1723])
target_phase shape after adjust: torch.Size([8, 1723, 257, 1, 4])
mix_phase shape after adjust: torch.Size([8, 1723, 257, 1, 1])
[Validator] Epoch 76 - val_loss: 0.000012
[BEST CHECKPOINT] Guardado/actualizado en: checkpoints\Mis_modelos\lpsa_phase checkpoints\4stems\best_checkpoint_76_val_loss=-0.0000.pt
03/31/2026 06:10:30 PM | engine.py:1037 Engine run finished. Time taken: 00:00:25.811
[Epoch 76] train_loss=0.000011 | val_loss=0.000012
03/31/2026 06:10:30 PM | engine.py:1010 Epoch[76] Complete. Time taken: 00:00:48.855
03/31/2026 06:10:52 PM | engine.py:906 Engine run starting with max_epochs=1.
03/31/2026 06:11:18 PM | engine.py:1010 Epoch[1] Complete. Time taken: 00:00:26.369
estimate shape: torch.Size([24, 1724, 257, 1, 4])
target shape: torch.Size([24, 1724, 257, 1, 4])
mixture_phase shape: torch.Size([24, 257, 1723])
target_phase shape after adjust: torch.Size([24, 1723, 257, 1, 4])
mix_phase shape after adjust: torch.Size([24, 1723, 257, 1, 1])
estimate shape: torch.Size([24, 1724, 257, 1, 4])
target shape: torch.Size([24, 1724, 257, 1, 4])
mixture_phase shape: torch.Size([24, 257, 1723])
target_phase shape after adjust: torch.Size([24, 1723, 257, 1, 4])
mix_phase shape after adjust: torch.Size([24, 1723, 257, 1, 1])
estimate shape: torch.Size([24, 1724, 257, 1, 4])
target shape: torch.Size([24, 1724, 257, 1, 4])
mixture_phase shape: torch.Size([24, 257, 1723])
target_phase shape after adjust: torch.Size([24, 1723, 257, 1, 4])
mix_phase shape after adjust: torch.Size([24, 1723, 257, 1, 1])
estimate shape: torch.Size([24, 1724, 257, 1, 4])
target shape: torch.Size([24, 1724, 257, 1, 4])
mixture_phase shape: torch.Size([24, 257, 1723])
target_phase shape after adjust: torch.Size([24, 1723, 257, 1, 4])
mix_phase shape after adjust: torch.Size([24, 1723, 257, 1, 1])
estimate shape: torch.Size([24, 1724, 257, 1, 4])
target shape: torch.Size([24, 1724, 257, 1, 4])
mixture_phase shape: torch.Size([24, 257, 1723])
target_phase shape after adjust: torch.Size([24, 1723, 257, 1, 4])
mix_phase shape after adjust: torch.Size([24, 1723, 257, 1, 1])
estimate shape: torch.Size([24, 1724, 257, 1, 4])
target shape: torch.Size([24, 1724, 257, 1, 4])
mixture_phase shape: torch.Size([24, 257, 1723])
target_phase shape after adjust: torch.Size([24, 1723, 257, 1, 4])
mix_phase shape after adjust: torch.Size([24, 1723, 257, 1, 1])
estimate shape: torch.Size([24, 1724, 257, 1, 4])
target shape: torch.Size([24, 1724, 257, 1, 4])
mixture_phase shape: torch.Size([24, 257, 1723])
target_phase shape after adjust: torch.Size([24, 1723, 257, 1, 4])
mix_phase shape after adjust: torch.Size([24, 1723, 257, 1, 1])
estimate shape: torch.Size([24, 1724, 257, 1, 4])
target shape: torch.Size([24, 1724, 257, 1, 4])
mixture_phase shape: torch.Size([24, 257, 1723])
target_phase shape after adjust: torch.Size([24, 1723, 257, 1, 4])
mix_phase shape after adjust: torch.Size([24, 1723, 257, 1, 1])
estimate shape: torch.Size([24, 1724, 257, 1, 4])
target shape: torch.Size([24, 1724, 257, 1, 4])
mixture_phase shape: torch.Size([24, 257, 1723])
target_phase shape after adjust: torch.Size([24, 1723, 257, 1, 4])
mix_phase shape after adjust: torch.Size([24, 1723, 257, 1, 1])
estimate shape: torch.Size([24, 1724, 257, 1, 4])
target shape: torch.Size([24, 1724, 257, 1, 4])
mixture_phase shape: torch.Size([24, 257, 1723])
target_phase shape after adjust: torch.Size([24, 1723, 257, 1, 4])
mix_phase shape after adjust: torch.Size([24, 1723, 257, 1, 1])
estimate shape: torch.Size([24, 1724, 257, 1, 4])
target shape: torch.Size([24, 1724, 257, 1, 4])
mixture_phase shape: torch.Size([24, 257, 1723])
target_phase shape after adjust: torch.Size([24, 1723, 257, 1, 4])
mix_phase shape after adjust: torch.Size([24, 1723, 257, 1, 1])
estimate shape: torch.Size([24, 1724, 257, 1, 4])
target shape: torch.Size([24, 1724, 257, 1, 4])
mixture_phase shape: torch.Size([24, 257, 1723])
target_phase shape after adjust: torch.Size([24, 1723, 257, 1, 4])
mix_phase shape after adjust: torch.Size([24, 1723, 257, 1, 1])
estimate shape: torch.Size([24, 1724, 257, 1, 4])
target shape: torch.Size([24, 1724, 257, 1, 4])
mixture_phase shape: torch.Size([24, 257, 1723])
target_phase shape after adjust: torch.Size([24, 1723, 257, 1, 4])
mix_phase shape after adjust: torch.Size([24, 1723, 257, 1, 1])
estimate shape: torch.Size([24, 1724, 257, 1, 4])
target shape: torch.Size([24, 1724, 257, 1, 4])
mixture_phase shape: torch.Size([24, 257, 1723])
target_phase shape after adjust: torch.Size([24, 1723, 257, 1, 4])
mix_phase shape after adjust: torch.Size([24, 1723, 257, 1, 1])
estimate shape: torch.Size([24, 1724, 257, 1, 4])
target shape: torch.Size([24, 1724, 257, 1, 4])
mixture_phase shape: torch.Size([24, 257, 1723])
target_phase shape after adjust: torch.Size([24, 1723, 257, 1, 4])
mix_phase shape after adjust: torch.Size([24, 1723, 257, 1, 1])
estimate shape: torch.Size([24, 1724, 257, 1, 4])
target shape: torch.Size([24, 1724, 257, 1, 4])
mixture_phase shape: torch.Size([24, 257, 1723])
target_phase shape after adjust: torch.Size([24, 1723, 257, 1, 4])
mix_phase shape after adjust: torch.Size([24, 1723, 257, 1, 1])
estimate shape: torch.Size([24, 1724, 257, 1, 4])
target shape: torch.Size([24, 1724, 257, 1, 4])
mixture_phase shape: torch.Size([24, 257, 1723])
target_phase shape after adjust: torch.Size([24, 1723, 257, 1, 4])
mix_phase shape after adjust: torch.Size([24, 1723, 257, 1, 1])
estimate shape: torch.Size([24, 1724, 257, 1, 4])
target shape: torch.Size([24, 1724, 257, 1, 4])
mixture_phase shape: torch.Size([24, 257, 1723])
target_phase shape after adjust: torch.Size([24, 1723, 257, 1, 4])
mix_phase shape after adjust: torch.Size([24, 1723, 257, 1, 1])
estimate shape: torch.Size([8, 1724, 257, 1, 4])
target shape: torch.Size([8, 1724, 257, 1, 4])
mixture_phase shape: torch.Size([8, 257, 1723])
target_phase shape after adjust: torch.Size([8, 1723, 257, 1, 4])
mix_phase shape after adjust: torch.Size([8, 1723, 257, 1, 1])
[Validator] Epoch 77 - val_loss: 0.000012
[BEST CHECKPOINT] Guardado/actualizado en: checkpoints\Mis_modelos\lpsa_phase checkpoints\4stems\best_checkpoint_76_val_loss=-0.0000.pt
03/31/2026 06:11:18 PM | engine.py:1037 Engine run finished. Time taken: 00:00:26.370
[Epoch 77] train_loss=0.000011 | val_loss=0.000012
03/31/2026 06:11:18 PM | engine.py:1010 Epoch[77] Complete. Time taken: 00:00:48.835
03/31/2026 06:11:41 PM | engine.py:906 Engine run starting with max_epochs=1.
03/31/2026 06:12:07 PM | engine.py:1010 Epoch[1] Complete. Time taken: 00:00:26.473
estimate shape: torch.Size([24, 1724, 257, 1, 4])
target shape: torch.Size([24, 1724, 257, 1, 4])
mixture_phase shape: torch.Size([24, 257, 1723])
target_phase shape after adjust: torch.Size([24, 1723, 257, 1, 4])
mix_phase shape after adjust: torch.Size([24, 1723, 257, 1, 1])
estimate shape: torch.Size([24, 1724, 257, 1, 4])
target shape: torch.Size([24, 1724, 257, 1, 4])
mixture_phase shape: torch.Size([24, 257, 1723])
target_phase shape after adjust: torch.Size([24, 1723, 257, 1, 4])
mix_phase shape after adjust: torch.Size([24, 1723, 257, 1, 1])
estimate shape: torch.Size([24, 1724, 257, 1, 4])
target shape: torch.Size([24, 1724, 257, 1, 4])
mixture_phase shape: torch.Size([24, 257, 1723])
target_phase shape after adjust: torch.Size([24, 1723, 257, 1, 4])
mix_phase shape after adjust: torch.Size([24, 1723, 257, 1, 1])
estimate shape: torch.Size([24, 1724, 257, 1, 4])
target shape: torch.Size([24, 1724, 257, 1, 4])
mixture_phase shape: torch.Size([24, 257, 1723])
target_phase shape after adjust: torch.Size([24, 1723, 257, 1, 4])
mix_phase shape after adjust: torch.Size([24, 1723, 257, 1, 1])
estimate shape: torch.Size([24, 1724, 257, 1, 4])
target shape: torch.Size([24, 1724, 257, 1, 4])
mixture_phase shape: torch.Size([24, 257, 1723])
target_phase shape after adjust: torch.Size([24, 1723, 257, 1, 4])
mix_phase shape after adjust: torch.Size([24, 1723, 257, 1, 1])
estimate shape: torch.Size([24, 1724, 257, 1, 4])
target shape: torch.Size([24, 1724, 257, 1, 4])
mixture_phase shape: torch.Size([24, 257, 1723])
target_phase shape after adjust: torch.Size([24, 1723, 257, 1, 4])
mix_phase shape after adjust: torch.Size([24, 1723, 257, 1, 1])
estimate shape: torch.Size([24, 1724, 257, 1, 4])
target shape: torch.Size([24, 1724, 257, 1, 4])
mixture_phase shape: torch.Size([24, 257, 1723])
target_phase shape after adjust: torch.Size([24, 1723, 257, 1, 4])
mix_phase shape after adjust: torch.Size([24, 1723, 257, 1, 1])
estimate shape: torch.Size([24, 1724, 257, 1, 4])
target shape: torch.Size([24, 1724, 257, 1, 4])
mixture_phase shape: torch.Size([24, 257, 1723])
target_phase shape after adjust: torch.Size([24, 1723, 257, 1, 4])
mix_phase shape after adjust: torch.Size([24, 1723, 257, 1, 1])
estimate shape: torch.Size([24, 1724, 257, 1, 4])
target shape: torch.Size([24, 1724, 257, 1, 4])
mixture_phase shape: torch.Size([24, 257, 1723])
target_phase shape after adjust: torch.Size([24, 1723, 257, 1, 4])
mix_phase shape after adjust: torch.Size([24, 1723, 257, 1, 1])
estimate shape: torch.Size([24, 1724, 257, 1, 4])
target shape: torch.Size([24, 1724, 257, 1, 4])
mixture_phase shape: torch.Size([24, 257, 1723])
target_phase shape after adjust: torch.Size([24, 1723, 257, 1, 4])
mix_phase shape after adjust: torch.Size([24, 1723, 257, 1, 1])
estimate shape: torch.Size([24, 1724, 257, 1, 4])
target shape: torch.Size([24, 1724, 257, 1, 4])
mixture_phase shape: torch.Size([24, 257, 1723])
target_phase shape after adjust: torch.Size([24, 1723, 257, 1, 4])
mix_phase shape after adjust: torch.Size([24, 1723, 257, 1, 1])
estimate shape: torch.Size([24, 1724, 257, 1, 4])
target shape: torch.Size([24, 1724, 257, 1, 4])
mixture_phase shape: torch.Size([24, 257, 1723])
target_phase shape after adjust: torch.Size([24, 1723, 257, 1, 4])
mix_phase shape after adjust: torch.Size([24, 1723, 257, 1, 1])
estimate shape: torch.Size([24, 1724, 257, 1, 4])
target shape: torch.Size([24, 1724, 257, 1, 4])
mixture_phase shape: torch.Size([24, 257, 1723])
target_phase shape after adjust: torch.Size([24, 1723, 257, 1, 4])
mix_phase shape after adjust: torch.Size([24, 1723, 257, 1, 1])
estimate shape: torch.Size([24, 1724, 257, 1, 4])
target shape: torch.Size([24, 1724, 257, 1, 4])
mixture_phase shape: torch.Size([24, 257, 1723])
target_phase shape after adjust: torch.Size([24, 1723, 257, 1, 4])
mix_phase shape after adjust: torch.Size([24, 1723, 257, 1, 1])
estimate shape: torch.Size([24, 1724, 257, 1, 4])
target shape: torch.Size([24, 1724, 257, 1, 4])
mixture_phase shape: torch.Size([24, 257, 1723])
target_phase shape after adjust: torch.Size([24, 1723, 257, 1, 4])
mix_phase shape after adjust: torch.Size([24, 1723, 257, 1, 1])
estimate shape: torch.Size([24, 1724, 257, 1, 4])
target shape: torch.Size([24, 1724, 257, 1, 4])
mixture_phase shape: torch.Size([24, 257, 1723])
target_phase shape after adjust: torch.Size([24, 1723, 257, 1, 4])
mix_phase shape after adjust: torch.Size([24, 1723, 257, 1, 1])
estimate shape: torch.Size([24, 1724, 257, 1, 4])
target shape: torch.Size([24, 1724, 257, 1, 4])
mixture_phase shape: torch.Size([24, 257, 1723])
target_phase shape after adjust: torch.Size([24, 1723, 257, 1, 4])
mix_phase shape after adjust: torch.Size([24, 1723, 257, 1, 1])
estimate shape: torch.Size([24, 1724, 257, 1, 4])
target shape: torch.Size([24, 1724, 257, 1, 4])
mixture_phase shape: torch.Size([24, 257, 1723])
target_phase shape after adjust: torch.Size([24, 1723, 257, 1, 4])
mix_phase shape after adjust: torch.Size([24, 1723, 257, 1, 1])
estimate shape: torch.Size([8, 1724, 257, 1, 4])
target shape: torch.Size([8, 1724, 257, 1, 4])
mixture_phase shape: torch.Size([8, 257, 1723])
target_phase shape after adjust: torch.Size([8, 1723, 257, 1, 4])
mix_phase shape after adjust: torch.Size([8, 1723, 257, 1, 1])
[Validator] Epoch 78 - val_loss: 0.000012
[BEST CHECKPOINT] Guardado/actualizado en: checkpoints\Mis_modelos\lpsa_phase checkpoints\4stems\best_checkpoint_76_val_loss=-0.0000.pt
03/31/2026 06:12:07 PM | engine.py:1037 Engine run finished. Time taken: 00:00:26.475
[Epoch 78] train_loss=0.000011 | val_loss=0.000012
03/31/2026 06:12:07 PM | engine.py:1010 Epoch[78] Complete. Time taken: 00:00:48.975
03/31/2026 06:12:30 PM | engine.py:906 Engine run starting with max_epochs=1.
03/31/2026 06:12:55 PM | engine.py:1010 Epoch[1] Complete. Time taken: 00:00:25.631
estimate shape: torch.Size([24, 1724, 257, 1, 4])
target shape: torch.Size([24, 1724, 257, 1, 4])
mixture_phase shape: torch.Size([24, 257, 1723])
target_phase shape after adjust: torch.Size([24, 1723, 257, 1, 4])
mix_phase shape after adjust: torch.Size([24, 1723, 257, 1, 1])
estimate shape: torch.Size([24, 1724, 257, 1, 4])
target shape: torch.Size([24, 1724, 257, 1, 4])
mixture_phase shape: torch.Size([24, 257, 1723])
target_phase shape after adjust: torch.Size([24, 1723, 257, 1, 4])
mix_phase shape after adjust: torch.Size([24, 1723, 257, 1, 1])
estimate shape: torch.Size([24, 1724, 257, 1, 4])
target shape: torch.Size([24, 1724, 257, 1, 4])
mixture_phase shape: torch.Size([24, 257, 1723])
target_phase shape after adjust: torch.Size([24, 1723, 257, 1, 4])
mix_phase shape after adjust: torch.Size([24, 1723, 257, 1, 1])
estimate shape: torch.Size([24, 1724, 257, 1, 4])
target shape: torch.Size([24, 1724, 257, 1, 4])
mixture_phase shape: torch.Size([24, 257, 1723])
target_phase shape after adjust: torch.Size([24, 1723, 257, 1, 4])
mix_phase shape after adjust: torch.Size([24, 1723, 257, 1, 1])
estimate shape: torch.Size([24, 1724, 257, 1, 4])
target shape: torch.Size([24, 1724, 257, 1, 4])
mixture_phase shape: torch.Size([24, 257, 1723])
target_phase shape after adjust: torch.Size([24, 1723, 257, 1, 4])
mix_phase shape after adjust: torch.Size([24, 1723, 257, 1, 1])
estimate shape: torch.Size([24, 1724, 257, 1, 4])
target shape: torch.Size([24, 1724, 257, 1, 4])
mixture_phase shape: torch.Size([24, 257, 1723])
target_phase shape after adjust: torch.Size([24, 1723, 257, 1, 4])
mix_phase shape after adjust: torch.Size([24, 1723, 257, 1, 1])
estimate shape: torch.Size([24, 1724, 257, 1, 4])
target shape: torch.Size([24, 1724, 257, 1, 4])
mixture_phase shape: torch.Size([24, 257, 1723])
target_phase shape after adjust: torch.Size([24, 1723, 257, 1, 4])
mix_phase shape after adjust: torch.Size([24, 1723, 257, 1, 1])
estimate shape: torch.Size([24, 1724, 257, 1, 4])
target shape: torch.Size([24, 1724, 257, 1, 4])
mixture_phase shape: torch.Size([24, 257, 1723])
target_phase shape after adjust: torch.Size([24, 1723, 257, 1, 4])
mix_phase shape after adjust: torch.Size([24, 1723, 257, 1, 1])
estimate shape: torch.Size([24, 1724, 257, 1, 4])
target shape: torch.Size([24, 1724, 257, 1, 4])
mixture_phase shape: torch.Size([24, 257, 1723])
target_phase shape after adjust: torch.Size([24, 1723, 257, 1, 4])
mix_phase shape after adjust: torch.Size([24, 1723, 257, 1, 1])
estimate shape: torch.Size([24, 1724, 257, 1, 4])
target shape: torch.Size([24, 1724, 257, 1, 4])
mixture_phase shape: torch.Size([24, 257, 1723])
target_phase shape after adjust: torch.Size([24, 1723, 257, 1, 4])
mix_phase shape after adjust: torch.Size([24, 1723, 257, 1, 1])
estimate shape: torch.Size([24, 1724, 257, 1, 4])
target shape: torch.Size([24, 1724, 257, 1, 4])
mixture_phase shape: torch.Size([24, 257, 1723])
target_phase shape after adjust: torch.Size([24, 1723, 257, 1, 4])
mix_phase shape after adjust: torch.Size([24, 1723, 257, 1, 1])
estimate shape: torch.Size([24, 1724, 257, 1, 4])
target shape: torch.Size([24, 1724, 257, 1, 4])
mixture_phase shape: torch.Size([24, 257, 1723])
target_phase shape after adjust: torch.Size([24, 1723, 257, 1, 4])
mix_phase shape after adjust: torch.Size([24, 1723, 257, 1, 1])
estimate shape: torch.Size([24, 1724, 257, 1, 4])
target shape: torch.Size([24, 1724, 257, 1, 4])
mixture_phase shape: torch.Size([24, 257, 1723])
target_phase shape after adjust: torch.Size([24, 1723, 257, 1, 4])
mix_phase shape after adjust: torch.Size([24, 1723, 257, 1, 1])
estimate shape: torch.Size([24, 1724, 257, 1, 4])
target shape: torch.Size([24, 1724, 257, 1, 4])
mixture_phase shape: torch.Size([24, 257, 1723])
target_phase shape after adjust: torch.Size([24, 1723, 257, 1, 4])
mix_phase shape after adjust: torch.Size([24, 1723, 257, 1, 1])
estimate shape: torch.Size([24, 1724, 257, 1, 4])
target shape: torch.Size([24, 1724, 257, 1, 4])
mixture_phase shape: torch.Size([24, 257, 1723])
target_phase shape after adjust: torch.Size([24, 1723, 257, 1, 4])
mix_phase shape after adjust: torch.Size([24, 1723, 257, 1, 1])
estimate shape: torch.Size([24, 1724, 257, 1, 4])
target shape: torch.Size([24, 1724, 257, 1, 4])
mixture_phase shape: torch.Size([24, 257, 1723])
target_phase shape after adjust: torch.Size([24, 1723, 257, 1, 4])
mix_phase shape after adjust: torch.Size([24, 1723, 257, 1, 1])
estimate shape: torch.Size([24, 1724, 257, 1, 4])
target shape: torch.Size([24, 1724, 257, 1, 4])
mixture_phase shape: torch.Size([24, 257, 1723])
target_phase shape after adjust: torch.Size([24, 1723, 257, 1, 4])
mix_phase shape after adjust: torch.Size([24, 1723, 257, 1, 1])
estimate shape: torch.Size([24, 1724, 257, 1, 4])
target shape: torch.Size([24, 1724, 257, 1, 4])
mixture_phase shape: torch.Size([24, 257, 1723])
target_phase shape after adjust: torch.Size([24, 1723, 257, 1, 4])
mix_phase shape after adjust: torch.Size([24, 1723, 257, 1, 1])
estimate shape: torch.Size([8, 1724, 257, 1, 4])
target shape: torch.Size([8, 1724, 257, 1, 4])
mixture_phase shape: torch.Size([8, 257, 1723])
target_phase shape after adjust: torch.Size([8, 1723, 257, 1, 4])
mix_phase shape after adjust: torch.Size([8, 1723, 257, 1, 1])
[Validator] Epoch 79 - val_loss: 0.000012
[BEST CHECKPOINT] Guardado/actualizado en: checkpoints\Mis_modelos\lpsa_phase checkpoints\4stems\best_checkpoint_79_val_loss=-0.0000.pt
03/31/2026 06:12:55 PM | engine.py:1037 Engine run finished. Time taken: 00:00:25.640
[Epoch 79] train_loss=0.000011 | val_loss=0.000012
03/31/2026 06:12:55 PM | engine.py:1010 Epoch[79] Complete. Time taken: 00:00:47.885
03/31/2026 06:13:17 PM | engine.py:906 Engine run starting with max_epochs=1.
03/31/2026 06:13:43 PM | engine.py:1010 Epoch[1] Complete. Time taken: 00:00:26.158
estimate shape: torch.Size([24, 1724, 257, 1, 4])
target shape: torch.Size([24, 1724, 257, 1, 4])
mixture_phase shape: torch.Size([24, 257, 1723])
target_phase shape after adjust: torch.Size([24, 1723, 257, 1, 4])
mix_phase shape after adjust: torch.Size([24, 1723, 257, 1, 1])
estimate shape: torch.Size([24, 1724, 257, 1, 4])
target shape: torch.Size([24, 1724, 257, 1, 4])
mixture_phase shape: torch.Size([24, 257, 1723])
target_phase shape after adjust: torch.Size([24, 1723, 257, 1, 4])
mix_phase shape after adjust: torch.Size([24, 1723, 257, 1, 1])
estimate shape: torch.Size([24, 1724, 257, 1, 4])
target shape: torch.Size([24, 1724, 257, 1, 4])
mixture_phase shape: torch.Size([24, 257, 1723])
target_phase shape after adjust: torch.Size([24, 1723, 257, 1, 4])
mix_phase shape after adjust: torch.Size([24, 1723, 257, 1, 1])
estimate shape: torch.Size([24, 1724, 257, 1, 4])
target shape: torch.Size([24, 1724, 257, 1, 4])
mixture_phase shape: torch.Size([24, 257, 1723])
target_phase shape after adjust: torch.Size([24, 1723, 257, 1, 4])
mix_phase shape after adjust: torch.Size([24, 1723, 257, 1, 1])
estimate shape: torch.Size([24, 1724, 257, 1, 4])
target shape: torch.Size([24, 1724, 257, 1, 4])
mixture_phase shape: torch.Size([24, 257, 1723])
target_phase shape after adjust: torch.Size([24, 1723, 257, 1, 4])
mix_phase shape after adjust: torch.Size([24, 1723, 257, 1, 1])
estimate shape: torch.Size([24, 1724, 257, 1, 4])
target shape: torch.Size([24, 1724, 257, 1, 4])
mixture_phase shape: torch.Size([24, 257, 1723])
target_phase shape after adjust: torch.Size([24, 1723, 257, 1, 4])
mix_phase shape after adjust: torch.Size([24, 1723, 257, 1, 1])
estimate shape: torch.Size([24, 1724, 257, 1, 4])
target shape: torch.Size([24, 1724, 257, 1, 4])
mixture_phase shape: torch.Size([24, 257, 1723])
target_phase shape after adjust: torch.Size([24, 1723, 257, 1, 4])
mix_phase shape after adjust: torch.Size([24, 1723, 257, 1, 1])
estimate shape: torch.Size([24, 1724, 257, 1, 4])
target shape: torch.Size([24, 1724, 257, 1, 4])
mixture_phase shape: torch.Size([24, 257, 1723])
target_phase shape after adjust: torch.Size([24, 1723, 257, 1, 4])
mix_phase shape after adjust: torch.Size([24, 1723, 257, 1, 1])
estimate shape: torch.Size([24, 1724, 257, 1, 4])
target shape: torch.Size([24, 1724, 257, 1, 4])
mixture_phase shape: torch.Size([24, 257, 1723])
target_phase shape after adjust: torch.Size([24, 1723, 257, 1, 4])
mix_phase shape after adjust: torch.Size([24, 1723, 257, 1, 1])
estimate shape: torch.Size([24, 1724, 257, 1, 4])
target shape: torch.Size([24, 1724, 257, 1, 4])
mixture_phase shape: torch.Size([24, 257, 1723])
target_phase shape after adjust: torch.Size([24, 1723, 257, 1, 4])
mix_phase shape after adjust: torch.Size([24, 1723, 257, 1, 1])
estimate shape: torch.Size([24, 1724, 257, 1, 4])
target shape: torch.Size([24, 1724, 257, 1, 4])
mixture_phase shape: torch.Size([24, 257, 1723])
target_phase shape after adjust: torch.Size([24, 1723, 257, 1, 4])
mix_phase shape after adjust: torch.Size([24, 1723, 257, 1, 1])
estimate shape: torch.Size([24, 1724, 257, 1, 4])
target shape: torch.Size([24, 1724, 257, 1, 4])
mixture_phase shape: torch.Size([24, 257, 1723])
target_phase shape after adjust: torch.Size([24, 1723, 257, 1, 4])
mix_phase shape after adjust: torch.Size([24, 1723, 257, 1, 1])
estimate shape: torch.Size([24, 1724, 257, 1, 4])
target shape: torch.Size([24, 1724, 257, 1, 4])
mixture_phase shape: torch.Size([24, 257, 1723])
target_phase shape after adjust: torch.Size([24, 1723, 257, 1, 4])
mix_phase shape after adjust: torch.Size([24, 1723, 257, 1, 1])
estimate shape: torch.Size([24, 1724, 257, 1, 4])
target shape: torch.Size([24, 1724, 257, 1, 4])
mixture_phase shape: torch.Size([24, 257, 1723])
target_phase shape after adjust: torch.Size([24, 1723, 257, 1, 4])
mix_phase shape after adjust: torch.Size([24, 1723, 257, 1, 1])
estimate shape: torch.Size([24, 1724, 257, 1, 4])
target shape: torch.Size([24, 1724, 257, 1, 4])
mixture_phase shape: torch.Size([24, 257, 1723])
target_phase shape after adjust: torch.Size([24, 1723, 257, 1, 4])
mix_phase shape after adjust: torch.Size([24, 1723, 257, 1, 1])
estimate shape: torch.Size([24, 1724, 257, 1, 4])
target shape: torch.Size([24, 1724, 257, 1, 4])
mixture_phase shape: torch.Size([24, 257, 1723])
target_phase shape after adjust: torch.Size([24, 1723, 257, 1, 4])
mix_phase shape after adjust: torch.Size([24, 1723, 257, 1, 1])
estimate shape: torch.Size([24, 1724, 257, 1, 4])
target shape: torch.Size([24, 1724, 257, 1, 4])
mixture_phase shape: torch.Size([24, 257, 1723])
target_phase shape after adjust: torch.Size([24, 1723, 257, 1, 4])
mix_phase shape after adjust: torch.Size([24, 1723, 257, 1, 1])
estimate shape: torch.Size([24, 1724, 257, 1, 4])
target shape: torch.Size([24, 1724, 257, 1, 4])
mixture_phase shape: torch.Size([24, 257, 1723])
target_phase shape after adjust: torch.Size([24, 1723, 257, 1, 4])
mix_phase shape after adjust: torch.Size([24, 1723, 257, 1, 1])
estimate shape: torch.Size([8, 1724, 257, 1, 4])
target shape: torch.Size([8, 1724, 257, 1, 4])
mixture_phase shape: torch.Size([8, 257, 1723])
target_phase shape after adjust: torch.Size([8, 1723, 257, 1, 4])
mix_phase shape after adjust: torch.Size([8, 1723, 257, 1, 1])
[Validator] Epoch 80 - val_loss: 0.000012
[BEST CHECKPOINT] Guardado/actualizado en: checkpoints\Mis_modelos\lpsa_phase checkpoints\4stems\best_checkpoint_80_val_loss=-0.0000.pt
03/31/2026 06:13:43 PM | engine.py:1037 Engine run finished. Time taken: 00:00:26.170
[Epoch 80] train_loss=0.000011 | val_loss=0.000012
03/31/2026 06:13:43 PM | engine.py:1010 Epoch[80] Complete. Time taken: 00:00:48.261
03/31/2026 06:14:06 PM | engine.py:906 Engine run starting with max_epochs=1.
03/31/2026 06:14:32 PM | engine.py:1010 Epoch[1] Complete. Time taken: 00:00:25.776
estimate shape: torch.Size([24, 1724, 257, 1, 4])
target shape: torch.Size([24, 1724, 257, 1, 4])
mixture_phase shape: torch.Size([24, 257, 1723])
target_phase shape after adjust: torch.Size([24, 1723, 257, 1, 4])
mix_phase shape after adjust: torch.Size([24, 1723, 257, 1, 1])
estimate shape: torch.Size([24, 1724, 257, 1, 4])
target shape: torch.Size([24, 1724, 257, 1, 4])
mixture_phase shape: torch.Size([24, 257, 1723])
target_phase shape after adjust: torch.Size([24, 1723, 257, 1, 4])
mix_phase shape after adjust: torch.Size([24, 1723, 257, 1, 1])
estimate shape: torch.Size([24, 1724, 257, 1, 4])
target shape: torch.Size([24, 1724, 257, 1, 4])
mixture_phase shape: torch.Size([24, 257, 1723])
target_phase shape after adjust: torch.Size([24, 1723, 257, 1, 4])
mix_phase shape after adjust: torch.Size([24, 1723, 257, 1, 1])
estimate shape: torch.Size([24, 1724, 257, 1, 4])
target shape: torch.Size([24, 1724, 257, 1, 4])
mixture_phase shape: torch.Size([24, 257, 1723])
target_phase shape after adjust: torch.Size([24, 1723, 257, 1, 4])
mix_phase shape after adjust: torch.Size([24, 1723, 257, 1, 1])
estimate shape: torch.Size([24, 1724, 257, 1, 4])
target shape: torch.Size([24, 1724, 257, 1, 4])
mixture_phase shape: torch.Size([24, 257, 1723])
target_phase shape after adjust: torch.Size([24, 1723, 257, 1, 4])
mix_phase shape after adjust: torch.Size([24, 1723, 257, 1, 1])
estimate shape: torch.Size([24, 1724, 257, 1, 4])
target shape: torch.Size([24, 1724, 257, 1, 4])
mixture_phase shape: torch.Size([24, 257, 1723])
target_phase shape after adjust: torch.Size([24, 1723, 257, 1, 4])
mix_phase shape after adjust: torch.Size([24, 1723, 257, 1, 1])
estimate shape: torch.Size([24, 1724, 257, 1, 4])
target shape: torch.Size([24, 1724, 257, 1, 4])
mixture_phase shape: torch.Size([24, 257, 1723])
target_phase shape after adjust: torch.Size([24, 1723, 257, 1, 4])
mix_phase shape after adjust: torch.Size([24, 1723, 257, 1, 1])
estimate shape: torch.Size([24, 1724, 257, 1, 4])
target shape: torch.Size([24, 1724, 257, 1, 4])
mixture_phase shape: torch.Size([24, 257, 1723])
target_phase shape after adjust: torch.Size([24, 1723, 257, 1, 4])
mix_phase shape after adjust: torch.Size([24, 1723, 257, 1, 1])
estimate shape: torch.Size([24, 1724, 257, 1, 4])
target shape: torch.Size([24, 1724, 257, 1, 4])
mixture_phase shape: torch.Size([24, 257, 1723])
target_phase shape after adjust: torch.Size([24, 1723, 257, 1, 4])
mix_phase shape after adjust: torch.Size([24, 1723, 257, 1, 1])
estimate shape: torch.Size([24, 1724, 257, 1, 4])
target shape: torch.Size([24, 1724, 257, 1, 4])
mixture_phase shape: torch.Size([24, 257, 1723])
target_phase shape after adjust: torch.Size([24, 1723, 257, 1, 4])
mix_phase shape after adjust: torch.Size([24, 1723, 257, 1, 1])
estimate shape: torch.Size([24, 1724, 257, 1, 4])
target shape: torch.Size([24, 1724, 257, 1, 4])
mixture_phase shape: torch.Size([24, 257, 1723])
target_phase shape after adjust: torch.Size([24, 1723, 257, 1, 4])
mix_phase shape after adjust: torch.Size([24, 1723, 257, 1, 1])
estimate shape: torch.Size([24, 1724, 257, 1, 4])
target shape: torch.Size([24, 1724, 257, 1, 4])
mixture_phase shape: torch.Size([24, 257, 1723])
target_phase shape after adjust: torch.Size([24, 1723, 257, 1, 4])
mix_phase shape after adjust: torch.Size([24, 1723, 257, 1, 1])
estimate shape: torch.Size([24, 1724, 257, 1, 4])
target shape: torch.Size([24, 1724, 257, 1, 4])
mixture_phase shape: torch.Size([24, 257, 1723])
target_phase shape after adjust: torch.Size([24, 1723, 257, 1, 4])
mix_phase shape after adjust: torch.Size([24, 1723, 257, 1, 1])
estimate shape: torch.Size([24, 1724, 257, 1, 4])
target shape: torch.Size([24, 1724, 257, 1, 4])
mixture_phase shape: torch.Size([24, 257, 1723])
target_phase shape after adjust: torch.Size([24, 1723, 257, 1, 4])
mix_phase shape after adjust: torch.Size([24, 1723, 257, 1, 1])
estimate shape: torch.Size([24, 1724, 257, 1, 4])
target shape: torch.Size([24, 1724, 257, 1, 4])
mixture_phase shape: torch.Size([24, 257, 1723])
target_phase shape after adjust: torch.Size([24, 1723, 257, 1, 4])
mix_phase shape after adjust: torch.Size([24, 1723, 257, 1, 1])
estimate shape: torch.Size([24, 1724, 257, 1, 4])
target shape: torch.Size([24, 1724, 257, 1, 4])
mixture_phase shape: torch.Size([24, 257, 1723])
target_phase shape after adjust: torch.Size([24, 1723, 257, 1, 4])
mix_phase shape after adjust: torch.Size([24, 1723, 257, 1, 1])
estimate shape: torch.Size([24, 1724, 257, 1, 4])
target shape: torch.Size([24, 1724, 257, 1, 4])
mixture_phase shape: torch.Size([24, 257, 1723])
target_phase shape after adjust: torch.Size([24, 1723, 257, 1, 4])
mix_phase shape after adjust: torch.Size([24, 1723, 257, 1, 1])
estimate shape: torch.Size([24, 1724, 257, 1, 4])
target shape: torch.Size([24, 1724, 257, 1, 4])
mixture_phase shape: torch.Size([24, 257, 1723])
target_phase shape after adjust: torch.Size([24, 1723, 257, 1, 4])
mix_phase shape after adjust: torch.Size([24, 1723, 257, 1, 1])
estimate shape: torch.Size([8, 1724, 257, 1, 4])
target shape: torch.Size([8, 1724, 257, 1, 4])
mixture_phase shape: torch.Size([8, 257, 1723])
target_phase shape after adjust: torch.Size([8, 1723, 257, 1, 4])
mix_phase shape after adjust: torch.Size([8, 1723, 257, 1, 1])
[Validator] Epoch 81 - val_loss: 0.000012
[BEST CHECKPOINT] Guardado/actualizado en: checkpoints\Mis_modelos\lpsa_phase checkpoints\4stems\best_checkpoint_81_val_loss=-0.0000.pt
03/31/2026 06:14:32 PM | engine.py:1037 Engine run finished. Time taken: 00:00:25.787
[Epoch 81] train_loss=0.000011 | val_loss=0.000012
03/31/2026 06:14:32 PM | engine.py:1010 Epoch[81] Complete. Time taken: 00:00:48.310
03/31/2026 06:14:54 PM | engine.py:906 Engine run starting with max_epochs=1.
03/31/2026 06:15:20 PM | engine.py:1010 Epoch[1] Complete. Time taken: 00:00:25.811
estimate shape: torch.Size([24, 1724, 257, 1, 4])
target shape: torch.Size([24, 1724, 257, 1, 4])
mixture_phase shape: torch.Size([24, 257, 1723])
target_phase shape after adjust: torch.Size([24, 1723, 257, 1, 4])
mix_phase shape after adjust: torch.Size([24, 1723, 257, 1, 1])
estimate shape: torch.Size([24, 1724, 257, 1, 4])
target shape: torch.Size([24, 1724, 257, 1, 4])
mixture_phase shape: torch.Size([24, 257, 1723])
target_phase shape after adjust: torch.Size([24, 1723, 257, 1, 4])
mix_phase shape after adjust: torch.Size([24, 1723, 257, 1, 1])
estimate shape: torch.Size([24, 1724, 257, 1, 4])
target shape: torch.Size([24, 1724, 257, 1, 4])
mixture_phase shape: torch.Size([24, 257, 1723])
target_phase shape after adjust: torch.Size([24, 1723, 257, 1, 4])
mix_phase shape after adjust: torch.Size([24, 1723, 257, 1, 1])
estimate shape: torch.Size([24, 1724, 257, 1, 4])
target shape: torch.Size([24, 1724, 257, 1, 4])
mixture_phase shape: torch.Size([24, 257, 1723])
target_phase shape after adjust: torch.Size([24, 1723, 257, 1, 4])
mix_phase shape after adjust: torch.Size([24, 1723, 257, 1, 1])
estimate shape: torch.Size([24, 1724, 257, 1, 4])
target shape: torch.Size([24, 1724, 257, 1, 4])
mixture_phase shape: torch.Size([24, 257, 1723])
target_phase shape after adjust: torch.Size([24, 1723, 257, 1, 4])
mix_phase shape after adjust: torch.Size([24, 1723, 257, 1, 1])
estimate shape: torch.Size([24, 1724, 257, 1, 4])
target shape: torch.Size([24, 1724, 257, 1, 4])
mixture_phase shape: torch.Size([24, 257, 1723])
target_phase shape after adjust: torch.Size([24, 1723, 257, 1, 4])
mix_phase shape after adjust: torch.Size([24, 1723, 257, 1, 1])
estimate shape: torch.Size([24, 1724, 257, 1, 4])
target shape: torch.Size([24, 1724, 257, 1, 4])
mixture_phase shape: torch.Size([24, 257, 1723])
target_phase shape after adjust: torch.Size([24, 1723, 257, 1, 4])
mix_phase shape after adjust: torch.Size([24, 1723, 257, 1, 1])
estimate shape: torch.Size([24, 1724, 257, 1, 4])
target shape: torch.Size([24, 1724, 257, 1, 4])
mixture_phase shape: torch.Size([24, 257, 1723])
target_phase shape after adjust: torch.Size([24, 1723, 257, 1, 4])
mix_phase shape after adjust: torch.Size([24, 1723, 257, 1, 1])
estimate shape: torch.Size([24, 1724, 257, 1, 4])
target shape: torch.Size([24, 1724, 257, 1, 4])
mixture_phase shape: torch.Size([24, 257, 1723])
target_phase shape after adjust: torch.Size([24, 1723, 257, 1, 4])
mix_phase shape after adjust: torch.Size([24, 1723, 257, 1, 1])
estimate shape: torch.Size([24, 1724, 257, 1, 4])
target shape: torch.Size([24, 1724, 257, 1, 4])
mixture_phase shape: torch.Size([24, 257, 1723])
target_phase shape after adjust: torch.Size([24, 1723, 257, 1, 4])
mix_phase shape after adjust: torch.Size([24, 1723, 257, 1, 1])
estimate shape: torch.Size([24, 1724, 257, 1, 4])
target shape: torch.Size([24, 1724, 257, 1, 4])
mixture_phase shape: torch.Size([24, 257, 1723])
target_phase shape after adjust: torch.Size([24, 1723, 257, 1, 4])
mix_phase shape after adjust: torch.Size([24, 1723, 257, 1, 1])
estimate shape: torch.Size([24, 1724, 257, 1, 4])
target shape: torch.Size([24, 1724, 257, 1, 4])
mixture_phase shape: torch.Size([24, 257, 1723])
target_phase shape after adjust: torch.Size([24, 1723, 257, 1, 4])
mix_phase shape after adjust: torch.Size([24, 1723, 257, 1, 1])
estimate shape: torch.Size([24, 1724, 257, 1, 4])
target shape: torch.Size([24, 1724, 257, 1, 4])
mixture_phase shape: torch.Size([24, 257, 1723])
target_phase shape after adjust: torch.Size([24, 1723, 257, 1, 4])
mix_phase shape after adjust: torch.Size([24, 1723, 257, 1, 1])
estimate shape: torch.Size([24, 1724, 257, 1, 4])
target shape: torch.Size([24, 1724, 257, 1, 4])
mixture_phase shape: torch.Size([24, 257, 1723])
target_phase shape after adjust: torch.Size([24, 1723, 257, 1, 4])
mix_phase shape after adjust: torch.Size([24, 1723, 257, 1, 1])
estimate shape: torch.Size([24, 1724, 257, 1, 4])
target shape: torch.Size([24, 1724, 257, 1, 4])
mixture_phase shape: torch.Size([24, 257, 1723])
target_phase shape after adjust: torch.Size([24, 1723, 257, 1, 4])
mix_phase shape after adjust: torch.Size([24, 1723, 257, 1, 1])
estimate shape: torch.Size([24, 1724, 257, 1, 4])
target shape: torch.Size([24, 1724, 257, 1, 4])
mixture_phase shape: torch.Size([24, 257, 1723])
target_phase shape after adjust: torch.Size([24, 1723, 257, 1, 4])
mix_phase shape after adjust: torch.Size([24, 1723, 257, 1, 1])
estimate shape: torch.Size([24, 1724, 257, 1, 4])
target shape: torch.Size([24, 1724, 257, 1, 4])
mixture_phase shape: torch.Size([24, 257, 1723])
target_phase shape after adjust: torch.Size([24, 1723, 257, 1, 4])
mix_phase shape after adjust: torch.Size([24, 1723, 257, 1, 1])
estimate shape: torch.Size([24, 1724, 257, 1, 4])
target shape: torch.Size([24, 1724, 257, 1, 4])
mixture_phase shape: torch.Size([24, 257, 1723])
target_phase shape after adjust: torch.Size([24, 1723, 257, 1, 4])
mix_phase shape after adjust: torch.Size([24, 1723, 257, 1, 1])
estimate shape: torch.Size([8, 1724, 257, 1, 4])
target shape: torch.Size([8, 1724, 257, 1, 4])
mixture_phase shape: torch.Size([8, 257, 1723])
target_phase shape after adjust: torch.Size([8, 1723, 257, 1, 4])
mix_phase shape after adjust: torch.Size([8, 1723, 257, 1, 1])
[Validator] Epoch 82 - val_loss: 0.000012
[BEST CHECKPOINT] Guardado/actualizado en: checkpoints\Mis_modelos\lpsa_phase checkpoints\4stems\best_checkpoint_82_val_loss=-0.0000.pt
03/31/2026 06:15:20 PM | engine.py:1037 Engine run finished. Time taken: 00:00:25.821
[Epoch 82] train_loss=0.000011 | val_loss=0.000012
03/31/2026 06:15:20 PM | engine.py:1010 Epoch[82] Complete. Time taken: 00:00:48.371
03/31/2026 06:15:42 PM | engine.py:906 Engine run starting with max_epochs=1.
03/31/2026 06:16:08 PM | engine.py:1010 Epoch[1] Complete. Time taken: 00:00:26.146
estimate shape: torch.Size([24, 1724, 257, 1, 4])
target shape: torch.Size([24, 1724, 257, 1, 4])
mixture_phase shape: torch.Size([24, 257, 1723])
target_phase shape after adjust: torch.Size([24, 1723, 257, 1, 4])
mix_phase shape after adjust: torch.Size([24, 1723, 257, 1, 1])
estimate shape: torch.Size([24, 1724, 257, 1, 4])
target shape: torch.Size([24, 1724, 257, 1, 4])
mixture_phase shape: torch.Size([24, 257, 1723])
target_phase shape after adjust: torch.Size([24, 1723, 257, 1, 4])
mix_phase shape after adjust: torch.Size([24, 1723, 257, 1, 1])
estimate shape: torch.Size([24, 1724, 257, 1, 4])
target shape: torch.Size([24, 1724, 257, 1, 4])
mixture_phase shape: torch.Size([24, 257, 1723])
target_phase shape after adjust: torch.Size([24, 1723, 257, 1, 4])
mix_phase shape after adjust: torch.Size([24, 1723, 257, 1, 1])
estimate shape: torch.Size([24, 1724, 257, 1, 4])
target shape: torch.Size([24, 1724, 257, 1, 4])
mixture_phase shape: torch.Size([24, 257, 1723])
target_phase shape after adjust: torch.Size([24, 1723, 257, 1, 4])
mix_phase shape after adjust: torch.Size([24, 1723, 257, 1, 1])
estimate shape: torch.Size([24, 1724, 257, 1, 4])
target shape: torch.Size([24, 1724, 257, 1, 4])
mixture_phase shape: torch.Size([24, 257, 1723])
target_phase shape after adjust: torch.Size([24, 1723, 257, 1, 4])
mix_phase shape after adjust: torch.Size([24, 1723, 257, 1, 1])
estimate shape: torch.Size([24, 1724, 257, 1, 4])
target shape: torch.Size([24, 1724, 257, 1, 4])
mixture_phase shape: torch.Size([24, 257, 1723])
target_phase shape after adjust: torch.Size([24, 1723, 257, 1, 4])
mix_phase shape after adjust: torch.Size([24, 1723, 257, 1, 1])
estimate shape: torch.Size([24, 1724, 257, 1, 4])
target shape: torch.Size([24, 1724, 257, 1, 4])
mixture_phase shape: torch.Size([24, 257, 1723])
target_phase shape after adjust: torch.Size([24, 1723, 257, 1, 4])
mix_phase shape after adjust: torch.Size([24, 1723, 257, 1, 1])
estimate shape: torch.Size([24, 1724, 257, 1, 4])
target shape: torch.Size([24, 1724, 257, 1, 4])
mixture_phase shape: torch.Size([24, 257, 1723])
target_phase shape after adjust: torch.Size([24, 1723, 257, 1, 4])
mix_phase shape after adjust: torch.Size([24, 1723, 257, 1, 1])
estimate shape: torch.Size([24, 1724, 257, 1, 4])
target shape: torch.Size([24, 1724, 257, 1, 4])
mixture_phase shape: torch.Size([24, 257, 1723])
target_phase shape after adjust: torch.Size([24, 1723, 257, 1, 4])
mix_phase shape after adjust: torch.Size([24, 1723, 257, 1, 1])
estimate shape: torch.Size([24, 1724, 257, 1, 4])
target shape: torch.Size([24, 1724, 257, 1, 4])
mixture_phase shape: torch.Size([24, 257, 1723])
target_phase shape after adjust: torch.Size([24, 1723, 257, 1, 4])
mix_phase shape after adjust: torch.Size([24, 1723, 257, 1, 1])
estimate shape: torch.Size([24, 1724, 257, 1, 4])
target shape: torch.Size([24, 1724, 257, 1, 4])
mixture_phase shape: torch.Size([24, 257, 1723])
target_phase shape after adjust: torch.Size([24, 1723, 257, 1, 4])
mix_phase shape after adjust: torch.Size([24, 1723, 257, 1, 1])
estimate shape: torch.Size([24, 1724, 257, 1, 4])
target shape: torch.Size([24, 1724, 257, 1, 4])
mixture_phase shape: torch.Size([24, 257, 1723])
target_phase shape after adjust: torch.Size([24, 1723, 257, 1, 4])
mix_phase shape after adjust: torch.Size([24, 1723, 257, 1, 1])
estimate shape: torch.Size([24, 1724, 257, 1, 4])
target shape: torch.Size([24, 1724, 257, 1, 4])
mixture_phase shape: torch.Size([24, 257, 1723])
target_phase shape after adjust: torch.Size([24, 1723, 257, 1, 4])
mix_phase shape after adjust: torch.Size([24, 1723, 257, 1, 1])
estimate shape: torch.Size([24, 1724, 257, 1, 4])
target shape: torch.Size([24, 1724, 257, 1, 4])
mixture_phase shape: torch.Size([24, 257, 1723])
target_phase shape after adjust: torch.Size([24, 1723, 257, 1, 4])
mix_phase shape after adjust: torch.Size([24, 1723, 257, 1, 1])
estimate shape: torch.Size([24, 1724, 257, 1, 4])
target shape: torch.Size([24, 1724, 257, 1, 4])
mixture_phase shape: torch.Size([24, 257, 1723])
target_phase shape after adjust: torch.Size([24, 1723, 257, 1, 4])
mix_phase shape after adjust: torch.Size([24, 1723, 257, 1, 1])
estimate shape: torch.Size([24, 1724, 257, 1, 4])
target shape: torch.Size([24, 1724, 257, 1, 4])
mixture_phase shape: torch.Size([24, 257, 1723])
target_phase shape after adjust: torch.Size([24, 1723, 257, 1, 4])
mix_phase shape after adjust: torch.Size([24, 1723, 257, 1, 1])
estimate shape: torch.Size([24, 1724, 257, 1, 4])
target shape: torch.Size([24, 1724, 257, 1, 4])
mixture_phase shape: torch.Size([24, 257, 1723])
target_phase shape after adjust: torch.Size([24, 1723, 257, 1, 4])
mix_phase shape after adjust: torch.Size([24, 1723, 257, 1, 1])
estimate shape: torch.Size([24, 1724, 257, 1, 4])
target shape: torch.Size([24, 1724, 257, 1, 4])
mixture_phase shape: torch.Size([24, 257, 1723])
target_phase shape after adjust: torch.Size([24, 1723, 257, 1, 4])
mix_phase shape after adjust: torch.Size([24, 1723, 257, 1, 1])
estimate shape: torch.Size([8, 1724, 257, 1, 4])
target shape: torch.Size([8, 1724, 257, 1, 4])
mixture_phase shape: torch.Size([8, 257, 1723])
target_phase shape after adjust: torch.Size([8, 1723, 257, 1, 4])
mix_phase shape after adjust: torch.Size([8, 1723, 257, 1, 1])
[Validator] Epoch 83 - val_loss: 0.000012
[BEST CHECKPOINT] Guardado/actualizado en: checkpoints\Mis_modelos\lpsa_phase checkpoints\4stems\best_checkpoint_83_val_loss=-0.0000.pt
03/31/2026 06:16:08 PM | engine.py:1037 Engine run finished. Time taken: 00:00:26.158
[Epoch 83] train_loss=0.000010 | val_loss=0.000012
03/31/2026 06:16:08 PM | engine.py:1010 Epoch[83] Complete. Time taken: 00:00:48.328
03/31/2026 06:16:31 PM | engine.py:906 Engine run starting with max_epochs=1.
03/31/2026 06:16:57 PM | engine.py:1010 Epoch[1] Complete. Time taken: 00:00:25.554
estimate shape: torch.Size([24, 1724, 257, 1, 4])
target shape: torch.Size([24, 1724, 257, 1, 4])
mixture_phase shape: torch.Size([24, 257, 1723])
target_phase shape after adjust: torch.Size([24, 1723, 257, 1, 4])
mix_phase shape after adjust: torch.Size([24, 1723, 257, 1, 1])
estimate shape: torch.Size([24, 1724, 257, 1, 4])
target shape: torch.Size([24, 1724, 257, 1, 4])
mixture_phase shape: torch.Size([24, 257, 1723])
target_phase shape after adjust: torch.Size([24, 1723, 257, 1, 4])
mix_phase shape after adjust: torch.Size([24, 1723, 257, 1, 1])
estimate shape: torch.Size([24, 1724, 257, 1, 4])
target shape: torch.Size([24, 1724, 257, 1, 4])
mixture_phase shape: torch.Size([24, 257, 1723])
target_phase shape after adjust: torch.Size([24, 1723, 257, 1, 4])
mix_phase shape after adjust: torch.Size([24, 1723, 257, 1, 1])
estimate shape: torch.Size([24, 1724, 257, 1, 4])
target shape: torch.Size([24, 1724, 257, 1, 4])
mixture_phase shape: torch.Size([24, 257, 1723])
target_phase shape after adjust: torch.Size([24, 1723, 257, 1, 4])
mix_phase shape after adjust: torch.Size([24, 1723, 257, 1, 1])
estimate shape: torch.Size([24, 1724, 257, 1, 4])
target shape: torch.Size([24, 1724, 257, 1, 4])
mixture_phase shape: torch.Size([24, 257, 1723])
target_phase shape after adjust: torch.Size([24, 1723, 257, 1, 4])
mix_phase shape after adjust: torch.Size([24, 1723, 257, 1, 1])
estimate shape: torch.Size([24, 1724, 257, 1, 4])
target shape: torch.Size([24, 1724, 257, 1, 4])
mixture_phase shape: torch.Size([24, 257, 1723])
target_phase shape after adjust: torch.Size([24, 1723, 257, 1, 4])
mix_phase shape after adjust: torch.Size([24, 1723, 257, 1, 1])
estimate shape: torch.Size([24, 1724, 257, 1, 4])
target shape: torch.Size([24, 1724, 257, 1, 4])
mixture_phase shape: torch.Size([24, 257, 1723])
target_phase shape after adjust: torch.Size([24, 1723, 257, 1, 4])
mix_phase shape after adjust: torch.Size([24, 1723, 257, 1, 1])
estimate shape: torch.Size([24, 1724, 257, 1, 4])
target shape: torch.Size([24, 1724, 257, 1, 4])
mixture_phase shape: torch.Size([24, 257, 1723])
target_phase shape after adjust: torch.Size([24, 1723, 257, 1, 4])
mix_phase shape after adjust: torch.Size([24, 1723, 257, 1, 1])
estimate shape: torch.Size([24, 1724, 257, 1, 4])
target shape: torch.Size([24, 1724, 257, 1, 4])
mixture_phase shape: torch.Size([24, 257, 1723])
target_phase shape after adjust: torch.Size([24, 1723, 257, 1, 4])
mix_phase shape after adjust: torch.Size([24, 1723, 257, 1, 1])
estimate shape: torch.Size([24, 1724, 257, 1, 4])
target shape: torch.Size([24, 1724, 257, 1, 4])
mixture_phase shape: torch.Size([24, 257, 1723])
target_phase shape after adjust: torch.Size([24, 1723, 257, 1, 4])
mix_phase shape after adjust: torch.Size([24, 1723, 257, 1, 1])
estimate shape: torch.Size([24, 1724, 257, 1, 4])
target shape: torch.Size([24, 1724, 257, 1, 4])
mixture_phase shape: torch.Size([24, 257, 1723])
target_phase shape after adjust: torch.Size([24, 1723, 257, 1, 4])
mix_phase shape after adjust: torch.Size([24, 1723, 257, 1, 1])
estimate shape: torch.Size([24, 1724, 257, 1, 4])
target shape: torch.Size([24, 1724, 257, 1, 4])
mixture_phase shape: torch.Size([24, 257, 1723])
target_phase shape after adjust: torch.Size([24, 1723, 257, 1, 4])
mix_phase shape after adjust: torch.Size([24, 1723, 257, 1, 1])
estimate shape: torch.Size([24, 1724, 257, 1, 4])
target shape: torch.Size([24, 1724, 257, 1, 4])
mixture_phase shape: torch.Size([24, 257, 1723])
target_phase shape after adjust: torch.Size([24, 1723, 257, 1, 4])
mix_phase shape after adjust: torch.Size([24, 1723, 257, 1, 1])
estimate shape: torch.Size([24, 1724, 257, 1, 4])
target shape: torch.Size([24, 1724, 257, 1, 4])
mixture_phase shape: torch.Size([24, 257, 1723])
target_phase shape after adjust: torch.Size([24, 1723, 257, 1, 4])
mix_phase shape after adjust: torch.Size([24, 1723, 257, 1, 1])
estimate shape: torch.Size([24, 1724, 257, 1, 4])
target shape: torch.Size([24, 1724, 257, 1, 4])
mixture_phase shape: torch.Size([24, 257, 1723])
target_phase shape after adjust: torch.Size([24, 1723, 257, 1, 4])
mix_phase shape after adjust: torch.Size([24, 1723, 257, 1, 1])
estimate shape: torch.Size([24, 1724, 257, 1, 4])
target shape: torch.Size([24, 1724, 257, 1, 4])
mixture_phase shape: torch.Size([24, 257, 1723])
target_phase shape after adjust: torch.Size([24, 1723, 257, 1, 4])
mix_phase shape after adjust: torch.Size([24, 1723, 257, 1, 1])
estimate shape: torch.Size([24, 1724, 257, 1, 4])
target shape: torch.Size([24, 1724, 257, 1, 4])
mixture_phase shape: torch.Size([24, 257, 1723])
target_phase shape after adjust: torch.Size([24, 1723, 257, 1, 4])
mix_phase shape after adjust: torch.Size([24, 1723, 257, 1, 1])
estimate shape: torch.Size([24, 1724, 257, 1, 4])
target shape: torch.Size([24, 1724, 257, 1, 4])
mixture_phase shape: torch.Size([24, 257, 1723])
target_phase shape after adjust: torch.Size([24, 1723, 257, 1, 4])
mix_phase shape after adjust: torch.Size([24, 1723, 257, 1, 1])
estimate shape: torch.Size([8, 1724, 257, 1, 4])
target shape: torch.Size([8, 1724, 257, 1, 4])
mixture_phase shape: torch.Size([8, 257, 1723])
target_phase shape after adjust: torch.Size([8, 1723, 257, 1, 4])
mix_phase shape after adjust: torch.Size([8, 1723, 257, 1, 1])
[Validator] Epoch 84 - val_loss: 0.000012
[BEST CHECKPOINT] Guardado/actualizado en: checkpoints\Mis_modelos\lpsa_phase checkpoints\4stems\best_checkpoint_84_val_loss=-0.0000.pt
03/31/2026 06:16:57 PM | engine.py:1037 Engine run finished. Time taken: 00:00:25.566
[Epoch 84] train_loss=0.000011 | val_loss=0.000012
03/31/2026 06:16:57 PM | engine.py:1010 Epoch[84] Complete. Time taken: 00:00:48.087
03/31/2026 06:17:19 PM | engine.py:906 Engine run starting with max_epochs=1.
03/31/2026 06:17:45 PM | engine.py:1010 Epoch[1] Complete. Time taken: 00:00:25.715
estimate shape: torch.Size([24, 1724, 257, 1, 4])
target shape: torch.Size([24, 1724, 257, 1, 4])
mixture_phase shape: torch.Size([24, 257, 1723])
target_phase shape after adjust: torch.Size([24, 1723, 257, 1, 4])
mix_phase shape after adjust: torch.Size([24, 1723, 257, 1, 1])
estimate shape: torch.Size([24, 1724, 257, 1, 4])
target shape: torch.Size([24, 1724, 257, 1, 4])
mixture_phase shape: torch.Size([24, 257, 1723])
target_phase shape after adjust: torch.Size([24, 1723, 257, 1, 4])
mix_phase shape after adjust: torch.Size([24, 1723, 257, 1, 1])
estimate shape: torch.Size([24, 1724, 257, 1, 4])
target shape: torch.Size([24, 1724, 257, 1, 4])
mixture_phase shape: torch.Size([24, 257, 1723])
target_phase shape after adjust: torch.Size([24, 1723, 257, 1, 4])
mix_phase shape after adjust: torch.Size([24, 1723, 257, 1, 1])
estimate shape: torch.Size([24, 1724, 257, 1, 4])
target shape: torch.Size([24, 1724, 257, 1, 4])
mixture_phase shape: torch.Size([24, 257, 1723])
target_phase shape after adjust: torch.Size([24, 1723, 257, 1, 4])
mix_phase shape after adjust: torch.Size([24, 1723, 257, 1, 1])
estimate shape: torch.Size([24, 1724, 257, 1, 4])
target shape: torch.Size([24, 1724, 257, 1, 4])
mixture_phase shape: torch.Size([24, 257, 1723])
target_phase shape after adjust: torch.Size([24, 1723, 257, 1, 4])
mix_phase shape after adjust: torch.Size([24, 1723, 257, 1, 1])
estimate shape: torch.Size([24, 1724, 257, 1, 4])
target shape: torch.Size([24, 1724, 257, 1, 4])
mixture_phase shape: torch.Size([24, 257, 1723])
target_phase shape after adjust: torch.Size([24, 1723, 257, 1, 4])
mix_phase shape after adjust: torch.Size([24, 1723, 257, 1, 1])
estimate shape: torch.Size([24, 1724, 257, 1, 4])
target shape: torch.Size([24, 1724, 257, 1, 4])
mixture_phase shape: torch.Size([24, 257, 1723])
target_phase shape after adjust: torch.Size([24, 1723, 257, 1, 4])
mix_phase shape after adjust: torch.Size([24, 1723, 257, 1, 1])
estimate shape: torch.Size([24, 1724, 257, 1, 4])
target shape: torch.Size([24, 1724, 257, 1, 4])
mixture_phase shape: torch.Size([24, 257, 1723])
target_phase shape after adjust: torch.Size([24, 1723, 257, 1, 4])
mix_phase shape after adjust: torch.Size([24, 1723, 257, 1, 1])
estimate shape: torch.Size([24, 1724, 257, 1, 4])
target shape: torch.Size([24, 1724, 257, 1, 4])
mixture_phase shape: torch.Size([24, 257, 1723])
target_phase shape after adjust: torch.Size([24, 1723, 257, 1, 4])
mix_phase shape after adjust: torch.Size([24, 1723, 257, 1, 1])
estimate shape: torch.Size([24, 1724, 257, 1, 4])
target shape: torch.Size([24, 1724, 257, 1, 4])
mixture_phase shape: torch.Size([24, 257, 1723])
target_phase shape after adjust: torch.Size([24, 1723, 257, 1, 4])
mix_phase shape after adjust: torch.Size([24, 1723, 257, 1, 1])
estimate shape: torch.Size([24, 1724, 257, 1, 4])
target shape: torch.Size([24, 1724, 257, 1, 4])
mixture_phase shape: torch.Size([24, 257, 1723])
target_phase shape after adjust: torch.Size([24, 1723, 257, 1, 4])
mix_phase shape after adjust: torch.Size([24, 1723, 257, 1, 1])
estimate shape: torch.Size([24, 1724, 257, 1, 4])
target shape: torch.Size([24, 1724, 257, 1, 4])
mixture_phase shape: torch.Size([24, 257, 1723])
target_phase shape after adjust: torch.Size([24, 1723, 257, 1, 4])
mix_phase shape after adjust: torch.Size([24, 1723, 257, 1, 1])
estimate shape: torch.Size([24, 1724, 257, 1, 4])
target shape: torch.Size([24, 1724, 257, 1, 4])
mixture_phase shape: torch.Size([24, 257, 1723])
target_phase shape after adjust: torch.Size([24, 1723, 257, 1, 4])
mix_phase shape after adjust: torch.Size([24, 1723, 257, 1, 1])
estimate shape: torch.Size([24, 1724, 257, 1, 4])
target shape: torch.Size([24, 1724, 257, 1, 4])
mixture_phase shape: torch.Size([24, 257, 1723])
target_phase shape after adjust: torch.Size([24, 1723, 257, 1, 4])
mix_phase shape after adjust: torch.Size([24, 1723, 257, 1, 1])
estimate shape: torch.Size([24, 1724, 257, 1, 4])
target shape: torch.Size([24, 1724, 257, 1, 4])
mixture_phase shape: torch.Size([24, 257, 1723])
target_phase shape after adjust: torch.Size([24, 1723, 257, 1, 4])
mix_phase shape after adjust: torch.Size([24, 1723, 257, 1, 1])
estimate shape: torch.Size([24, 1724, 257, 1, 4])
target shape: torch.Size([24, 1724, 257, 1, 4])
mixture_phase shape: torch.Size([24, 257, 1723])
target_phase shape after adjust: torch.Size([24, 1723, 257, 1, 4])
mix_phase shape after adjust: torch.Size([24, 1723, 257, 1, 1])
estimate shape: torch.Size([24, 1724, 257, 1, 4])
target shape: torch.Size([24, 1724, 257, 1, 4])
mixture_phase shape: torch.Size([24, 257, 1723])
target_phase shape after adjust: torch.Size([24, 1723, 257, 1, 4])
mix_phase shape after adjust: torch.Size([24, 1723, 257, 1, 1])
estimate shape: torch.Size([24, 1724, 257, 1, 4])
target shape: torch.Size([24, 1724, 257, 1, 4])
mixture_phase shape: torch.Size([24, 257, 1723])
target_phase shape after adjust: torch.Size([24, 1723, 257, 1, 4])
mix_phase shape after adjust: torch.Size([24, 1723, 257, 1, 1])
estimate shape: torch.Size([8, 1724, 257, 1, 4])
target shape: torch.Size([8, 1724, 257, 1, 4])
mixture_phase shape: torch.Size([8, 257, 1723])
target_phase shape after adjust: torch.Size([8, 1723, 257, 1, 4])
mix_phase shape after adjust: torch.Size([8, 1723, 257, 1, 1])
[Validator] Epoch 85 - val_loss: 0.000012
[BEST CHECKPOINT] Guardado/actualizado en: checkpoints\Mis_modelos\lpsa_phase checkpoints\4stems\best_checkpoint_84_val_loss=-0.0000.pt
03/31/2026 06:17:45 PM | engine.py:1037 Engine run finished. Time taken: 00:00:25.717
[Epoch 85] train_loss=0.000011 | val_loss=0.000012
03/31/2026 06:17:45 PM | engine.py:1010 Epoch[85] Complete. Time taken: 00:00:48.248
03/31/2026 06:18:08 PM | engine.py:906 Engine run starting with max_epochs=1.
03/31/2026 06:18:34 PM | engine.py:1010 Epoch[1] Complete. Time taken: 00:00:26.101
estimate shape: torch.Size([24, 1724, 257, 1, 4])
target shape: torch.Size([24, 1724, 257, 1, 4])
mixture_phase shape: torch.Size([24, 257, 1723])
target_phase shape after adjust: torch.Size([24, 1723, 257, 1, 4])
mix_phase shape after adjust: torch.Size([24, 1723, 257, 1, 1])
estimate shape: torch.Size([24, 1724, 257, 1, 4])
target shape: torch.Size([24, 1724, 257, 1, 4])
mixture_phase shape: torch.Size([24, 257, 1723])
target_phase shape after adjust: torch.Size([24, 1723, 257, 1, 4])
mix_phase shape after adjust: torch.Size([24, 1723, 257, 1, 1])
estimate shape: torch.Size([24, 1724, 257, 1, 4])
target shape: torch.Size([24, 1724, 257, 1, 4])
mixture_phase shape: torch.Size([24, 257, 1723])
target_phase shape after adjust: torch.Size([24, 1723, 257, 1, 4])
mix_phase shape after adjust: torch.Size([24, 1723, 257, 1, 1])
estimate shape: torch.Size([24, 1724, 257, 1, 4])
target shape: torch.Size([24, 1724, 257, 1, 4])
mixture_phase shape: torch.Size([24, 257, 1723])
target_phase shape after adjust: torch.Size([24, 1723, 257, 1, 4])
mix_phase shape after adjust: torch.Size([24, 1723, 257, 1, 1])
estimate shape: torch.Size([24, 1724, 257, 1, 4])
target shape: torch.Size([24, 1724, 257, 1, 4])
mixture_phase shape: torch.Size([24, 257, 1723])
target_phase shape after adjust: torch.Size([24, 1723, 257, 1, 4])
mix_phase shape after adjust: torch.Size([24, 1723, 257, 1, 1])
estimate shape: torch.Size([24, 1724, 257, 1, 4])
target shape: torch.Size([24, 1724, 257, 1, 4])
mixture_phase shape: torch.Size([24, 257, 1723])
target_phase shape after adjust: torch.Size([24, 1723, 257, 1, 4])
mix_phase shape after adjust: torch.Size([24, 1723, 257, 1, 1])
estimate shape: torch.Size([24, 1724, 257, 1, 4])
target shape: torch.Size([24, 1724, 257, 1, 4])
mixture_phase shape: torch.Size([24, 257, 1723])
target_phase shape after adjust: torch.Size([24, 1723, 257, 1, 4])
mix_phase shape after adjust: torch.Size([24, 1723, 257, 1, 1])
estimate shape: torch.Size([24, 1724, 257, 1, 4])
target shape: torch.Size([24, 1724, 257, 1, 4])
mixture_phase shape: torch.Size([24, 257, 1723])
target_phase shape after adjust: torch.Size([24, 1723, 257, 1, 4])
mix_phase shape after adjust: torch.Size([24, 1723, 257, 1, 1])
estimate shape: torch.Size([24, 1724, 257, 1, 4])
target shape: torch.Size([24, 1724, 257, 1, 4])
mixture_phase shape: torch.Size([24, 257, 1723])
target_phase shape after adjust: torch.Size([24, 1723, 257, 1, 4])
mix_phase shape after adjust: torch.Size([24, 1723, 257, 1, 1])
estimate shape: torch.Size([24, 1724, 257, 1, 4])
target shape: torch.Size([24, 1724, 257, 1, 4])
mixture_phase shape: torch.Size([24, 257, 1723])
target_phase shape after adjust: torch.Size([24, 1723, 257, 1, 4])
mix_phase shape after adjust: torch.Size([24, 1723, 257, 1, 1])
estimate shape: torch.Size([24, 1724, 257, 1, 4])
target shape: torch.Size([24, 1724, 257, 1, 4])
mixture_phase shape: torch.Size([24, 257, 1723])
target_phase shape after adjust: torch.Size([24, 1723, 257, 1, 4])
mix_phase shape after adjust: torch.Size([24, 1723, 257, 1, 1])
estimate shape: torch.Size([24, 1724, 257, 1, 4])
target shape: torch.Size([24, 1724, 257, 1, 4])
mixture_phase shape: torch.Size([24, 257, 1723])
target_phase shape after adjust: torch.Size([24, 1723, 257, 1, 4])
mix_phase shape after adjust: torch.Size([24, 1723, 257, 1, 1])
estimate shape: torch.Size([24, 1724, 257, 1, 4])
target shape: torch.Size([24, 1724, 257, 1, 4])
mixture_phase shape: torch.Size([24, 257, 1723])
target_phase shape after adjust: torch.Size([24, 1723, 257, 1, 4])
mix_phase shape after adjust: torch.Size([24, 1723, 257, 1, 1])
estimate shape: torch.Size([24, 1724, 257, 1, 4])
target shape: torch.Size([24, 1724, 257, 1, 4])
mixture_phase shape: torch.Size([24, 257, 1723])
target_phase shape after adjust: torch.Size([24, 1723, 257, 1, 4])
mix_phase shape after adjust: torch.Size([24, 1723, 257, 1, 1])
estimate shape: torch.Size([24, 1724, 257, 1, 4])
target shape: torch.Size([24, 1724, 257, 1, 4])
mixture_phase shape: torch.Size([24, 257, 1723])
target_phase shape after adjust: torch.Size([24, 1723, 257, 1, 4])
mix_phase shape after adjust: torch.Size([24, 1723, 257, 1, 1])
estimate shape: torch.Size([24, 1724, 257, 1, 4])
target shape: torch.Size([24, 1724, 257, 1, 4])
mixture_phase shape: torch.Size([24, 257, 1723])
target_phase shape after adjust: torch.Size([24, 1723, 257, 1, 4])
mix_phase shape after adjust: torch.Size([24, 1723, 257, 1, 1])
estimate shape: torch.Size([24, 1724, 257, 1, 4])
target shape: torch.Size([24, 1724, 257, 1, 4])
mixture_phase shape: torch.Size([24, 257, 1723])
target_phase shape after adjust: torch.Size([24, 1723, 257, 1, 4])
mix_phase shape after adjust: torch.Size([24, 1723, 257, 1, 1])
estimate shape: torch.Size([24, 1724, 257, 1, 4])
target shape: torch.Size([24, 1724, 257, 1, 4])
mixture_phase shape: torch.Size([24, 257, 1723])
target_phase shape after adjust: torch.Size([24, 1723, 257, 1, 4])
mix_phase shape after adjust: torch.Size([24, 1723, 257, 1, 1])
estimate shape: torch.Size([8, 1724, 257, 1, 4])
target shape: torch.Size([8, 1724, 257, 1, 4])
mixture_phase shape: torch.Size([8, 257, 1723])
target_phase shape after adjust: torch.Size([8, 1723, 257, 1, 4])
mix_phase shape after adjust: torch.Size([8, 1723, 257, 1, 1])
[Validator] Epoch 86 - val_loss: 0.000012
[BEST CHECKPOINT] Guardado/actualizado en: checkpoints\Mis_modelos\lpsa_phase checkpoints\4stems\best_checkpoint_86_val_loss=-0.0000.pt
03/31/2026 06:18:34 PM | engine.py:1037 Engine run finished. Time taken: 00:00:26.113
[Epoch 86] train_loss=0.000011 | val_loss=0.000012
03/31/2026 06:18:34 PM | engine.py:1010 Epoch[86] Complete. Time taken: 00:00:49.261
03/31/2026 06:18:56 PM | engine.py:906 Engine run starting with max_epochs=1.
03/31/2026 06:19:22 PM | engine.py:1010 Epoch[1] Complete. Time taken: 00:00:25.860
estimate shape: torch.Size([24, 1724, 257, 1, 4])
target shape: torch.Size([24, 1724, 257, 1, 4])
mixture_phase shape: torch.Size([24, 257, 1723])
target_phase shape after adjust: torch.Size([24, 1723, 257, 1, 4])
mix_phase shape after adjust: torch.Size([24, 1723, 257, 1, 1])
estimate shape: torch.Size([24, 1724, 257, 1, 4])
target shape: torch.Size([24, 1724, 257, 1, 4])
mixture_phase shape: torch.Size([24, 257, 1723])
target_phase shape after adjust: torch.Size([24, 1723, 257, 1, 4])
mix_phase shape after adjust: torch.Size([24, 1723, 257, 1, 1])
estimate shape: torch.Size([24, 1724, 257, 1, 4])
target shape: torch.Size([24, 1724, 257, 1, 4])
mixture_phase shape: torch.Size([24, 257, 1723])
target_phase shape after adjust: torch.Size([24, 1723, 257, 1, 4])
mix_phase shape after adjust: torch.Size([24, 1723, 257, 1, 1])
estimate shape: torch.Size([24, 1724, 257, 1, 4])
target shape: torch.Size([24, 1724, 257, 1, 4])
mixture_phase shape: torch.Size([24, 257, 1723])
target_phase shape after adjust: torch.Size([24, 1723, 257, 1, 4])
mix_phase shape after adjust: torch.Size([24, 1723, 257, 1, 1])
estimate shape: torch.Size([24, 1724, 257, 1, 4])
target shape: torch.Size([24, 1724, 257, 1, 4])
mixture_phase shape: torch.Size([24, 257, 1723])
target_phase shape after adjust: torch.Size([24, 1723, 257, 1, 4])
mix_phase shape after adjust: torch.Size([24, 1723, 257, 1, 1])
estimate shape: torch.Size([24, 1724, 257, 1, 4])
target shape: torch.Size([24, 1724, 257, 1, 4])
mixture_phase shape: torch.Size([24, 257, 1723])
target_phase shape after adjust: torch.Size([24, 1723, 257, 1, 4])
mix_phase shape after adjust: torch.Size([24, 1723, 257, 1, 1])
estimate shape: torch.Size([24, 1724, 257, 1, 4])
target shape: torch.Size([24, 1724, 257, 1, 4])
mixture_phase shape: torch.Size([24, 257, 1723])
target_phase shape after adjust: torch.Size([24, 1723, 257, 1, 4])
mix_phase shape after adjust: torch.Size([24, 1723, 257, 1, 1])
estimate shape: torch.Size([24, 1724, 257, 1, 4])
target shape: torch.Size([24, 1724, 257, 1, 4])
mixture_phase shape: torch.Size([24, 257, 1723])
target_phase shape after adjust: torch.Size([24, 1723, 257, 1, 4])
mix_phase shape after adjust: torch.Size([24, 1723, 257, 1, 1])
estimate shape: torch.Size([24, 1724, 257, 1, 4])
target shape: torch.Size([24, 1724, 257, 1, 4])
mixture_phase shape: torch.Size([24, 257, 1723])
target_phase shape after adjust: torch.Size([24, 1723, 257, 1, 4])
mix_phase shape after adjust: torch.Size([24, 1723, 257, 1, 1])
estimate shape: torch.Size([24, 1724, 257, 1, 4])
target shape: torch.Size([24, 1724, 257, 1, 4])
mixture_phase shape: torch.Size([24, 257, 1723])
target_phase shape after adjust: torch.Size([24, 1723, 257, 1, 4])
mix_phase shape after adjust: torch.Size([24, 1723, 257, 1, 1])
estimate shape: torch.Size([24, 1724, 257, 1, 4])
target shape: torch.Size([24, 1724, 257, 1, 4])
mixture_phase shape: torch.Size([24, 257, 1723])
target_phase shape after adjust: torch.Size([24, 1723, 257, 1, 4])
mix_phase shape after adjust: torch.Size([24, 1723, 257, 1, 1])
estimate shape: torch.Size([24, 1724, 257, 1, 4])
target shape: torch.Size([24, 1724, 257, 1, 4])
mixture_phase shape: torch.Size([24, 257, 1723])
target_phase shape after adjust: torch.Size([24, 1723, 257, 1, 4])
mix_phase shape after adjust: torch.Size([24, 1723, 257, 1, 1])
estimate shape: torch.Size([24, 1724, 257, 1, 4])
target shape: torch.Size([24, 1724, 257, 1, 4])
mixture_phase shape: torch.Size([24, 257, 1723])
target_phase shape after adjust: torch.Size([24, 1723, 257, 1, 4])
mix_phase shape after adjust: torch.Size([24, 1723, 257, 1, 1])
estimate shape: torch.Size([24, 1724, 257, 1, 4])
target shape: torch.Size([24, 1724, 257, 1, 4])
mixture_phase shape: torch.Size([24, 257, 1723])
target_phase shape after adjust: torch.Size([24, 1723, 257, 1, 4])
mix_phase shape after adjust: torch.Size([24, 1723, 257, 1, 1])
estimate shape: torch.Size([24, 1724, 257, 1, 4])
target shape: torch.Size([24, 1724, 257, 1, 4])
mixture_phase shape: torch.Size([24, 257, 1723])
target_phase shape after adjust: torch.Size([24, 1723, 257, 1, 4])
mix_phase shape after adjust: torch.Size([24, 1723, 257, 1, 1])
estimate shape: torch.Size([24, 1724, 257, 1, 4])
target shape: torch.Size([24, 1724, 257, 1, 4])
mixture_phase shape: torch.Size([24, 257, 1723])
target_phase shape after adjust: torch.Size([24, 1723, 257, 1, 4])
mix_phase shape after adjust: torch.Size([24, 1723, 257, 1, 1])
estimate shape: torch.Size([24, 1724, 257, 1, 4])
target shape: torch.Size([24, 1724, 257, 1, 4])
mixture_phase shape: torch.Size([24, 257, 1723])
target_phase shape after adjust: torch.Size([24, 1723, 257, 1, 4])
mix_phase shape after adjust: torch.Size([24, 1723, 257, 1, 1])
estimate shape: torch.Size([24, 1724, 257, 1, 4])
target shape: torch.Size([24, 1724, 257, 1, 4])
mixture_phase shape: torch.Size([24, 257, 1723])
target_phase shape after adjust: torch.Size([24, 1723, 257, 1, 4])
mix_phase shape after adjust: torch.Size([24, 1723, 257, 1, 1])
estimate shape: torch.Size([8, 1724, 257, 1, 4])
target shape: torch.Size([8, 1724, 257, 1, 4])
mixture_phase shape: torch.Size([8, 257, 1723])
target_phase shape after adjust: torch.Size([8, 1723, 257, 1, 4])
mix_phase shape after adjust: torch.Size([8, 1723, 257, 1, 1])
[Validator] Epoch 87 - val_loss: 0.000012
[BEST CHECKPOINT] Guardado/actualizado en: checkpoints\Mis_modelos\lpsa_phase checkpoints\4stems\best_checkpoint_87_val_loss=-0.0000.pt
03/31/2026 06:19:22 PM | engine.py:1037 Engine run finished. Time taken: 00:00:25.871
[Epoch 87] train_loss=0.000011 | val_loss=0.000012
03/31/2026 06:19:22 PM | engine.py:1010 Epoch[87] Complete. Time taken: 00:00:48.189
03/31/2026 06:19:45 PM | engine.py:906 Engine run starting with max_epochs=1.
03/31/2026 06:20:11 PM | engine.py:1010 Epoch[1] Complete. Time taken: 00:00:26.035
estimate shape: torch.Size([24, 1724, 257, 1, 4])
target shape: torch.Size([24, 1724, 257, 1, 4])
mixture_phase shape: torch.Size([24, 257, 1723])
target_phase shape after adjust: torch.Size([24, 1723, 257, 1, 4])
mix_phase shape after adjust: torch.Size([24, 1723, 257, 1, 1])
estimate shape: torch.Size([24, 1724, 257, 1, 4])
target shape: torch.Size([24, 1724, 257, 1, 4])
mixture_phase shape: torch.Size([24, 257, 1723])
target_phase shape after adjust: torch.Size([24, 1723, 257, 1, 4])
mix_phase shape after adjust: torch.Size([24, 1723, 257, 1, 1])
estimate shape: torch.Size([24, 1724, 257, 1, 4])
target shape: torch.Size([24, 1724, 257, 1, 4])
mixture_phase shape: torch.Size([24, 257, 1723])
target_phase shape after adjust: torch.Size([24, 1723, 257, 1, 4])
mix_phase shape after adjust: torch.Size([24, 1723, 257, 1, 1])
estimate shape: torch.Size([24, 1724, 257, 1, 4])
target shape: torch.Size([24, 1724, 257, 1, 4])
mixture_phase shape: torch.Size([24, 257, 1723])
target_phase shape after adjust: torch.Size([24, 1723, 257, 1, 4])
mix_phase shape after adjust: torch.Size([24, 1723, 257, 1, 1])
estimate shape: torch.Size([24, 1724, 257, 1, 4])
target shape: torch.Size([24, 1724, 257, 1, 4])
mixture_phase shape: torch.Size([24, 257, 1723])
target_phase shape after adjust: torch.Size([24, 1723, 257, 1, 4])
mix_phase shape after adjust: torch.Size([24, 1723, 257, 1, 1])
estimate shape: torch.Size([24, 1724, 257, 1, 4])
target shape: torch.Size([24, 1724, 257, 1, 4])
mixture_phase shape: torch.Size([24, 257, 1723])
target_phase shape after adjust: torch.Size([24, 1723, 257, 1, 4])
mix_phase shape after adjust: torch.Size([24, 1723, 257, 1, 1])
estimate shape: torch.Size([24, 1724, 257, 1, 4])
target shape: torch.Size([24, 1724, 257, 1, 4])
mixture_phase shape: torch.Size([24, 257, 1723])
target_phase shape after adjust: torch.Size([24, 1723, 257, 1, 4])
mix_phase shape after adjust: torch.Size([24, 1723, 257, 1, 1])
estimate shape: torch.Size([24, 1724, 257, 1, 4])
target shape: torch.Size([24, 1724, 257, 1, 4])
mixture_phase shape: torch.Size([24, 257, 1723])
target_phase shape after adjust: torch.Size([24, 1723, 257, 1, 4])
mix_phase shape after adjust: torch.Size([24, 1723, 257, 1, 1])
estimate shape: torch.Size([24, 1724, 257, 1, 4])
target shape: torch.Size([24, 1724, 257, 1, 4])
mixture_phase shape: torch.Size([24, 257, 1723])
target_phase shape after adjust: torch.Size([24, 1723, 257, 1, 4])
mix_phase shape after adjust: torch.Size([24, 1723, 257, 1, 1])
estimate shape: torch.Size([24, 1724, 257, 1, 4])
target shape: torch.Size([24, 1724, 257, 1, 4])
mixture_phase shape: torch.Size([24, 257, 1723])
target_phase shape after adjust: torch.Size([24, 1723, 257, 1, 4])
mix_phase shape after adjust: torch.Size([24, 1723, 257, 1, 1])
estimate shape: torch.Size([24, 1724, 257, 1, 4])
target shape: torch.Size([24, 1724, 257, 1, 4])
mixture_phase shape: torch.Size([24, 257, 1723])
target_phase shape after adjust: torch.Size([24, 1723, 257, 1, 4])
mix_phase shape after adjust: torch.Size([24, 1723, 257, 1, 1])
estimate shape: torch.Size([24, 1724, 257, 1, 4])
target shape: torch.Size([24, 1724, 257, 1, 4])
mixture_phase shape: torch.Size([24, 257, 1723])
target_phase shape after adjust: torch.Size([24, 1723, 257, 1, 4])
mix_phase shape after adjust: torch.Size([24, 1723, 257, 1, 1])
estimate shape: torch.Size([24, 1724, 257, 1, 4])
target shape: torch.Size([24, 1724, 257, 1, 4])
mixture_phase shape: torch.Size([24, 257, 1723])
target_phase shape after adjust: torch.Size([24, 1723, 257, 1, 4])
mix_phase shape after adjust: torch.Size([24, 1723, 257, 1, 1])
estimate shape: torch.Size([24, 1724, 257, 1, 4])
target shape: torch.Size([24, 1724, 257, 1, 4])
mixture_phase shape: torch.Size([24, 257, 1723])
target_phase shape after adjust: torch.Size([24, 1723, 257, 1, 4])
mix_phase shape after adjust: torch.Size([24, 1723, 257, 1, 1])
estimate shape: torch.Size([24, 1724, 257, 1, 4])
target shape: torch.Size([24, 1724, 257, 1, 4])
mixture_phase shape: torch.Size([24, 257, 1723])
target_phase shape after adjust: torch.Size([24, 1723, 257, 1, 4])
mix_phase shape after adjust: torch.Size([24, 1723, 257, 1, 1])
estimate shape: torch.Size([24, 1724, 257, 1, 4])
target shape: torch.Size([24, 1724, 257, 1, 4])
mixture_phase shape: torch.Size([24, 257, 1723])
target_phase shape after adjust: torch.Size([24, 1723, 257, 1, 4])
mix_phase shape after adjust: torch.Size([24, 1723, 257, 1, 1])
estimate shape: torch.Size([24, 1724, 257, 1, 4])
target shape: torch.Size([24, 1724, 257, 1, 4])
mixture_phase shape: torch.Size([24, 257, 1723])
target_phase shape after adjust: torch.Size([24, 1723, 257, 1, 4])
mix_phase shape after adjust: torch.Size([24, 1723, 257, 1, 1])
estimate shape: torch.Size([24, 1724, 257, 1, 4])
target shape: torch.Size([24, 1724, 257, 1, 4])
mixture_phase shape: torch.Size([24, 257, 1723])
target_phase shape after adjust: torch.Size([24, 1723, 257, 1, 4])
mix_phase shape after adjust: torch.Size([24, 1723, 257, 1, 1])
estimate shape: torch.Size([8, 1724, 257, 1, 4])
target shape: torch.Size([8, 1724, 257, 1, 4])
mixture_phase shape: torch.Size([8, 257, 1723])
target_phase shape after adjust: torch.Size([8, 1723, 257, 1, 4])
mix_phase shape after adjust: torch.Size([8, 1723, 257, 1, 1])
[Validator] Epoch 88 - val_loss: 0.000012
[BEST CHECKPOINT] Guardado/actualizado en: checkpoints\Mis_modelos\lpsa_phase checkpoints\4stems\best_checkpoint_87_val_loss=-0.0000.pt
03/31/2026 06:20:11 PM | engine.py:1037 Engine run finished. Time taken: 00:00:26.036
[Epoch 88] train_loss=0.000011 | val_loss=0.000012
03/31/2026 06:20:11 PM | engine.py:1010 Epoch[88] Complete. Time taken: 00:00:48.407
03/31/2026 06:20:33 PM | engine.py:906 Engine run starting with max_epochs=1.
03/31/2026 06:20:58 PM | engine.py:1010 Epoch[1] Complete. Time taken: 00:00:25.723
estimate shape: torch.Size([24, 1724, 257, 1, 4])
target shape: torch.Size([24, 1724, 257, 1, 4])
mixture_phase shape: torch.Size([24, 257, 1723])
target_phase shape after adjust: torch.Size([24, 1723, 257, 1, 4])
mix_phase shape after adjust: torch.Size([24, 1723, 257, 1, 1])
estimate shape: torch.Size([24, 1724, 257, 1, 4])
target shape: torch.Size([24, 1724, 257, 1, 4])
mixture_phase shape: torch.Size([24, 257, 1723])
target_phase shape after adjust: torch.Size([24, 1723, 257, 1, 4])
mix_phase shape after adjust: torch.Size([24, 1723, 257, 1, 1])
estimate shape: torch.Size([24, 1724, 257, 1, 4])
target shape: torch.Size([24, 1724, 257, 1, 4])
mixture_phase shape: torch.Size([24, 257, 1723])
target_phase shape after adjust: torch.Size([24, 1723, 257, 1, 4])
mix_phase shape after adjust: torch.Size([24, 1723, 257, 1, 1])
estimate shape: torch.Size([24, 1724, 257, 1, 4])
target shape: torch.Size([24, 1724, 257, 1, 4])
mixture_phase shape: torch.Size([24, 257, 1723])
target_phase shape after adjust: torch.Size([24, 1723, 257, 1, 4])
mix_phase shape after adjust: torch.Size([24, 1723, 257, 1, 1])
estimate shape: torch.Size([24, 1724, 257, 1, 4])
target shape: torch.Size([24, 1724, 257, 1, 4])
mixture_phase shape: torch.Size([24, 257, 1723])
target_phase shape after adjust: torch.Size([24, 1723, 257, 1, 4])
mix_phase shape after adjust: torch.Size([24, 1723, 257, 1, 1])
estimate shape: torch.Size([24, 1724, 257, 1, 4])
target shape: torch.Size([24, 1724, 257, 1, 4])
mixture_phase shape: torch.Size([24, 257, 1723])
target_phase shape after adjust: torch.Size([24, 1723, 257, 1, 4])
mix_phase shape after adjust: torch.Size([24, 1723, 257, 1, 1])
estimate shape: torch.Size([24, 1724, 257, 1, 4])
target shape: torch.Size([24, 1724, 257, 1, 4])
mixture_phase shape: torch.Size([24, 257, 1723])
target_phase shape after adjust: torch.Size([24, 1723, 257, 1, 4])
mix_phase shape after adjust: torch.Size([24, 1723, 257, 1, 1])
estimate shape: torch.Size([24, 1724, 257, 1, 4])
target shape: torch.Size([24, 1724, 257, 1, 4])
mixture_phase shape: torch.Size([24, 257, 1723])
target_phase shape after adjust: torch.Size([24, 1723, 257, 1, 4])
mix_phase shape after adjust: torch.Size([24, 1723, 257, 1, 1])
estimate shape: torch.Size([24, 1724, 257, 1, 4])
target shape: torch.Size([24, 1724, 257, 1, 4])
mixture_phase shape: torch.Size([24, 257, 1723])
target_phase shape after adjust: torch.Size([24, 1723, 257, 1, 4])
mix_phase shape after adjust: torch.Size([24, 1723, 257, 1, 1])
estimate shape: torch.Size([24, 1724, 257, 1, 4])
target shape: torch.Size([24, 1724, 257, 1, 4])
mixture_phase shape: torch.Size([24, 257, 1723])
target_phase shape after adjust: torch.Size([24, 1723, 257, 1, 4])
mix_phase shape after adjust: torch.Size([24, 1723, 257, 1, 1])
estimate shape: torch.Size([24, 1724, 257, 1, 4])
target shape: torch.Size([24, 1724, 257, 1, 4])
mixture_phase shape: torch.Size([24, 257, 1723])
target_phase shape after adjust: torch.Size([24, 1723, 257, 1, 4])
mix_phase shape after adjust: torch.Size([24, 1723, 257, 1, 1])
estimate shape: torch.Size([24, 1724, 257, 1, 4])
target shape: torch.Size([24, 1724, 257, 1, 4])
mixture_phase shape: torch.Size([24, 257, 1723])
target_phase shape after adjust: torch.Size([24, 1723, 257, 1, 4])
mix_phase shape after adjust: torch.Size([24, 1723, 257, 1, 1])
estimate shape: torch.Size([24, 1724, 257, 1, 4])
target shape: torch.Size([24, 1724, 257, 1, 4])
mixture_phase shape: torch.Size([24, 257, 1723])
target_phase shape after adjust: torch.Size([24, 1723, 257, 1, 4])
mix_phase shape after adjust: torch.Size([24, 1723, 257, 1, 1])
estimate shape: torch.Size([24, 1724, 257, 1, 4])
target shape: torch.Size([24, 1724, 257, 1, 4])
mixture_phase shape: torch.Size([24, 257, 1723])
target_phase shape after adjust: torch.Size([24, 1723, 257, 1, 4])
mix_phase shape after adjust: torch.Size([24, 1723, 257, 1, 1])
estimate shape: torch.Size([24, 1724, 257, 1, 4])
target shape: torch.Size([24, 1724, 257, 1, 4])
mixture_phase shape: torch.Size([24, 257, 1723])
target_phase shape after adjust: torch.Size([24, 1723, 257, 1, 4])
mix_phase shape after adjust: torch.Size([24, 1723, 257, 1, 1])
estimate shape: torch.Size([24, 1724, 257, 1, 4])
target shape: torch.Size([24, 1724, 257, 1, 4])
mixture_phase shape: torch.Size([24, 257, 1723])
target_phase shape after adjust: torch.Size([24, 1723, 257, 1, 4])
mix_phase shape after adjust: torch.Size([24, 1723, 257, 1, 1])
estimate shape: torch.Size([24, 1724, 257, 1, 4])
target shape: torch.Size([24, 1724, 257, 1, 4])
mixture_phase shape: torch.Size([24, 257, 1723])
target_phase shape after adjust: torch.Size([24, 1723, 257, 1, 4])
mix_phase shape after adjust: torch.Size([24, 1723, 257, 1, 1])
estimate shape: torch.Size([24, 1724, 257, 1, 4])
target shape: torch.Size([24, 1724, 257, 1, 4])
mixture_phase shape: torch.Size([24, 257, 1723])
target_phase shape after adjust: torch.Size([24, 1723, 257, 1, 4])
mix_phase shape after adjust: torch.Size([24, 1723, 257, 1, 1])
estimate shape: torch.Size([8, 1724, 257, 1, 4])
target shape: torch.Size([8, 1724, 257, 1, 4])
mixture_phase shape: torch.Size([8, 257, 1723])
target_phase shape after adjust: torch.Size([8, 1723, 257, 1, 4])
mix_phase shape after adjust: torch.Size([8, 1723, 257, 1, 1])
[Validator] Epoch 89 - val_loss: 0.000012
[BEST CHECKPOINT] Guardado/actualizado en: checkpoints\Mis_modelos\lpsa_phase checkpoints\4stems\best_checkpoint_89_val_loss=-0.0000.pt
03/31/2026 06:20:58 PM | engine.py:1037 Engine run finished. Time taken: 00:00:25.736
[Epoch 89] train_loss=0.000010 | val_loss=0.000012
03/31/2026 06:20:58 PM | engine.py:1010 Epoch[89] Complete. Time taken: 00:00:47.724
03/31/2026 06:21:21 PM | engine.py:906 Engine run starting with max_epochs=1.
03/31/2026 06:21:47 PM | engine.py:1010 Epoch[1] Complete. Time taken: 00:00:25.902
estimate shape: torch.Size([24, 1724, 257, 1, 4])
target shape: torch.Size([24, 1724, 257, 1, 4])
mixture_phase shape: torch.Size([24, 257, 1723])
target_phase shape after adjust: torch.Size([24, 1723, 257, 1, 4])
mix_phase shape after adjust: torch.Size([24, 1723, 257, 1, 1])
estimate shape: torch.Size([24, 1724, 257, 1, 4])
target shape: torch.Size([24, 1724, 257, 1, 4])
mixture_phase shape: torch.Size([24, 257, 1723])
target_phase shape after adjust: torch.Size([24, 1723, 257, 1, 4])
mix_phase shape after adjust: torch.Size([24, 1723, 257, 1, 1])
estimate shape: torch.Size([24, 1724, 257, 1, 4])
target shape: torch.Size([24, 1724, 257, 1, 4])
mixture_phase shape: torch.Size([24, 257, 1723])
target_phase shape after adjust: torch.Size([24, 1723, 257, 1, 4])
mix_phase shape after adjust: torch.Size([24, 1723, 257, 1, 1])
estimate shape: torch.Size([24, 1724, 257, 1, 4])
target shape: torch.Size([24, 1724, 257, 1, 4])
mixture_phase shape: torch.Size([24, 257, 1723])
target_phase shape after adjust: torch.Size([24, 1723, 257, 1, 4])
mix_phase shape after adjust: torch.Size([24, 1723, 257, 1, 1])
estimate shape: torch.Size([24, 1724, 257, 1, 4])
target shape: torch.Size([24, 1724, 257, 1, 4])
mixture_phase shape: torch.Size([24, 257, 1723])
target_phase shape after adjust: torch.Size([24, 1723, 257, 1, 4])
mix_phase shape after adjust: torch.Size([24, 1723, 257, 1, 1])
estimate shape: torch.Size([24, 1724, 257, 1, 4])
target shape: torch.Size([24, 1724, 257, 1, 4])
mixture_phase shape: torch.Size([24, 257, 1723])
target_phase shape after adjust: torch.Size([24, 1723, 257, 1, 4])
mix_phase shape after adjust: torch.Size([24, 1723, 257, 1, 1])
estimate shape: torch.Size([24, 1724, 257, 1, 4])
target shape: torch.Size([24, 1724, 257, 1, 4])
mixture_phase shape: torch.Size([24, 257, 1723])
target_phase shape after adjust: torch.Size([24, 1723, 257, 1, 4])
mix_phase shape after adjust: torch.Size([24, 1723, 257, 1, 1])
estimate shape: torch.Size([24, 1724, 257, 1, 4])
target shape: torch.Size([24, 1724, 257, 1, 4])
mixture_phase shape: torch.Size([24, 257, 1723])
target_phase shape after adjust: torch.Size([24, 1723, 257, 1, 4])
mix_phase shape after adjust: torch.Size([24, 1723, 257, 1, 1])
estimate shape: torch.Size([24, 1724, 257, 1, 4])
target shape: torch.Size([24, 1724, 257, 1, 4])
mixture_phase shape: torch.Size([24, 257, 1723])
target_phase shape after adjust: torch.Size([24, 1723, 257, 1, 4])
mix_phase shape after adjust: torch.Size([24, 1723, 257, 1, 1])
estimate shape: torch.Size([24, 1724, 257, 1, 4])
target shape: torch.Size([24, 1724, 257, 1, 4])
mixture_phase shape: torch.Size([24, 257, 1723])
target_phase shape after adjust: torch.Size([24, 1723, 257, 1, 4])
mix_phase shape after adjust: torch.Size([24, 1723, 257, 1, 1])
estimate shape: torch.Size([24, 1724, 257, 1, 4])
target shape: torch.Size([24, 1724, 257, 1, 4])
mixture_phase shape: torch.Size([24, 257, 1723])
target_phase shape after adjust: torch.Size([24, 1723, 257, 1, 4])
mix_phase shape after adjust: torch.Size([24, 1723, 257, 1, 1])
estimate shape: torch.Size([24, 1724, 257, 1, 4])
target shape: torch.Size([24, 1724, 257, 1, 4])
mixture_phase shape: torch.Size([24, 257, 1723])
target_phase shape after adjust: torch.Size([24, 1723, 257, 1, 4])
mix_phase shape after adjust: torch.Size([24, 1723, 257, 1, 1])
estimate shape: torch.Size([24, 1724, 257, 1, 4])
target shape: torch.Size([24, 1724, 257, 1, 4])
mixture_phase shape: torch.Size([24, 257, 1723])
target_phase shape after adjust: torch.Size([24, 1723, 257, 1, 4])
mix_phase shape after adjust: torch.Size([24, 1723, 257, 1, 1])
estimate shape: torch.Size([24, 1724, 257, 1, 4])
target shape: torch.Size([24, 1724, 257, 1, 4])
mixture_phase shape: torch.Size([24, 257, 1723])
target_phase shape after adjust: torch.Size([24, 1723, 257, 1, 4])
mix_phase shape after adjust: torch.Size([24, 1723, 257, 1, 1])
estimate shape: torch.Size([24, 1724, 257, 1, 4])
target shape: torch.Size([24, 1724, 257, 1, 4])
mixture_phase shape: torch.Size([24, 257, 1723])
target_phase shape after adjust: torch.Size([24, 1723, 257, 1, 4])
mix_phase shape after adjust: torch.Size([24, 1723, 257, 1, 1])
estimate shape: torch.Size([24, 1724, 257, 1, 4])
target shape: torch.Size([24, 1724, 257, 1, 4])
mixture_phase shape: torch.Size([24, 257, 1723])
target_phase shape after adjust: torch.Size([24, 1723, 257, 1, 4])
mix_phase shape after adjust: torch.Size([24, 1723, 257, 1, 1])
estimate shape: torch.Size([24, 1724, 257, 1, 4])
target shape: torch.Size([24, 1724, 257, 1, 4])
mixture_phase shape: torch.Size([24, 257, 1723])
target_phase shape after adjust: torch.Size([24, 1723, 257, 1, 4])
mix_phase shape after adjust: torch.Size([24, 1723, 257, 1, 1])
estimate shape: torch.Size([24, 1724, 257, 1, 4])
target shape: torch.Size([24, 1724, 257, 1, 4])
mixture_phase shape: torch.Size([24, 257, 1723])
target_phase shape after adjust: torch.Size([24, 1723, 257, 1, 4])
mix_phase shape after adjust: torch.Size([24, 1723, 257, 1, 1])
estimate shape: torch.Size([8, 1724, 257, 1, 4])
target shape: torch.Size([8, 1724, 257, 1, 4])
mixture_phase shape: torch.Size([8, 257, 1723])
target_phase shape after adjust: torch.Size([8, 1723, 257, 1, 4])
mix_phase shape after adjust: torch.Size([8, 1723, 257, 1, 1])
[Validator] Epoch 90 - val_loss: 0.000012
[BEST CHECKPOINT] Guardado/actualizado en: checkpoints\Mis_modelos\lpsa_phase checkpoints\4stems\best_checkpoint_90_val_loss=-0.0000.pt
03/31/2026 06:21:47 PM | engine.py:1037 Engine run finished. Time taken: 00:00:25.912
[Epoch 90] train_loss=0.000010 | val_loss=0.000012
03/31/2026 06:21:47 PM | engine.py:1010 Epoch[90] Complete. Time taken: 00:00:48.523
03/31/2026 06:22:09 PM | engine.py:906 Engine run starting with max_epochs=1.
03/31/2026 06:22:35 PM | engine.py:1010 Epoch[1] Complete. Time taken: 00:00:25.768
estimate shape: torch.Size([24, 1724, 257, 1, 4])
target shape: torch.Size([24, 1724, 257, 1, 4])
mixture_phase shape: torch.Size([24, 257, 1723])
target_phase shape after adjust: torch.Size([24, 1723, 257, 1, 4])
mix_phase shape after adjust: torch.Size([24, 1723, 257, 1, 1])
estimate shape: torch.Size([24, 1724, 257, 1, 4])
target shape: torch.Size([24, 1724, 257, 1, 4])
mixture_phase shape: torch.Size([24, 257, 1723])
target_phase shape after adjust: torch.Size([24, 1723, 257, 1, 4])
mix_phase shape after adjust: torch.Size([24, 1723, 257, 1, 1])
estimate shape: torch.Size([24, 1724, 257, 1, 4])
target shape: torch.Size([24, 1724, 257, 1, 4])
mixture_phase shape: torch.Size([24, 257, 1723])
target_phase shape after adjust: torch.Size([24, 1723, 257, 1, 4])
mix_phase shape after adjust: torch.Size([24, 1723, 257, 1, 1])
estimate shape: torch.Size([24, 1724, 257, 1, 4])
target shape: torch.Size([24, 1724, 257, 1, 4])
mixture_phase shape: torch.Size([24, 257, 1723])
target_phase shape after adjust: torch.Size([24, 1723, 257, 1, 4])
mix_phase shape after adjust: torch.Size([24, 1723, 257, 1, 1])
estimate shape: torch.Size([24, 1724, 257, 1, 4])
target shape: torch.Size([24, 1724, 257, 1, 4])
mixture_phase shape: torch.Size([24, 257, 1723])
target_phase shape after adjust: torch.Size([24, 1723, 257, 1, 4])
mix_phase shape after adjust: torch.Size([24, 1723, 257, 1, 1])
estimate shape: torch.Size([24, 1724, 257, 1, 4])
target shape: torch.Size([24, 1724, 257, 1, 4])
mixture_phase shape: torch.Size([24, 257, 1723])
target_phase shape after adjust: torch.Size([24, 1723, 257, 1, 4])
mix_phase shape after adjust: torch.Size([24, 1723, 257, 1, 1])
estimate shape: torch.Size([24, 1724, 257, 1, 4])
target shape: torch.Size([24, 1724, 257, 1, 4])
mixture_phase shape: torch.Size([24, 257, 1723])
target_phase shape after adjust: torch.Size([24, 1723, 257, 1, 4])
mix_phase shape after adjust: torch.Size([24, 1723, 257, 1, 1])
estimate shape: torch.Size([24, 1724, 257, 1, 4])
target shape: torch.Size([24, 1724, 257, 1, 4])
mixture_phase shape: torch.Size([24, 257, 1723])
target_phase shape after adjust: torch.Size([24, 1723, 257, 1, 4])
mix_phase shape after adjust: torch.Size([24, 1723, 257, 1, 1])
estimate shape: torch.Size([24, 1724, 257, 1, 4])
target shape: torch.Size([24, 1724, 257, 1, 4])
mixture_phase shape: torch.Size([24, 257, 1723])
target_phase shape after adjust: torch.Size([24, 1723, 257, 1, 4])
mix_phase shape after adjust: torch.Size([24, 1723, 257, 1, 1])
estimate shape: torch.Size([24, 1724, 257, 1, 4])
target shape: torch.Size([24, 1724, 257, 1, 4])
mixture_phase shape: torch.Size([24, 257, 1723])
target_phase shape after adjust: torch.Size([24, 1723, 257, 1, 4])
mix_phase shape after adjust: torch.Size([24, 1723, 257, 1, 1])
estimate shape: torch.Size([24, 1724, 257, 1, 4])
target shape: torch.Size([24, 1724, 257, 1, 4])
mixture_phase shape: torch.Size([24, 257, 1723])
target_phase shape after adjust: torch.Size([24, 1723, 257, 1, 4])
mix_phase shape after adjust: torch.Size([24, 1723, 257, 1, 1])
estimate shape: torch.Size([24, 1724, 257, 1, 4])
target shape: torch.Size([24, 1724, 257, 1, 4])
mixture_phase shape: torch.Size([24, 257, 1723])
target_phase shape after adjust: torch.Size([24, 1723, 257, 1, 4])
mix_phase shape after adjust: torch.Size([24, 1723, 257, 1, 1])
estimate shape: torch.Size([24, 1724, 257, 1, 4])
target shape: torch.Size([24, 1724, 257, 1, 4])
mixture_phase shape: torch.Size([24, 257, 1723])
target_phase shape after adjust: torch.Size([24, 1723, 257, 1, 4])
mix_phase shape after adjust: torch.Size([24, 1723, 257, 1, 1])
estimate shape: torch.Size([24, 1724, 257, 1, 4])
target shape: torch.Size([24, 1724, 257, 1, 4])
mixture_phase shape: torch.Size([24, 257, 1723])
target_phase shape after adjust: torch.Size([24, 1723, 257, 1, 4])
mix_phase shape after adjust: torch.Size([24, 1723, 257, 1, 1])
estimate shape: torch.Size([24, 1724, 257, 1, 4])
target shape: torch.Size([24, 1724, 257, 1, 4])
mixture_phase shape: torch.Size([24, 257, 1723])
target_phase shape after adjust: torch.Size([24, 1723, 257, 1, 4])
mix_phase shape after adjust: torch.Size([24, 1723, 257, 1, 1])
estimate shape: torch.Size([24, 1724, 257, 1, 4])
target shape: torch.Size([24, 1724, 257, 1, 4])
mixture_phase shape: torch.Size([24, 257, 1723])
target_phase shape after adjust: torch.Size([24, 1723, 257, 1, 4])
mix_phase shape after adjust: torch.Size([24, 1723, 257, 1, 1])
estimate shape: torch.Size([24, 1724, 257, 1, 4])
target shape: torch.Size([24, 1724, 257, 1, 4])
mixture_phase shape: torch.Size([24, 257, 1723])
target_phase shape after adjust: torch.Size([24, 1723, 257, 1, 4])
mix_phase shape after adjust: torch.Size([24, 1723, 257, 1, 1])
estimate shape: torch.Size([24, 1724, 257, 1, 4])
target shape: torch.Size([24, 1724, 257, 1, 4])
mixture_phase shape: torch.Size([24, 257, 1723])
target_phase shape after adjust: torch.Size([24, 1723, 257, 1, 4])
mix_phase shape after adjust: torch.Size([24, 1723, 257, 1, 1])
estimate shape: torch.Size([8, 1724, 257, 1, 4])
target shape: torch.Size([8, 1724, 257, 1, 4])
mixture_phase shape: torch.Size([8, 257, 1723])
target_phase shape after adjust: torch.Size([8, 1723, 257, 1, 4])
mix_phase shape after adjust: torch.Size([8, 1723, 257, 1, 1])
[Validator] Epoch 91 - val_loss: 0.000012
[BEST CHECKPOINT] Guardado/actualizado en: checkpoints\Mis_modelos\lpsa_phase checkpoints\4stems\best_checkpoint_91_val_loss=-0.0000.pt
03/31/2026 06:22:35 PM | engine.py:1037 Engine run finished. Time taken: 00:00:25.779
[Epoch 91] train_loss=0.000011 | val_loss=0.000012
03/31/2026 06:22:35 PM | engine.py:1010 Epoch[91] Complete. Time taken: 00:00:48.060
03/31/2026 06:22:58 PM | engine.py:906 Engine run starting with max_epochs=1.
03/31/2026 06:23:24 PM | engine.py:1010 Epoch[1] Complete. Time taken: 00:00:26.285
estimate shape: torch.Size([24, 1724, 257, 1, 4])
target shape: torch.Size([24, 1724, 257, 1, 4])
mixture_phase shape: torch.Size([24, 257, 1723])
target_phase shape after adjust: torch.Size([24, 1723, 257, 1, 4])
mix_phase shape after adjust: torch.Size([24, 1723, 257, 1, 1])
estimate shape: torch.Size([24, 1724, 257, 1, 4])
target shape: torch.Size([24, 1724, 257, 1, 4])
mixture_phase shape: torch.Size([24, 257, 1723])
target_phase shape after adjust: torch.Size([24, 1723, 257, 1, 4])
mix_phase shape after adjust: torch.Size([24, 1723, 257, 1, 1])
estimate shape: torch.Size([24, 1724, 257, 1, 4])
target shape: torch.Size([24, 1724, 257, 1, 4])
mixture_phase shape: torch.Size([24, 257, 1723])
target_phase shape after adjust: torch.Size([24, 1723, 257, 1, 4])
mix_phase shape after adjust: torch.Size([24, 1723, 257, 1, 1])
estimate shape: torch.Size([24, 1724, 257, 1, 4])
target shape: torch.Size([24, 1724, 257, 1, 4])
mixture_phase shape: torch.Size([24, 257, 1723])
target_phase shape after adjust: torch.Size([24, 1723, 257, 1, 4])
mix_phase shape after adjust: torch.Size([24, 1723, 257, 1, 1])
estimate shape: torch.Size([24, 1724, 257, 1, 4])
target shape: torch.Size([24, 1724, 257, 1, 4])
mixture_phase shape: torch.Size([24, 257, 1723])
target_phase shape after adjust: torch.Size([24, 1723, 257, 1, 4])
mix_phase shape after adjust: torch.Size([24, 1723, 257, 1, 1])
estimate shape: torch.Size([24, 1724, 257, 1, 4])
target shape: torch.Size([24, 1724, 257, 1, 4])
mixture_phase shape: torch.Size([24, 257, 1723])
target_phase shape after adjust: torch.Size([24, 1723, 257, 1, 4])
mix_phase shape after adjust: torch.Size([24, 1723, 257, 1, 1])
estimate shape: torch.Size([24, 1724, 257, 1, 4])
target shape: torch.Size([24, 1724, 257, 1, 4])
mixture_phase shape: torch.Size([24, 257, 1723])
target_phase shape after adjust: torch.Size([24, 1723, 257, 1, 4])
mix_phase shape after adjust: torch.Size([24, 1723, 257, 1, 1])
estimate shape: torch.Size([24, 1724, 257, 1, 4])
target shape: torch.Size([24, 1724, 257, 1, 4])
mixture_phase shape: torch.Size([24, 257, 1723])
target_phase shape after adjust: torch.Size([24, 1723, 257, 1, 4])
mix_phase shape after adjust: torch.Size([24, 1723, 257, 1, 1])
estimate shape: torch.Size([24, 1724, 257, 1, 4])
target shape: torch.Size([24, 1724, 257, 1, 4])
mixture_phase shape: torch.Size([24, 257, 1723])
target_phase shape after adjust: torch.Size([24, 1723, 257, 1, 4])
mix_phase shape after adjust: torch.Size([24, 1723, 257, 1, 1])
estimate shape: torch.Size([24, 1724, 257, 1, 4])
target shape: torch.Size([24, 1724, 257, 1, 4])
mixture_phase shape: torch.Size([24, 257, 1723])
target_phase shape after adjust: torch.Size([24, 1723, 257, 1, 4])
mix_phase shape after adjust: torch.Size([24, 1723, 257, 1, 1])
estimate shape: torch.Size([24, 1724, 257, 1, 4])
target shape: torch.Size([24, 1724, 257, 1, 4])
mixture_phase shape: torch.Size([24, 257, 1723])
target_phase shape after adjust: torch.Size([24, 1723, 257, 1, 4])
mix_phase shape after adjust: torch.Size([24, 1723, 257, 1, 1])
estimate shape: torch.Size([24, 1724, 257, 1, 4])
target shape: torch.Size([24, 1724, 257, 1, 4])
mixture_phase shape: torch.Size([24, 257, 1723])
target_phase shape after adjust: torch.Size([24, 1723, 257, 1, 4])
mix_phase shape after adjust: torch.Size([24, 1723, 257, 1, 1])
estimate shape: torch.Size([24, 1724, 257, 1, 4])
target shape: torch.Size([24, 1724, 257, 1, 4])
mixture_phase shape: torch.Size([24, 257, 1723])
target_phase shape after adjust: torch.Size([24, 1723, 257, 1, 4])
mix_phase shape after adjust: torch.Size([24, 1723, 257, 1, 1])
estimate shape: torch.Size([24, 1724, 257, 1, 4])
target shape: torch.Size([24, 1724, 257, 1, 4])
mixture_phase shape: torch.Size([24, 257, 1723])
target_phase shape after adjust: torch.Size([24, 1723, 257, 1, 4])
mix_phase shape after adjust: torch.Size([24, 1723, 257, 1, 1])
estimate shape: torch.Size([24, 1724, 257, 1, 4])
target shape: torch.Size([24, 1724, 257, 1, 4])
mixture_phase shape: torch.Size([24, 257, 1723])
target_phase shape after adjust: torch.Size([24, 1723, 257, 1, 4])
mix_phase shape after adjust: torch.Size([24, 1723, 257, 1, 1])
estimate shape: torch.Size([24, 1724, 257, 1, 4])
target shape: torch.Size([24, 1724, 257, 1, 4])
mixture_phase shape: torch.Size([24, 257, 1723])
target_phase shape after adjust: torch.Size([24, 1723, 257, 1, 4])
mix_phase shape after adjust: torch.Size([24, 1723, 257, 1, 1])
estimate shape: torch.Size([24, 1724, 257, 1, 4])
target shape: torch.Size([24, 1724, 257, 1, 4])
mixture_phase shape: torch.Size([24, 257, 1723])
target_phase shape after adjust: torch.Size([24, 1723, 257, 1, 4])
mix_phase shape after adjust: torch.Size([24, 1723, 257, 1, 1])
estimate shape: torch.Size([24, 1724, 257, 1, 4])
target shape: torch.Size([24, 1724, 257, 1, 4])
mixture_phase shape: torch.Size([24, 257, 1723])
target_phase shape after adjust: torch.Size([24, 1723, 257, 1, 4])
mix_phase shape after adjust: torch.Size([24, 1723, 257, 1, 1])
estimate shape: torch.Size([8, 1724, 257, 1, 4])
target shape: torch.Size([8, 1724, 257, 1, 4])
mixture_phase shape: torch.Size([8, 257, 1723])
target_phase shape after adjust: torch.Size([8, 1723, 257, 1, 4])
mix_phase shape after adjust: torch.Size([8, 1723, 257, 1, 1])
[Validator] Epoch 92 - val_loss: 0.000012
[BEST CHECKPOINT] Guardado/actualizado en: checkpoints\Mis_modelos\lpsa_phase checkpoints\4stems\best_checkpoint_92_val_loss=-0.0000.pt
03/31/2026 06:23:24 PM | engine.py:1037 Engine run finished. Time taken: 00:00:26.297
[Epoch 92] train_loss=0.000011 | val_loss=0.000012
03/31/2026 06:23:24 PM | engine.py:1010 Epoch[92] Complete. Time taken: 00:00:48.898
03/31/2026 06:23:47 PM | engine.py:906 Engine run starting with max_epochs=1.
03/31/2026 06:24:13 PM | engine.py:1010 Epoch[1] Complete. Time taken: 00:00:25.827
estimate shape: torch.Size([24, 1724, 257, 1, 4])
target shape: torch.Size([24, 1724, 257, 1, 4])
mixture_phase shape: torch.Size([24, 257, 1723])
target_phase shape after adjust: torch.Size([24, 1723, 257, 1, 4])
mix_phase shape after adjust: torch.Size([24, 1723, 257, 1, 1])
estimate shape: torch.Size([24, 1724, 257, 1, 4])
target shape: torch.Size([24, 1724, 257, 1, 4])
mixture_phase shape: torch.Size([24, 257, 1723])
target_phase shape after adjust: torch.Size([24, 1723, 257, 1, 4])
mix_phase shape after adjust: torch.Size([24, 1723, 257, 1, 1])
estimate shape: torch.Size([24, 1724, 257, 1, 4])
target shape: torch.Size([24, 1724, 257, 1, 4])
mixture_phase shape: torch.Size([24, 257, 1723])
target_phase shape after adjust: torch.Size([24, 1723, 257, 1, 4])
mix_phase shape after adjust: torch.Size([24, 1723, 257, 1, 1])
estimate shape: torch.Size([24, 1724, 257, 1, 4])
target shape: torch.Size([24, 1724, 257, 1, 4])
mixture_phase shape: torch.Size([24, 257, 1723])
target_phase shape after adjust: torch.Size([24, 1723, 257, 1, 4])
mix_phase shape after adjust: torch.Size([24, 1723, 257, 1, 1])
estimate shape: torch.Size([24, 1724, 257, 1, 4])
target shape: torch.Size([24, 1724, 257, 1, 4])
mixture_phase shape: torch.Size([24, 257, 1723])
target_phase shape after adjust: torch.Size([24, 1723, 257, 1, 4])
mix_phase shape after adjust: torch.Size([24, 1723, 257, 1, 1])
estimate shape: torch.Size([24, 1724, 257, 1, 4])
target shape: torch.Size([24, 1724, 257, 1, 4])
mixture_phase shape: torch.Size([24, 257, 1723])
target_phase shape after adjust: torch.Size([24, 1723, 257, 1, 4])
mix_phase shape after adjust: torch.Size([24, 1723, 257, 1, 1])
estimate shape: torch.Size([24, 1724, 257, 1, 4])
target shape: torch.Size([24, 1724, 257, 1, 4])
mixture_phase shape: torch.Size([24, 257, 1723])
target_phase shape after adjust: torch.Size([24, 1723, 257, 1, 4])
mix_phase shape after adjust: torch.Size([24, 1723, 257, 1, 1])
estimate shape: torch.Size([24, 1724, 257, 1, 4])
target shape: torch.Size([24, 1724, 257, 1, 4])
mixture_phase shape: torch.Size([24, 257, 1723])
target_phase shape after adjust: torch.Size([24, 1723, 257, 1, 4])
mix_phase shape after adjust: torch.Size([24, 1723, 257, 1, 1])
estimate shape: torch.Size([24, 1724, 257, 1, 4])
target shape: torch.Size([24, 1724, 257, 1, 4])
mixture_phase shape: torch.Size([24, 257, 1723])
target_phase shape after adjust: torch.Size([24, 1723, 257, 1, 4])
mix_phase shape after adjust: torch.Size([24, 1723, 257, 1, 1])
estimate shape: torch.Size([24, 1724, 257, 1, 4])
target shape: torch.Size([24, 1724, 257, 1, 4])
mixture_phase shape: torch.Size([24, 257, 1723])
target_phase shape after adjust: torch.Size([24, 1723, 257, 1, 4])
mix_phase shape after adjust: torch.Size([24, 1723, 257, 1, 1])
estimate shape: torch.Size([24, 1724, 257, 1, 4])
target shape: torch.Size([24, 1724, 257, 1, 4])
mixture_phase shape: torch.Size([24, 257, 1723])
target_phase shape after adjust: torch.Size([24, 1723, 257, 1, 4])
mix_phase shape after adjust: torch.Size([24, 1723, 257, 1, 1])
estimate shape: torch.Size([24, 1724, 257, 1, 4])
target shape: torch.Size([24, 1724, 257, 1, 4])
mixture_phase shape: torch.Size([24, 257, 1723])
target_phase shape after adjust: torch.Size([24, 1723, 257, 1, 4])
mix_phase shape after adjust: torch.Size([24, 1723, 257, 1, 1])
estimate shape: torch.Size([24, 1724, 257, 1, 4])
target shape: torch.Size([24, 1724, 257, 1, 4])
mixture_phase shape: torch.Size([24, 257, 1723])
target_phase shape after adjust: torch.Size([24, 1723, 257, 1, 4])
mix_phase shape after adjust: torch.Size([24, 1723, 257, 1, 1])
estimate shape: torch.Size([24, 1724, 257, 1, 4])
target shape: torch.Size([24, 1724, 257, 1, 4])
mixture_phase shape: torch.Size([24, 257, 1723])
target_phase shape after adjust: torch.Size([24, 1723, 257, 1, 4])
mix_phase shape after adjust: torch.Size([24, 1723, 257, 1, 1])
estimate shape: torch.Size([24, 1724, 257, 1, 4])
target shape: torch.Size([24, 1724, 257, 1, 4])
mixture_phase shape: torch.Size([24, 257, 1723])
target_phase shape after adjust: torch.Size([24, 1723, 257, 1, 4])
mix_phase shape after adjust: torch.Size([24, 1723, 257, 1, 1])
estimate shape: torch.Size([24, 1724, 257, 1, 4])
target shape: torch.Size([24, 1724, 257, 1, 4])
mixture_phase shape: torch.Size([24, 257, 1723])
target_phase shape after adjust: torch.Size([24, 1723, 257, 1, 4])
mix_phase shape after adjust: torch.Size([24, 1723, 257, 1, 1])
estimate shape: torch.Size([24, 1724, 257, 1, 4])
target shape: torch.Size([24, 1724, 257, 1, 4])
mixture_phase shape: torch.Size([24, 257, 1723])
target_phase shape after adjust: torch.Size([24, 1723, 257, 1, 4])
mix_phase shape after adjust: torch.Size([24, 1723, 257, 1, 1])
estimate shape: torch.Size([24, 1724, 257, 1, 4])
target shape: torch.Size([24, 1724, 257, 1, 4])
mixture_phase shape: torch.Size([24, 257, 1723])
target_phase shape after adjust: torch.Size([24, 1723, 257, 1, 4])
mix_phase shape after adjust: torch.Size([24, 1723, 257, 1, 1])
estimate shape: torch.Size([8, 1724, 257, 1, 4])
target shape: torch.Size([8, 1724, 257, 1, 4])
mixture_phase shape: torch.Size([8, 257, 1723])
target_phase shape after adjust: torch.Size([8, 1723, 257, 1, 4])
mix_phase shape after adjust: torch.Size([8, 1723, 257, 1, 1])
[Validator] Epoch 93 - val_loss: 0.000012
[BEST CHECKPOINT] Guardado/actualizado en: checkpoints\Mis_modelos\lpsa_phase checkpoints\4stems\best_checkpoint_92_val_loss=-0.0000.pt
03/31/2026 06:24:13 PM | engine.py:1037 Engine run finished. Time taken: 00:00:25.829
[Epoch 93] train_loss=0.000011 | val_loss=0.000012
03/31/2026 06:24:13 PM | engine.py:1010 Epoch[93] Complete. Time taken: 00:00:48.672
03/31/2026 06:24:36 PM | engine.py:906 Engine run starting with max_epochs=1.
03/31/2026 06:25:01 PM | engine.py:1010 Epoch[1] Complete. Time taken: 00:00:25.517
estimate shape: torch.Size([24, 1724, 257, 1, 4])
target shape: torch.Size([24, 1724, 257, 1, 4])
mixture_phase shape: torch.Size([24, 257, 1723])
target_phase shape after adjust: torch.Size([24, 1723, 257, 1, 4])
mix_phase shape after adjust: torch.Size([24, 1723, 257, 1, 1])
estimate shape: torch.Size([24, 1724, 257, 1, 4])
target shape: torch.Size([24, 1724, 257, 1, 4])
mixture_phase shape: torch.Size([24, 257, 1723])
target_phase shape after adjust: torch.Size([24, 1723, 257, 1, 4])
mix_phase shape after adjust: torch.Size([24, 1723, 257, 1, 1])
estimate shape: torch.Size([24, 1724, 257, 1, 4])
target shape: torch.Size([24, 1724, 257, 1, 4])
mixture_phase shape: torch.Size([24, 257, 1723])
target_phase shape after adjust: torch.Size([24, 1723, 257, 1, 4])
mix_phase shape after adjust: torch.Size([24, 1723, 257, 1, 1])
estimate shape: torch.Size([24, 1724, 257, 1, 4])
target shape: torch.Size([24, 1724, 257, 1, 4])
mixture_phase shape: torch.Size([24, 257, 1723])
target_phase shape after adjust: torch.Size([24, 1723, 257, 1, 4])
mix_phase shape after adjust: torch.Size([24, 1723, 257, 1, 1])
estimate shape: torch.Size([24, 1724, 257, 1, 4])
target shape: torch.Size([24, 1724, 257, 1, 4])
mixture_phase shape: torch.Size([24, 257, 1723])
target_phase shape after adjust: torch.Size([24, 1723, 257, 1, 4])
mix_phase shape after adjust: torch.Size([24, 1723, 257, 1, 1])
estimate shape: torch.Size([24, 1724, 257, 1, 4])
target shape: torch.Size([24, 1724, 257, 1, 4])
mixture_phase shape: torch.Size([24, 257, 1723])
target_phase shape after adjust: torch.Size([24, 1723, 257, 1, 4])
mix_phase shape after adjust: torch.Size([24, 1723, 257, 1, 1])
estimate shape: torch.Size([24, 1724, 257, 1, 4])
target shape: torch.Size([24, 1724, 257, 1, 4])
mixture_phase shape: torch.Size([24, 257, 1723])
target_phase shape after adjust: torch.Size([24, 1723, 257, 1, 4])
mix_phase shape after adjust: torch.Size([24, 1723, 257, 1, 1])
estimate shape: torch.Size([24, 1724, 257, 1, 4])
target shape: torch.Size([24, 1724, 257, 1, 4])
mixture_phase shape: torch.Size([24, 257, 1723])
target_phase shape after adjust: torch.Size([24, 1723, 257, 1, 4])
mix_phase shape after adjust: torch.Size([24, 1723, 257, 1, 1])
estimate shape: torch.Size([24, 1724, 257, 1, 4])
target shape: torch.Size([24, 1724, 257, 1, 4])
mixture_phase shape: torch.Size([24, 257, 1723])
target_phase shape after adjust: torch.Size([24, 1723, 257, 1, 4])
mix_phase shape after adjust: torch.Size([24, 1723, 257, 1, 1])
estimate shape: torch.Size([24, 1724, 257, 1, 4])
target shape: torch.Size([24, 1724, 257, 1, 4])
mixture_phase shape: torch.Size([24, 257, 1723])
target_phase shape after adjust: torch.Size([24, 1723, 257, 1, 4])
mix_phase shape after adjust: torch.Size([24, 1723, 257, 1, 1])
estimate shape: torch.Size([24, 1724, 257, 1, 4])
target shape: torch.Size([24, 1724, 257, 1, 4])
mixture_phase shape: torch.Size([24, 257, 1723])
target_phase shape after adjust: torch.Size([24, 1723, 257, 1, 4])
mix_phase shape after adjust: torch.Size([24, 1723, 257, 1, 1])
estimate shape: torch.Size([24, 1724, 257, 1, 4])
target shape: torch.Size([24, 1724, 257, 1, 4])
mixture_phase shape: torch.Size([24, 257, 1723])
target_phase shape after adjust: torch.Size([24, 1723, 257, 1, 4])
mix_phase shape after adjust: torch.Size([24, 1723, 257, 1, 1])
estimate shape: torch.Size([24, 1724, 257, 1, 4])
target shape: torch.Size([24, 1724, 257, 1, 4])
mixture_phase shape: torch.Size([24, 257, 1723])
target_phase shape after adjust: torch.Size([24, 1723, 257, 1, 4])
mix_phase shape after adjust: torch.Size([24, 1723, 257, 1, 1])
estimate shape: torch.Size([24, 1724, 257, 1, 4])
target shape: torch.Size([24, 1724, 257, 1, 4])
mixture_phase shape: torch.Size([24, 257, 1723])
target_phase shape after adjust: torch.Size([24, 1723, 257, 1, 4])
mix_phase shape after adjust: torch.Size([24, 1723, 257, 1, 1])
estimate shape: torch.Size([24, 1724, 257, 1, 4])
target shape: torch.Size([24, 1724, 257, 1, 4])
mixture_phase shape: torch.Size([24, 257, 1723])
target_phase shape after adjust: torch.Size([24, 1723, 257, 1, 4])
mix_phase shape after adjust: torch.Size([24, 1723, 257, 1, 1])
estimate shape: torch.Size([24, 1724, 257, 1, 4])
target shape: torch.Size([24, 1724, 257, 1, 4])
mixture_phase shape: torch.Size([24, 257, 1723])
target_phase shape after adjust: torch.Size([24, 1723, 257, 1, 4])
mix_phase shape after adjust: torch.Size([24, 1723, 257, 1, 1])
estimate shape: torch.Size([24, 1724, 257, 1, 4])
target shape: torch.Size([24, 1724, 257, 1, 4])
mixture_phase shape: torch.Size([24, 257, 1723])
target_phase shape after adjust: torch.Size([24, 1723, 257, 1, 4])
mix_phase shape after adjust: torch.Size([24, 1723, 257, 1, 1])
estimate shape: torch.Size([24, 1724, 257, 1, 4])
target shape: torch.Size([24, 1724, 257, 1, 4])
mixture_phase shape: torch.Size([24, 257, 1723])
target_phase shape after adjust: torch.Size([24, 1723, 257, 1, 4])
mix_phase shape after adjust: torch.Size([24, 1723, 257, 1, 1])
estimate shape: torch.Size([8, 1724, 257, 1, 4])
target shape: torch.Size([8, 1724, 257, 1, 4])
mixture_phase shape: torch.Size([8, 257, 1723])
target_phase shape after adjust: torch.Size([8, 1723, 257, 1, 4])
mix_phase shape after adjust: torch.Size([8, 1723, 257, 1, 1])
[Validator] Epoch 94 - val_loss: 0.000012
[BEST CHECKPOINT] Guardado/actualizado en: checkpoints\Mis_modelos\lpsa_phase checkpoints\4stems\best_checkpoint_94_val_loss=-0.0000.pt
03/31/2026 06:25:01 PM | engine.py:1037 Engine run finished. Time taken: 00:00:25.526
[Epoch 94] train_loss=0.000011 | val_loss=0.000012
03/31/2026 06:25:01 PM | engine.py:1010 Epoch[94] Complete. Time taken: 00:00:48.513
03/31/2026 06:25:24 PM | engine.py:906 Engine run starting with max_epochs=1.
03/31/2026 06:25:50 PM | engine.py:1010 Epoch[1] Complete. Time taken: 00:00:25.941
estimate shape: torch.Size([24, 1724, 257, 1, 4])
target shape: torch.Size([24, 1724, 257, 1, 4])
mixture_phase shape: torch.Size([24, 257, 1723])
target_phase shape after adjust: torch.Size([24, 1723, 257, 1, 4])
mix_phase shape after adjust: torch.Size([24, 1723, 257, 1, 1])
estimate shape: torch.Size([24, 1724, 257, 1, 4])
target shape: torch.Size([24, 1724, 257, 1, 4])
mixture_phase shape: torch.Size([24, 257, 1723])
target_phase shape after adjust: torch.Size([24, 1723, 257, 1, 4])
mix_phase shape after adjust: torch.Size([24, 1723, 257, 1, 1])
estimate shape: torch.Size([24, 1724, 257, 1, 4])
target shape: torch.Size([24, 1724, 257, 1, 4])
mixture_phase shape: torch.Size([24, 257, 1723])
target_phase shape after adjust: torch.Size([24, 1723, 257, 1, 4])
mix_phase shape after adjust: torch.Size([24, 1723, 257, 1, 1])
estimate shape: torch.Size([24, 1724, 257, 1, 4])
target shape: torch.Size([24, 1724, 257, 1, 4])
mixture_phase shape: torch.Size([24, 257, 1723])
target_phase shape after adjust: torch.Size([24, 1723, 257, 1, 4])
mix_phase shape after adjust: torch.Size([24, 1723, 257, 1, 1])
estimate shape: torch.Size([24, 1724, 257, 1, 4])
target shape: torch.Size([24, 1724, 257, 1, 4])
mixture_phase shape: torch.Size([24, 257, 1723])
target_phase shape after adjust: torch.Size([24, 1723, 257, 1, 4])
mix_phase shape after adjust: torch.Size([24, 1723, 257, 1, 1])
estimate shape: torch.Size([24, 1724, 257, 1, 4])
target shape: torch.Size([24, 1724, 257, 1, 4])
mixture_phase shape: torch.Size([24, 257, 1723])
target_phase shape after adjust: torch.Size([24, 1723, 257, 1, 4])
mix_phase shape after adjust: torch.Size([24, 1723, 257, 1, 1])
estimate shape: torch.Size([24, 1724, 257, 1, 4])
target shape: torch.Size([24, 1724, 257, 1, 4])
mixture_phase shape: torch.Size([24, 257, 1723])
target_phase shape after adjust: torch.Size([24, 1723, 257, 1, 4])
mix_phase shape after adjust: torch.Size([24, 1723, 257, 1, 1])
estimate shape: torch.Size([24, 1724, 257, 1, 4])
target shape: torch.Size([24, 1724, 257, 1, 4])
mixture_phase shape: torch.Size([24, 257, 1723])
target_phase shape after adjust: torch.Size([24, 1723, 257, 1, 4])
mix_phase shape after adjust: torch.Size([24, 1723, 257, 1, 1])
estimate shape: torch.Size([24, 1724, 257, 1, 4])
target shape: torch.Size([24, 1724, 257, 1, 4])
mixture_phase shape: torch.Size([24, 257, 1723])
target_phase shape after adjust: torch.Size([24, 1723, 257, 1, 4])
mix_phase shape after adjust: torch.Size([24, 1723, 257, 1, 1])
estimate shape: torch.Size([24, 1724, 257, 1, 4])
target shape: torch.Size([24, 1724, 257, 1, 4])
mixture_phase shape: torch.Size([24, 257, 1723])
target_phase shape after adjust: torch.Size([24, 1723, 257, 1, 4])
mix_phase shape after adjust: torch.Size([24, 1723, 257, 1, 1])
estimate shape: torch.Size([24, 1724, 257, 1, 4])
target shape: torch.Size([24, 1724, 257, 1, 4])
mixture_phase shape: torch.Size([24, 257, 1723])
target_phase shape after adjust: torch.Size([24, 1723, 257, 1, 4])
mix_phase shape after adjust: torch.Size([24, 1723, 257, 1, 1])
estimate shape: torch.Size([24, 1724, 257, 1, 4])
target shape: torch.Size([24, 1724, 257, 1, 4])
mixture_phase shape: torch.Size([24, 257, 1723])
target_phase shape after adjust: torch.Size([24, 1723, 257, 1, 4])
mix_phase shape after adjust: torch.Size([24, 1723, 257, 1, 1])
estimate shape: torch.Size([24, 1724, 257, 1, 4])
target shape: torch.Size([24, 1724, 257, 1, 4])
mixture_phase shape: torch.Size([24, 257, 1723])
target_phase shape after adjust: torch.Size([24, 1723, 257, 1, 4])
mix_phase shape after adjust: torch.Size([24, 1723, 257, 1, 1])
estimate shape: torch.Size([24, 1724, 257, 1, 4])
target shape: torch.Size([24, 1724, 257, 1, 4])
mixture_phase shape: torch.Size([24, 257, 1723])
target_phase shape after adjust: torch.Size([24, 1723, 257, 1, 4])
mix_phase shape after adjust: torch.Size([24, 1723, 257, 1, 1])
estimate shape: torch.Size([24, 1724, 257, 1, 4])
target shape: torch.Size([24, 1724, 257, 1, 4])
mixture_phase shape: torch.Size([24, 257, 1723])
target_phase shape after adjust: torch.Size([24, 1723, 257, 1, 4])
mix_phase shape after adjust: torch.Size([24, 1723, 257, 1, 1])
estimate shape: torch.Size([24, 1724, 257, 1, 4])
target shape: torch.Size([24, 1724, 257, 1, 4])
mixture_phase shape: torch.Size([24, 257, 1723])
target_phase shape after adjust: torch.Size([24, 1723, 257, 1, 4])
mix_phase shape after adjust: torch.Size([24, 1723, 257, 1, 1])
estimate shape: torch.Size([24, 1724, 257, 1, 4])
target shape: torch.Size([24, 1724, 257, 1, 4])
mixture_phase shape: torch.Size([24, 257, 1723])
target_phase shape after adjust: torch.Size([24, 1723, 257, 1, 4])
mix_phase shape after adjust: torch.Size([24, 1723, 257, 1, 1])
estimate shape: torch.Size([24, 1724, 257, 1, 4])
target shape: torch.Size([24, 1724, 257, 1, 4])
mixture_phase shape: torch.Size([24, 257, 1723])
target_phase shape after adjust: torch.Size([24, 1723, 257, 1, 4])
mix_phase shape after adjust: torch.Size([24, 1723, 257, 1, 1])
estimate shape: torch.Size([8, 1724, 257, 1, 4])
target shape: torch.Size([8, 1724, 257, 1, 4])
mixture_phase shape: torch.Size([8, 257, 1723])
target_phase shape after adjust: torch.Size([8, 1723, 257, 1, 4])
mix_phase shape after adjust: torch.Size([8, 1723, 257, 1, 1])
[Validator] Epoch 95 - val_loss: 0.000012
[BEST CHECKPOINT] Guardado/actualizado en: checkpoints\Mis_modelos\lpsa_phase checkpoints\4stems\best_checkpoint_95_val_loss=-0.0000.pt
03/31/2026 06:25:50 PM | engine.py:1037 Engine run finished. Time taken: 00:00:25.951
[Epoch 95] train_loss=0.000011 | val_loss=0.000012
03/31/2026 06:25:50 PM | engine.py:1010 Epoch[95] Complete. Time taken: 00:00:48.480
03/31/2026 06:26:12 PM | engine.py:906 Engine run starting with max_epochs=1.
03/31/2026 06:26:38 PM | engine.py:1010 Epoch[1] Complete. Time taken: 00:00:26.270
estimate shape: torch.Size([24, 1724, 257, 1, 4])
target shape: torch.Size([24, 1724, 257, 1, 4])
mixture_phase shape: torch.Size([24, 257, 1723])
target_phase shape after adjust: torch.Size([24, 1723, 257, 1, 4])
mix_phase shape after adjust: torch.Size([24, 1723, 257, 1, 1])
estimate shape: torch.Size([24, 1724, 257, 1, 4])
target shape: torch.Size([24, 1724, 257, 1, 4])
mixture_phase shape: torch.Size([24, 257, 1723])
target_phase shape after adjust: torch.Size([24, 1723, 257, 1, 4])
mix_phase shape after adjust: torch.Size([24, 1723, 257, 1, 1])
estimate shape: torch.Size([24, 1724, 257, 1, 4])
target shape: torch.Size([24, 1724, 257, 1, 4])
mixture_phase shape: torch.Size([24, 257, 1723])
target_phase shape after adjust: torch.Size([24, 1723, 257, 1, 4])
mix_phase shape after adjust: torch.Size([24, 1723, 257, 1, 1])
estimate shape: torch.Size([24, 1724, 257, 1, 4])
target shape: torch.Size([24, 1724, 257, 1, 4])
mixture_phase shape: torch.Size([24, 257, 1723])
target_phase shape after adjust: torch.Size([24, 1723, 257, 1, 4])
mix_phase shape after adjust: torch.Size([24, 1723, 257, 1, 1])
estimate shape: torch.Size([24, 1724, 257, 1, 4])
target shape: torch.Size([24, 1724, 257, 1, 4])
mixture_phase shape: torch.Size([24, 257, 1723])
target_phase shape after adjust: torch.Size([24, 1723, 257, 1, 4])
mix_phase shape after adjust: torch.Size([24, 1723, 257, 1, 1])
estimate shape: torch.Size([24, 1724, 257, 1, 4])
target shape: torch.Size([24, 1724, 257, 1, 4])
mixture_phase shape: torch.Size([24, 257, 1723])
target_phase shape after adjust: torch.Size([24, 1723, 257, 1, 4])
mix_phase shape after adjust: torch.Size([24, 1723, 257, 1, 1])
estimate shape: torch.Size([24, 1724, 257, 1, 4])
target shape: torch.Size([24, 1724, 257, 1, 4])
mixture_phase shape: torch.Size([24, 257, 1723])
target_phase shape after adjust: torch.Size([24, 1723, 257, 1, 4])
mix_phase shape after adjust: torch.Size([24, 1723, 257, 1, 1])
estimate shape: torch.Size([24, 1724, 257, 1, 4])
target shape: torch.Size([24, 1724, 257, 1, 4])
mixture_phase shape: torch.Size([24, 257, 1723])
target_phase shape after adjust: torch.Size([24, 1723, 257, 1, 4])
mix_phase shape after adjust: torch.Size([24, 1723, 257, 1, 1])
estimate shape: torch.Size([24, 1724, 257, 1, 4])
target shape: torch.Size([24, 1724, 257, 1, 4])
mixture_phase shape: torch.Size([24, 257, 1723])
target_phase shape after adjust: torch.Size([24, 1723, 257, 1, 4])
mix_phase shape after adjust: torch.Size([24, 1723, 257, 1, 1])
estimate shape: torch.Size([24, 1724, 257, 1, 4])
target shape: torch.Size([24, 1724, 257, 1, 4])
mixture_phase shape: torch.Size([24, 257, 1723])
target_phase shape after adjust: torch.Size([24, 1723, 257, 1, 4])
mix_phase shape after adjust: torch.Size([24, 1723, 257, 1, 1])
estimate shape: torch.Size([24, 1724, 257, 1, 4])
target shape: torch.Size([24, 1724, 257, 1, 4])
mixture_phase shape: torch.Size([24, 257, 1723])
target_phase shape after adjust: torch.Size([24, 1723, 257, 1, 4])
mix_phase shape after adjust: torch.Size([24, 1723, 257, 1, 1])
estimate shape: torch.Size([24, 1724, 257, 1, 4])
target shape: torch.Size([24, 1724, 257, 1, 4])
mixture_phase shape: torch.Size([24, 257, 1723])
target_phase shape after adjust: torch.Size([24, 1723, 257, 1, 4])
mix_phase shape after adjust: torch.Size([24, 1723, 257, 1, 1])
estimate shape: torch.Size([24, 1724, 257, 1, 4])
target shape: torch.Size([24, 1724, 257, 1, 4])
mixture_phase shape: torch.Size([24, 257, 1723])
target_phase shape after adjust: torch.Size([24, 1723, 257, 1, 4])
mix_phase shape after adjust: torch.Size([24, 1723, 257, 1, 1])
estimate shape: torch.Size([24, 1724, 257, 1, 4])
target shape: torch.Size([24, 1724, 257, 1, 4])
mixture_phase shape: torch.Size([24, 257, 1723])
target_phase shape after adjust: torch.Size([24, 1723, 257, 1, 4])
mix_phase shape after adjust: torch.Size([24, 1723, 257, 1, 1])
estimate shape: torch.Size([24, 1724, 257, 1, 4])
target shape: torch.Size([24, 1724, 257, 1, 4])
mixture_phase shape: torch.Size([24, 257, 1723])
target_phase shape after adjust: torch.Size([24, 1723, 257, 1, 4])
mix_phase shape after adjust: torch.Size([24, 1723, 257, 1, 1])
estimate shape: torch.Size([24, 1724, 257, 1, 4])
target shape: torch.Size([24, 1724, 257, 1, 4])
mixture_phase shape: torch.Size([24, 257, 1723])
target_phase shape after adjust: torch.Size([24, 1723, 257, 1, 4])
mix_phase shape after adjust: torch.Size([24, 1723, 257, 1, 1])
estimate shape: torch.Size([24, 1724, 257, 1, 4])
target shape: torch.Size([24, 1724, 257, 1, 4])
mixture_phase shape: torch.Size([24, 257, 1723])
target_phase shape after adjust: torch.Size([24, 1723, 257, 1, 4])
mix_phase shape after adjust: torch.Size([24, 1723, 257, 1, 1])
estimate shape: torch.Size([24, 1724, 257, 1, 4])
target shape: torch.Size([24, 1724, 257, 1, 4])
mixture_phase shape: torch.Size([24, 257, 1723])
target_phase shape after adjust: torch.Size([24, 1723, 257, 1, 4])
mix_phase shape after adjust: torch.Size([24, 1723, 257, 1, 1])
estimate shape: torch.Size([8, 1724, 257, 1, 4])
target shape: torch.Size([8, 1724, 257, 1, 4])
mixture_phase shape: torch.Size([8, 257, 1723])
target_phase shape after adjust: torch.Size([8, 1723, 257, 1, 4])
mix_phase shape after adjust: torch.Size([8, 1723, 257, 1, 1])
[Validator] Epoch 96 - val_loss: 0.000012
[BEST CHECKPOINT] Guardado/actualizado en: checkpoints\Mis_modelos\lpsa_phase checkpoints\4stems\best_checkpoint_96_val_loss=-0.0000.pt
03/31/2026 06:26:38 PM | engine.py:1037 Engine run finished. Time taken: 00:00:26.279
[Epoch 96] train_loss=0.000011 | val_loss=0.000012
03/31/2026 06:26:38 PM | engine.py:1010 Epoch[96] Complete. Time taken: 00:00:48.637
03/31/2026 06:27:00 PM | engine.py:906 Engine run starting with max_epochs=1.
03/31/2026 06:27:26 PM | engine.py:1010 Epoch[1] Complete. Time taken: 00:00:25.980
estimate shape: torch.Size([24, 1724, 257, 1, 4])
target shape: torch.Size([24, 1724, 257, 1, 4])
mixture_phase shape: torch.Size([24, 257, 1723])
target_phase shape after adjust: torch.Size([24, 1723, 257, 1, 4])
mix_phase shape after adjust: torch.Size([24, 1723, 257, 1, 1])
estimate shape: torch.Size([24, 1724, 257, 1, 4])
target shape: torch.Size([24, 1724, 257, 1, 4])
mixture_phase shape: torch.Size([24, 257, 1723])
target_phase shape after adjust: torch.Size([24, 1723, 257, 1, 4])
mix_phase shape after adjust: torch.Size([24, 1723, 257, 1, 1])
estimate shape: torch.Size([24, 1724, 257, 1, 4])
target shape: torch.Size([24, 1724, 257, 1, 4])
mixture_phase shape: torch.Size([24, 257, 1723])
target_phase shape after adjust: torch.Size([24, 1723, 257, 1, 4])
mix_phase shape after adjust: torch.Size([24, 1723, 257, 1, 1])
estimate shape: torch.Size([24, 1724, 257, 1, 4])
target shape: torch.Size([24, 1724, 257, 1, 4])
mixture_phase shape: torch.Size([24, 257, 1723])
target_phase shape after adjust: torch.Size([24, 1723, 257, 1, 4])
mix_phase shape after adjust: torch.Size([24, 1723, 257, 1, 1])
estimate shape: torch.Size([24, 1724, 257, 1, 4])
target shape: torch.Size([24, 1724, 257, 1, 4])
mixture_phase shape: torch.Size([24, 257, 1723])
target_phase shape after adjust: torch.Size([24, 1723, 257, 1, 4])
mix_phase shape after adjust: torch.Size([24, 1723, 257, 1, 1])
estimate shape: torch.Size([24, 1724, 257, 1, 4])
target shape: torch.Size([24, 1724, 257, 1, 4])
mixture_phase shape: torch.Size([24, 257, 1723])
target_phase shape after adjust: torch.Size([24, 1723, 257, 1, 4])
mix_phase shape after adjust: torch.Size([24, 1723, 257, 1, 1])
estimate shape: torch.Size([24, 1724, 257, 1, 4])
target shape: torch.Size([24, 1724, 257, 1, 4])
mixture_phase shape: torch.Size([24, 257, 1723])
target_phase shape after adjust: torch.Size([24, 1723, 257, 1, 4])
mix_phase shape after adjust: torch.Size([24, 1723, 257, 1, 1])
estimate shape: torch.Size([24, 1724, 257, 1, 4])
target shape: torch.Size([24, 1724, 257, 1, 4])
mixture_phase shape: torch.Size([24, 257, 1723])
target_phase shape after adjust: torch.Size([24, 1723, 257, 1, 4])
mix_phase shape after adjust: torch.Size([24, 1723, 257, 1, 1])
estimate shape: torch.Size([24, 1724, 257, 1, 4])
target shape: torch.Size([24, 1724, 257, 1, 4])
mixture_phase shape: torch.Size([24, 257, 1723])
target_phase shape after adjust: torch.Size([24, 1723, 257, 1, 4])
mix_phase shape after adjust: torch.Size([24, 1723, 257, 1, 1])
estimate shape: torch.Size([24, 1724, 257, 1, 4])
target shape: torch.Size([24, 1724, 257, 1, 4])
mixture_phase shape: torch.Size([24, 257, 1723])
target_phase shape after adjust: torch.Size([24, 1723, 257, 1, 4])
mix_phase shape after adjust: torch.Size([24, 1723, 257, 1, 1])
estimate shape: torch.Size([24, 1724, 257, 1, 4])
target shape: torch.Size([24, 1724, 257, 1, 4])
mixture_phase shape: torch.Size([24, 257, 1723])
target_phase shape after adjust: torch.Size([24, 1723, 257, 1, 4])
mix_phase shape after adjust: torch.Size([24, 1723, 257, 1, 1])
estimate shape: torch.Size([24, 1724, 257, 1, 4])
target shape: torch.Size([24, 1724, 257, 1, 4])
mixture_phase shape: torch.Size([24, 257, 1723])
target_phase shape after adjust: torch.Size([24, 1723, 257, 1, 4])
mix_phase shape after adjust: torch.Size([24, 1723, 257, 1, 1])
estimate shape: torch.Size([24, 1724, 257, 1, 4])
target shape: torch.Size([24, 1724, 257, 1, 4])
mixture_phase shape: torch.Size([24, 257, 1723])
target_phase shape after adjust: torch.Size([24, 1723, 257, 1, 4])
mix_phase shape after adjust: torch.Size([24, 1723, 257, 1, 1])
estimate shape: torch.Size([24, 1724, 257, 1, 4])
target shape: torch.Size([24, 1724, 257, 1, 4])
mixture_phase shape: torch.Size([24, 257, 1723])
target_phase shape after adjust: torch.Size([24, 1723, 257, 1, 4])
mix_phase shape after adjust: torch.Size([24, 1723, 257, 1, 1])
estimate shape: torch.Size([24, 1724, 257, 1, 4])
target shape: torch.Size([24, 1724, 257, 1, 4])
mixture_phase shape: torch.Size([24, 257, 1723])
target_phase shape after adjust: torch.Size([24, 1723, 257, 1, 4])
mix_phase shape after adjust: torch.Size([24, 1723, 257, 1, 1])
estimate shape: torch.Size([24, 1724, 257, 1, 4])
target shape: torch.Size([24, 1724, 257, 1, 4])
mixture_phase shape: torch.Size([24, 257, 1723])
target_phase shape after adjust: torch.Size([24, 1723, 257, 1, 4])
mix_phase shape after adjust: torch.Size([24, 1723, 257, 1, 1])
estimate shape: torch.Size([24, 1724, 257, 1, 4])
target shape: torch.Size([24, 1724, 257, 1, 4])
mixture_phase shape: torch.Size([24, 257, 1723])
target_phase shape after adjust: torch.Size([24, 1723, 257, 1, 4])
mix_phase shape after adjust: torch.Size([24, 1723, 257, 1, 1])
estimate shape: torch.Size([24, 1724, 257, 1, 4])
target shape: torch.Size([24, 1724, 257, 1, 4])
mixture_phase shape: torch.Size([24, 257, 1723])
target_phase shape after adjust: torch.Size([24, 1723, 257, 1, 4])
mix_phase shape after adjust: torch.Size([24, 1723, 257, 1, 1])
estimate shape: torch.Size([8, 1724, 257, 1, 4])
target shape: torch.Size([8, 1724, 257, 1, 4])
mixture_phase shape: torch.Size([8, 257, 1723])
target_phase shape after adjust: torch.Size([8, 1723, 257, 1, 4])
mix_phase shape after adjust: torch.Size([8, 1723, 257, 1, 1])
[Validator] Epoch 97 - val_loss: 0.000012
[BEST CHECKPOINT] Guardado/actualizado en: checkpoints\Mis_modelos\lpsa_phase checkpoints\4stems\best_checkpoint_97_val_loss=-0.0000.pt
03/31/2026 06:27:26 PM | engine.py:1037 Engine run finished. Time taken: 00:00:25.990
[Epoch 97] train_loss=0.000011 | val_loss=0.000012
03/31/2026 06:27:26 PM | engine.py:1010 Epoch[97] Complete. Time taken: 00:00:48.172
03/31/2026 06:27:48 PM | engine.py:906 Engine run starting with max_epochs=1.
03/31/2026 06:28:14 PM | engine.py:1010 Epoch[1] Complete. Time taken: 00:00:25.787
estimate shape: torch.Size([24, 1724, 257, 1, 4])
target shape: torch.Size([24, 1724, 257, 1, 4])
mixture_phase shape: torch.Size([24, 257, 1723])
target_phase shape after adjust: torch.Size([24, 1723, 257, 1, 4])
mix_phase shape after adjust: torch.Size([24, 1723, 257, 1, 1])
estimate shape: torch.Size([24, 1724, 257, 1, 4])
target shape: torch.Size([24, 1724, 257, 1, 4])
mixture_phase shape: torch.Size([24, 257, 1723])
target_phase shape after adjust: torch.Size([24, 1723, 257, 1, 4])
mix_phase shape after adjust: torch.Size([24, 1723, 257, 1, 1])
estimate shape: torch.Size([24, 1724, 257, 1, 4])
target shape: torch.Size([24, 1724, 257, 1, 4])
mixture_phase shape: torch.Size([24, 257, 1723])
target_phase shape after adjust: torch.Size([24, 1723, 257, 1, 4])
mix_phase shape after adjust: torch.Size([24, 1723, 257, 1, 1])
estimate shape: torch.Size([24, 1724, 257, 1, 4])
target shape: torch.Size([24, 1724, 257, 1, 4])
mixture_phase shape: torch.Size([24, 257, 1723])
target_phase shape after adjust: torch.Size([24, 1723, 257, 1, 4])
mix_phase shape after adjust: torch.Size([24, 1723, 257, 1, 1])
estimate shape: torch.Size([24, 1724, 257, 1, 4])
target shape: torch.Size([24, 1724, 257, 1, 4])
mixture_phase shape: torch.Size([24, 257, 1723])
target_phase shape after adjust: torch.Size([24, 1723, 257, 1, 4])
mix_phase shape after adjust: torch.Size([24, 1723, 257, 1, 1])
estimate shape: torch.Size([24, 1724, 257, 1, 4])
target shape: torch.Size([24, 1724, 257, 1, 4])
mixture_phase shape: torch.Size([24, 257, 1723])
target_phase shape after adjust: torch.Size([24, 1723, 257, 1, 4])
mix_phase shape after adjust: torch.Size([24, 1723, 257, 1, 1])
estimate shape: torch.Size([24, 1724, 257, 1, 4])
target shape: torch.Size([24, 1724, 257, 1, 4])
mixture_phase shape: torch.Size([24, 257, 1723])
target_phase shape after adjust: torch.Size([24, 1723, 257, 1, 4])
mix_phase shape after adjust: torch.Size([24, 1723, 257, 1, 1])
estimate shape: torch.Size([24, 1724, 257, 1, 4])
target shape: torch.Size([24, 1724, 257, 1, 4])
mixture_phase shape: torch.Size([24, 257, 1723])
target_phase shape after adjust: torch.Size([24, 1723, 257, 1, 4])
mix_phase shape after adjust: torch.Size([24, 1723, 257, 1, 1])
estimate shape: torch.Size([24, 1724, 257, 1, 4])
target shape: torch.Size([24, 1724, 257, 1, 4])
mixture_phase shape: torch.Size([24, 257, 1723])
target_phase shape after adjust: torch.Size([24, 1723, 257, 1, 4])
mix_phase shape after adjust: torch.Size([24, 1723, 257, 1, 1])
estimate shape: torch.Size([24, 1724, 257, 1, 4])
target shape: torch.Size([24, 1724, 257, 1, 4])
mixture_phase shape: torch.Size([24, 257, 1723])
target_phase shape after adjust: torch.Size([24, 1723, 257, 1, 4])
mix_phase shape after adjust: torch.Size([24, 1723, 257, 1, 1])
estimate shape: torch.Size([24, 1724, 257, 1, 4])
target shape: torch.Size([24, 1724, 257, 1, 4])
mixture_phase shape: torch.Size([24, 257, 1723])
target_phase shape after adjust: torch.Size([24, 1723, 257, 1, 4])
mix_phase shape after adjust: torch.Size([24, 1723, 257, 1, 1])
estimate shape: torch.Size([24, 1724, 257, 1, 4])
target shape: torch.Size([24, 1724, 257, 1, 4])
mixture_phase shape: torch.Size([24, 257, 1723])
target_phase shape after adjust: torch.Size([24, 1723, 257, 1, 4])
mix_phase shape after adjust: torch.Size([24, 1723, 257, 1, 1])
estimate shape: torch.Size([24, 1724, 257, 1, 4])
target shape: torch.Size([24, 1724, 257, 1, 4])
mixture_phase shape: torch.Size([24, 257, 1723])
target_phase shape after adjust: torch.Size([24, 1723, 257, 1, 4])
mix_phase shape after adjust: torch.Size([24, 1723, 257, 1, 1])
estimate shape: torch.Size([24, 1724, 257, 1, 4])
target shape: torch.Size([24, 1724, 257, 1, 4])
mixture_phase shape: torch.Size([24, 257, 1723])
target_phase shape after adjust: torch.Size([24, 1723, 257, 1, 4])
mix_phase shape after adjust: torch.Size([24, 1723, 257, 1, 1])
estimate shape: torch.Size([24, 1724, 257, 1, 4])
target shape: torch.Size([24, 1724, 257, 1, 4])
mixture_phase shape: torch.Size([24, 257, 1723])
target_phase shape after adjust: torch.Size([24, 1723, 257, 1, 4])
mix_phase shape after adjust: torch.Size([24, 1723, 257, 1, 1])
estimate shape: torch.Size([24, 1724, 257, 1, 4])
target shape: torch.Size([24, 1724, 257, 1, 4])
mixture_phase shape: torch.Size([24, 257, 1723])
target_phase shape after adjust: torch.Size([24, 1723, 257, 1, 4])
mix_phase shape after adjust: torch.Size([24, 1723, 257, 1, 1])
estimate shape: torch.Size([24, 1724, 257, 1, 4])
target shape: torch.Size([24, 1724, 257, 1, 4])
mixture_phase shape: torch.Size([24, 257, 1723])
target_phase shape after adjust: torch.Size([24, 1723, 257, 1, 4])
mix_phase shape after adjust: torch.Size([24, 1723, 257, 1, 1])
estimate shape: torch.Size([24, 1724, 257, 1, 4])
target shape: torch.Size([24, 1724, 257, 1, 4])
mixture_phase shape: torch.Size([24, 257, 1723])
target_phase shape after adjust: torch.Size([24, 1723, 257, 1, 4])
mix_phase shape after adjust: torch.Size([24, 1723, 257, 1, 1])
estimate shape: torch.Size([8, 1724, 257, 1, 4])
target shape: torch.Size([8, 1724, 257, 1, 4])
mixture_phase shape: torch.Size([8, 257, 1723])
target_phase shape after adjust: torch.Size([8, 1723, 257, 1, 4])
mix_phase shape after adjust: torch.Size([8, 1723, 257, 1, 1])
[Validator] Epoch 98 - val_loss: 0.000012
[BEST CHECKPOINT] Guardado/actualizado en: checkpoints\Mis_modelos\lpsa_phase checkpoints\4stems\best_checkpoint_98_val_loss=-0.0000.pt
03/31/2026 06:28:14 PM | engine.py:1037 Engine run finished. Time taken: 00:00:25.797
[Epoch 98] train_loss=0.000010 | val_loss=0.000012
03/31/2026 06:28:14 PM | engine.py:1010 Epoch[98] Complete. Time taken: 00:00:47.757
03/31/2026 06:28:36 PM | engine.py:906 Engine run starting with max_epochs=1.
03/31/2026 06:29:02 PM | engine.py:1010 Epoch[1] Complete. Time taken: 00:00:26.133
estimate shape: torch.Size([24, 1724, 257, 1, 4])
target shape: torch.Size([24, 1724, 257, 1, 4])
mixture_phase shape: torch.Size([24, 257, 1723])
target_phase shape after adjust: torch.Size([24, 1723, 257, 1, 4])
mix_phase shape after adjust: torch.Size([24, 1723, 257, 1, 1])
estimate shape: torch.Size([24, 1724, 257, 1, 4])
target shape: torch.Size([24, 1724, 257, 1, 4])
mixture_phase shape: torch.Size([24, 257, 1723])
target_phase shape after adjust: torch.Size([24, 1723, 257, 1, 4])
mix_phase shape after adjust: torch.Size([24, 1723, 257, 1, 1])
estimate shape: torch.Size([24, 1724, 257, 1, 4])
target shape: torch.Size([24, 1724, 257, 1, 4])
mixture_phase shape: torch.Size([24, 257, 1723])
target_phase shape after adjust: torch.Size([24, 1723, 257, 1, 4])
mix_phase shape after adjust: torch.Size([24, 1723, 257, 1, 1])
estimate shape: torch.Size([24, 1724, 257, 1, 4])
target shape: torch.Size([24, 1724, 257, 1, 4])
mixture_phase shape: torch.Size([24, 257, 1723])
target_phase shape after adjust: torch.Size([24, 1723, 257, 1, 4])
mix_phase shape after adjust: torch.Size([24, 1723, 257, 1, 1])
estimate shape: torch.Size([24, 1724, 257, 1, 4])
target shape: torch.Size([24, 1724, 257, 1, 4])
mixture_phase shape: torch.Size([24, 257, 1723])
target_phase shape after adjust: torch.Size([24, 1723, 257, 1, 4])
mix_phase shape after adjust: torch.Size([24, 1723, 257, 1, 1])
estimate shape: torch.Size([24, 1724, 257, 1, 4])
target shape: torch.Size([24, 1724, 257, 1, 4])
mixture_phase shape: torch.Size([24, 257, 1723])
target_phase shape after adjust: torch.Size([24, 1723, 257, 1, 4])
mix_phase shape after adjust: torch.Size([24, 1723, 257, 1, 1])
estimate shape: torch.Size([24, 1724, 257, 1, 4])
target shape: torch.Size([24, 1724, 257, 1, 4])
mixture_phase shape: torch.Size([24, 257, 1723])
target_phase shape after adjust: torch.Size([24, 1723, 257, 1, 4])
mix_phase shape after adjust: torch.Size([24, 1723, 257, 1, 1])
estimate shape: torch.Size([24, 1724, 257, 1, 4])
target shape: torch.Size([24, 1724, 257, 1, 4])
mixture_phase shape: torch.Size([24, 257, 1723])
target_phase shape after adjust: torch.Size([24, 1723, 257, 1, 4])
mix_phase shape after adjust: torch.Size([24, 1723, 257, 1, 1])
estimate shape: torch.Size([24, 1724, 257, 1, 4])
target shape: torch.Size([24, 1724, 257, 1, 4])
mixture_phase shape: torch.Size([24, 257, 1723])
target_phase shape after adjust: torch.Size([24, 1723, 257, 1, 4])
mix_phase shape after adjust: torch.Size([24, 1723, 257, 1, 1])
estimate shape: torch.Size([24, 1724, 257, 1, 4])
target shape: torch.Size([24, 1724, 257, 1, 4])
mixture_phase shape: torch.Size([24, 257, 1723])
target_phase shape after adjust: torch.Size([24, 1723, 257, 1, 4])
mix_phase shape after adjust: torch.Size([24, 1723, 257, 1, 1])
estimate shape: torch.Size([24, 1724, 257, 1, 4])
target shape: torch.Size([24, 1724, 257, 1, 4])
mixture_phase shape: torch.Size([24, 257, 1723])
target_phase shape after adjust: torch.Size([24, 1723, 257, 1, 4])
mix_phase shape after adjust: torch.Size([24, 1723, 257, 1, 1])
estimate shape: torch.Size([24, 1724, 257, 1, 4])
target shape: torch.Size([24, 1724, 257, 1, 4])
mixture_phase shape: torch.Size([24, 257, 1723])
target_phase shape after adjust: torch.Size([24, 1723, 257, 1, 4])
mix_phase shape after adjust: torch.Size([24, 1723, 257, 1, 1])
estimate shape: torch.Size([24, 1724, 257, 1, 4])
target shape: torch.Size([24, 1724, 257, 1, 4])
mixture_phase shape: torch.Size([24, 257, 1723])
target_phase shape after adjust: torch.Size([24, 1723, 257, 1, 4])
mix_phase shape after adjust: torch.Size([24, 1723, 257, 1, 1])
estimate shape: torch.Size([24, 1724, 257, 1, 4])
target shape: torch.Size([24, 1724, 257, 1, 4])
mixture_phase shape: torch.Size([24, 257, 1723])
target_phase shape after adjust: torch.Size([24, 1723, 257, 1, 4])
mix_phase shape after adjust: torch.Size([24, 1723, 257, 1, 1])
estimate shape: torch.Size([24, 1724, 257, 1, 4])
target shape: torch.Size([24, 1724, 257, 1, 4])
mixture_phase shape: torch.Size([24, 257, 1723])
target_phase shape after adjust: torch.Size([24, 1723, 257, 1, 4])
mix_phase shape after adjust: torch.Size([24, 1723, 257, 1, 1])
estimate shape: torch.Size([24, 1724, 257, 1, 4])
target shape: torch.Size([24, 1724, 257, 1, 4])
mixture_phase shape: torch.Size([24, 257, 1723])
target_phase shape after adjust: torch.Size([24, 1723, 257, 1, 4])
mix_phase shape after adjust: torch.Size([24, 1723, 257, 1, 1])
estimate shape: torch.Size([24, 1724, 257, 1, 4])
target shape: torch.Size([24, 1724, 257, 1, 4])
mixture_phase shape: torch.Size([24, 257, 1723])
target_phase shape after adjust: torch.Size([24, 1723, 257, 1, 4])
mix_phase shape after adjust: torch.Size([24, 1723, 257, 1, 1])
estimate shape: torch.Size([24, 1724, 257, 1, 4])
target shape: torch.Size([24, 1724, 257, 1, 4])
mixture_phase shape: torch.Size([24, 257, 1723])
target_phase shape after adjust: torch.Size([24, 1723, 257, 1, 4])
mix_phase shape after adjust: torch.Size([24, 1723, 257, 1, 1])
estimate shape: torch.Size([8, 1724, 257, 1, 4])
target shape: torch.Size([8, 1724, 257, 1, 4])
mixture_phase shape: torch.Size([8, 257, 1723])
target_phase shape after adjust: torch.Size([8, 1723, 257, 1, 4])
mix_phase shape after adjust: torch.Size([8, 1723, 257, 1, 1])
[Validator] Epoch 99 - val_loss: 0.000012
[BEST CHECKPOINT] Guardado/actualizado en: checkpoints\Mis_modelos\lpsa_phase checkpoints\4stems\best_checkpoint_99_val_loss=-0.0000.pt
03/31/2026 06:29:02 PM | engine.py:1037 Engine run finished. Time taken: 00:00:26.144
[Epoch 99] train_loss=0.000010 | val_loss=0.000012
03/31/2026 06:29:02 PM | engine.py:1010 Epoch[99] Complete. Time taken: 00:00:48.368
03/31/2026 06:29:24 PM | engine.py:906 Engine run starting with max_epochs=1.
03/31/2026 06:29:50 PM | engine.py:1010 Epoch[1] Complete. Time taken: 00:00:25.710
estimate shape: torch.Size([24, 1724, 257, 1, 4])
target shape: torch.Size([24, 1724, 257, 1, 4])
mixture_phase shape: torch.Size([24, 257, 1723])
target_phase shape after adjust: torch.Size([24, 1723, 257, 1, 4])
mix_phase shape after adjust: torch.Size([24, 1723, 257, 1, 1])
estimate shape: torch.Size([24, 1724, 257, 1, 4])
target shape: torch.Size([24, 1724, 257, 1, 4])
mixture_phase shape: torch.Size([24, 257, 1723])
target_phase shape after adjust: torch.Size([24, 1723, 257, 1, 4])
mix_phase shape after adjust: torch.Size([24, 1723, 257, 1, 1])
estimate shape: torch.Size([24, 1724, 257, 1, 4])
target shape: torch.Size([24, 1724, 257, 1, 4])
mixture_phase shape: torch.Size([24, 257, 1723])
target_phase shape after adjust: torch.Size([24, 1723, 257, 1, 4])
mix_phase shape after adjust: torch.Size([24, 1723, 257, 1, 1])
estimate shape: torch.Size([24, 1724, 257, 1, 4])
target shape: torch.Size([24, 1724, 257, 1, 4])
mixture_phase shape: torch.Size([24, 257, 1723])
target_phase shape after adjust: torch.Size([24, 1723, 257, 1, 4])
mix_phase shape after adjust: torch.Size([24, 1723, 257, 1, 1])
estimate shape: torch.Size([24, 1724, 257, 1, 4])
target shape: torch.Size([24, 1724, 257, 1, 4])
mixture_phase shape: torch.Size([24, 257, 1723])
target_phase shape after adjust: torch.Size([24, 1723, 257, 1, 4])
mix_phase shape after adjust: torch.Size([24, 1723, 257, 1, 1])
estimate shape: torch.Size([24, 1724, 257, 1, 4])
target shape: torch.Size([24, 1724, 257, 1, 4])
mixture_phase shape: torch.Size([24, 257, 1723])
target_phase shape after adjust: torch.Size([24, 1723, 257, 1, 4])
mix_phase shape after adjust: torch.Size([24, 1723, 257, 1, 1])
estimate shape: torch.Size([24, 1724, 257, 1, 4])
target shape: torch.Size([24, 1724, 257, 1, 4])
mixture_phase shape: torch.Size([24, 257, 1723])
target_phase shape after adjust: torch.Size([24, 1723, 257, 1, 4])
mix_phase shape after adjust: torch.Size([24, 1723, 257, 1, 1])
estimate shape: torch.Size([24, 1724, 257, 1, 4])
target shape: torch.Size([24, 1724, 257, 1, 4])
mixture_phase shape: torch.Size([24, 257, 1723])
target_phase shape after adjust: torch.Size([24, 1723, 257, 1, 4])
mix_phase shape after adjust: torch.Size([24, 1723, 257, 1, 1])
estimate shape: torch.Size([24, 1724, 257, 1, 4])
target shape: torch.Size([24, 1724, 257, 1, 4])
mixture_phase shape: torch.Size([24, 257, 1723])
target_phase shape after adjust: torch.Size([24, 1723, 257, 1, 4])
mix_phase shape after adjust: torch.Size([24, 1723, 257, 1, 1])
estimate shape: torch.Size([24, 1724, 257, 1, 4])
target shape: torch.Size([24, 1724, 257, 1, 4])
mixture_phase shape: torch.Size([24, 257, 1723])
target_phase shape after adjust: torch.Size([24, 1723, 257, 1, 4])
mix_phase shape after adjust: torch.Size([24, 1723, 257, 1, 1])
estimate shape: torch.Size([24, 1724, 257, 1, 4])
target shape: torch.Size([24, 1724, 257, 1, 4])
mixture_phase shape: torch.Size([24, 257, 1723])
target_phase shape after adjust: torch.Size([24, 1723, 257, 1, 4])
mix_phase shape after adjust: torch.Size([24, 1723, 257, 1, 1])
estimate shape: torch.Size([24, 1724, 257, 1, 4])
target shape: torch.Size([24, 1724, 257, 1, 4])
mixture_phase shape: torch.Size([24, 257, 1723])
target_phase shape after adjust: torch.Size([24, 1723, 257, 1, 4])
mix_phase shape after adjust: torch.Size([24, 1723, 257, 1, 1])
estimate shape: torch.Size([24, 1724, 257, 1, 4])
target shape: torch.Size([24, 1724, 257, 1, 4])
mixture_phase shape: torch.Size([24, 257, 1723])
target_phase shape after adjust: torch.Size([24, 1723, 257, 1, 4])
mix_phase shape after adjust: torch.Size([24, 1723, 257, 1, 1])
estimate shape: torch.Size([24, 1724, 257, 1, 4])
target shape: torch.Size([24, 1724, 257, 1, 4])
mixture_phase shape: torch.Size([24, 257, 1723])
target_phase shape after adjust: torch.Size([24, 1723, 257, 1, 4])
mix_phase shape after adjust: torch.Size([24, 1723, 257, 1, 1])
estimate shape: torch.Size([24, 1724, 257, 1, 4])
target shape: torch.Size([24, 1724, 257, 1, 4])
mixture_phase shape: torch.Size([24, 257, 1723])
target_phase shape after adjust: torch.Size([24, 1723, 257, 1, 4])
mix_phase shape after adjust: torch.Size([24, 1723, 257, 1, 1])
estimate shape: torch.Size([24, 1724, 257, 1, 4])
target shape: torch.Size([24, 1724, 257, 1, 4])
mixture_phase shape: torch.Size([24, 257, 1723])
target_phase shape after adjust: torch.Size([24, 1723, 257, 1, 4])
mix_phase shape after adjust: torch.Size([24, 1723, 257, 1, 1])
estimate shape: torch.Size([24, 1724, 257, 1, 4])
target shape: torch.Size([24, 1724, 257, 1, 4])
mixture_phase shape: torch.Size([24, 257, 1723])
target_phase shape after adjust: torch.Size([24, 1723, 257, 1, 4])
mix_phase shape after adjust: torch.Size([24, 1723, 257, 1, 1])
estimate shape: torch.Size([24, 1724, 257, 1, 4])
target shape: torch.Size([24, 1724, 257, 1, 4])
mixture_phase shape: torch.Size([24, 257, 1723])
target_phase shape after adjust: torch.Size([24, 1723, 257, 1, 4])
mix_phase shape after adjust: torch.Size([24, 1723, 257, 1, 1])
estimate shape: torch.Size([8, 1724, 257, 1, 4])
target shape: torch.Size([8, 1724, 257, 1, 4])
mixture_phase shape: torch.Size([8, 257, 1723])
target_phase shape after adjust: torch.Size([8, 1723, 257, 1, 4])
mix_phase shape after adjust: torch.Size([8, 1723, 257, 1, 1])
[Validator] Epoch 100 - val_loss: 0.000012
[BEST CHECKPOINT] Guardado/actualizado en: checkpoints\Mis_modelos\lpsa_phase checkpoints\4stems\best_checkpoint_99_val_loss=-0.0000.pt
03/31/2026 06:29:50 PM | engine.py:1037 Engine run finished. Time taken: 00:00:25.711
[Epoch 100] train_loss=0.000011 | val_loss=0.000012
03/31/2026 06:29:50 PM | engine.py:1010 Epoch[100] Complete. Time taken: 00:00:47.147
03/31/2026 06:29:50 PM | engine.py:1037 Engine run finished. Time taken: 01:21:49.348
[LOADING BEST MODEL] Cargando mejor checkpoint desde: checkpoints\Mis_modelos\lpsa_phase checkpoints\4stems\best_checkpoint_99_val_loss=-0.0000.pt
C:\Users\rdpuser\TFG_Identificaci-n-de-voces-e-instrumentos-en-una-obra-musical\pipeline\train.py:326: FutureWarning: You are using `torch.load` with `weights_only=False` (the current default value), which uses the default pickle module implicitly. It is possible to construct malicious pickle data which will execute arbitrary code during unpickling (See https://github.com/pytorch/pytorch/blob/main/SECURITY.md#untrusted-models for more details). In a future release, the default value for `weights_only` will be flipped to `True`. This limits the functions that could be executed during unpickling. Arbitrary objects will no longer be allowed to be loaded via this mode unless they are explicitly allowlisted by the user via `torch.serialization.add_safe_globals`. We recommend you start setting `weights_only=True` for any use case where you don't have full control of the loaded file. Please open an issue on GitHub for any issues related to this experimental feature.
  checkpoint = torch.load(best_checkpoint_path, map_location=device)
